sequence,backbone,seed,volume,slice,y_true,score
AXT1POST,anomalydino,0,file_brain_AXT1POST_207_2070010,8,0,0.20459359884262085
AXT1POST,anomalydino,0,file_brain_AXT1POST_208_2080493,5,0,0.2124629815419515
AXT1POST,anomalydino,0,file_brain_AXT1POST_201_6002795,10,0,0.2188715934753418
AXT1POST,anomalydino,0,file_brain_AXT1POST_207_2070214,6,0,0.2825960914293925
AXT1POST,anomalydino,0,file_brain_AXT1POST_208_2080275,5,0,0.16347545385360718
AXT1POST,anomalydino,0,file_brain_AXT1POST_201_6002760,10,0,0.240586519241333
AXT1POST,anomalydino,0,file_brain_AXT1POST_201_6002778,7,0,0.21139264106750488
AXT1POST,anomalydino,0,file_brain_AXT1POST_207_2070418,12,0,0.23514020442962646
AXT1POST,anomalydino,0,file_brain_AXT1POST_200_6002259,8,0,0.18363958597183228
AXT1POST,anomalydino,0,file_brain_AXT1POST_207_2070251,10,0,0.2542479832967122
AXT1POST,anomalydino,0,file_brain_AXT1POST_203_6000877,5,0,0.2120483915011088
AXT1POST,anomalydino,0,file_brain_AXT1POST_200_6002337,5,0,0.1904232700665792
AXT1POST,anomalydino,0,file_brain_AXT1POST_202_6000417,9,0,0.24430193503697714
AXT1POST,anomalydino,0,file_brain_AXT1POST_203_6000712,6,0,0.2069360613822937
AXT1POST,anomalydino,0,file_brain_AXT1POST_208_2080244,8,0,0.2207462191581726
AXT1POST,anomalydino,0,file_brain_AXT1POST_210_6001735,5,0,0.2520744601885478
AXT1POST,anomalydino,0,file_brain_AXT1POST_201_6002920,8,0,0.3066833217938741
AXT1POST,anomalydino,0,file_brain_AXT1POST_205_2050255,6,0,0.16255593299865723
AXT1POST,anomalydino,0,file_brain_AXT1POST_207_2070450,7,0,0.1950108806292216
AXT1POST,anomalydino,0,file_brain_AXT1POST_210_6001790,8,0,0.29046454032262164
AXT1POST,anomalydino,0,file_brain_AXT1POST_209_6001234,12,0,0.3201131621996562
AXT1POST,anomalydino,0,file_brain_AXT1POST_208_2080392,12,0,0.255243182182312
AXT1POST,anomalydino,0,file_brain_AXT1POST_210_6001699,5,0,0.23169140021006265
AXT1POST,anomalydino,0,file_brain_AXT1POST_208_2080393,4,0,0.1922354300816854
AXT1POST,anomalydino,0,file_brain_AXT1POST_200_6002396,11,0,0.22083946069081625
AXT1POST,anomalydino,0,file_brain_AXT1POST_207_2070804,10,0,0.3020082116127014
AXT1POST,anomalydino,0,file_brain_AXT1POST_202_6000269,7,0,0.29300310214360553
AXT1POST,anomalydino,0,file_brain_AXT1POST_207_2070809,7,0,0.21423832575480142
AXT1POST,anomalydino,0,file_brain_AXT1POST_207_2070095,4,0,0.17287174860636392
AXT1POST,anomalydino,0,file_brain_AXT1POST_210_6001787,11,0,0.2460025946299235
AXT1POST,anomalydino,0,file_brain_AXT1POST_207_2070765,4,0,0.36825259526570636
AXT1POST,anomalydino,0,file_brain_AXT1POST_207_2070095,11,0,0.2947493592898051
AXT1POST,anomalydino,0,file_brain_AXT1POST_207_2070651,11,0,0.22800105810165405
AXT1POST,anomalydino,0,file_brain_AXT1POST_208_2080422,12,0,0.24185522397359213
AXT1POST,anomalydino,0,file_brain_AXT1POST_203_6000760,9,0,0.2519609332084656
AXT1POST,anomalydino,0,file_brain_AXT1POST_201_6002814,6,0,0.21946738163630167
AXT1POST,anomalydino,0,file_brain_AXT1POST_202_6000417,4,0,0.2989797592163086
AXT1POST,anomalydino,0,file_brain_AXT1POST_207_2070259,5,0,0.20039443174997965
AXT1POST,anomalydino,0,file_brain_AXT1POST_208_2080244,5,0,0.23857106765111288
AXT1POST,anomalydino,0,file_brain_AXT1POST_203_6000877,11,0,0.2550417383511861
AXT1POST,anomalydino,0,file_brain_AXT1POST_200_6001996,9,0,0.18996592362721762
AXT1POST,anomalydino,0,file_brain_AXT1POST_210_6001735,4,0,0.22096532583236694
AXT1POST,anomalydino,0,file_brain_AXT1POST_208_2080624,6,0,0.19830453395843506
AXT1POST,anomalydino,0,file_brain_AXT1POST_205_2050146,5,0,0.21604869763056436
AXT1POST,anomalydino,0,file_brain_AXT1POST_203_6000877,6,0,0.17740162213643393
AXT1POST,anomalydino,0,file_brain_AXT1POST_201_6002795,12,0,0.27462834119796753
AXT1POST,anomalydino,0,file_brain_AXT1POST_208_2080469,6,0,0.3595679998397827
AXT1POST,anomalydino,0,file_brain_AXT1POST_210_6001797,5,0,0.23300649722417197
AXT1POST,anomalydino,0,file_brain_AXT1POST_208_2080576,8,0,0.19511636098225912
AXT1POST,anomalydino,0,file_brain_AXT1POST_205_6000148,6,0,0.17662898699442545
AXT1POST,anomalydino,0,file_brain_AXT1POST_207_2070095,10,0,0.21177778641382852
AXT1POST,anomalydino,0,file_brain_AXT1POST_201_6002731,10,0,0.2250721255938212
AXT1POST,anomalydino,0,file_brain_AXT1POST_207_2070083,4,0,0.23251269261042276
AXT1POST,anomalydino,0,file_brain_AXT1POST_208_2080704,4,0,0.23605134089787802
AXT1POST,anomalydino,0,file_brain_AXT1POST_205_6000180,5,0,0.1788180669148763
AXT1POST,anomalydino,0,file_brain_AXT1POST_201_6002920,6,0,0.25123339891433716
AXT1POST,anomalydino,0,file_brain_AXT1POST_209_6001417,11,0,0.27665460109710693
AXT1POST,anomalydino,0,file_brain_AXT1POST_203_6000774,4,0,0.213363250096639
AXT1POST,anomalydino,0,file_brain_AXT1POST_209_6001234,6,0,0.20405211051305136
AXT1POST,anomalydino,0,file_brain_AXT1POST_208_2080154,9,0,0.18950442473093668
AXT1POST,anomalydino,0,file_brain_AXT1POST_207_2070147,10,0,0.27536284923553467
AXT1POST,anomalydino,0,file_brain_AXT1POST_205_2050102,9,0,0.2245588699976603
AXT1POST,anomalydino,0,file_brain_AXT1POST_209_6001264,7,0,0.16044427951176962
AXT1POST,anomalydino,0,file_brain_AXT1POST_207_2070034,7,0,0.18913084268569946
AXT1POST,anomalydino,0,file_brain_AXT1POST_209_6001458,10,0,0.2417627970377604
AXT1POST,anomalydino,0,file_brain_AXT1POST_206_6000235,10,0,0.25679993629455566
AXT1POST,anomalydino,0,file_brain_AXT1POST_208_2080213,5,0,0.25453442335128784
AXT1POST,anomalydino,0,file_brain_AXT1POST_200_6002396,9,0,0.187608003616333
AXT1POST,anomalydino,0,file_brain_AXT1POST_200_6002305,4,0,0.22897936900456747
AXT1POST,anomalydino,0,file_brain_AXT1POST_207_2070651,12,0,0.3041011293729146
AXT1POST,anomalydino,0,file_brain_AXT1POST_205_2050148,10,0,0.21850621700286865
AXT1POST,anomalydino,0,file_brain_AXT1POST_208_2080469,4,0,0.2734915614128113
AXT1POST,anomalydino,0,file_brain_AXT1POST_207_2070635,10,0,0.1986151933670044
AXT1POST,anomalydino,0,file_brain_AXT1POST_207_2070133,8,0,0.19390658537546793
AXT1POST,anomalydino,0,file_brain_AXT1POST_203_6000661,12,0,0.29333452383677167
AXT1POST,anomalydino,0,file_brain_AXT1POST_203_6000760,6,0,0.25564146041870117
AXT1POST,anomalydino,0,file_brain_AXT1POST_200_6002337,8,0,0.2059982419013977
AXT1POST,anomalydino,0,file_brain_AXT1POST_208_2080393,12,0,0.3575137456258138
AXT1POST,anomalydino,0,file_brain_AXT1POST_207_2070123,7,0,0.25136574109395343
AXT1POST,anomalydino,0,file_brain_AXT1POST_201_6002772,8,0,0.23057546218236288
AXT1POST,anomalydino,0,file_brain_AXT1POST_207_2070804,9,0,0.2541499932607015
AXT1POST,anomalydino,0,file_brain_AXT1POST_208_2080469,12,0,0.2800593972206116
AXT1POST,anomalydino,0,file_brain_AXT1POST_208_2080275,7,0,0.16009120146433511
AXT1POST,anomalydino,0,file_brain_AXT1POST_209_6001264,4,0,0.20078959067662558
AXT1POST,anomalydino,0,file_brain_AXT1POST_209_6001064,5,0,0.2720545729001363
AXT1POST,anomalydino,0,file_brain_AXT1POST_201_6002920,4,0,0.26222842931747437
AXT1POST,anomalydino,0,file_brain_AXT1POST_210_6001787,7,0,0.23130297660827637
AXT1POST,anomalydino,0,file_brain_AXT1POST_203_6000661,4,0,0.23610156774520874
AXT1POST,anomalydino,0,file_brain_AXT1POST_203_6000712,10,0,0.2721816698710124
AXT1POST,anomalydino,0,file_brain_AXT1POST_210_6001797,4,0,0.24939638376235962
AXT1POST,anomalydino,0,file_brain_AXT1POST_208_2080504,5,0,0.18946176767349243
AXT1POST,anomalydino,0,file_brain_AXT1POST_208_2080421,4,0,0.23217896620432535
AXT1POST,anomalydino,0,file_brain_AXT1POST_209_6001458,4,0,0.2003604769706726
AXT1POST,anomalydino,0,file_brain_AXT1POST_207_2070133,6,0,0.3080347975095113
AXT1POST,anomalydino,0,file_brain_AXT1POST_208_2080240,10,0,0.2593090335528056
AXT1POST,anomalydino,0,file_brain_AXT1POST_208_2080493,9,0,0.17735056082407633
AXT1POST,anomalydino,0,file_brain_AXT1POST_205_6000035,8,0,0.18329550822575888
AXT1POST,anomalydino,0,file_brain_AXT1POST_208_2080393,7,0,0.2152189016342163
AXT1POST,anomalydino,0,file_brain_AXT1POST_200_6002046,9,0,0.19068747758865356
AXT1POST,anomalydino,0,file_brain_AXT1POST_206_6000235,8,0,0.2183246612548828
AXT1POST,anomalydino,0,file_brain_AXT1POST_205_2050189,8,0,0.1791591246922811
AXT1POST,anomalydino,0,file_brain_AXT1POST_210_6001771,11,0,0.3311290144920349
AXT1POST,anomalydino,0,file_brain_AXT1POST_208_2120069,4,0,0.21664627393086752
AXT1POST,anomalydino,0,file_brain_AXT1POST_201_6002862,11,0,0.28356967369715375
AXT1POST,anomalydino,0,file_brain_AXT1POST_209_6001236,9,0,0.19411985079447427
AXT1POST,anomalydino,0,file_brain_AXT1POST_200_6002349,12,0,0.26171328624089557
AXT1POST,anomalydino,0,file_brain_AXT1POST_208_2080075,5,0,0.2545557419459025
AXT1POST,anomalydino,0,file_brain_AXT1POST_210_6001735,9,0,0.22875922918319702
AXT1POST,anomalydino,0,file_brain_AXT1POST_209_6001109,6,0,0.1948200265566508
AXT1POST,anomalydino,0,file_brain_AXT1POST_203_6000869,8,0,0.2217222253481547
AXT1POST,anomalydino,0,file_brain_AXT1POST_207_2070259,4,0,0.22114799420038858
AXT1POST,anomalydino,0,file_brain_AXT1POST_203_6000712,9,0,0.2803467909495036
AXT1POST,anomalydino,0,file_brain_AXT1POST_207_2070095,6,0,0.1807922124862671
AXT1POST,anomalydino,0,file_brain_AXT1POST_200_6002413,11,0,0.22219647963841757
AXT1POST,anomalydino,0,file_brain_AXT1POST_208_2080392,10,0,0.2190239429473877
AXT1POST,anomalydino,0,file_brain_AXT1POST_203_6000661,5,0,0.19990471998850504
AXT1POST,anomalydino,0,file_brain_AXT1POST_209_6001236,7,0,0.21090861161549887
AXT1POST,anomalydino,0,file_brain_AXT1POST_207_2070809,10,0,0.18481804927190146
AXT1POST,anomalydino,0,file_brain_AXT1POST_207_2070214,9,0,0.16840344667434692
AXT1POST,anomalydino,0,file_brain_AXT1POST_208_2080704,10,0,0.29737170537312824
AXT1POST,anomalydino,0,file_brain_AXT1POST_201_6002673,7,0,0.204612135887146
AXT1POST,anomalydino,0,file_brain_AXT1POST_203_6000657,4,0,0.2052607536315918
AXT1POST,anomalydino,0,file_brain_AXT1POST_207_2070242,5,0,0.18753357728322348
AXT1POST,anomalydino,0,file_brain_AXT1POST_208_2080493,11,0,0.22207723061243692
AXT1POST,anomalydino,0,file_brain_AXT1POST_209_6001458,6,0,0.16131279865900675
AXT1POST,anomalydino,0,file_brain_AXT1POST_208_2080421,6,0,0.21396454175313315
AXT1POST,anomalydino,0,file_brain_AXT1POST_201_6002668,6,0,0.21122264862060547
AXT1POST,anomalydino,0,file_brain_AXT1POST_200_6002349,4,0,0.19879172245661417
AXT1POST,anomalydino,0,file_brain_AXT1POST_200_6002305,10,0,0.23140509923299155
AXT1POST,anomalydino,0,file_brain_AXT1POST_207_2070651,6,0,0.26674840847651166
AXT1POST,anomalydino,0,file_brain_AXT1POST_201_6002778,12,0,0.2661143143971761
AXT1POST,anomalydino,0,file_brain_AXT1POST_200_6002349,11,0,0.2712625066439311
AXT1POST,anomalydino,0,file_brain_AXT1POST_208_2080576,10,0,0.2996753255526225
AXT1POST,anomalydino,0,file_brain_AXT1POST_207_2070765,8,0,0.2636979818344116
AXT1POST,anomalydino,0,file_brain_AXT1POST_207_2070083,9,0,0.21426876386006674
AXT1POST,anomalydino,0,file_brain_AXT1POST_207_2070547,10,0,0.294727901617686
AXT1POST,anomalydino,0,file_brain_AXT1POST_207_2070490,7,0,0.20476301511128744
AXT1POST,anomalydino,0,file_brain_AXT1POST_207_2070553,4,0,0.2083799640337626
AXT1POST,anomalydino,0,file_brain_AXT1POST_200_6002033,8,0,0.17971465984980264
AXT1POST,anomalydino,0,file_brain_AXT1POST_208_2080345,8,0,0.23783556620279947
AXT1POST,anomalydino,0,file_brain_AXT1POST_209_6001320,7,0,0.21911472082138062
AXT1POST,anomalydino,0,file_brain_AXT1POST_207_2070357,4,0,0.22276111443837485
AXT1POST,anomalydino,0,file_brain_AXT1POST_210_6001735,10,0,0.27062368392944336
AXT1POST,anomalydino,0,file_brain_AXT1POST_207_2070127,7,0,0.202159583568573
AXT1POST,anomalydino,0,file_brain_AXT1POST_205_6000035,5,0,0.19919822613398233
AXT1POST,anomalydino,0,file_brain_AXT1POST_202_6000269,5,0,0.45565541585286456
AXT1POST,anomalydino,0,file_brain_AXT1POST_200_6002396,4,0,0.18205384413401285
AXT1POST,anomalydino,0,file_brain_AXT1POST_200_6002392,10,0,0.259953240553538
AXT1POST,anomalydino,0,file_brain_AXT1POST_208_2080576,12,0,0.299368957678477
AXT1POST,anomalydino,0,file_brain_AXT1POST_201_6002731,4,0,0.29005322853724164
AXT1POST,anomalydino,0,file_brain_AXT1POST_207_2070651,7,0,0.22847145795822144
AXT1POST,anomalydino,0,file_brain_AXT1POST_207_2070327,9,0,0.21642714738845825
AXT1POST,anomalydino,0,file_brain_AXT1POST_207_2070327,8,0,0.21024211247762045
AXT1POST,anomalydino,0,file_brain_AXT1POST_205_6000035,4,0,0.19582452376683554
AXT1POST,anomalydino,0,file_brain_AXT1POST_210_6001771,8,0,0.23638510704040527
AXT1POST,anomalydino,0,file_brain_AXT1POST_205_2050259,4,0,0.24346335728963217
AXT1POST,anomalydino,0,file_brain_AXT1POST_200_6002259,5,0,0.21990849574406943
AXT1POST,anomalydino,0,file_brain_AXT1POST_207_2070251,11,0,0.23380810022354126
AXT1POST,anomalydino,0,file_brain_AXT1POST_210_6001787,4,0,0.18898886442184448
AXT1POST,anomalydino,0,file_brain_AXT1POST_203_6000861,5,0,0.2642294764518738
AXT1POST,anomalydino,0,file_brain_AXT1POST_207_2070259,6,0,0.1994027296702067
AXT1POST,anomalydino,0,file_brain_AXT1POST_208_2080352,5,0,0.2413860559463501
AXT1POST,anomalydino,0,file_brain_AXT1POST_208_2080477,4,0,0.18593774239222208
AXT1POST,anomalydino,0,file_brain_AXT1POST_208_2080422,5,0,0.25223177671432495
AXT1POST,anomalydino,0,file_brain_AXT1POST_202_6000302,9,0,0.2491703232129415
AXT1POST,anomalydino,0,file_brain_AXT1POST_207_2070365,10,0,0.2868710160255432
AXT1POST,anomalydino,0,file_brain_AXT1POST_200_6002340,4,0,0.201921284198761
AXT1POST,anomalydino,0,file_brain_AXT1POST_208_2080075,4,0,0.25652817885080975
AXT1POST,anomalydino,0,file_brain_AXT1POST_203_6000869,4,0,0.2299001415570577
AXT1POST,anomalydino,0,file_brain_AXT1POST_207_2070479,4,0,0.30769161383310956
AXT1POST,anomalydino,0,file_brain_AXT1POST_209_6001250,5,0,0.20975067218144736
AXT1POST,anomalydino,0,file_brain_AXT1POST_207_2070009,12,0,0.23565006256103516
AXT1POST,anomalydino,0,file_brain_AXT1POST_205_2050148,5,0,0.16806195179621378
AXT1POST,anomalydino,0,file_brain_AXT1POST_203_6000597,7,0,0.22682913144429526
AXT1POST,anomalydino,0,file_brain_AXT1POST_202_6000281,10,0,0.32216272751490277
AXT1POST,anomalydino,0,file_brain_AXT1POST_203_6000827,10,0,0.3070002992947896
AXT1POST,anomalydino,0,file_brain_AXT1POST_207_2070547,11,0,0.2603425979614258
AXT1POST,anomalydino,0,file_brain_AXT1POST_209_6001458,7,0,0.1685428023338318
AXT1POST,anomalydino,0,file_brain_AXT1POST_210_6001645,6,0,0.20392678181330362
AXT1POST,anomalydino,0,file_brain_AXT1POST_207_2070099,12,0,0.25595277547836304
AXT1POST,anomalydino,0,file_brain_AXT1POST_207_2070241,11,0,0.24902558326721191
AXT1POST,anomalydino,0,file_brain_AXT1POST_207_2070786,7,0,0.1972020467122396
AXT1POST,anomalydino,0,file_brain_AXT1POST_208_2080493,8,0,0.22575392325719199
AXT1POST,anomalydino,0,file_brain_AXT1POST_208_2080082,7,0,0.20476531982421875
AXT1POST,anomalydino,0,file_brain_AXT1POST_207_2070479,7,0,0.21903332074483237
AXT1POST,anomalydino,0,file_brain_AXT1POST_210_6001735,12,0,0.3234243392944336
AXT1POST,anomalydino,0,file_brain_AXT1POST_202_6000341,5,0,0.23971682786941528
AXT1POST,anomalydino,0,file_brain_AXT1POST_203_6000657,10,0,0.2272118330001831
AXT1POST,anomalydino,0,file_brain_AXT1POST_208_2080082,6,0,0.20975899696350098
AXT1POST,anomalydino,0,file_brain_AXT1POST_205_2050189,6,0,0.22735593716303507
AXT1POST,anomalydino,0,file_brain_AXT1POST_208_2080082,9,0,0.23801720142364502
AXT1POST,anomalydino,0,file_brain_AXT1POST_207_2070357,8,0,0.27165496349334717
AXT1POST,anomalydino,0,file_brain_AXT1POST_207_2070009,8,0,0.17297073205312094
AXT1POST,anomalydino,0,file_brain_AXT1POST_203_6000774,5,0,0.26147695382436115
AXT1POST,anomalydino,0,file_brain_AXT1POST_203_6000597,11,0,0.1927090883255005
AXT1POST,anomalydino,0,file_brain_AXT1POST_207_2070786,6,0,0.2019787828127543
AXT1POST,anomalydino,0,file_brain_AXT1POST_203_6000597,10,0,0.16833438475926718
AXT1POST,anomalydino,0,file_brain_AXT1POST_203_6000877,9,0,0.25204386313756305
AXT1POST,anomalydino,0,file_brain_AXT1POST_203_6000657,12,0,0.3087475498517354
AXT1POST,anomalydino,0,file_brain_AXT1POST_208_2080352,10,0,0.2772988478342692
AXT1POST,anomalydino,0,file_brain_AXT1POST_207_2070354,6,0,0.18658230702082315
AXT1POST,anomalydino,0,file_brain_AXT1POST_201_6002920,12,0,0.2723927100499471
AXT1POST,anomalydino,0,file_brain_AXT1POST_208_2080304,10,0,0.24586798747380575
AXT1POST,anomalydino,0,file_brain_AXT1POST_209_6001320,10,0,0.2775723934173584
AXT1POST,anomalydino,0,file_brain_AXT1POST_207_2070009,5,0,0.18548949559529623
AXT1POST,anomalydino,0,file_brain_AXT1POST_207_2070034,6,0,0.18376312653223673
AXT1POST,anomalydino,0,file_brain_AXT1POST_205_2050102,5,0,0.2024613618850708
AXT1POST,anomalydino,0,file_brain_AXT1POST_207_2070490,5,0,0.1872496803601583
AXT1POST,anomalydino,0,file_brain_AXT1POST_208_2080208,7,0,0.22071828444798788
AXT1POST,anomalydino,0,file_brain_AXT1POST_205_2050102,7,0,0.1967378854751587
AXT1POST,anomalydino,0,file_brain_AXT1POST_205_2050102,4,0,0.20243396361668906
AXT1POST,anomalydino,0,file_brain_AXT1POST_203_6000827,4,0,0.1980823278427124
AXT1POST,anomalydino,0,file_brain_AXT1POST_207_2070809,6,0,0.16906917095184326
AXT1POST,anomalydino,0,file_brain_AXT1POST_200_6002340,6,0,0.1772288680076599
AXT1POST,anomalydino,0,file_brain_AXT1POST_207_2070479,10,0,0.2453108231226603
AXT1POST,anomalydino,0,file_brain_AXT1POST_201_6002862,6,0,0.25241194168726605
AXT1POST,anomalydino,0,file_brain_AXT1POST_203_6000760,8,0,0.24200701713562012
AXT1POST,anomalydino,0,file_brain_AXT1POST_207_2070251,7,0,0.17954121033350626
AXT1POST,anomalydino,0,file_brain_AXT1POST_208_2080062,10,0,0.2268731395403544
AXT1POST,anomalydino,0,file_brain_AXT1POST_207_2070786,11,0,0.20153637727101645
AXT1POST,anomalydino,0,file_brain_AXT1POST_200_6001996,12,0,0.2767358620961507
AXT1POST,anomalydino,0,file_brain_AXT1POST_209_6001109,8,0,0.17721744378407797
AXT1POST,anomalydino,0,file_brain_AXT1POST_205_2050159,9,0,0.22956550121307373
AXT1POST,anomalydino,0,file_brain_AXT1POST_203_6000760,5,0,0.2171220382054647
AXT1POST,anomalydino,0,file_brain_AXT1POST_208_2080075,9,0,0.23449426889419556
AXT1POST,anomalydino,0,file_brain_AXT1POST_200_6002305,12,0,0.3543357054392497
AXT1POST,anomalydino,0,file_brain_AXT1POST_200_6002340,7,0,0.24380874633789062
AXT1POST,anomalydino,0,file_brain_AXT1POST_203_6000848,8,0,0.22219190994898477
AXT1POST,anomalydino,0,file_brain_AXT1POST_208_2080345,12,0,0.2186694542566935
AXT1POST,anomalydino,0,file_brain_AXT1POST_201_6002749,10,0,0.2439559499422709
AXT1POST,anomalydino,0,file_brain_AXT1POST_200_6001959,5,0,0.26295522848765057
AXT1POST,anomalydino,0,file_brain_AXT1POST_208_2080477,8,0,0.25223437945048016
AXT1POST,anomalydino,0,file_brain_AXT1POST_208_2080383,6,0,0.21413636207580566
AXT1POST,anomalydino,0,file_brain_AXT1POST_201_6002707,7,0,0.28256291151046753
AXT1POST,anomalydino,0,file_brain_AXT1POST_203_6000861,4,0,0.27930394808451336
AXT1POST,anomalydino,0,file_brain_AXT1POST_209_6001109,7,0,0.23195735613505045
AXT1POST,anomalydino,0,file_brain_AXT1POST_203_6000760,4,0,0.27355674902598065
AXT1POST,anomalydino,0,file_brain_AXT1POST_208_2080154,6,0,0.21357580025990805
AXT1POST,anomalydino,0,file_brain_AXT1POST_201_6002749,6,0,0.2375201185544332
AXT1POST,anomalydino,0,file_brain_AXT1POST_203_6000597,5,0,0.284013291200002
AXT1POST,anomalydino,0,file_brain_AXT1POST_203_6000848,12,0,0.4214664300282796
AXT1POST,anomalydino,0,file_brain_AXT1POST_207_2070809,12,0,0.2996446092923482
AXT1POST,anomalydino,0,file_brain_AXT1POST_208_2120069,8,0,0.21530868609746298
AXT1POST,anomalydino,0,file_brain_AXT1POST_205_2050189,7,0,0.25492022434870404
AXT1POST,anomalydino,0,file_brain_AXT1POST_200_6002337,12,0,0.28320610523223877
AXT1POST,anomalydino,0,file_brain_AXT1POST_207_2070251,12,0,0.3170326352119446
AXT1POST,anomalydino,0,file_brain_AXT1POST_207_2070635,6,0,0.18018686771392822
AXT1POST,anomalydino,0,file_brain_AXT1POST_201_6002680,5,0,0.19793623685836792
AXT1POST,anomalydino,0,file_brain_AXT1POST_208_2080213,7,0,0.19886406262715658
AXT1POST,anomalydino,0,file_brain_AXT1POST_208_2080576,9,0,0.22697434822718301
AXT1POST,anomalydino,0,file_brain_AXT1POST_208_2080275,6,0,0.1827246149381002
AXT1POST,anomalydino,0,file_brain_AXT1POST_208_2080213,6,0,0.21342496077219644
AXT1POST,anomalydino,0,file_brain_AXT1POST_208_2080213,12,0,0.37674911816914874
AXT1POST,anomalydino,0,file_brain_AXT1POST_201_6002673,4,0,0.2197165091832479
AXT1POST,anomalydino,0,file_brain_AXT1POST_210_6001771,4,0,0.1975164214769999
AXT1POST,anomalydino,0,file_brain_AXT1POST_207_2070251,9,0,0.20298091570536295
AXT1POST,anomalydino,0,file_brain_AXT1POST_201_6002703,0,1,0.43962124983469647
AXT1POST,anomalydino,0,file_brain_AXT1POST_201_6002703,1,1,0.34675272305806476
AXT1POST,anomalydino,0,file_brain_AXT1POST_201_6002703,2,1,0.26934834321339923
AXT1POST,anomalydino,0,file_brain_AXT1POST_201_6002703,3,1,0.2896239558855693
AXT1POST,anomalydino,0,file_brain_AXT1POST_201_6002703,4,1,0.22162099679311117
AXT1POST,anomalydino,0,file_brain_AXT1POST_201_6002703,5,1,0.2419589360555013
AXT1POST,anomalydino,0,file_brain_AXT1POST_201_6002703,6,1,0.27061184247334796
AXT1POST,anomalydino,0,file_brain_AXT1POST_201_6002703,7,1,0.2720934947331746
AXT1POST,anomalydino,0,file_brain_AXT1POST_201_6002703,8,1,0.2595634460449219
AXT1POST,anomalydino,0,file_brain_AXT1POST_201_6002703,9,1,0.28273534774780273
AXT1POST,anomalydino,0,file_brain_AXT1POST_201_6002703,10,1,0.22786949078241983
AXT1POST,anomalydino,0,file_brain_AXT1POST_201_6002703,11,1,0.26778332392374676
AXT1POST,anomalydino,0,file_brain_AXT1POST_201_6002703,12,1,0.3040058414141337
AXT1POST,anomalydino,0,file_brain_AXT1POST_201_6002703,13,1,0.3508511384328206
AXT1POST,anomalydino,0,file_brain_AXT1POST_201_6002703,14,1,0.32910476128260296
AXT1POST,anomalydino,0,file_brain_AXT1POST_201_6002683,0,1,0.46332478523254395
AXT1POST,anomalydino,0,file_brain_AXT1POST_201_6002683,1,1,0.46880849202473956
AXT1POST,anomalydino,0,file_brain_AXT1POST_201_6002683,2,1,0.4201353391011556
AXT1POST,anomalydino,0,file_brain_AXT1POST_201_6002683,3,1,0.41039403279622394
AXT1POST,anomalydino,0,file_brain_AXT1POST_201_6002683,4,1,0.44377891222635907
AXT1POST,anomalydino,0,file_brain_AXT1POST_201_6002683,5,1,0.44248421986897785
AXT1POST,anomalydino,0,file_brain_AXT1POST_201_6002683,6,1,0.47965017954508465
AXT1POST,anomalydino,0,file_brain_AXT1POST_201_6002683,7,1,0.4430381457010905
AXT1POST,anomalydino,0,file_brain_AXT1POST_201_6002683,8,1,0.43190956115722656
AXT1POST,anomalydino,0,file_brain_AXT1POST_201_6002683,9,1,0.41446447372436523
AXT1POST,anomalydino,0,file_brain_AXT1POST_201_6002683,10,1,0.416305939356486
AXT1POST,anomalydino,0,file_brain_AXT1POST_201_6002683,11,1,0.4667242765426636
AXT1POST,anomalydino,0,file_brain_AXT1POST_201_6002683,12,1,0.3439048131306966
AXT1POST,anomalydino,0,file_brain_AXT1POST_201_6002683,13,1,0.42461923758188885
AXT1POST,anomalydino,0,file_brain_AXT1POST_200_6002033,0,1,0.3381811777750651
AXT1POST,anomalydino,0,file_brain_AXT1POST_200_6002033,1,1,0.30705414215723675
AXT1POST,anomalydino,0,file_brain_AXT1POST_200_6002033,2,1,0.24769332011540732
AXT1POST,anomalydino,0,file_brain_AXT1POST_200_6002033,3,1,0.19717039664586386
AXT1POST,anomalydino,0,file_brain_AXT1POST_201_6002817,0,1,0.3250705798467
AXT1POST,anomalydino,0,file_brain_AXT1POST_200_6002188,0,1,0.4127059777577718
AXT1POST,anomalydino,0,file_brain_AXT1POST_200_6002188,1,1,0.41862189769744873
AXT1POST,anomalydino,0,file_brain_AXT1POST_200_6002188,2,1,0.3203233281771342
AXT1POST,anomalydino,0,file_brain_AXT1POST_200_6002188,3,1,0.3266851305961609
AXT1POST,anomalydino,0,file_brain_AXT1POST_200_6002188,4,1,0.2763737241427104
AXT1POST,anomalydino,0,file_brain_AXT1POST_200_6002188,5,1,0.3387908935546875
AXT1POST,anomalydino,0,file_brain_AXT1POST_200_6002188,6,1,0.26579904556274414
AXT1POST,anomalydino,0,file_brain_AXT1POST_200_6002188,7,1,0.29452061653137207
AXT1POST,anomalydino,0,file_brain_AXT1POST_200_6002188,8,1,0.2752477129300435
AXT1POST,anomalydino,0,file_brain_AXT1POST_200_6002188,9,1,0.3027435938517253
AXT1POST,anomalydino,0,file_brain_AXT1POST_200_6002188,10,1,0.3360300858815511
AXT1POST,anomalydino,0,file_brain_AXT1POST_200_6002188,11,1,0.32417674859364826
AXT1POST,anomalydino,0,file_brain_AXT1POST_200_6002188,12,1,0.3052864869435628
AXT1POST,anomalydino,0,file_brain_AXT1POST_200_6002188,13,1,0.33457787831624347
AXT1POST,anomalydino,0,file_brain_AXT1POST_200_6002188,14,1,0.3658788204193115
AXT1POST,anomalydino,0,file_brain_AXT1POST_200_6002337,0,1,0.3476285934448242
AXT1POST,anomalydino,0,file_brain_AXT1POST_200_6002337,1,1,0.3587501843770345
AXT1POST,anomalydino,0,file_brain_AXT1POST_200_6002337,2,1,0.3546769618988037
AXT1POST,anomalydino,0,file_brain_AXT1POST_200_6002337,3,1,0.26433759927749634
AXT1POST,anomalydino,0,file_brain_AXT1POST_200_6002337,4,1,0.22281992435455322
AXT1POST,anomalydino,0,file_brain_AXT1POST_201_6002735,0,1,0.39296531677246094
AXT1POST,anomalydino,0,file_brain_AXT1POST_201_6002735,1,1,0.45435722668965656
AXT1POST,anomalydino,0,file_brain_AXT1POST_201_6002735,2,1,0.3948797782262166
AXT1POST,anomalydino,0,file_brain_AXT1POST_201_6002735,3,1,0.3376440207163493
AXT1POST,anomalydino,0,file_brain_AXT1POST_201_6002735,4,1,0.29118696848551434
AXT1POST,anomalydino,0,file_brain_AXT1POST_201_6002735,5,1,0.2938283284505208
AXT1POST,anomalydino,0,file_brain_AXT1POST_201_6002735,6,1,0.27850914001464844
AXT1POST,anomalydino,0,file_brain_AXT1POST_201_6002735,7,1,0.2506038546562195
AXT1POST,anomalydino,0,file_brain_AXT1POST_201_6002735,8,1,0.24816548824310303
AXT1POST,anomalydino,0,file_brain_AXT1POST_201_6002735,9,1,0.24685112635294595
AXT1POST,anomalydino,0,file_brain_AXT1POST_201_6002735,10,1,0.3003300428390503
AXT1POST,anomalydino,0,file_brain_AXT1POST_201_6002735,11,1,0.20166542132695517
AXT1POST,anomalydino,0,file_brain_AXT1POST_200_6002089,4,1,0.28995831807454425
AXT1POST,anomalydino,0,file_brain_AXT1POST_200_6002089,5,1,0.30416115125020343
AXT1POST,anomalydino,0,file_brain_AXT1POST_200_6002089,6,1,0.3116565744082133
AXT1POST,anomalydino,0,file_brain_AXT1POST_200_6002089,7,1,0.2611260811487834
AXT1POST,anomalydino,0,file_brain_AXT1POST_200_6002089,8,1,0.25481488307317096
AXT1POST,anomalydino,0,file_brain_AXT1POST_200_6002089,9,1,0.32195260127385456
AXT1POST,anomalydino,0,file_brain_AXT1POST_200_6002089,10,1,0.40472205479939777
AXT1POST,anomalydino,0,file_brain_AXT1POST_200_6002089,11,1,0.43812501430511475
AXT1POST,anomalydino,0,file_brain_AXT1POST_200_6002089,12,1,0.4419108231862386
AXT1POST,anomalydino,0,file_brain_AXT1POST_200_6002089,13,1,0.4357951879501343
AXT1POST,anomalydino,0,file_brain_AXT1POST_200_6002089,14,1,0.5456763505935669
AXT1POST,anomalydino,0,file_brain_AXT1POST_200_6002089,15,1,0.5177661577860514
AXT1POST,anomalydino,0,file_brain_AXT1POST_200_6002065,0,1,0.5194793144861857
AXT1POST,anomalydino,0,file_brain_AXT1POST_200_6002065,1,1,0.4913768370946248
AXT1POST,anomalydino,0,file_brain_AXT1POST_200_6002065,2,1,0.40117259820302326
AXT1POST,anomalydino,0,file_brain_AXT1POST_200_6002065,3,1,0.3984541098276774
AXT1POST,anomalydino,0,file_brain_AXT1POST_200_6002065,4,1,0.34290417035420734
AXT1POST,anomalydino,0,file_brain_AXT1POST_200_6002065,5,1,0.30613521734873456
AXT1POST,anomalydino,0,file_brain_AXT1POST_200_6002065,10,1,0.2718532085418701
AXT1POST,anomalydino,0,file_brain_AXT1POST_200_6002396,0,1,0.3416874408721924
AXT1POST,anomalydino,1,file_brain_AXT1POST_207_2070010,8,0,0.20152264833450317
AXT1POST,anomalydino,1,file_brain_AXT1POST_208_2080493,5,0,0.23208802938461304
AXT1POST,anomalydino,1,file_brain_AXT1POST_201_6002795,10,0,0.22774116198221842
AXT1POST,anomalydino,1,file_brain_AXT1POST_207_2070214,6,0,0.29721518357594806
AXT1POST,anomalydino,1,file_brain_AXT1POST_208_2080275,5,0,0.15637085835138956
AXT1POST,anomalydino,1,file_brain_AXT1POST_201_6002760,10,0,0.24134812752405801
AXT1POST,anomalydino,1,file_brain_AXT1POST_201_6002778,7,0,0.21160988012949625
AXT1POST,anomalydino,1,file_brain_AXT1POST_207_2070418,12,0,0.25297264258066815
AXT1POST,anomalydino,1,file_brain_AXT1POST_200_6002259,8,0,0.18709089358647665
AXT1POST,anomalydino,1,file_brain_AXT1POST_207_2070251,10,0,0.23971529801686606
AXT1POST,anomalydino,1,file_brain_AXT1POST_203_6000877,5,0,0.21806891759236655
AXT1POST,anomalydino,1,file_brain_AXT1POST_200_6002337,5,0,0.20895316203435263
AXT1POST,anomalydino,1,file_brain_AXT1POST_202_6000417,9,0,0.2278128663698832
AXT1POST,anomalydino,1,file_brain_AXT1POST_203_6000712,6,0,0.2228883703549703
AXT1POST,anomalydino,1,file_brain_AXT1POST_208_2080244,8,0,0.21654065450032553
AXT1POST,anomalydino,1,file_brain_AXT1POST_210_6001735,5,0,0.24348098039627075
AXT1POST,anomalydino,1,file_brain_AXT1POST_201_6002920,8,0,0.3118027249972026
AXT1POST,anomalydino,1,file_brain_AXT1POST_205_2050255,6,0,0.15661476055781046
AXT1POST,anomalydino,1,file_brain_AXT1POST_207_2070450,7,0,0.19138447443644205
AXT1POST,anomalydino,1,file_brain_AXT1POST_210_6001790,8,0,0.3199262221654256
AXT1POST,anomalydino,1,file_brain_AXT1POST_209_6001234,12,0,0.32815895477930707
AXT1POST,anomalydino,1,file_brain_AXT1POST_208_2080392,12,0,0.27332089344660443
AXT1POST,anomalydino,1,file_brain_AXT1POST_210_6001699,5,0,0.2159375548362732
AXT1POST,anomalydino,1,file_brain_AXT1POST_208_2080393,4,0,0.18031132221221924
AXT1POST,anomalydino,1,file_brain_AXT1POST_200_6002396,11,0,0.21571457386016846
AXT1POST,anomalydino,1,file_brain_AXT1POST_207_2070804,10,0,0.3163713216781616
AXT1POST,anomalydino,1,file_brain_AXT1POST_202_6000269,7,0,0.3080933690071106
AXT1POST,anomalydino,1,file_brain_AXT1POST_207_2070809,7,0,0.21375791231791177
AXT1POST,anomalydino,1,file_brain_AXT1POST_207_2070095,4,0,0.19448955853780112
AXT1POST,anomalydino,1,file_brain_AXT1POST_210_6001787,11,0,0.23502111434936523
AXT1POST,anomalydino,1,file_brain_AXT1POST_207_2070765,4,0,0.3914468288421631
AXT1POST,anomalydino,1,file_brain_AXT1POST_207_2070095,11,0,0.30977805455525714
AXT1POST,anomalydino,1,file_brain_AXT1POST_207_2070651,11,0,0.24430533250172934
AXT1POST,anomalydino,1,file_brain_AXT1POST_208_2080422,12,0,0.21548316876093546
AXT1POST,anomalydino,1,file_brain_AXT1POST_203_6000760,9,0,0.2820395827293396
AXT1POST,anomalydino,1,file_brain_AXT1POST_201_6002814,6,0,0.23869947592417398
AXT1POST,anomalydino,1,file_brain_AXT1POST_202_6000417,4,0,0.3072807987531026
AXT1POST,anomalydino,1,file_brain_AXT1POST_207_2070259,5,0,0.1968483328819275
AXT1POST,anomalydino,1,file_brain_AXT1POST_208_2080244,5,0,0.24870193004608154
AXT1POST,anomalydino,1,file_brain_AXT1POST_203_6000877,11,0,0.24899943669637045
AXT1POST,anomalydino,1,file_brain_AXT1POST_200_6001996,9,0,0.1962043046951294
AXT1POST,anomalydino,1,file_brain_AXT1POST_210_6001735,4,0,0.21371152003606161
AXT1POST,anomalydino,1,file_brain_AXT1POST_208_2080624,6,0,0.19349360466003418
AXT1POST,anomalydino,1,file_brain_AXT1POST_205_2050146,5,0,0.22885799407958984
AXT1POST,anomalydino,1,file_brain_AXT1POST_203_6000877,6,0,0.17971229553222656
AXT1POST,anomalydino,1,file_brain_AXT1POST_201_6002795,12,0,0.2613799373308818
AXT1POST,anomalydino,1,file_brain_AXT1POST_208_2080469,6,0,0.42103850841522217
AXT1POST,anomalydino,1,file_brain_AXT1POST_210_6001797,5,0,0.2528744141260783
AXT1POST,anomalydino,1,file_brain_AXT1POST_208_2080576,8,0,0.23375054200490317
AXT1POST,anomalydino,1,file_brain_AXT1POST_205_6000148,6,0,0.18577611446380615
AXT1POST,anomalydino,1,file_brain_AXT1POST_207_2070095,10,0,0.1974929372469584
AXT1POST,anomalydino,1,file_brain_AXT1POST_201_6002731,10,0,0.21573734283447266
AXT1POST,anomalydino,1,file_brain_AXT1POST_207_2070083,4,0,0.2203905979792277
AXT1POST,anomalydino,1,file_brain_AXT1POST_208_2080704,4,0,0.24629485607147217
AXT1POST,anomalydino,1,file_brain_AXT1POST_205_6000180,5,0,0.17168875535329184
AXT1POST,anomalydino,1,file_brain_AXT1POST_201_6002920,6,0,0.24160921573638916
AXT1POST,anomalydino,1,file_brain_AXT1POST_209_6001417,11,0,0.26723213990529376
AXT1POST,anomalydino,1,file_brain_AXT1POST_203_6000774,4,0,0.20197272300720215
AXT1POST,anomalydino,1,file_brain_AXT1POST_209_6001234,6,0,0.18967769543329874
AXT1POST,anomalydino,1,file_brain_AXT1POST_208_2080154,9,0,0.2212777336438497
AXT1POST,anomalydino,1,file_brain_AXT1POST_207_2070147,10,0,0.29437796274820965
AXT1POST,anomalydino,1,file_brain_AXT1POST_205_2050102,9,0,0.22745190064112344
AXT1POST,anomalydino,1,file_brain_AXT1POST_209_6001264,7,0,0.1643239458401998
AXT1POST,anomalydino,1,file_brain_AXT1POST_207_2070034,7,0,0.1726781725883484
AXT1POST,anomalydino,1,file_brain_AXT1POST_209_6001458,10,0,0.26866904894510907
AXT1POST,anomalydino,1,file_brain_AXT1POST_206_6000235,10,0,0.2909574508666992
AXT1POST,anomalydino,1,file_brain_AXT1POST_208_2080213,5,0,0.27162031332651776
AXT1POST,anomalydino,1,file_brain_AXT1POST_200_6002396,9,0,0.1727950175603231
AXT1POST,anomalydino,1,file_brain_AXT1POST_200_6002305,4,0,0.22969945271809897
AXT1POST,anomalydino,1,file_brain_AXT1POST_207_2070651,12,0,0.2798989812533061
AXT1POST,anomalydino,1,file_brain_AXT1POST_205_2050148,10,0,0.2045919100443522
AXT1POST,anomalydino,1,file_brain_AXT1POST_208_2080469,4,0,0.32449622948964435
AXT1POST,anomalydino,1,file_brain_AXT1POST_207_2070635,10,0,0.1938487688700358
AXT1POST,anomalydino,1,file_brain_AXT1POST_207_2070133,8,0,0.19416109720865884
AXT1POST,anomalydino,1,file_brain_AXT1POST_203_6000661,12,0,0.2817928194999695
AXT1POST,anomalydino,1,file_brain_AXT1POST_203_6000760,6,0,0.253348429997762
AXT1POST,anomalydino,1,file_brain_AXT1POST_200_6002337,8,0,0.20910720030466715
AXT1POST,anomalydino,1,file_brain_AXT1POST_208_2080393,12,0,0.33352792263031006
AXT1POST,anomalydino,1,file_brain_AXT1POST_207_2070123,7,0,0.24963639179865518
AXT1POST,anomalydino,1,file_brain_AXT1POST_201_6002772,8,0,0.24085938930511475
AXT1POST,anomalydino,1,file_brain_AXT1POST_207_2070804,9,0,0.28845443328221637
AXT1POST,anomalydino,1,file_brain_AXT1POST_208_2080469,12,0,0.2789395848910014
AXT1POST,anomalydino,1,file_brain_AXT1POST_208_2080275,7,0,0.17395259936650595
AXT1POST,anomalydino,1,file_brain_AXT1POST_209_6001264,4,0,0.25166205565134686
AXT1POST,anomalydino,1,file_brain_AXT1POST_209_6001064,5,0,0.24012120564778647
AXT1POST,anomalydino,1,file_brain_AXT1POST_201_6002920,4,0,0.27063236633936566
AXT1POST,anomalydino,1,file_brain_AXT1POST_210_6001787,7,0,0.1858612298965454
AXT1POST,anomalydino,1,file_brain_AXT1POST_203_6000661,4,0,0.25086669127146405
AXT1POST,anomalydino,1,file_brain_AXT1POST_203_6000712,10,0,0.31000471115112305
AXT1POST,anomalydino,1,file_brain_AXT1POST_210_6001797,4,0,0.2688915530840556
AXT1POST,anomalydino,1,file_brain_AXT1POST_208_2080504,5,0,0.14756528536478677
AXT1POST,anomalydino,1,file_brain_AXT1POST_208_2080421,4,0,0.22571154435475668
AXT1POST,anomalydino,1,file_brain_AXT1POST_209_6001458,4,0,0.17129755020141602
AXT1POST,anomalydino,1,file_brain_AXT1POST_207_2070133,6,0,0.3012746572494507
AXT1POST,anomalydino,1,file_brain_AXT1POST_208_2080240,10,0,0.26783355077107746
AXT1POST,anomalydino,1,file_brain_AXT1POST_208_2080493,9,0,0.20806622505187988
AXT1POST,anomalydino,1,file_brain_AXT1POST_205_6000035,8,0,0.19067835807800293
AXT1POST,anomalydino,1,file_brain_AXT1POST_208_2080393,7,0,0.19533656040827432
AXT1POST,anomalydino,1,file_brain_AXT1POST_200_6002046,9,0,0.18142984310785928
AXT1POST,anomalydino,1,file_brain_AXT1POST_206_6000235,8,0,0.23173014322916666
AXT1POST,anomalydino,1,file_brain_AXT1POST_205_2050189,8,0,0.15893356005350748
AXT1POST,anomalydino,1,file_brain_AXT1POST_210_6001771,11,0,0.3410838047663371
AXT1POST,anomalydino,1,file_brain_AXT1POST_208_2120069,4,0,0.20101561148961386
AXT1POST,anomalydino,1,file_brain_AXT1POST_201_6002862,11,0,0.2832123835881551
AXT1POST,anomalydino,1,file_brain_AXT1POST_209_6001236,9,0,0.19287598133087158
AXT1POST,anomalydino,1,file_brain_AXT1POST_200_6002349,12,0,0.2681618134180705
AXT1POST,anomalydino,1,file_brain_AXT1POST_208_2080075,5,0,0.22963335116704306
AXT1POST,anomalydino,1,file_brain_AXT1POST_210_6001735,9,0,0.21346632639567056
AXT1POST,anomalydino,1,file_brain_AXT1POST_209_6001109,6,0,0.1793762445449829
AXT1POST,anomalydino,1,file_brain_AXT1POST_203_6000869,8,0,0.23728940884272257
AXT1POST,anomalydino,1,file_brain_AXT1POST_207_2070259,4,0,0.22983082135518393
AXT1POST,anomalydino,1,file_brain_AXT1POST_203_6000712,9,0,0.27746373414993286
AXT1POST,anomalydino,1,file_brain_AXT1POST_207_2070095,6,0,0.18655703465143839
AXT1POST,anomalydino,1,file_brain_AXT1POST_200_6002413,11,0,0.21833123763402304
AXT1POST,anomalydino,1,file_brain_AXT1POST_208_2080392,10,0,0.22312277555465698
AXT1POST,anomalydino,1,file_brain_AXT1POST_203_6000661,5,0,0.18538210789362589
AXT1POST,anomalydino,1,file_brain_AXT1POST_209_6001236,7,0,0.20392632484436035
AXT1POST,anomalydino,1,file_brain_AXT1POST_207_2070809,10,0,0.1833198070526123
AXT1POST,anomalydino,1,file_brain_AXT1POST_207_2070214,9,0,0.17384241024653116
AXT1POST,anomalydino,1,file_brain_AXT1POST_208_2080704,10,0,0.3097514708836873
AXT1POST,anomalydino,1,file_brain_AXT1POST_201_6002673,7,0,0.2205404837926229
AXT1POST,anomalydino,1,file_brain_AXT1POST_203_6000657,4,0,0.18029852708180746
AXT1POST,anomalydino,1,file_brain_AXT1POST_207_2070242,5,0,0.23082302014033
AXT1POST,anomalydino,1,file_brain_AXT1POST_208_2080493,11,0,0.21203122536341348
AXT1POST,anomalydino,1,file_brain_AXT1POST_209_6001458,6,0,0.15919466813405356
AXT1POST,anomalydino,1,file_brain_AXT1POST_208_2080421,6,0,0.17967422803243002
AXT1POST,anomalydino,1,file_brain_AXT1POST_201_6002668,6,0,0.20937987168629965
AXT1POST,anomalydino,1,file_brain_AXT1POST_200_6002349,4,0,0.18585660060246786
AXT1POST,anomalydino,1,file_brain_AXT1POST_200_6002305,10,0,0.23591643571853638
AXT1POST,anomalydino,1,file_brain_AXT1POST_207_2070651,6,0,0.28471537431081134
AXT1POST,anomalydino,1,file_brain_AXT1POST_201_6002778,12,0,0.2675594488779704
AXT1POST,anomalydino,1,file_brain_AXT1POST_200_6002349,11,0,0.279568354288737
AXT1POST,anomalydino,1,file_brain_AXT1POST_208_2080576,10,0,0.2920621832211812
AXT1POST,anomalydino,1,file_brain_AXT1POST_207_2070765,8,0,0.24154210090637207
AXT1POST,anomalydino,1,file_brain_AXT1POST_207_2070083,9,0,0.20756963888804117
AXT1POST,anomalydino,1,file_brain_AXT1POST_207_2070547,10,0,0.23573080698649088
AXT1POST,anomalydino,1,file_brain_AXT1POST_207_2070490,7,0,0.19842052459716797
AXT1POST,anomalydino,1,file_brain_AXT1POST_207_2070553,4,0,0.20497413476308188
AXT1POST,anomalydino,1,file_brain_AXT1POST_200_6002033,8,0,0.2091579039891561
AXT1POST,anomalydino,1,file_brain_AXT1POST_208_2080345,8,0,0.2189218799273173
AXT1POST,anomalydino,1,file_brain_AXT1POST_209_6001320,7,0,0.19013102849324545
AXT1POST,anomalydino,1,file_brain_AXT1POST_207_2070357,4,0,0.23380627234776816
AXT1POST,anomalydino,1,file_brain_AXT1POST_210_6001735,10,0,0.26825366417566937
AXT1POST,anomalydino,1,file_brain_AXT1POST_207_2070127,7,0,0.20828708012898764
AXT1POST,anomalydino,1,file_brain_AXT1POST_205_6000035,5,0,0.20359967152277628
AXT1POST,anomalydino,1,file_brain_AXT1POST_202_6000269,5,0,0.4461390972137451
AXT1POST,anomalydino,1,file_brain_AXT1POST_200_6002396,4,0,0.19273666540781656
AXT1POST,anomalydino,1,file_brain_AXT1POST_200_6002392,10,0,0.24720909198125204
AXT1POST,anomalydino,1,file_brain_AXT1POST_208_2080576,12,0,0.28220848242441815
AXT1POST,anomalydino,1,file_brain_AXT1POST_201_6002731,4,0,0.2902825077374776
AXT1POST,anomalydino,1,file_brain_AXT1POST_207_2070651,7,0,0.2289981245994568
AXT1POST,anomalydino,1,file_brain_AXT1POST_207_2070327,9,0,0.20822606484095255
AXT1POST,anomalydino,1,file_brain_AXT1POST_207_2070327,8,0,0.21724804242451987
AXT1POST,anomalydino,1,file_brain_AXT1POST_205_6000035,4,0,0.19913999239603677
AXT1POST,anomalydino,1,file_brain_AXT1POST_210_6001771,8,0,0.23775617281595865
AXT1POST,anomalydino,1,file_brain_AXT1POST_205_2050259,4,0,0.24034436543782553
AXT1POST,anomalydino,1,file_brain_AXT1POST_200_6002259,5,0,0.20573437213897705
AXT1POST,anomalydino,1,file_brain_AXT1POST_207_2070251,11,0,0.23722235361735025
AXT1POST,anomalydino,1,file_brain_AXT1POST_210_6001787,4,0,0.22307191292444864
AXT1POST,anomalydino,1,file_brain_AXT1POST_203_6000861,5,0,0.334419846534729
AXT1POST,anomalydino,1,file_brain_AXT1POST_207_2070259,6,0,0.17948846022288004
AXT1POST,anomalydino,1,file_brain_AXT1POST_208_2080352,5,0,0.23555483420689902
AXT1POST,anomalydino,1,file_brain_AXT1POST_208_2080477,4,0,0.1939999262491862
AXT1POST,anomalydino,1,file_brain_AXT1POST_208_2080422,5,0,0.26195629437764484
AXT1POST,anomalydino,1,file_brain_AXT1POST_202_6000302,9,0,0.2207459012667338
AXT1POST,anomalydino,1,file_brain_AXT1POST_207_2070365,10,0,0.28420992692311603
AXT1POST,anomalydino,1,file_brain_AXT1POST_200_6002340,4,0,0.22539003690083823
AXT1POST,anomalydino,1,file_brain_AXT1POST_208_2080075,4,0,0.2669968605041504
AXT1POST,anomalydino,1,file_brain_AXT1POST_203_6000869,4,0,0.224498450756073
AXT1POST,anomalydino,1,file_brain_AXT1POST_207_2070479,4,0,0.30408648649851483
AXT1POST,anomalydino,1,file_brain_AXT1POST_209_6001250,5,0,0.20767897367477417
AXT1POST,anomalydino,1,file_brain_AXT1POST_207_2070009,12,0,0.24448875586191812
AXT1POST,anomalydino,1,file_brain_AXT1POST_205_2050148,5,0,0.16666247447331747
AXT1POST,anomalydino,1,file_brain_AXT1POST_203_6000597,7,0,0.2049624522527059
AXT1POST,anomalydino,1,file_brain_AXT1POST_202_6000281,10,0,0.30826397736867267
AXT1POST,anomalydino,1,file_brain_AXT1POST_203_6000827,10,0,0.3135957717895508
AXT1POST,anomalydino,1,file_brain_AXT1POST_207_2070547,11,0,0.2422018051147461
AXT1POST,anomalydino,1,file_brain_AXT1POST_209_6001458,7,0,0.15601436297098795
AXT1POST,anomalydino,1,file_brain_AXT1POST_210_6001645,6,0,0.19434553384780884
AXT1POST,anomalydino,1,file_brain_AXT1POST_207_2070099,12,0,0.24080049991607666
AXT1POST,anomalydino,1,file_brain_AXT1POST_207_2070241,11,0,0.2398691177368164
AXT1POST,anomalydino,1,file_brain_AXT1POST_207_2070786,7,0,0.19920992851257324
AXT1POST,anomalydino,1,file_brain_AXT1POST_208_2080493,8,0,0.2036461035410563
AXT1POST,anomalydino,1,file_brain_AXT1POST_208_2080082,7,0,0.20038660367329916
AXT1POST,anomalydino,1,file_brain_AXT1POST_207_2070479,7,0,0.2208216389020284
AXT1POST,anomalydino,1,file_brain_AXT1POST_210_6001735,12,0,0.3262314200401306
AXT1POST,anomalydino,1,file_brain_AXT1POST_202_6000341,5,0,0.2504073977470398
AXT1POST,anomalydino,1,file_brain_AXT1POST_203_6000657,10,0,0.21859347820281982
AXT1POST,anomalydino,1,file_brain_AXT1POST_208_2080082,6,0,0.21154584487279257
AXT1POST,anomalydino,1,file_brain_AXT1POST_205_2050189,6,0,0.23471144835154215
AXT1POST,anomalydino,1,file_brain_AXT1POST_208_2080082,9,0,0.26658570766448975
AXT1POST,anomalydino,1,file_brain_AXT1POST_207_2070357,8,0,0.2873793840408325
AXT1POST,anomalydino,1,file_brain_AXT1POST_207_2070009,8,0,0.19551042715708414
AXT1POST,anomalydino,1,file_brain_AXT1POST_203_6000774,5,0,0.2458625833193461
AXT1POST,anomalydino,1,file_brain_AXT1POST_203_6000597,11,0,0.19269339243570963
AXT1POST,anomalydino,1,file_brain_AXT1POST_207_2070786,6,0,0.2108366290728251
AXT1POST,anomalydino,1,file_brain_AXT1POST_203_6000597,10,0,0.17926810185114542
AXT1POST,anomalydino,1,file_brain_AXT1POST_203_6000877,9,0,0.2367334564526876
AXT1POST,anomalydino,1,file_brain_AXT1POST_203_6000657,12,0,0.3067626357078552
AXT1POST,anomalydino,1,file_brain_AXT1POST_208_2080352,10,0,0.24448581536610922
AXT1POST,anomalydino,1,file_brain_AXT1POST_207_2070354,6,0,0.18973654508590698
AXT1POST,anomalydino,1,file_brain_AXT1POST_201_6002920,12,0,0.28121912479400635
AXT1POST,anomalydino,1,file_brain_AXT1POST_208_2080304,10,0,0.2467459241549174
AXT1POST,anomalydino,1,file_brain_AXT1POST_209_6001320,10,0,0.2816516359647115
AXT1POST,anomalydino,1,file_brain_AXT1POST_207_2070009,5,0,0.17965169747670492
AXT1POST,anomalydino,1,file_brain_AXT1POST_207_2070034,6,0,0.1670329968134562
AXT1POST,anomalydino,1,file_brain_AXT1POST_205_2050102,5,0,0.20133548974990845
AXT1POST,anomalydino,1,file_brain_AXT1POST_207_2070490,5,0,0.1745599905649821
AXT1POST,anomalydino,1,file_brain_AXT1POST_208_2080208,7,0,0.23279666900634766
AXT1POST,anomalydino,1,file_brain_AXT1POST_205_2050102,7,0,0.21376651525497437
AXT1POST,anomalydino,1,file_brain_AXT1POST_205_2050102,4,0,0.1942721207936605
AXT1POST,anomalydino,1,file_brain_AXT1POST_203_6000827,4,0,0.19997268915176392
AXT1POST,anomalydino,1,file_brain_AXT1POST_207_2070809,6,0,0.1784490942955017
AXT1POST,anomalydino,1,file_brain_AXT1POST_200_6002340,6,0,0.16919243335723877
AXT1POST,anomalydino,1,file_brain_AXT1POST_207_2070479,10,0,0.24243112405141196
AXT1POST,anomalydino,1,file_brain_AXT1POST_201_6002862,6,0,0.23993984858194986
AXT1POST,anomalydino,1,file_brain_AXT1POST_203_6000760,8,0,0.2704586187998454
AXT1POST,anomalydino,1,file_brain_AXT1POST_207_2070251,7,0,0.1970087687174479
AXT1POST,anomalydino,1,file_brain_AXT1POST_208_2080062,10,0,0.23414226373036703
AXT1POST,anomalydino,1,file_brain_AXT1POST_207_2070786,11,0,0.2009564439455668
AXT1POST,anomalydino,1,file_brain_AXT1POST_200_6001996,12,0,0.24665139118830362
AXT1POST,anomalydino,1,file_brain_AXT1POST_209_6001109,8,0,0.20883663495381674
AXT1POST,anomalydino,1,file_brain_AXT1POST_205_2050159,9,0,0.2406715750694275
AXT1POST,anomalydino,1,file_brain_AXT1POST_203_6000760,5,0,0.20233088731765747
AXT1POST,anomalydino,1,file_brain_AXT1POST_208_2080075,9,0,0.2566102345784505
AXT1POST,anomalydino,1,file_brain_AXT1POST_200_6002305,12,0,0.36199315388997394
AXT1POST,anomalydino,1,file_brain_AXT1POST_200_6002340,7,0,0.2654571334520976
AXT1POST,anomalydino,1,file_brain_AXT1POST_203_6000848,8,0,0.22788111368815103
AXT1POST,anomalydino,1,file_brain_AXT1POST_208_2080345,12,0,0.23519891500473022
AXT1POST,anomalydino,1,file_brain_AXT1POST_201_6002749,10,0,0.2724709113438924
AXT1POST,anomalydino,1,file_brain_AXT1POST_200_6001959,5,0,0.2298931876818339
AXT1POST,anomalydino,1,file_brain_AXT1POST_208_2080477,8,0,0.23824095726013184
AXT1POST,anomalydino,1,file_brain_AXT1POST_208_2080383,6,0,0.19936744372049967
AXT1POST,anomalydino,1,file_brain_AXT1POST_201_6002707,7,0,0.28915051619211835
AXT1POST,anomalydino,1,file_brain_AXT1POST_203_6000861,4,0,0.313019593556722
AXT1POST,anomalydino,1,file_brain_AXT1POST_209_6001109,7,0,0.22947990894317627
AXT1POST,anomalydino,1,file_brain_AXT1POST_203_6000760,4,0,0.26727678378423053
AXT1POST,anomalydino,1,file_brain_AXT1POST_208_2080154,6,0,0.1976192593574524
AXT1POST,anomalydino,1,file_brain_AXT1POST_201_6002749,6,0,0.23035573959350586
AXT1POST,anomalydino,1,file_brain_AXT1POST_203_6000597,5,0,0.2619067629178365
AXT1POST,anomalydino,1,file_brain_AXT1POST_203_6000848,12,0,0.4378681182861328
AXT1POST,anomalydino,1,file_brain_AXT1POST_207_2070809,12,0,0.3125592867533366
AXT1POST,anomalydino,1,file_brain_AXT1POST_208_2120069,8,0,0.22619197765986124
AXT1POST,anomalydino,1,file_brain_AXT1POST_205_2050189,7,0,0.24032946427663168
AXT1POST,anomalydino,1,file_brain_AXT1POST_200_6002337,12,0,0.28885094324747723
AXT1POST,anomalydino,1,file_brain_AXT1POST_207_2070251,12,0,0.31198936700820923
AXT1POST,anomalydino,1,file_brain_AXT1POST_207_2070635,6,0,0.17803951104482016
AXT1POST,anomalydino,1,file_brain_AXT1POST_201_6002680,5,0,0.22290954987208048
AXT1POST,anomalydino,1,file_brain_AXT1POST_208_2080213,7,0,0.1877141793568929
AXT1POST,anomalydino,1,file_brain_AXT1POST_208_2080576,9,0,0.21914035081863403
AXT1POST,anomalydino,1,file_brain_AXT1POST_208_2080275,6,0,0.18229987223943075
AXT1POST,anomalydino,1,file_brain_AXT1POST_208_2080213,6,0,0.2073564330736796
AXT1POST,anomalydino,1,file_brain_AXT1POST_208_2080213,12,0,0.4163227081298828
AXT1POST,anomalydino,1,file_brain_AXT1POST_201_6002673,4,0,0.26525431871414185
AXT1POST,anomalydino,1,file_brain_AXT1POST_210_6001771,4,0,0.22008337577184042
AXT1POST,anomalydino,1,file_brain_AXT1POST_207_2070251,9,0,0.2025168538093567
AXT1POST,anomalydino,1,file_brain_AXT1POST_201_6002703,0,1,0.42766443888346356
AXT1POST,anomalydino,1,file_brain_AXT1POST_201_6002703,1,1,0.3268739382425944
AXT1POST,anomalydino,1,file_brain_AXT1POST_201_6002703,2,1,0.269597868124644
AXT1POST,anomalydino,1,file_brain_AXT1POST_201_6002703,3,1,0.2726258834203084
AXT1POST,anomalydino,1,file_brain_AXT1POST_201_6002703,4,1,0.2358169953028361
AXT1POST,anomalydino,1,file_brain_AXT1POST_201_6002703,5,1,0.24012615283330283
AXT1POST,anomalydino,1,file_brain_AXT1POST_201_6002703,6,1,0.27354590098063153
AXT1POST,anomalydino,1,file_brain_AXT1POST_201_6002703,7,1,0.26755670706431073
AXT1POST,anomalydino,1,file_brain_AXT1POST_201_6002703,8,1,0.2830173969268799
AXT1POST,anomalydino,1,file_brain_AXT1POST_201_6002703,9,1,0.2865065336227417
AXT1POST,anomalydino,1,file_brain_AXT1POST_201_6002703,10,1,0.26552844047546387
AXT1POST,anomalydino,1,file_brain_AXT1POST_201_6002703,11,1,0.2683019240697225
AXT1POST,anomalydino,1,file_brain_AXT1POST_201_6002703,12,1,0.33578582604726154
AXT1POST,anomalydino,1,file_brain_AXT1POST_201_6002703,13,1,0.3423595428466797
AXT1POST,anomalydino,1,file_brain_AXT1POST_201_6002703,14,1,0.31121935447057086
AXT1POST,anomalydino,1,file_brain_AXT1POST_201_6002683,0,1,0.46328043937683105
AXT1POST,anomalydino,1,file_brain_AXT1POST_201_6002683,1,1,0.4999575614929199
AXT1POST,anomalydino,1,file_brain_AXT1POST_201_6002683,2,1,0.4211772282918294
AXT1POST,anomalydino,1,file_brain_AXT1POST_201_6002683,3,1,0.4080056349436442
AXT1POST,anomalydino,1,file_brain_AXT1POST_201_6002683,4,1,0.43257009983062744
AXT1POST,anomalydino,1,file_brain_AXT1POST_201_6002683,5,1,0.4329820473988851
AXT1POST,anomalydino,1,file_brain_AXT1POST_201_6002683,6,1,0.47189390659332275
AXT1POST,anomalydino,1,file_brain_AXT1POST_201_6002683,7,1,0.4322815736134847
AXT1POST,anomalydino,1,file_brain_AXT1POST_201_6002683,8,1,0.4318559169769287
AXT1POST,anomalydino,1,file_brain_AXT1POST_201_6002683,9,1,0.4133005142211914
AXT1POST,anomalydino,1,file_brain_AXT1POST_201_6002683,10,1,0.41703248023986816
AXT1POST,anomalydino,1,file_brain_AXT1POST_201_6002683,11,1,0.4750143686930339
AXT1POST,anomalydino,1,file_brain_AXT1POST_201_6002683,12,1,0.34853049119313556
AXT1POST,anomalydino,1,file_brain_AXT1POST_201_6002683,13,1,0.43090208371480304
AXT1POST,anomalydino,1,file_brain_AXT1POST_200_6002033,0,1,0.32753443717956543
AXT1POST,anomalydino,1,file_brain_AXT1POST_200_6002033,1,1,0.2924494544665019
AXT1POST,anomalydino,1,file_brain_AXT1POST_200_6002033,2,1,0.22438700993855795
AXT1POST,anomalydino,1,file_brain_AXT1POST_200_6002033,3,1,0.21535799900690714
AXT1POST,anomalydino,1,file_brain_AXT1POST_201_6002817,0,1,0.33115766445795697
AXT1POST,anomalydino,1,file_brain_AXT1POST_200_6002188,0,1,0.41424747308095294
AXT1POST,anomalydino,1,file_brain_AXT1POST_200_6002188,1,1,0.46516720453898114
AXT1POST,anomalydino,1,file_brain_AXT1POST_200_6002188,2,1,0.31755248705546063
AXT1POST,anomalydino,1,file_brain_AXT1POST_200_6002188,3,1,0.32291372617085773
AXT1POST,anomalydino,1,file_brain_AXT1POST_200_6002188,4,1,0.26182204484939575
AXT1POST,anomalydino,1,file_brain_AXT1POST_200_6002188,5,1,0.28522539138793945
AXT1POST,anomalydino,1,file_brain_AXT1POST_200_6002188,6,1,0.2674509485562642
AXT1POST,anomalydino,1,file_brain_AXT1POST_200_6002188,7,1,0.2841837803522746
AXT1POST,anomalydino,1,file_brain_AXT1POST_200_6002188,8,1,0.2809470494588216
AXT1POST,anomalydino,1,file_brain_AXT1POST_200_6002188,9,1,0.2903122305870056
AXT1POST,anomalydino,1,file_brain_AXT1POST_200_6002188,10,1,0.3277846773465474
AXT1POST,anomalydino,1,file_brain_AXT1POST_200_6002188,11,1,0.2851242224375407
AXT1POST,anomalydino,1,file_brain_AXT1POST_200_6002188,12,1,0.2985713879267375
AXT1POST,anomalydino,1,file_brain_AXT1POST_200_6002188,13,1,0.3295709689458211
AXT1POST,anomalydino,1,file_brain_AXT1POST_200_6002188,14,1,0.37346633275349933
AXT1POST,anomalydino,1,file_brain_AXT1POST_200_6002337,0,1,0.3333253463109334
AXT1POST,anomalydino,1,file_brain_AXT1POST_200_6002337,1,1,0.3783368269602458
AXT1POST,anomalydino,1,file_brain_AXT1POST_200_6002337,2,1,0.3993716239929199
AXT1POST,anomalydino,1,file_brain_AXT1POST_200_6002337,3,1,0.29038989543914795
AXT1POST,anomalydino,1,file_brain_AXT1POST_200_6002337,4,1,0.24186835686365762
AXT1POST,anomalydino,1,file_brain_AXT1POST_201_6002735,0,1,0.39183521270751953
AXT1POST,anomalydino,1,file_brain_AXT1POST_201_6002735,1,1,0.43480690320332843
AXT1POST,anomalydino,1,file_brain_AXT1POST_201_6002735,2,1,0.41846736272176105
AXT1POST,anomalydino,1,file_brain_AXT1POST_201_6002735,3,1,0.3567208449045817
AXT1POST,anomalydino,1,file_brain_AXT1POST_201_6002735,4,1,0.31774336099624634
AXT1POST,anomalydino,1,file_brain_AXT1POST_201_6002735,5,1,0.2950177987416585
AXT1POST,anomalydino,1,file_brain_AXT1POST_201_6002735,6,1,0.26036763191223145
AXT1POST,anomalydino,1,file_brain_AXT1POST_201_6002735,7,1,0.269485870997111
AXT1POST,anomalydino,1,file_brain_AXT1POST_201_6002735,8,1,0.25242706139882404
AXT1POST,anomalydino,1,file_brain_AXT1POST_201_6002735,9,1,0.2521907885869344
AXT1POST,anomalydino,1,file_brain_AXT1POST_201_6002735,10,1,0.29653457800547284
AXT1POST,anomalydino,1,file_brain_AXT1POST_201_6002735,11,1,0.20257671674092612
AXT1POST,anomalydino,1,file_brain_AXT1POST_200_6002089,4,1,0.2963781754175822
AXT1POST,anomalydino,1,file_brain_AXT1POST_200_6002089,5,1,0.29747740427652997
AXT1POST,anomalydino,1,file_brain_AXT1POST_200_6002089,6,1,0.3223878741264343
AXT1POST,anomalydino,1,file_brain_AXT1POST_200_6002089,7,1,0.3238452474276225
AXT1POST,anomalydino,1,file_brain_AXT1POST_200_6002089,8,1,0.2911100784937541
AXT1POST,anomalydino,1,file_brain_AXT1POST_200_6002089,9,1,0.32945460081100464
AXT1POST,anomalydino,1,file_brain_AXT1POST_200_6002089,10,1,0.4132259686787923
AXT1POST,anomalydino,1,file_brain_AXT1POST_200_6002089,11,1,0.43821048736572266
AXT1POST,anomalydino,1,file_brain_AXT1POST_200_6002089,12,1,0.4455358584721883
AXT1POST,anomalydino,1,file_brain_AXT1POST_200_6002089,13,1,0.47821346918741864
AXT1POST,anomalydino,1,file_brain_AXT1POST_200_6002089,14,1,0.5458555221557617
AXT1POST,anomalydino,1,file_brain_AXT1POST_200_6002089,15,1,0.5163664817810059
AXT1POST,anomalydino,1,file_brain_AXT1POST_200_6002065,0,1,0.496945063273112
AXT1POST,anomalydino,1,file_brain_AXT1POST_200_6002065,1,1,0.43045934041341144
AXT1POST,anomalydino,1,file_brain_AXT1POST_200_6002065,2,1,0.3910311857859294
AXT1POST,anomalydino,1,file_brain_AXT1POST_200_6002065,3,1,0.35530086358388263
AXT1POST,anomalydino,1,file_brain_AXT1POST_200_6002065,4,1,0.287092387676239
AXT1POST,anomalydino,1,file_brain_AXT1POST_200_6002065,5,1,0.3376881281534831
AXT1POST,anomalydino,1,file_brain_AXT1POST_200_6002065,10,1,0.2775100866953532
AXT1POST,anomalydino,1,file_brain_AXT1POST_200_6002396,0,1,0.3459800084431966
AXT1POST,anomalydino,2,file_brain_AXT1POST_207_2070010,8,0,0.2006627321243286
AXT1POST,anomalydino,2,file_brain_AXT1POST_208_2080493,5,0,0.2188047170639038
AXT1POST,anomalydino,2,file_brain_AXT1POST_201_6002795,10,0,0.21061058839162192
AXT1POST,anomalydino,2,file_brain_AXT1POST_207_2070214,6,0,0.30002586046854657
AXT1POST,anomalydino,2,file_brain_AXT1POST_208_2080275,5,0,0.15948555866877237
AXT1POST,anomalydino,2,file_brain_AXT1POST_201_6002760,10,0,0.2042167584101359
AXT1POST,anomalydino,2,file_brain_AXT1POST_201_6002778,7,0,0.21654192606608072
AXT1POST,anomalydino,2,file_brain_AXT1POST_207_2070418,12,0,0.2479243278503418
AXT1POST,anomalydino,2,file_brain_AXT1POST_200_6002259,8,0,0.1948485771814982
AXT1POST,anomalydino,2,file_brain_AXT1POST_207_2070251,10,0,0.23708601792653403
AXT1POST,anomalydino,2,file_brain_AXT1POST_203_6000877,5,0,0.19443370898564658
AXT1POST,anomalydino,2,file_brain_AXT1POST_200_6002337,5,0,0.22321120897928873
AXT1POST,anomalydino,2,file_brain_AXT1POST_202_6000417,9,0,0.2557181715965271
AXT1POST,anomalydino,2,file_brain_AXT1POST_203_6000712,6,0,0.23624837398529053
AXT1POST,anomalydino,2,file_brain_AXT1POST_208_2080244,8,0,0.23004927237828574
AXT1POST,anomalydino,2,file_brain_AXT1POST_210_6001735,5,0,0.2714578111966451
AXT1POST,anomalydino,2,file_brain_AXT1POST_201_6002920,8,0,0.2979353070259094
AXT1POST,anomalydino,2,file_brain_AXT1POST_205_2050255,6,0,0.1489151120185852
AXT1POST,anomalydino,2,file_brain_AXT1POST_207_2070450,7,0,0.19198195139567056
AXT1POST,anomalydino,2,file_brain_AXT1POST_210_6001790,8,0,0.3025798797607422
AXT1POST,anomalydino,2,file_brain_AXT1POST_209_6001234,12,0,0.3057696024576823
AXT1POST,anomalydino,2,file_brain_AXT1POST_208_2080392,12,0,0.2694670955340068
AXT1POST,anomalydino,2,file_brain_AXT1POST_210_6001699,5,0,0.20788508653640747
AXT1POST,anomalydino,2,file_brain_AXT1POST_208_2080393,4,0,0.17730702956517538
AXT1POST,anomalydino,2,file_brain_AXT1POST_200_6002396,11,0,0.1922459602355957
AXT1POST,anomalydino,2,file_brain_AXT1POST_207_2070804,10,0,0.3193773031234741
AXT1POST,anomalydino,2,file_brain_AXT1POST_202_6000269,7,0,0.3125346302986145
AXT1POST,anomalydino,2,file_brain_AXT1POST_207_2070809,7,0,0.21001269419987997
AXT1POST,anomalydino,2,file_brain_AXT1POST_207_2070095,4,0,0.1830982764561971
AXT1POST,anomalydino,2,file_brain_AXT1POST_210_6001787,11,0,0.2348778247833252
AXT1POST,anomalydino,2,file_brain_AXT1POST_207_2070765,4,0,0.3675355513890584
AXT1POST,anomalydino,2,file_brain_AXT1POST_207_2070095,11,0,0.3140798608462016
AXT1POST,anomalydino,2,file_brain_AXT1POST_207_2070651,11,0,0.2509709596633911
AXT1POST,anomalydino,2,file_brain_AXT1POST_208_2080422,12,0,0.2139247258504232
AXT1POST,anomalydino,2,file_brain_AXT1POST_203_6000760,9,0,0.2846018671989441
AXT1POST,anomalydino,2,file_brain_AXT1POST_201_6002814,6,0,0.2360528508822123
AXT1POST,anomalydino,2,file_brain_AXT1POST_202_6000417,4,0,0.2983383735020955
AXT1POST,anomalydino,2,file_brain_AXT1POST_207_2070259,5,0,0.19535366694132486
AXT1POST,anomalydino,2,file_brain_AXT1POST_208_2080244,5,0,0.2451511820157369
AXT1POST,anomalydino,2,file_brain_AXT1POST_203_6000877,11,0,0.263139804204305
AXT1POST,anomalydino,2,file_brain_AXT1POST_200_6001996,9,0,0.19464113314946493
AXT1POST,anomalydino,2,file_brain_AXT1POST_210_6001735,4,0,0.23280644416809082
AXT1POST,anomalydino,2,file_brain_AXT1POST_208_2080624,6,0,0.201910138130188
AXT1POST,anomalydino,2,file_brain_AXT1POST_205_2050146,5,0,0.20910165707270303
AXT1POST,anomalydino,2,file_brain_AXT1POST_203_6000877,6,0,0.18960467974344888
AXT1POST,anomalydino,2,file_brain_AXT1POST_201_6002795,12,0,0.26771605014801025
AXT1POST,anomalydino,2,file_brain_AXT1POST_208_2080469,6,0,0.3677794535954793
AXT1POST,anomalydino,2,file_brain_AXT1POST_210_6001797,5,0,0.2389493187268575
AXT1POST,anomalydino,2,file_brain_AXT1POST_208_2080576,8,0,0.18371866146723428
AXT1POST,anomalydino,2,file_brain_AXT1POST_205_6000148,6,0,0.18738945325215658
AXT1POST,anomalydino,2,file_brain_AXT1POST_207_2070095,10,0,0.2211680213610331
AXT1POST,anomalydino,2,file_brain_AXT1POST_201_6002731,10,0,0.22368188699086508
AXT1POST,anomalydino,2,file_brain_AXT1POST_207_2070083,4,0,0.22176631291707358
AXT1POST,anomalydino,2,file_brain_AXT1POST_208_2080704,4,0,0.2571800152460734
AXT1POST,anomalydino,2,file_brain_AXT1POST_205_6000180,5,0,0.1778478225072225
AXT1POST,anomalydino,2,file_brain_AXT1POST_201_6002920,6,0,0.24744709332784018
AXT1POST,anomalydino,2,file_brain_AXT1POST_209_6001417,11,0,0.2771122455596924
AXT1POST,anomalydino,2,file_brain_AXT1POST_203_6000774,4,0,0.20864731073379517
AXT1POST,anomalydino,2,file_brain_AXT1POST_209_6001234,6,0,0.19258330265680948
AXT1POST,anomalydino,2,file_brain_AXT1POST_208_2080154,9,0,0.20340553919474283
AXT1POST,anomalydino,2,file_brain_AXT1POST_207_2070147,10,0,0.3175806800524394
AXT1POST,anomalydino,2,file_brain_AXT1POST_205_2050102,9,0,0.22387961546579996
AXT1POST,anomalydino,2,file_brain_AXT1POST_209_6001264,7,0,0.17600437005360922
AXT1POST,anomalydino,2,file_brain_AXT1POST_207_2070034,7,0,0.17847959200541177
AXT1POST,anomalydino,2,file_brain_AXT1POST_209_6001458,10,0,0.26285537083943683
AXT1POST,anomalydino,2,file_brain_AXT1POST_206_6000235,10,0,0.28248876333236694
AXT1POST,anomalydino,2,file_brain_AXT1POST_208_2080213,5,0,0.2546525200208028
AXT1POST,anomalydino,2,file_brain_AXT1POST_200_6002396,9,0,0.18919889132181802
AXT1POST,anomalydino,2,file_brain_AXT1POST_200_6002305,4,0,0.23747958739598593
AXT1POST,anomalydino,2,file_brain_AXT1POST_207_2070651,12,0,0.30322563648223877
AXT1POST,anomalydino,2,file_brain_AXT1POST_205_2050148,10,0,0.2285991112391154
AXT1POST,anomalydino,2,file_brain_AXT1POST_208_2080469,4,0,0.3128724495569865
AXT1POST,anomalydino,2,file_brain_AXT1POST_207_2070635,10,0,0.2070495287577311
AXT1POST,anomalydino,2,file_brain_AXT1POST_207_2070133,8,0,0.21062982082366943
AXT1POST,anomalydino,2,file_brain_AXT1POST_203_6000661,12,0,0.29291635751724243
AXT1POST,anomalydino,2,file_brain_AXT1POST_203_6000760,6,0,0.2494138479232788
AXT1POST,anomalydino,2,file_brain_AXT1POST_200_6002337,8,0,0.2072107195854187
AXT1POST,anomalydino,2,file_brain_AXT1POST_208_2080393,12,0,0.350233793258667
AXT1POST,anomalydino,2,file_brain_AXT1POST_207_2070123,7,0,0.24504669507344565
AXT1POST,anomalydino,2,file_brain_AXT1POST_201_6002772,8,0,0.21542845169703165
AXT1POST,anomalydino,2,file_brain_AXT1POST_207_2070804,9,0,0.2624036868413289
AXT1POST,anomalydino,2,file_brain_AXT1POST_208_2080469,12,0,0.26302484671274823
AXT1POST,anomalydino,2,file_brain_AXT1POST_208_2080275,7,0,0.16734244426091513
AXT1POST,anomalydino,2,file_brain_AXT1POST_209_6001264,4,0,0.22495667139689127
AXT1POST,anomalydino,2,file_brain_AXT1POST_209_6001064,5,0,0.2510864933331807
AXT1POST,anomalydino,2,file_brain_AXT1POST_201_6002920,4,0,0.2551995515823364
AXT1POST,anomalydino,2,file_brain_AXT1POST_210_6001787,7,0,0.20322845379511514
AXT1POST,anomalydino,2,file_brain_AXT1POST_203_6000661,4,0,0.2592238187789917
AXT1POST,anomalydino,2,file_brain_AXT1POST_203_6000712,10,0,0.2796969215075175
AXT1POST,anomalydino,2,file_brain_AXT1POST_210_6001797,4,0,0.24341688553492227
AXT1POST,anomalydino,2,file_brain_AXT1POST_208_2080504,5,0,0.18022829294204712
AXT1POST,anomalydino,2,file_brain_AXT1POST_208_2080421,4,0,0.2404236396153768
AXT1POST,anomalydino,2,file_brain_AXT1POST_209_6001458,4,0,0.20689916610717773
AXT1POST,anomalydino,2,file_brain_AXT1POST_207_2070133,6,0,0.27677897612253827
AXT1POST,anomalydino,2,file_brain_AXT1POST_208_2080240,10,0,0.2627155582110087
AXT1POST,anomalydino,2,file_brain_AXT1POST_208_2080493,9,0,0.2105170488357544
AXT1POST,anomalydino,2,file_brain_AXT1POST_205_6000035,8,0,0.19559770822525024
AXT1POST,anomalydino,2,file_brain_AXT1POST_208_2080393,7,0,0.21253321568171182
AXT1POST,anomalydino,2,file_brain_AXT1POST_200_6002046,9,0,0.2079625129699707
AXT1POST,anomalydino,2,file_brain_AXT1POST_206_6000235,8,0,0.2320939302444458
AXT1POST,anomalydino,2,file_brain_AXT1POST_205_2050189,8,0,0.16097031037012735
AXT1POST,anomalydino,2,file_brain_AXT1POST_210_6001771,11,0,0.32749293247858685
AXT1POST,anomalydino,2,file_brain_AXT1POST_208_2120069,4,0,0.20913835366566977
AXT1POST,anomalydino,2,file_brain_AXT1POST_201_6002862,11,0,0.29110437631607056
AXT1POST,anomalydino,2,file_brain_AXT1POST_209_6001236,9,0,0.1902260184288025
AXT1POST,anomalydino,2,file_brain_AXT1POST_200_6002349,12,0,0.29131070772806805
AXT1POST,anomalydino,2,file_brain_AXT1POST_208_2080075,5,0,0.23903443415959677
AXT1POST,anomalydino,2,file_brain_AXT1POST_210_6001735,9,0,0.23997060457865396
AXT1POST,anomalydino,2,file_brain_AXT1POST_209_6001109,6,0,0.19285531838734946
AXT1POST,anomalydino,2,file_brain_AXT1POST_203_6000869,8,0,0.22250988086064658
AXT1POST,anomalydino,2,file_brain_AXT1POST_207_2070259,4,0,0.22209521134694418
AXT1POST,anomalydino,2,file_brain_AXT1POST_203_6000712,9,0,0.281766672929128
AXT1POST,anomalydino,2,file_brain_AXT1POST_207_2070095,6,0,0.18601053953170776
AXT1POST,anomalydino,2,file_brain_AXT1POST_200_6002413,11,0,0.21658716599146524
AXT1POST,anomalydino,2,file_brain_AXT1POST_208_2080392,10,0,0.20871100823084512
AXT1POST,anomalydino,2,file_brain_AXT1POST_203_6000661,5,0,0.19832438230514526
AXT1POST,anomalydino,2,file_brain_AXT1POST_209_6001236,7,0,0.18275030453999838
AXT1POST,anomalydino,2,file_brain_AXT1POST_207_2070809,10,0,0.18331305185953775
AXT1POST,anomalydino,2,file_brain_AXT1POST_207_2070214,9,0,0.20100104808807373
AXT1POST,anomalydino,2,file_brain_AXT1POST_208_2080704,10,0,0.3126959602038066
AXT1POST,anomalydino,2,file_brain_AXT1POST_201_6002673,7,0,0.22944374879201254
AXT1POST,anomalydino,2,file_brain_AXT1POST_203_6000657,4,0,0.18721884489059448
AXT1POST,anomalydino,2,file_brain_AXT1POST_207_2070242,5,0,0.22113895416259766
AXT1POST,anomalydino,2,file_brain_AXT1POST_208_2080493,11,0,0.2303119699160258
AXT1POST,anomalydino,2,file_brain_AXT1POST_209_6001458,6,0,0.1674429972966512
AXT1POST,anomalydino,2,file_brain_AXT1POST_208_2080421,6,0,0.22194703420003256
AXT1POST,anomalydino,2,file_brain_AXT1POST_201_6002668,6,0,0.21636436382929483
AXT1POST,anomalydino,2,file_brain_AXT1POST_200_6002349,4,0,0.18758795658747354
AXT1POST,anomalydino,2,file_brain_AXT1POST_200_6002305,10,0,0.23742433389027914
AXT1POST,anomalydino,2,file_brain_AXT1POST_207_2070651,6,0,0.2852743864059448
AXT1POST,anomalydino,2,file_brain_AXT1POST_201_6002778,12,0,0.26196734110514325
AXT1POST,anomalydino,2,file_brain_AXT1POST_200_6002349,11,0,0.2968509991963704
AXT1POST,anomalydino,2,file_brain_AXT1POST_208_2080576,10,0,0.2941928307215373
AXT1POST,anomalydino,2,file_brain_AXT1POST_207_2070765,8,0,0.24969987074534097
AXT1POST,anomalydino,2,file_brain_AXT1POST_207_2070083,9,0,0.2047597567240397
AXT1POST,anomalydino,2,file_brain_AXT1POST_207_2070547,10,0,0.2076147198677063
AXT1POST,anomalydino,2,file_brain_AXT1POST_207_2070490,7,0,0.22960972785949707
AXT1POST,anomalydino,2,file_brain_AXT1POST_207_2070553,4,0,0.19225273529688516
AXT1POST,anomalydino,2,file_brain_AXT1POST_200_6002033,8,0,0.20221241315205893
AXT1POST,anomalydino,2,file_brain_AXT1POST_208_2080345,8,0,0.22062830130259195
AXT1POST,anomalydino,2,file_brain_AXT1POST_209_6001320,7,0,0.1991646687189738
AXT1POST,anomalydino,2,file_brain_AXT1POST_207_2070357,4,0,0.22649161020914713
AXT1POST,anomalydino,2,file_brain_AXT1POST_210_6001735,10,0,0.27299704154332477
AXT1POST,anomalydino,2,file_brain_AXT1POST_207_2070127,7,0,0.22873574495315552
AXT1POST,anomalydino,2,file_brain_AXT1POST_205_6000035,5,0,0.20078559716542563
AXT1POST,anomalydino,2,file_brain_AXT1POST_202_6000269,5,0,0.4546471834182739
AXT1POST,anomalydino,2,file_brain_AXT1POST_200_6002396,4,0,0.17972751458485922
AXT1POST,anomalydino,2,file_brain_AXT1POST_200_6002392,10,0,0.25368189811706543
AXT1POST,anomalydino,2,file_brain_AXT1POST_208_2080576,12,0,0.29806264241536456
AXT1POST,anomalydino,2,file_brain_AXT1POST_201_6002731,4,0,0.3205409248669942
AXT1POST,anomalydino,2,file_brain_AXT1POST_207_2070651,7,0,0.2344894806543986
AXT1POST,anomalydino,2,file_brain_AXT1POST_207_2070327,9,0,0.22399741411209106
AXT1POST,anomalydino,2,file_brain_AXT1POST_207_2070327,8,0,0.21016142765680948
AXT1POST,anomalydino,2,file_brain_AXT1POST_205_6000035,4,0,0.2089178760846456
AXT1POST,anomalydino,2,file_brain_AXT1POST_210_6001771,8,0,0.2629714409510295
AXT1POST,anomalydino,2,file_brain_AXT1POST_205_2050259,4,0,0.23408440748850504
AXT1POST,anomalydino,2,file_brain_AXT1POST_200_6002259,5,0,0.21002076069513956
AXT1POST,anomalydino,2,file_brain_AXT1POST_207_2070251,11,0,0.23620049158732095
AXT1POST,anomalydino,2,file_brain_AXT1POST_210_6001787,4,0,0.18993471066157022
AXT1POST,anomalydino,2,file_brain_AXT1POST_203_6000861,5,0,0.2781609296798706
AXT1POST,anomalydino,2,file_brain_AXT1POST_207_2070259,6,0,0.19902648528416952
AXT1POST,anomalydino,2,file_brain_AXT1POST_208_2080352,5,0,0.2197060783704122
AXT1POST,anomalydino,2,file_brain_AXT1POST_208_2080477,4,0,0.198939839998881
AXT1POST,anomalydino,2,file_brain_AXT1POST_208_2080422,5,0,0.2509593963623047
AXT1POST,anomalydino,2,file_brain_AXT1POST_202_6000302,9,0,0.22168290615081787
AXT1POST,anomalydino,2,file_brain_AXT1POST_207_2070365,10,0,0.27731428543726605
AXT1POST,anomalydino,2,file_brain_AXT1POST_200_6002340,4,0,0.21921294927597046
AXT1POST,anomalydino,2,file_brain_AXT1POST_208_2080075,4,0,0.26717331012090045
AXT1POST,anomalydino,2,file_brain_AXT1POST_203_6000869,4,0,0.22918973366419473
AXT1POST,anomalydino,2,file_brain_AXT1POST_207_2070479,4,0,0.30017534891764325
AXT1POST,anomalydino,2,file_brain_AXT1POST_209_6001250,5,0,0.2120614250500997
AXT1POST,anomalydino,2,file_brain_AXT1POST_207_2070009,12,0,0.24916609128316244
AXT1POST,anomalydino,2,file_brain_AXT1POST_205_2050148,5,0,0.1709446907043457
AXT1POST,anomalydino,2,file_brain_AXT1POST_203_6000597,7,0,0.24507453044255575
AXT1POST,anomalydino,2,file_brain_AXT1POST_202_6000281,10,0,0.3027779459953308
AXT1POST,anomalydino,2,file_brain_AXT1POST_203_6000827,10,0,0.27910761038462323
AXT1POST,anomalydino,2,file_brain_AXT1POST_207_2070547,11,0,0.2543278733889262
AXT1POST,anomalydino,2,file_brain_AXT1POST_209_6001458,7,0,0.16000515222549438
AXT1POST,anomalydino,2,file_brain_AXT1POST_210_6001645,6,0,0.21275774637858072
AXT1POST,anomalydino,2,file_brain_AXT1POST_207_2070099,12,0,0.2542675534884135
AXT1POST,anomalydino,2,file_brain_AXT1POST_207_2070241,11,0,0.24402656157811484
AXT1POST,anomalydino,2,file_brain_AXT1POST_207_2070786,7,0,0.1966622273127238
AXT1POST,anomalydino,2,file_brain_AXT1POST_208_2080493,8,0,0.2228602170944214
AXT1POST,anomalydino,2,file_brain_AXT1POST_208_2080082,7,0,0.1874350905418396
AXT1POST,anomalydino,2,file_brain_AXT1POST_207_2070479,7,0,0.26875023047129315
AXT1POST,anomalydino,2,file_brain_AXT1POST_210_6001735,12,0,0.3012712796529134
AXT1POST,anomalydino,2,file_brain_AXT1POST_202_6000341,5,0,0.25324203570683795
AXT1POST,anomalydino,2,file_brain_AXT1POST_203_6000657,10,0,0.2169292370478312
AXT1POST,anomalydino,2,file_brain_AXT1POST_208_2080082,6,0,0.2090448538462321
AXT1POST,anomalydino,2,file_brain_AXT1POST_205_2050189,6,0,0.22073777516682944
AXT1POST,anomalydino,2,file_brain_AXT1POST_208_2080082,9,0,0.22928102811177573
AXT1POST,anomalydino,2,file_brain_AXT1POST_207_2070357,8,0,0.3066807985305786
AXT1POST,anomalydino,2,file_brain_AXT1POST_207_2070009,8,0,0.17257750034332275
AXT1POST,anomalydino,2,file_brain_AXT1POST_203_6000774,5,0,0.25043447812398273
AXT1POST,anomalydino,2,file_brain_AXT1POST_203_6000597,11,0,0.19410399595896402
AXT1POST,anomalydino,2,file_brain_AXT1POST_207_2070786,6,0,0.2274034023284912
AXT1POST,anomalydino,2,file_brain_AXT1POST_203_6000597,10,0,0.176043967405955
AXT1POST,anomalydino,2,file_brain_AXT1POST_203_6000877,9,0,0.23438477516174316
AXT1POST,anomalydino,2,file_brain_AXT1POST_203_6000657,12,0,0.28611965974171955
AXT1POST,anomalydino,2,file_brain_AXT1POST_208_2080352,10,0,0.24722391366958618
AXT1POST,anomalydino,2,file_brain_AXT1POST_207_2070354,6,0,0.19858733812967935
AXT1POST,anomalydino,2,file_brain_AXT1POST_201_6002920,12,0,0.26086217164993286
AXT1POST,anomalydino,2,file_brain_AXT1POST_208_2080304,10,0,0.2608065406481425
AXT1POST,anomalydino,2,file_brain_AXT1POST_209_6001320,10,0,0.29265926281611127
AXT1POST,anomalydino,2,file_brain_AXT1POST_207_2070009,5,0,0.1825264890988668
AXT1POST,anomalydino,2,file_brain_AXT1POST_207_2070034,6,0,0.1751831372578939
AXT1POST,anomalydino,2,file_brain_AXT1POST_205_2050102,5,0,0.2008687655131022
AXT1POST,anomalydino,2,file_brain_AXT1POST_207_2070490,5,0,0.1848763624827067
AXT1POST,anomalydino,2,file_brain_AXT1POST_208_2080208,7,0,0.21117860078811646
AXT1POST,anomalydino,2,file_brain_AXT1POST_205_2050102,7,0,0.18930333852767944
AXT1POST,anomalydino,2,file_brain_AXT1POST_205_2050102,4,0,0.19536771376927695
AXT1POST,anomalydino,2,file_brain_AXT1POST_203_6000827,4,0,0.21653789281845093
AXT1POST,anomalydino,2,file_brain_AXT1POST_207_2070809,6,0,0.17690710226694742
AXT1POST,anomalydino,2,file_brain_AXT1POST_200_6002340,6,0,0.17341307799021402
AXT1POST,anomalydino,2,file_brain_AXT1POST_207_2070479,10,0,0.23716560999552408
AXT1POST,anomalydino,2,file_brain_AXT1POST_201_6002862,6,0,0.253986398379008
AXT1POST,anomalydino,2,file_brain_AXT1POST_203_6000760,8,0,0.25688787301381427
AXT1POST,anomalydino,2,file_brain_AXT1POST_207_2070251,7,0,0.18416794141133627
AXT1POST,anomalydino,2,file_brain_AXT1POST_208_2080062,10,0,0.24658817052841187
AXT1POST,anomalydino,2,file_brain_AXT1POST_207_2070786,11,0,0.19798400004704794
AXT1POST,anomalydino,2,file_brain_AXT1POST_200_6001996,12,0,0.2574673295021057
AXT1POST,anomalydino,2,file_brain_AXT1POST_209_6001109,8,0,0.17780872186024985
AXT1POST,anomalydino,2,file_brain_AXT1POST_205_2050159,9,0,0.2434444228808085
AXT1POST,anomalydino,2,file_brain_AXT1POST_203_6000760,5,0,0.20731808741887411
AXT1POST,anomalydino,2,file_brain_AXT1POST_208_2080075,9,0,0.2447929581006368
AXT1POST,anomalydino,2,file_brain_AXT1POST_200_6002305,12,0,0.35359807809193927
AXT1POST,anomalydino,2,file_brain_AXT1POST_200_6002340,7,0,0.24623986085255942
AXT1POST,anomalydino,2,file_brain_AXT1POST_203_6000848,8,0,0.2235293984413147
AXT1POST,anomalydino,2,file_brain_AXT1POST_208_2080345,12,0,0.2215656836827596
AXT1POST,anomalydino,2,file_brain_AXT1POST_201_6002749,10,0,0.2676583528518677
AXT1POST,anomalydino,2,file_brain_AXT1POST_200_6001959,5,0,0.25474534432093304
AXT1POST,anomalydino,2,file_brain_AXT1POST_208_2080477,8,0,0.24347595373789468
AXT1POST,anomalydino,2,file_brain_AXT1POST_208_2080383,6,0,0.21775664885838827
AXT1POST,anomalydino,2,file_brain_AXT1POST_201_6002707,7,0,0.2866501808166504
AXT1POST,anomalydino,2,file_brain_AXT1POST_203_6000861,4,0,0.27169787883758545
AXT1POST,anomalydino,2,file_brain_AXT1POST_209_6001109,7,0,0.21667343378067017
AXT1POST,anomalydino,2,file_brain_AXT1POST_203_6000760,4,0,0.2652904192606608
AXT1POST,anomalydino,2,file_brain_AXT1POST_208_2080154,6,0,0.21102195978164673
AXT1POST,anomalydino,2,file_brain_AXT1POST_201_6002749,6,0,0.22694208224614462
AXT1POST,anomalydino,2,file_brain_AXT1POST_203_6000597,5,0,0.2814238866170247
AXT1POST,anomalydino,2,file_brain_AXT1POST_203_6000848,12,0,0.4430232048034668
AXT1POST,anomalydino,2,file_brain_AXT1POST_207_2070809,12,0,0.36817089716593426
AXT1POST,anomalydino,2,file_brain_AXT1POST_208_2120069,8,0,0.22058884302775064
AXT1POST,anomalydino,2,file_brain_AXT1POST_205_2050189,7,0,0.2356226642926534
AXT1POST,anomalydino,2,file_brain_AXT1POST_200_6002337,12,0,0.29491517941157025
AXT1POST,anomalydino,2,file_brain_AXT1POST_207_2070251,12,0,0.3073935310045878
AXT1POST,anomalydino,2,file_brain_AXT1POST_207_2070635,6,0,0.17486910025278726
AXT1POST,anomalydino,2,file_brain_AXT1POST_201_6002680,5,0,0.23120713233947754
AXT1POST,anomalydino,2,file_brain_AXT1POST_208_2080213,7,0,0.18466947476069132
AXT1POST,anomalydino,2,file_brain_AXT1POST_208_2080576,9,0,0.2218160629272461
AXT1POST,anomalydino,2,file_brain_AXT1POST_208_2080275,6,0,0.17422751585642496
AXT1POST,anomalydino,2,file_brain_AXT1POST_208_2080213,6,0,0.20343804359436035
AXT1POST,anomalydino,2,file_brain_AXT1POST_208_2080213,12,0,0.36426250139872235
AXT1POST,anomalydino,2,file_brain_AXT1POST_201_6002673,4,0,0.22614216804504395
AXT1POST,anomalydino,2,file_brain_AXT1POST_210_6001771,4,0,0.22443471352259317
AXT1POST,anomalydino,2,file_brain_AXT1POST_207_2070251,9,0,0.20650001366933188
AXT1POST,anomalydino,2,file_brain_AXT1POST_201_6002703,0,1,0.41402876377105713
AXT1POST,anomalydino,2,file_brain_AXT1POST_201_6002703,1,1,0.3383951981862386
AXT1POST,anomalydino,2,file_brain_AXT1POST_201_6002703,2,1,0.27658385038375854
AXT1POST,anomalydino,2,file_brain_AXT1POST_201_6002703,3,1,0.29033931096394855
AXT1POST,anomalydino,2,file_brain_AXT1POST_201_6002703,4,1,0.2246783971786499
AXT1POST,anomalydino,2,file_brain_AXT1POST_201_6002703,5,1,0.2644031047821045
AXT1POST,anomalydino,2,file_brain_AXT1POST_201_6002703,6,1,0.2592095136642456
AXT1POST,anomalydino,2,file_brain_AXT1POST_201_6002703,7,1,0.2724979321161906
AXT1POST,anomalydino,2,file_brain_AXT1POST_201_6002703,8,1,0.26251693566640216
AXT1POST,anomalydino,2,file_brain_AXT1POST_201_6002703,9,1,0.27255020538965863
AXT1POST,anomalydino,2,file_brain_AXT1POST_201_6002703,10,1,0.24622875452041626
AXT1POST,anomalydino,2,file_brain_AXT1POST_201_6002703,11,1,0.28089555104573566
AXT1POST,anomalydino,2,file_brain_AXT1POST_201_6002703,12,1,0.30412060022354126
AXT1POST,anomalydino,2,file_brain_AXT1POST_201_6002703,13,1,0.33412766456604004
AXT1POST,anomalydino,2,file_brain_AXT1POST_201_6002703,14,1,0.3146671454111735
AXT1POST,anomalydino,2,file_brain_AXT1POST_201_6002683,0,1,0.46157407760620117
AXT1POST,anomalydino,2,file_brain_AXT1POST_201_6002683,1,1,0.49084870020548504
AXT1POST,anomalydino,2,file_brain_AXT1POST_201_6002683,2,1,0.42029452323913574
AXT1POST,anomalydino,2,file_brain_AXT1POST_201_6002683,3,1,0.39327581723531085
AXT1POST,anomalydino,2,file_brain_AXT1POST_201_6002683,4,1,0.43659543991088867
AXT1POST,anomalydino,2,file_brain_AXT1POST_201_6002683,5,1,0.4471174478530884
AXT1POST,anomalydino,2,file_brain_AXT1POST_201_6002683,6,1,0.46794593334198
AXT1POST,anomalydino,2,file_brain_AXT1POST_201_6002683,7,1,0.4287805159886678
AXT1POST,anomalydino,2,file_brain_AXT1POST_201_6002683,8,1,0.4339687029520671
AXT1POST,anomalydino,2,file_brain_AXT1POST_201_6002683,9,1,0.42099066575368244
AXT1POST,anomalydino,2,file_brain_AXT1POST_201_6002683,10,1,0.46711862087249756
AXT1POST,anomalydino,2,file_brain_AXT1POST_201_6002683,11,1,0.4776744842529297
AXT1POST,anomalydino,2,file_brain_AXT1POST_201_6002683,12,1,0.37489521503448486
AXT1POST,anomalydino,2,file_brain_AXT1POST_201_6002683,13,1,0.4182838996251424
AXT1POST,anomalydino,2,file_brain_AXT1POST_200_6002033,0,1,0.35986971855163574
AXT1POST,anomalydino,2,file_brain_AXT1POST_200_6002033,1,1,0.28932952880859375
AXT1POST,anomalydino,2,file_brain_AXT1POST_200_6002033,2,1,0.2525503635406494
AXT1POST,anomalydino,2,file_brain_AXT1POST_200_6002033,3,1,0.21493844191233316
AXT1POST,anomalydino,2,file_brain_AXT1POST_201_6002817,0,1,0.34534676869710285
AXT1POST,anomalydino,2,file_brain_AXT1POST_200_6002188,0,1,0.3881547451019287
AXT1POST,anomalydino,2,file_brain_AXT1POST_200_6002188,1,1,0.3828514019648234
AXT1POST,anomalydino,2,file_brain_AXT1POST_200_6002188,2,1,0.31231435139973956
AXT1POST,anomalydino,2,file_brain_AXT1POST_200_6002188,3,1,0.35275765260060626
AXT1POST,anomalydino,2,file_brain_AXT1POST_200_6002188,4,1,0.2545032501220703
AXT1POST,anomalydino,2,file_brain_AXT1POST_200_6002188,5,1,0.337968389193217
AXT1POST,anomalydino,2,file_brain_AXT1POST_200_6002188,6,1,0.2969086766242981
AXT1POST,anomalydino,2,file_brain_AXT1POST_200_6002188,7,1,0.29713910818099976
AXT1POST,anomalydino,2,file_brain_AXT1POST_200_6002188,8,1,0.2633700172106425
AXT1POST,anomalydino,2,file_brain_AXT1POST_200_6002188,9,1,0.30123742421468097
AXT1POST,anomalydino,2,file_brain_AXT1POST_200_6002188,10,1,0.3182275891304016
AXT1POST,anomalydino,2,file_brain_AXT1POST_200_6002188,11,1,0.30080946286519367
AXT1POST,anomalydino,2,file_brain_AXT1POST_200_6002188,12,1,0.29731043179829914
AXT1POST,anomalydino,2,file_brain_AXT1POST_200_6002188,13,1,0.32519034544626874
AXT1POST,anomalydino,2,file_brain_AXT1POST_200_6002188,14,1,0.3591776688893636
AXT1POST,anomalydino,2,file_brain_AXT1POST_200_6002337,0,1,0.3497103850046794
AXT1POST,anomalydino,2,file_brain_AXT1POST_200_6002337,1,1,0.3849976857503255
AXT1POST,anomalydino,2,file_brain_AXT1POST_200_6002337,2,1,0.43959593772888184
AXT1POST,anomalydino,2,file_brain_AXT1POST_200_6002337,3,1,0.2844672401746114
AXT1POST,anomalydino,2,file_brain_AXT1POST_200_6002337,4,1,0.24957382678985596
AXT1POST,anomalydino,2,file_brain_AXT1POST_201_6002735,0,1,0.3965309063593547
AXT1POST,anomalydino,2,file_brain_AXT1POST_201_6002735,1,1,0.4727032979329427
AXT1POST,anomalydino,2,file_brain_AXT1POST_201_6002735,2,1,0.4633697271347046
AXT1POST,anomalydino,2,file_brain_AXT1POST_201_6002735,3,1,0.336963415145874
AXT1POST,anomalydino,2,file_brain_AXT1POST_201_6002735,4,1,0.30901865164438885
AXT1POST,anomalydino,2,file_brain_AXT1POST_201_6002735,5,1,0.2805805802345276
AXT1POST,anomalydino,2,file_brain_AXT1POST_201_6002735,6,1,0.28581953048706055
AXT1POST,anomalydino,2,file_brain_AXT1POST_201_6002735,7,1,0.271062692006429
AXT1POST,anomalydino,2,file_brain_AXT1POST_201_6002735,8,1,0.25467753410339355
AXT1POST,anomalydino,2,file_brain_AXT1POST_201_6002735,9,1,0.28399719794591266
AXT1POST,anomalydino,2,file_brain_AXT1POST_201_6002735,10,1,0.30632023016611737
AXT1POST,anomalydino,2,file_brain_AXT1POST_201_6002735,11,1,0.21517757574717203
AXT1POST,anomalydino,2,file_brain_AXT1POST_200_6002089,4,1,0.2848780155181885
AXT1POST,anomalydino,2,file_brain_AXT1POST_200_6002089,5,1,0.2832326491673787
AXT1POST,anomalydino,2,file_brain_AXT1POST_200_6002089,6,1,0.3016282121340434
AXT1POST,anomalydino,2,file_brain_AXT1POST_200_6002089,7,1,0.26777629057566327
AXT1POST,anomalydino,2,file_brain_AXT1POST_200_6002089,8,1,0.2504084308942159
AXT1POST,anomalydino,2,file_brain_AXT1POST_200_6002089,9,1,0.3156734108924866
AXT1POST,anomalydino,2,file_brain_AXT1POST_200_6002089,10,1,0.41353432337443036
AXT1POST,anomalydino,2,file_brain_AXT1POST_200_6002089,11,1,0.44378336270650226
AXT1POST,anomalydino,2,file_brain_AXT1POST_200_6002089,12,1,0.4344339370727539
AXT1POST,anomalydino,2,file_brain_AXT1POST_200_6002089,13,1,0.44030527273813885
AXT1POST,anomalydino,2,file_brain_AXT1POST_200_6002089,14,1,0.547823945681254
AXT1POST,anomalydino,2,file_brain_AXT1POST_200_6002089,15,1,0.5366262992223104
AXT1POST,anomalydino,2,file_brain_AXT1POST_200_6002065,0,1,0.5269674857457479
AXT1POST,anomalydino,2,file_brain_AXT1POST_200_6002065,1,1,0.4749726851781209
AXT1POST,anomalydino,2,file_brain_AXT1POST_200_6002065,2,1,0.3866172234217326
AXT1POST,anomalydino,2,file_brain_AXT1POST_200_6002065,3,1,0.36719854672749835
AXT1POST,anomalydino,2,file_brain_AXT1POST_200_6002065,4,1,0.3424340883890788
AXT1POST,anomalydino,2,file_brain_AXT1POST_200_6002065,5,1,0.30102535088857013
AXT1POST,anomalydino,2,file_brain_AXT1POST_200_6002065,10,1,0.27095240354537964
AXT1POST,anomalydino,2,file_brain_AXT1POST_200_6002396,0,1,0.3828434149424235
AXT1POST,anomalydino,3,file_brain_AXT1POST_207_2070010,8,0,0.21577447652816772
AXT1POST,anomalydino,3,file_brain_AXT1POST_208_2080493,5,0,0.20469176769256592
AXT1POST,anomalydino,3,file_brain_AXT1POST_201_6002795,10,0,0.20136141777038574
AXT1POST,anomalydino,3,file_brain_AXT1POST_207_2070214,6,0,0.31591421365737915
AXT1POST,anomalydino,3,file_brain_AXT1POST_208_2080275,5,0,0.16284650564193726
AXT1POST,anomalydino,3,file_brain_AXT1POST_201_6002760,10,0,0.22063428163528442
AXT1POST,anomalydino,3,file_brain_AXT1POST_201_6002778,7,0,0.22388394673665366
AXT1POST,anomalydino,3,file_brain_AXT1POST_207_2070418,12,0,0.24433308839797974
AXT1POST,anomalydino,3,file_brain_AXT1POST_200_6002259,8,0,0.2016181747118632
AXT1POST,anomalydino,3,file_brain_AXT1POST_207_2070251,10,0,0.24764476219813028
AXT1POST,anomalydino,3,file_brain_AXT1POST_203_6000877,5,0,0.22372921307881674
AXT1POST,anomalydino,3,file_brain_AXT1POST_200_6002337,5,0,0.21797088781992593
AXT1POST,anomalydino,3,file_brain_AXT1POST_202_6000417,9,0,0.2439819574356079
AXT1POST,anomalydino,3,file_brain_AXT1POST_203_6000712,6,0,0.22445728381474814
AXT1POST,anomalydino,3,file_brain_AXT1POST_208_2080244,8,0,0.2310895323753357
AXT1POST,anomalydino,3,file_brain_AXT1POST_210_6001735,5,0,0.257010539372762
AXT1POST,anomalydino,3,file_brain_AXT1POST_201_6002920,8,0,0.3195774555206299
AXT1POST,anomalydino,3,file_brain_AXT1POST_205_2050255,6,0,0.16317240397135416
AXT1POST,anomalydino,3,file_brain_AXT1POST_207_2070450,7,0,0.19433794418970743
AXT1POST,anomalydino,3,file_brain_AXT1POST_210_6001790,8,0,0.2766389052073161
AXT1POST,anomalydino,3,file_brain_AXT1POST_209_6001234,12,0,0.32106802860895794
AXT1POST,anomalydino,3,file_brain_AXT1POST_208_2080392,12,0,0.24674606323242188
AXT1POST,anomalydino,3,file_brain_AXT1POST_210_6001699,5,0,0.200905442237854
AXT1POST,anomalydino,3,file_brain_AXT1POST_208_2080393,4,0,0.18754086891810098
AXT1POST,anomalydino,3,file_brain_AXT1POST_200_6002396,11,0,0.20005019505818686
AXT1POST,anomalydino,3,file_brain_AXT1POST_207_2070804,10,0,0.32021190722783405
AXT1POST,anomalydino,3,file_brain_AXT1POST_202_6000269,7,0,0.30777764320373535
AXT1POST,anomalydino,3,file_brain_AXT1POST_207_2070809,7,0,0.21109445889790854
AXT1POST,anomalydino,3,file_brain_AXT1POST_207_2070095,4,0,0.1856208642323812
AXT1POST,anomalydino,3,file_brain_AXT1POST_210_6001787,11,0,0.25443118810653687
AXT1POST,anomalydino,3,file_brain_AXT1POST_207_2070765,4,0,0.36917181809743244
AXT1POST,anomalydino,3,file_brain_AXT1POST_207_2070095,11,0,0.30562134583791095
AXT1POST,anomalydino,3,file_brain_AXT1POST_207_2070651,11,0,0.2311599055926005
AXT1POST,anomalydino,3,file_brain_AXT1POST_208_2080422,12,0,0.21442540486653647
AXT1POST,anomalydino,3,file_brain_AXT1POST_203_6000760,9,0,0.29969191551208496
AXT1POST,anomalydino,3,file_brain_AXT1POST_201_6002814,6,0,0.22824418544769287
AXT1POST,anomalydino,3,file_brain_AXT1POST_202_6000417,4,0,0.29604069391886395
AXT1POST,anomalydino,3,file_brain_AXT1POST_207_2070259,5,0,0.19124831755956015
AXT1POST,anomalydino,3,file_brain_AXT1POST_208_2080244,5,0,0.25085294246673584
AXT1POST,anomalydino,3,file_brain_AXT1POST_203_6000877,11,0,0.2712184190750122
AXT1POST,anomalydino,3,file_brain_AXT1POST_200_6001996,9,0,0.21220187346140543
AXT1POST,anomalydino,3,file_brain_AXT1POST_210_6001735,4,0,0.21937890847524008
AXT1POST,anomalydino,3,file_brain_AXT1POST_208_2080624,6,0,0.20086936155954996
AXT1POST,anomalydino,3,file_brain_AXT1POST_205_2050146,5,0,0.20401974519093832
AXT1POST,anomalydino,3,file_brain_AXT1POST_203_6000877,6,0,0.19538201888402304
AXT1POST,anomalydino,3,file_brain_AXT1POST_201_6002795,12,0,0.26242146889368695
AXT1POST,anomalydino,3,file_brain_AXT1POST_208_2080469,6,0,0.38009941577911377
AXT1POST,anomalydino,3,file_brain_AXT1POST_210_6001797,5,0,0.2391032576560974
AXT1POST,anomalydino,3,file_brain_AXT1POST_208_2080576,8,0,0.19653497139612833
AXT1POST,anomalydino,3,file_brain_AXT1POST_205_6000148,6,0,0.17549089590708414
AXT1POST,anomalydino,3,file_brain_AXT1POST_207_2070095,10,0,0.19323535760243735
AXT1POST,anomalydino,3,file_brain_AXT1POST_201_6002731,10,0,0.21888166666030884
AXT1POST,anomalydino,3,file_brain_AXT1POST_207_2070083,4,0,0.21853591998418173
AXT1POST,anomalydino,3,file_brain_AXT1POST_208_2080704,4,0,0.23285531997680664
AXT1POST,anomalydino,3,file_brain_AXT1POST_205_6000180,5,0,0.1716763973236084
AXT1POST,anomalydino,3,file_brain_AXT1POST_201_6002920,6,0,0.2539895574251811
AXT1POST,anomalydino,3,file_brain_AXT1POST_209_6001417,11,0,0.2640633185704549
AXT1POST,anomalydino,3,file_brain_AXT1POST_203_6000774,4,0,0.22856130202611288
AXT1POST,anomalydino,3,file_brain_AXT1POST_209_6001234,6,0,0.19165857632954916
AXT1POST,anomalydino,3,file_brain_AXT1POST_208_2080154,9,0,0.18477163712183634
AXT1POST,anomalydino,3,file_brain_AXT1POST_207_2070147,10,0,0.30144405364990234
AXT1POST,anomalydino,3,file_brain_AXT1POST_205_2050102,9,0,0.21079556147257486
AXT1POST,anomalydino,3,file_brain_AXT1POST_209_6001264,7,0,0.1614856719970703
AXT1POST,anomalydino,3,file_brain_AXT1POST_207_2070034,7,0,0.17477333545684814
AXT1POST,anomalydino,3,file_brain_AXT1POST_209_6001458,10,0,0.2349055608113607
AXT1POST,anomalydino,3,file_brain_AXT1POST_206_6000235,10,0,0.262565811475118
AXT1POST,anomalydino,3,file_brain_AXT1POST_208_2080213,5,0,0.24609917402267456
AXT1POST,anomalydino,3,file_brain_AXT1POST_200_6002396,9,0,0.19126363595326742
AXT1POST,anomalydino,3,file_brain_AXT1POST_200_6002305,4,0,0.2273382544517517
AXT1POST,anomalydino,3,file_brain_AXT1POST_207_2070651,12,0,0.28799009323120117
AXT1POST,anomalydino,3,file_brain_AXT1POST_205_2050148,10,0,0.2163079778353373
AXT1POST,anomalydino,3,file_brain_AXT1POST_208_2080469,4,0,0.2926828662554423
AXT1POST,anomalydino,3,file_brain_AXT1POST_207_2070635,10,0,0.18544834852218628
AXT1POST,anomalydino,3,file_brain_AXT1POST_207_2070133,8,0,0.20209316412607828
AXT1POST,anomalydino,3,file_brain_AXT1POST_203_6000661,12,0,0.2941400607426961
AXT1POST,anomalydino,3,file_brain_AXT1POST_203_6000760,6,0,0.26840996742248535
AXT1POST,anomalydino,3,file_brain_AXT1POST_200_6002337,8,0,0.2005334496498108
AXT1POST,anomalydino,3,file_brain_AXT1POST_208_2080393,12,0,0.3420726458231608
AXT1POST,anomalydino,3,file_brain_AXT1POST_207_2070123,7,0,0.2111276388168335
AXT1POST,anomalydino,3,file_brain_AXT1POST_201_6002772,8,0,0.24977300564448038
AXT1POST,anomalydino,3,file_brain_AXT1POST_207_2070804,9,0,0.2627975344657898
AXT1POST,anomalydino,3,file_brain_AXT1POST_208_2080469,12,0,0.29293278853098553
AXT1POST,anomalydino,3,file_brain_AXT1POST_208_2080275,7,0,0.16537300745646158
AXT1POST,anomalydino,3,file_brain_AXT1POST_209_6001264,4,0,0.23119968175888062
AXT1POST,anomalydino,3,file_brain_AXT1POST_209_6001064,5,0,0.26085346937179565
AXT1POST,anomalydino,3,file_brain_AXT1POST_201_6002920,4,0,0.2583614190419515
AXT1POST,anomalydino,3,file_brain_AXT1POST_210_6001787,7,0,0.21434173981348673
AXT1POST,anomalydino,3,file_brain_AXT1POST_203_6000661,4,0,0.250688115755717
AXT1POST,anomalydino,3,file_brain_AXT1POST_203_6000712,10,0,0.26494630177815753
AXT1POST,anomalydino,3,file_brain_AXT1POST_210_6001797,4,0,0.24060670534769693
AXT1POST,anomalydino,3,file_brain_AXT1POST_208_2080504,5,0,0.1597123940785726
AXT1POST,anomalydino,3,file_brain_AXT1POST_208_2080421,4,0,0.26939690113067627
AXT1POST,anomalydino,3,file_brain_AXT1POST_209_6001458,4,0,0.21598505973815918
AXT1POST,anomalydino,3,file_brain_AXT1POST_207_2070133,6,0,0.3078724940617879
AXT1POST,anomalydino,3,file_brain_AXT1POST_208_2080240,10,0,0.27336225907007855
AXT1POST,anomalydino,3,file_brain_AXT1POST_208_2080493,9,0,0.18901135524113974
AXT1POST,anomalydino,3,file_brain_AXT1POST_205_6000035,8,0,0.20529399315516153
AXT1POST,anomalydino,3,file_brain_AXT1POST_208_2080393,7,0,0.19129294157028198
AXT1POST,anomalydino,3,file_brain_AXT1POST_200_6002046,9,0,0.1959106127421061
AXT1POST,anomalydino,3,file_brain_AXT1POST_206_6000235,8,0,0.2315047780672709
AXT1POST,anomalydino,3,file_brain_AXT1POST_205_2050189,8,0,0.17354071140289307
AXT1POST,anomalydino,3,file_brain_AXT1POST_210_6001771,11,0,0.331623375415802
AXT1POST,anomalydino,3,file_brain_AXT1POST_208_2120069,4,0,0.2372348109881083
AXT1POST,anomalydino,3,file_brain_AXT1POST_201_6002862,11,0,0.29663751522699994
AXT1POST,anomalydino,3,file_brain_AXT1POST_209_6001236,9,0,0.20376636584599814
AXT1POST,anomalydino,3,file_brain_AXT1POST_200_6002349,12,0,0.27782464027404785
AXT1POST,anomalydino,3,file_brain_AXT1POST_208_2080075,5,0,0.22654209534327188
AXT1POST,anomalydino,3,file_brain_AXT1POST_210_6001735,9,0,0.23353636264801025
AXT1POST,anomalydino,3,file_brain_AXT1POST_209_6001109,6,0,0.16626226902008057
AXT1POST,anomalydino,3,file_brain_AXT1POST_203_6000869,8,0,0.22941873470942178
AXT1POST,anomalydino,3,file_brain_AXT1POST_207_2070259,4,0,0.23098655541737875
AXT1POST,anomalydino,3,file_brain_AXT1POST_203_6000712,9,0,0.2531109054883321
AXT1POST,anomalydino,3,file_brain_AXT1POST_207_2070095,6,0,0.17890461285909018
AXT1POST,anomalydino,3,file_brain_AXT1POST_200_6002413,11,0,0.215946892897288
AXT1POST,anomalydino,3,file_brain_AXT1POST_208_2080392,10,0,0.22522254784901938
AXT1POST,anomalydino,3,file_brain_AXT1POST_203_6000661,5,0,0.2420992652575175
AXT1POST,anomalydino,3,file_brain_AXT1POST_209_6001236,7,0,0.20285137494405112
AXT1POST,anomalydino,3,file_brain_AXT1POST_207_2070809,10,0,0.1795055866241455
AXT1POST,anomalydino,3,file_brain_AXT1POST_207_2070214,9,0,0.18117664257685342
AXT1POST,anomalydino,3,file_brain_AXT1POST_208_2080704,10,0,0.28822892904281616
AXT1POST,anomalydino,3,file_brain_AXT1POST_201_6002673,7,0,0.22348670164744058
AXT1POST,anomalydino,3,file_brain_AXT1POST_203_6000657,4,0,0.18537582953770956
AXT1POST,anomalydino,3,file_brain_AXT1POST_207_2070242,5,0,0.22996852795283
AXT1POST,anomalydino,3,file_brain_AXT1POST_208_2080493,11,0,0.20449368158976236
AXT1POST,anomalydino,3,file_brain_AXT1POST_209_6001458,6,0,0.16945924361546835
AXT1POST,anomalydino,3,file_brain_AXT1POST_208_2080421,6,0,0.22938205798467
AXT1POST,anomalydino,3,file_brain_AXT1POST_201_6002668,6,0,0.21516923109690347
AXT1POST,anomalydino,3,file_brain_AXT1POST_200_6002349,4,0,0.20112212498982748
AXT1POST,anomalydino,3,file_brain_AXT1POST_200_6002305,10,0,0.23885134855906168
AXT1POST,anomalydino,3,file_brain_AXT1POST_207_2070651,6,0,0.27641568581263226
AXT1POST,anomalydino,3,file_brain_AXT1POST_201_6002778,12,0,0.26349665721257526
AXT1POST,anomalydino,3,file_brain_AXT1POST_200_6002349,11,0,0.287259578704834
AXT1POST,anomalydino,3,file_brain_AXT1POST_208_2080576,10,0,0.3061583638191223
AXT1POST,anomalydino,3,file_brain_AXT1POST_207_2070765,8,0,0.2062066396077474
AXT1POST,anomalydino,3,file_brain_AXT1POST_207_2070083,9,0,0.22756884495417276
AXT1POST,anomalydino,3,file_brain_AXT1POST_207_2070547,10,0,0.22569280862808228
AXT1POST,anomalydino,3,file_brain_AXT1POST_207_2070490,7,0,0.21598142385482788
AXT1POST,anomalydino,3,file_brain_AXT1POST_207_2070553,4,0,0.2073442538579305
AXT1POST,anomalydino,3,file_brain_AXT1POST_200_6002033,8,0,0.19230206807454428
AXT1POST,anomalydino,3,file_brain_AXT1POST_208_2080345,8,0,0.1924923857053121
AXT1POST,anomalydino,3,file_brain_AXT1POST_209_6001320,7,0,0.1837234099706014
AXT1POST,anomalydino,3,file_brain_AXT1POST_207_2070357,4,0,0.2234816551208496
AXT1POST,anomalydino,3,file_brain_AXT1POST_210_6001735,10,0,0.2838668425877889
AXT1POST,anomalydino,3,file_brain_AXT1POST_207_2070127,7,0,0.24524261554082236
AXT1POST,anomalydino,3,file_brain_AXT1POST_205_6000035,5,0,0.19212671120961508
AXT1POST,anomalydino,3,file_brain_AXT1POST_202_6000269,5,0,0.47434993584950763
AXT1POST,anomalydino,3,file_brain_AXT1POST_200_6002396,4,0,0.18546895186106363
AXT1POST,anomalydino,3,file_brain_AXT1POST_200_6002392,10,0,0.23595952987670898
AXT1POST,anomalydino,3,file_brain_AXT1POST_208_2080576,12,0,0.276449720064799
AXT1POST,anomalydino,3,file_brain_AXT1POST_201_6002731,4,0,0.2966072956720988
AXT1POST,anomalydino,3,file_brain_AXT1POST_207_2070651,7,0,0.22371711333592734
AXT1POST,anomalydino,3,file_brain_AXT1POST_207_2070327,9,0,0.21716650327046713
AXT1POST,anomalydino,3,file_brain_AXT1POST_207_2070327,8,0,0.19857356945673624
AXT1POST,anomalydino,3,file_brain_AXT1POST_205_6000035,4,0,0.20246885220209757
AXT1POST,anomalydino,3,file_brain_AXT1POST_210_6001771,8,0,0.2430257797241211
AXT1POST,anomalydino,3,file_brain_AXT1POST_205_2050259,4,0,0.22735671202341715
AXT1POST,anomalydino,3,file_brain_AXT1POST_200_6002259,5,0,0.20049544175465903
AXT1POST,anomalydino,3,file_brain_AXT1POST_207_2070251,11,0,0.2414450248082479
AXT1POST,anomalydino,3,file_brain_AXT1POST_210_6001787,4,0,0.20810802777608237
AXT1POST,anomalydino,3,file_brain_AXT1POST_203_6000861,5,0,0.3071228861808777
AXT1POST,anomalydino,3,file_brain_AXT1POST_207_2070259,6,0,0.19382115205128989
AXT1POST,anomalydino,3,file_brain_AXT1POST_208_2080352,5,0,0.2530563275019328
AXT1POST,anomalydino,3,file_brain_AXT1POST_208_2080477,4,0,0.2025699814160665
AXT1POST,anomalydino,3,file_brain_AXT1POST_208_2080422,5,0,0.24587891499201456
AXT1POST,anomalydino,3,file_brain_AXT1POST_202_6000302,9,0,0.2452053427696228
AXT1POST,anomalydino,3,file_brain_AXT1POST_207_2070365,10,0,0.29735185702641803
AXT1POST,anomalydino,3,file_brain_AXT1POST_200_6002340,4,0,0.21768059333165488
AXT1POST,anomalydino,3,file_brain_AXT1POST_208_2080075,4,0,0.27761069933573407
AXT1POST,anomalydino,3,file_brain_AXT1POST_203_6000869,4,0,0.20655020078023276
AXT1POST,anomalydino,3,file_brain_AXT1POST_207_2070479,4,0,0.29722219705581665
AXT1POST,anomalydino,3,file_brain_AXT1POST_209_6001250,5,0,0.20253288745880127
AXT1POST,anomalydino,3,file_brain_AXT1POST_207_2070009,12,0,0.24279038111368814
AXT1POST,anomalydino,3,file_brain_AXT1POST_205_2050148,5,0,0.17831875880559286
AXT1POST,anomalydino,3,file_brain_AXT1POST_203_6000597,7,0,0.2031219800313314
AXT1POST,anomalydino,3,file_brain_AXT1POST_202_6000281,10,0,0.3484753767649333
AXT1POST,anomalydino,3,file_brain_AXT1POST_203_6000827,10,0,0.2793164054552714
AXT1POST,anomalydino,3,file_brain_AXT1POST_207_2070547,11,0,0.20732792218526205
AXT1POST,anomalydino,3,file_brain_AXT1POST_209_6001458,7,0,0.16471832990646362
AXT1POST,anomalydino,3,file_brain_AXT1POST_210_6001645,6,0,0.2079717516899109
AXT1POST,anomalydino,3,file_brain_AXT1POST_207_2070099,12,0,0.24900364875793457
AXT1POST,anomalydino,3,file_brain_AXT1POST_207_2070241,11,0,0.23797335227330527
AXT1POST,anomalydino,3,file_brain_AXT1POST_207_2070786,7,0,0.20515159765879312
AXT1POST,anomalydino,3,file_brain_AXT1POST_208_2080493,8,0,0.20747727155685425
AXT1POST,anomalydino,3,file_brain_AXT1POST_208_2080082,7,0,0.19758490721384683
AXT1POST,anomalydino,3,file_brain_AXT1POST_207_2070479,7,0,0.25172098477681476
AXT1POST,anomalydino,3,file_brain_AXT1POST_210_6001735,12,0,0.31058603525161743
AXT1POST,anomalydino,3,file_brain_AXT1POST_202_6000341,5,0,0.23852701981862387
AXT1POST,anomalydino,3,file_brain_AXT1POST_203_6000657,10,0,0.21886964639027914
AXT1POST,anomalydino,3,file_brain_AXT1POST_208_2080082,6,0,0.21310009558995566
AXT1POST,anomalydino,3,file_brain_AXT1POST_205_2050189,6,0,0.22041294972101846
AXT1POST,anomalydino,3,file_brain_AXT1POST_208_2080082,9,0,0.23122870922088623
AXT1POST,anomalydino,3,file_brain_AXT1POST_207_2070357,8,0,0.2849181294441223
AXT1POST,anomalydino,3,file_brain_AXT1POST_207_2070009,8,0,0.18826947609583536
AXT1POST,anomalydino,3,file_brain_AXT1POST_203_6000774,5,0,0.2580602169036865
AXT1POST,anomalydino,3,file_brain_AXT1POST_203_6000597,11,0,0.18420875072479248
AXT1POST,anomalydino,3,file_brain_AXT1POST_207_2070786,6,0,0.2117874026298523
AXT1POST,anomalydino,3,file_brain_AXT1POST_203_6000597,10,0,0.17683337132136026
AXT1POST,anomalydino,3,file_brain_AXT1POST_203_6000877,9,0,0.2542940378189087
AXT1POST,anomalydino,3,file_brain_AXT1POST_203_6000657,12,0,0.2991023659706116
AXT1POST,anomalydino,3,file_brain_AXT1POST_208_2080352,10,0,0.2471564213434855
AXT1POST,anomalydino,3,file_brain_AXT1POST_207_2070354,6,0,0.18189231554667154
AXT1POST,anomalydino,3,file_brain_AXT1POST_201_6002920,12,0,0.26656587918599445
AXT1POST,anomalydino,3,file_brain_AXT1POST_208_2080304,10,0,0.2612335681915283
AXT1POST,anomalydino,3,file_brain_AXT1POST_209_6001320,10,0,0.2999834418296814
AXT1POST,anomalydino,3,file_brain_AXT1POST_207_2070009,5,0,0.163577934106191
AXT1POST,anomalydino,3,file_brain_AXT1POST_207_2070034,6,0,0.17329196135203043
AXT1POST,anomalydino,3,file_brain_AXT1POST_205_2050102,5,0,0.1950023571650187
AXT1POST,anomalydino,3,file_brain_AXT1POST_207_2070490,5,0,0.1748514175415039
AXT1POST,anomalydino,3,file_brain_AXT1POST_208_2080208,7,0,0.22041980425516763
AXT1POST,anomalydino,3,file_brain_AXT1POST_205_2050102,7,0,0.20524471998214722
AXT1POST,anomalydino,3,file_brain_AXT1POST_205_2050102,4,0,0.2022857666015625
AXT1POST,anomalydino,3,file_brain_AXT1POST_203_6000827,4,0,0.2090648611386617
AXT1POST,anomalydino,3,file_brain_AXT1POST_207_2070809,6,0,0.17140708367029825
AXT1POST,anomalydino,3,file_brain_AXT1POST_200_6002340,6,0,0.18819916248321533
AXT1POST,anomalydino,3,file_brain_AXT1POST_207_2070479,10,0,0.24470657110214233
AXT1POST,anomalydino,3,file_brain_AXT1POST_201_6002862,6,0,0.26939576864242554
AXT1POST,anomalydino,3,file_brain_AXT1POST_203_6000760,8,0,0.271353820959727
AXT1POST,anomalydino,3,file_brain_AXT1POST_207_2070251,7,0,0.1887464721997579
AXT1POST,anomalydino,3,file_brain_AXT1POST_208_2080062,10,0,0.2355188528696696
AXT1POST,anomalydino,3,file_brain_AXT1POST_207_2070786,11,0,0.19903290271759033
AXT1POST,anomalydino,3,file_brain_AXT1POST_200_6001996,12,0,0.2661391695340474
AXT1POST,anomalydino,3,file_brain_AXT1POST_209_6001109,8,0,0.1805224617322286
AXT1POST,anomalydino,3,file_brain_AXT1POST_205_2050159,9,0,0.21261823177337646
AXT1POST,anomalydino,3,file_brain_AXT1POST_203_6000760,5,0,0.2088169058163961
AXT1POST,anomalydino,3,file_brain_AXT1POST_208_2080075,9,0,0.22713991006215414
AXT1POST,anomalydino,3,file_brain_AXT1POST_200_6002305,12,0,0.3722697893778483
AXT1POST,anomalydino,3,file_brain_AXT1POST_200_6002340,7,0,0.20605820417404175
AXT1POST,anomalydino,3,file_brain_AXT1POST_203_6000848,8,0,0.22855742772420248
AXT1POST,anomalydino,3,file_brain_AXT1POST_208_2080345,12,0,0.25286293029785156
AXT1POST,anomalydino,3,file_brain_AXT1POST_201_6002749,10,0,0.2648002703984578
AXT1POST,anomalydino,3,file_brain_AXT1POST_200_6001959,5,0,0.2625826994578044
AXT1POST,anomalydino,3,file_brain_AXT1POST_208_2080477,8,0,0.25233209133148193
AXT1POST,anomalydino,3,file_brain_AXT1POST_208_2080383,6,0,0.21058213710784912
AXT1POST,anomalydino,3,file_brain_AXT1POST_201_6002707,7,0,0.28905781110127765
AXT1POST,anomalydino,3,file_brain_AXT1POST_203_6000861,4,0,0.28730565309524536
AXT1POST,anomalydino,3,file_brain_AXT1POST_209_6001109,7,0,0.23539847135543823
AXT1POST,anomalydino,3,file_brain_AXT1POST_203_6000760,4,0,0.2633984684944153
AXT1POST,anomalydino,3,file_brain_AXT1POST_208_2080154,6,0,0.19446241855621338
AXT1POST,anomalydino,3,file_brain_AXT1POST_201_6002749,6,0,0.21577117840449014
AXT1POST,anomalydino,3,file_brain_AXT1POST_203_6000597,5,0,0.3103482723236084
AXT1POST,anomalydino,3,file_brain_AXT1POST_203_6000848,12,0,0.45760178565979004
AXT1POST,anomalydino,3,file_brain_AXT1POST_207_2070809,12,0,0.33175979057947796
AXT1POST,anomalydino,3,file_brain_AXT1POST_208_2120069,8,0,0.20332237084706625
AXT1POST,anomalydino,3,file_brain_AXT1POST_205_2050189,7,0,0.2648922602335612
AXT1POST,anomalydino,3,file_brain_AXT1POST_200_6002337,12,0,0.2887403170267741
AXT1POST,anomalydino,3,file_brain_AXT1POST_207_2070251,12,0,0.32118743658065796
AXT1POST,anomalydino,3,file_brain_AXT1POST_207_2070635,6,0,0.1792862812678019
AXT1POST,anomalydino,3,file_brain_AXT1POST_201_6002680,5,0,0.22294634580612183
AXT1POST,anomalydino,3,file_brain_AXT1POST_208_2080213,7,0,0.18288874626159668
AXT1POST,anomalydino,3,file_brain_AXT1POST_208_2080576,9,0,0.22797652085622153
AXT1POST,anomalydino,3,file_brain_AXT1POST_208_2080275,6,0,0.16618887583414713
AXT1POST,anomalydino,3,file_brain_AXT1POST_208_2080213,6,0,0.18094658851623535
AXT1POST,anomalydino,3,file_brain_AXT1POST_208_2080213,12,0,0.36852431297302246
AXT1POST,anomalydino,3,file_brain_AXT1POST_201_6002673,4,0,0.2370527187983195
AXT1POST,anomalydino,3,file_brain_AXT1POST_210_6001771,4,0,0.2078316609064738
AXT1POST,anomalydino,3,file_brain_AXT1POST_207_2070251,9,0,0.20343881845474243
AXT1POST,anomalydino,3,file_brain_AXT1POST_201_6002703,0,1,0.4676794608434041
AXT1POST,anomalydino,3,file_brain_AXT1POST_201_6002703,1,1,0.3380836645762126
AXT1POST,anomalydino,3,file_brain_AXT1POST_201_6002703,2,1,0.2744924823443095
AXT1POST,anomalydino,3,file_brain_AXT1POST_201_6002703,3,1,0.2828715443611145
AXT1POST,anomalydino,3,file_brain_AXT1POST_201_6002703,4,1,0.23161747058232626
AXT1POST,anomalydino,3,file_brain_AXT1POST_201_6002703,5,1,0.23908460140228271
AXT1POST,anomalydino,3,file_brain_AXT1POST_201_6002703,6,1,0.27247758706410724
AXT1POST,anomalydino,3,file_brain_AXT1POST_201_6002703,7,1,0.26300960779190063
AXT1POST,anomalydino,3,file_brain_AXT1POST_201_6002703,8,1,0.2591533064842224
AXT1POST,anomalydino,3,file_brain_AXT1POST_201_6002703,9,1,0.280794620513916
AXT1POST,anomalydino,3,file_brain_AXT1POST_201_6002703,10,1,0.2338214119275411
AXT1POST,anomalydino,3,file_brain_AXT1POST_201_6002703,11,1,0.2635287046432495
AXT1POST,anomalydino,3,file_brain_AXT1POST_201_6002703,12,1,0.2803731362024943
AXT1POST,anomalydino,3,file_brain_AXT1POST_201_6002703,13,1,0.31730512777964276
AXT1POST,anomalydino,3,file_brain_AXT1POST_201_6002703,14,1,0.33443784713745117
AXT1POST,anomalydino,3,file_brain_AXT1POST_201_6002683,0,1,0.460040807723999
AXT1POST,anomalydino,3,file_brain_AXT1POST_201_6002683,1,1,0.46650763352711994
AXT1POST,anomalydino,3,file_brain_AXT1POST_201_6002683,2,1,0.4211772282918294
AXT1POST,anomalydino,3,file_brain_AXT1POST_201_6002683,3,1,0.39045119285583496
AXT1POST,anomalydino,3,file_brain_AXT1POST_201_6002683,4,1,0.4303850332895915
AXT1POST,anomalydino,3,file_brain_AXT1POST_201_6002683,5,1,0.44894957542419434
AXT1POST,anomalydino,3,file_brain_AXT1POST_201_6002683,6,1,0.4843318462371826
AXT1POST,anomalydino,3,file_brain_AXT1POST_201_6002683,7,1,0.432697852452596
AXT1POST,anomalydino,3,file_brain_AXT1POST_201_6002683,8,1,0.43337106704711914
AXT1POST,anomalydino,3,file_brain_AXT1POST_201_6002683,9,1,0.41493972142537433
AXT1POST,anomalydino,3,file_brain_AXT1POST_201_6002683,10,1,0.4546879132588704
AXT1POST,anomalydino,3,file_brain_AXT1POST_201_6002683,11,1,0.4672183195749919
AXT1POST,anomalydino,3,file_brain_AXT1POST_201_6002683,12,1,0.35300787289937335
AXT1POST,anomalydino,3,file_brain_AXT1POST_201_6002683,13,1,0.44106610616048175
AXT1POST,anomalydino,3,file_brain_AXT1POST_200_6002033,0,1,0.3566421667734782
AXT1POST,anomalydino,3,file_brain_AXT1POST_200_6002033,1,1,0.3057897885640462
AXT1POST,anomalydino,3,file_brain_AXT1POST_200_6002033,2,1,0.2507888873418172
AXT1POST,anomalydino,3,file_brain_AXT1POST_200_6002033,3,1,0.21091498931248984
AXT1POST,anomalydino,3,file_brain_AXT1POST_201_6002817,0,1,0.31924190123875934
AXT1POST,anomalydino,3,file_brain_AXT1POST_200_6002188,0,1,0.40190279483795166
AXT1POST,anomalydino,3,file_brain_AXT1POST_200_6002188,1,1,0.43113915125528973
AXT1POST,anomalydino,3,file_brain_AXT1POST_200_6002188,2,1,0.32370950778325397
AXT1POST,anomalydino,3,file_brain_AXT1POST_200_6002188,3,1,0.3130454619725545
AXT1POST,anomalydino,3,file_brain_AXT1POST_200_6002188,4,1,0.23795070250829062
AXT1POST,anomalydino,3,file_brain_AXT1POST_200_6002188,5,1,0.2716718117396037
AXT1POST,anomalydino,3,file_brain_AXT1POST_200_6002188,6,1,0.25572635730107623
AXT1POST,anomalydino,3,file_brain_AXT1POST_200_6002188,7,1,0.2689237991968791
AXT1POST,anomalydino,3,file_brain_AXT1POST_200_6002188,8,1,0.28261323769887287
AXT1POST,anomalydino,3,file_brain_AXT1POST_200_6002188,9,1,0.29318960507710773
AXT1POST,anomalydino,3,file_brain_AXT1POST_200_6002188,10,1,0.32593274116516113
AXT1POST,anomalydino,3,file_brain_AXT1POST_200_6002188,11,1,0.28431689739227295
AXT1POST,anomalydino,3,file_brain_AXT1POST_200_6002188,12,1,0.2822446823120117
AXT1POST,anomalydino,3,file_brain_AXT1POST_200_6002188,13,1,0.3360661268234253
AXT1POST,anomalydino,3,file_brain_AXT1POST_200_6002188,14,1,0.3711857795715332
AXT1POST,anomalydino,3,file_brain_AXT1POST_200_6002337,0,1,0.35544490814208984
AXT1POST,anomalydino,3,file_brain_AXT1POST_200_6002337,1,1,0.3660498857498169
AXT1POST,anomalydino,3,file_brain_AXT1POST_200_6002337,2,1,0.4231405258178711
AXT1POST,anomalydino,3,file_brain_AXT1POST_200_6002337,3,1,0.27632878224054974
AXT1POST,anomalydino,3,file_brain_AXT1POST_200_6002337,4,1,0.2653002937634786
AXT1POST,anomalydino,3,file_brain_AXT1POST_201_6002735,0,1,0.3965309063593547
AXT1POST,anomalydino,3,file_brain_AXT1POST_201_6002735,1,1,0.5056430498758951
AXT1POST,anomalydino,3,file_brain_AXT1POST_201_6002735,2,1,0.43312954902648926
AXT1POST,anomalydino,3,file_brain_AXT1POST_201_6002735,3,1,0.3384310801823934
AXT1POST,anomalydino,3,file_brain_AXT1POST_201_6002735,4,1,0.30065558354059857
AXT1POST,anomalydino,3,file_brain_AXT1POST_201_6002735,5,1,0.28629080454508465
AXT1POST,anomalydino,3,file_brain_AXT1POST_201_6002735,6,1,0.257288654645284
AXT1POST,anomalydino,3,file_brain_AXT1POST_201_6002735,7,1,0.2574046850204468
AXT1POST,anomalydino,3,file_brain_AXT1POST_201_6002735,8,1,0.2275522748629252
AXT1POST,anomalydino,3,file_brain_AXT1POST_201_6002735,9,1,0.25791696707407635
AXT1POST,anomalydino,3,file_brain_AXT1POST_201_6002735,10,1,0.2984941403071086
AXT1POST,anomalydino,3,file_brain_AXT1POST_201_6002735,11,1,0.20927180846532187
AXT1POST,anomalydino,3,file_brain_AXT1POST_200_6002089,4,1,0.2934887607892354
AXT1POST,anomalydino,3,file_brain_AXT1POST_200_6002089,5,1,0.31476134061813354
AXT1POST,anomalydino,3,file_brain_AXT1POST_200_6002089,6,1,0.3220254381497701
AXT1POST,anomalydino,3,file_brain_AXT1POST_200_6002089,7,1,0.26190416018168133
AXT1POST,anomalydino,3,file_brain_AXT1POST_200_6002089,8,1,0.26293788353602093
AXT1POST,anomalydino,3,file_brain_AXT1POST_200_6002089,9,1,0.31564857562383014
AXT1POST,anomalydino,3,file_brain_AXT1POST_200_6002089,10,1,0.4118640422821045
AXT1POST,anomalydino,3,file_brain_AXT1POST_200_6002089,11,1,0.4227161804835002
AXT1POST,anomalydino,3,file_brain_AXT1POST_200_6002089,12,1,0.4928799470265706
AXT1POST,anomalydino,3,file_brain_AXT1POST_200_6002089,13,1,0.4821220239003499
AXT1POST,anomalydino,3,file_brain_AXT1POST_200_6002089,14,1,0.5335796674092611
AXT1POST,anomalydino,3,file_brain_AXT1POST_200_6002089,15,1,0.5181905428568522
AXT1POST,anomalydino,3,file_brain_AXT1POST_200_6002065,0,1,0.48946396509806317
AXT1POST,anomalydino,3,file_brain_AXT1POST_200_6002065,1,1,0.4856741428375244
AXT1POST,anomalydino,3,file_brain_AXT1POST_200_6002065,2,1,0.37578392028808594
AXT1POST,anomalydino,3,file_brain_AXT1POST_200_6002065,3,1,0.338943084081014
AXT1POST,anomalydino,3,file_brain_AXT1POST_200_6002065,4,1,0.287092387676239
AXT1POST,anomalydino,3,file_brain_AXT1POST_200_6002065,5,1,0.2995297908782959
AXT1POST,anomalydino,3,file_brain_AXT1POST_200_6002065,10,1,0.2748061617215474
AXT1POST,anomalydino,3,file_brain_AXT1POST_200_6002396,0,1,0.37846024831136066
AXT1POST,anomalydino,4,file_brain_AXT1POST_207_2070010,8,0,0.1773676872253418
AXT1POST,anomalydino,4,file_brain_AXT1POST_208_2080493,5,0,0.20166611671447754
AXT1POST,anomalydino,4,file_brain_AXT1POST_201_6002795,10,0,0.2197978893915812
AXT1POST,anomalydino,4,file_brain_AXT1POST_207_2070214,6,0,0.3085276285807292
AXT1POST,anomalydino,4,file_brain_AXT1POST_208_2080275,5,0,0.13528571526209512
AXT1POST,anomalydino,4,file_brain_AXT1POST_201_6002760,10,0,0.22024301687876383
AXT1POST,anomalydino,4,file_brain_AXT1POST_201_6002778,7,0,0.23523283004760742
AXT1POST,anomalydino,4,file_brain_AXT1POST_207_2070418,12,0,0.2418608864148458
AXT1POST,anomalydino,4,file_brain_AXT1POST_200_6002259,8,0,0.19192200899124146
AXT1POST,anomalydino,4,file_brain_AXT1POST_207_2070251,10,0,0.2322582999865214
AXT1POST,anomalydino,4,file_brain_AXT1POST_203_6000877,5,0,0.21710354089736938
AXT1POST,anomalydino,4,file_brain_AXT1POST_200_6002337,5,0,0.19744068384170532
AXT1POST,anomalydino,4,file_brain_AXT1POST_202_6000417,9,0,0.2192858854929606
AXT1POST,anomalydino,4,file_brain_AXT1POST_203_6000712,6,0,0.20239365100860596
AXT1POST,anomalydino,4,file_brain_AXT1POST_208_2080244,8,0,0.23445858558019003
AXT1POST,anomalydino,4,file_brain_AXT1POST_210_6001735,5,0,0.24325722455978394
AXT1POST,anomalydino,4,file_brain_AXT1POST_201_6002920,8,0,0.3032162586847941
AXT1POST,anomalydino,4,file_brain_AXT1POST_205_2050255,6,0,0.15964281558990479
AXT1POST,anomalydino,4,file_brain_AXT1POST_207_2070450,7,0,0.19846665859222412
AXT1POST,anomalydino,4,file_brain_AXT1POST_210_6001790,8,0,0.3193589448928833
AXT1POST,anomalydino,4,file_brain_AXT1POST_209_6001234,12,0,0.3107898235321045
AXT1POST,anomalydino,4,file_brain_AXT1POST_208_2080392,12,0,0.2540171941121419
AXT1POST,anomalydino,4,file_brain_AXT1POST_210_6001699,5,0,0.1991200645764669
AXT1POST,anomalydino,4,file_brain_AXT1POST_208_2080393,4,0,0.18599126736323038
AXT1POST,anomalydino,4,file_brain_AXT1POST_200_6002396,11,0,0.20089320341746011
AXT1POST,anomalydino,4,file_brain_AXT1POST_207_2070804,10,0,0.3179254134496053
AXT1POST,anomalydino,4,file_brain_AXT1POST_202_6000269,7,0,0.31690247853597003
AXT1POST,anomalydino,4,file_brain_AXT1POST_207_2070809,7,0,0.21186882257461548
AXT1POST,anomalydino,4,file_brain_AXT1POST_207_2070095,4,0,0.18481922149658203
AXT1POST,anomalydino,4,file_brain_AXT1POST_210_6001787,11,0,0.25102853775024414
AXT1POST,anomalydino,4,file_brain_AXT1POST_207_2070765,4,0,0.3454430103302002
AXT1POST,anomalydino,4,file_brain_AXT1POST_207_2070095,11,0,0.306585689385732
AXT1POST,anomalydino,4,file_brain_AXT1POST_207_2070651,11,0,0.25399984916051227
AXT1POST,anomalydino,4,file_brain_AXT1POST_208_2080422,12,0,0.24175381660461426
AXT1POST,anomalydino,4,file_brain_AXT1POST_203_6000760,9,0,0.26822664340337116
AXT1POST,anomalydino,4,file_brain_AXT1POST_201_6002814,6,0,0.23190224170684814
AXT1POST,anomalydino,4,file_brain_AXT1POST_202_6000417,4,0,0.2933291991551717
AXT1POST,anomalydino,4,file_brain_AXT1POST_207_2070259,5,0,0.2123155196507772
AXT1POST,anomalydino,4,file_brain_AXT1POST_208_2080244,5,0,0.2579537630081177
AXT1POST,anomalydino,4,file_brain_AXT1POST_203_6000877,11,0,0.25228871901830036
AXT1POST,anomalydino,4,file_brain_AXT1POST_200_6001996,9,0,0.20621796449025473
AXT1POST,anomalydino,4,file_brain_AXT1POST_210_6001735,4,0,0.2143217126528422
AXT1POST,anomalydino,4,file_brain_AXT1POST_208_2080624,6,0,0.21554859479268393
AXT1POST,anomalydino,4,file_brain_AXT1POST_205_2050146,5,0,0.22075708707173666
AXT1POST,anomalydino,4,file_brain_AXT1POST_203_6000877,6,0,0.1757630705833435
AXT1POST,anomalydino,4,file_brain_AXT1POST_201_6002795,12,0,0.2589690883954366
AXT1POST,anomalydino,4,file_brain_AXT1POST_208_2080469,6,0,0.38176623980204266
AXT1POST,anomalydino,4,file_brain_AXT1POST_210_6001797,5,0,0.2289072871208191
AXT1POST,anomalydino,4,file_brain_AXT1POST_208_2080576,8,0,0.18939854701360068
AXT1POST,anomalydino,4,file_brain_AXT1POST_205_6000148,6,0,0.17290663719177246
AXT1POST,anomalydino,4,file_brain_AXT1POST_207_2070095,10,0,0.20905079444249472
AXT1POST,anomalydino,4,file_brain_AXT1POST_201_6002731,10,0,0.20578636725743613
AXT1POST,anomalydino,4,file_brain_AXT1POST_207_2070083,4,0,0.24358463287353516
AXT1POST,anomalydino,4,file_brain_AXT1POST_208_2080704,4,0,0.25313641627629596
AXT1POST,anomalydino,4,file_brain_AXT1POST_205_6000180,5,0,0.17829086383183798
AXT1POST,anomalydino,4,file_brain_AXT1POST_201_6002920,6,0,0.2697882453600566
AXT1POST,anomalydino,4,file_brain_AXT1POST_209_6001417,11,0,0.2802637616793315
AXT1POST,anomalydino,4,file_brain_AXT1POST_203_6000774,4,0,0.22984554370244345
AXT1POST,anomalydino,4,file_brain_AXT1POST_209_6001234,6,0,0.1934826374053955
AXT1POST,anomalydino,4,file_brain_AXT1POST_208_2080154,9,0,0.22284666697184244
AXT1POST,anomalydino,4,file_brain_AXT1POST_207_2070147,10,0,0.3094976345698039
AXT1POST,anomalydino,4,file_brain_AXT1POST_205_2050102,9,0,0.2101167639096578
AXT1POST,anomalydino,4,file_brain_AXT1POST_209_6001264,7,0,0.15674837430318198
AXT1POST,anomalydino,4,file_brain_AXT1POST_207_2070034,7,0,0.18061943848927817
AXT1POST,anomalydino,4,file_brain_AXT1POST_209_6001458,10,0,0.2613142728805542
AXT1POST,anomalydino,4,file_brain_AXT1POST_206_6000235,10,0,0.2787770827611287
AXT1POST,anomalydino,4,file_brain_AXT1POST_208_2080213,5,0,0.23596147696177164
AXT1POST,anomalydino,4,file_brain_AXT1POST_200_6002396,9,0,0.1735981305440267
AXT1POST,anomalydino,4,file_brain_AXT1POST_200_6002305,4,0,0.21445796887079874
AXT1POST,anomalydino,4,file_brain_AXT1POST_207_2070651,12,0,0.31034066279729206
AXT1POST,anomalydino,4,file_brain_AXT1POST_205_2050148,10,0,0.2021009922027588
AXT1POST,anomalydino,4,file_brain_AXT1POST_208_2080469,4,0,0.3070513606071472
AXT1POST,anomalydino,4,file_brain_AXT1POST_207_2070635,10,0,0.19940553108851114
AXT1POST,anomalydino,4,file_brain_AXT1POST_207_2070133,8,0,0.19553865989049277
AXT1POST,anomalydino,4,file_brain_AXT1POST_203_6000661,12,0,0.30117730299631756
AXT1POST,anomalydino,4,file_brain_AXT1POST_203_6000760,6,0,0.23971607287724814
AXT1POST,anomalydino,4,file_brain_AXT1POST_200_6002337,8,0,0.20813890298207602
AXT1POST,anomalydino,4,file_brain_AXT1POST_208_2080393,12,0,0.3433828353881836
AXT1POST,anomalydino,4,file_brain_AXT1POST_207_2070123,7,0,0.20828106005986533
AXT1POST,anomalydino,4,file_brain_AXT1POST_201_6002772,8,0,0.2398570974667867
AXT1POST,anomalydino,4,file_brain_AXT1POST_207_2070804,9,0,0.26667024691899616
AXT1POST,anomalydino,4,file_brain_AXT1POST_208_2080469,12,0,0.27182847261428833
AXT1POST,anomalydino,4,file_brain_AXT1POST_208_2080275,7,0,0.16576818625132242
AXT1POST,anomalydino,4,file_brain_AXT1POST_209_6001264,4,0,0.18113499879837036
AXT1POST,anomalydino,4,file_brain_AXT1POST_209_6001064,5,0,0.2516561945279439
AXT1POST,anomalydino,4,file_brain_AXT1POST_201_6002920,4,0,0.2633659243583679
AXT1POST,anomalydino,4,file_brain_AXT1POST_210_6001787,7,0,0.20729907353719076
AXT1POST,anomalydino,4,file_brain_AXT1POST_203_6000661,4,0,0.2550319234530131
AXT1POST,anomalydino,4,file_brain_AXT1POST_203_6000712,10,0,0.26892449458440143
AXT1POST,anomalydino,4,file_brain_AXT1POST_210_6001797,4,0,0.24304821093877158
AXT1POST,anomalydino,4,file_brain_AXT1POST_208_2080504,5,0,0.1874136527379354
AXT1POST,anomalydino,4,file_brain_AXT1POST_208_2080421,4,0,0.27229058742523193
AXT1POST,anomalydino,4,file_brain_AXT1POST_209_6001458,4,0,0.1997259259223938
AXT1POST,anomalydino,4,file_brain_AXT1POST_207_2070133,6,0,0.31125909090042114
AXT1POST,anomalydino,4,file_brain_AXT1POST_208_2080240,10,0,0.25698695580164593
AXT1POST,anomalydino,4,file_brain_AXT1POST_208_2080493,9,0,0.17448091506958008
AXT1POST,anomalydino,4,file_brain_AXT1POST_205_6000035,8,0,0.20761493841807047
AXT1POST,anomalydino,4,file_brain_AXT1POST_208_2080393,7,0,0.23759700854619345
AXT1POST,anomalydino,4,file_brain_AXT1POST_200_6002046,9,0,0.17995031674702963
AXT1POST,anomalydino,4,file_brain_AXT1POST_206_6000235,8,0,0.23227550586064658
AXT1POST,anomalydino,4,file_brain_AXT1POST_205_2050189,8,0,0.16349971294403076
AXT1POST,anomalydino,4,file_brain_AXT1POST_210_6001771,11,0,0.33394678433736164
AXT1POST,anomalydino,4,file_brain_AXT1POST_208_2120069,4,0,0.2006590167681376
AXT1POST,anomalydino,4,file_brain_AXT1POST_201_6002862,11,0,0.293637216091156
AXT1POST,anomalydino,4,file_brain_AXT1POST_209_6001236,9,0,0.19261040290196738
AXT1POST,anomalydino,4,file_brain_AXT1POST_200_6002349,12,0,0.2641532818476359
AXT1POST,anomalydino,4,file_brain_AXT1POST_208_2080075,5,0,0.2547607223192851
AXT1POST,anomalydino,4,file_brain_AXT1POST_210_6001735,9,0,0.21884262561798096
AXT1POST,anomalydino,4,file_brain_AXT1POST_209_6001109,6,0,0.19492204984029135
AXT1POST,anomalydino,4,file_brain_AXT1POST_203_6000869,8,0,0.22453798850377402
AXT1POST,anomalydino,4,file_brain_AXT1POST_207_2070259,4,0,0.23818854490915933
AXT1POST,anomalydino,4,file_brain_AXT1POST_203_6000712,9,0,0.2599380811055501
AXT1POST,anomalydino,4,file_brain_AXT1POST_207_2070095,6,0,0.1920620600382487
AXT1POST,anomalydino,4,file_brain_AXT1POST_200_6002413,11,0,0.2099855343500773
AXT1POST,anomalydino,4,file_brain_AXT1POST_208_2080392,10,0,0.2180771827697754
AXT1POST,anomalydino,4,file_brain_AXT1POST_203_6000661,5,0,0.2381081779797872
AXT1POST,anomalydino,4,file_brain_AXT1POST_209_6001236,7,0,0.20612808068593344
AXT1POST,anomalydino,4,file_brain_AXT1POST_207_2070809,10,0,0.1904896100362142
AXT1POST,anomalydino,4,file_brain_AXT1POST_207_2070214,9,0,0.18254766861597696
AXT1POST,anomalydino,4,file_brain_AXT1POST_208_2080704,10,0,0.30464474360148114
AXT1POST,anomalydino,4,file_brain_AXT1POST_201_6002673,7,0,0.21248477697372437
AXT1POST,anomalydino,4,file_brain_AXT1POST_203_6000657,4,0,0.18708153565724692
AXT1POST,anomalydino,4,file_brain_AXT1POST_207_2070242,5,0,0.2251819372177124
AXT1POST,anomalydino,4,file_brain_AXT1POST_208_2080493,11,0,0.22952200969060263
AXT1POST,anomalydino,4,file_brain_AXT1POST_209_6001458,6,0,0.16316328446070352
AXT1POST,anomalydino,4,file_brain_AXT1POST_208_2080421,6,0,0.22277323404947916
AXT1POST,anomalydino,4,file_brain_AXT1POST_201_6002668,6,0,0.20766882101694742
AXT1POST,anomalydino,4,file_brain_AXT1POST_200_6002349,4,0,0.19301309188206991
AXT1POST,anomalydino,4,file_brain_AXT1POST_200_6002305,10,0,0.21730279922485352
AXT1POST,anomalydino,4,file_brain_AXT1POST_207_2070651,6,0,0.2859625617663066
AXT1POST,anomalydino,4,file_brain_AXT1POST_201_6002778,12,0,0.2660808165868123
AXT1POST,anomalydino,4,file_brain_AXT1POST_200_6002349,11,0,0.28142545620600384
AXT1POST,anomalydino,4,file_brain_AXT1POST_208_2080576,10,0,0.28124886751174927
AXT1POST,anomalydino,4,file_brain_AXT1POST_207_2070765,8,0,0.23417266209920248
AXT1POST,anomalydino,4,file_brain_AXT1POST_207_2070083,9,0,0.21312489112218222
AXT1POST,anomalydino,4,file_brain_AXT1POST_207_2070547,10,0,0.3131297429402669
AXT1POST,anomalydino,4,file_brain_AXT1POST_207_2070490,7,0,0.20814494291941324
AXT1POST,anomalydino,4,file_brain_AXT1POST_207_2070553,4,0,0.20087180534998575
AXT1POST,anomalydino,4,file_brain_AXT1POST_200_6002033,8,0,0.2058413823445638
AXT1POST,anomalydino,4,file_brain_AXT1POST_208_2080345,8,0,0.21405025323232016
AXT1POST,anomalydino,4,file_brain_AXT1POST_209_6001320,7,0,0.20525306463241577
AXT1POST,anomalydino,4,file_brain_AXT1POST_207_2070357,4,0,0.2332619825998942
AXT1POST,anomalydino,4,file_brain_AXT1POST_210_6001735,10,0,0.2570316990216573
AXT1POST,anomalydino,4,file_brain_AXT1POST_207_2070127,7,0,0.2428475817044576
AXT1POST,anomalydino,4,file_brain_AXT1POST_205_6000035,5,0,0.19434008995691934
AXT1POST,anomalydino,4,file_brain_AXT1POST_202_6000269,5,0,0.46725507577260333
AXT1POST,anomalydino,4,file_brain_AXT1POST_200_6002396,4,0,0.1822075049082438
AXT1POST,anomalydino,4,file_brain_AXT1POST_200_6002392,10,0,0.25543177127838135
AXT1POST,anomalydino,4,file_brain_AXT1POST_208_2080576,12,0,0.3034723202387492
AXT1POST,anomalydino,4,file_brain_AXT1POST_201_6002731,4,0,0.2825719912846883
AXT1POST,anomalydino,4,file_brain_AXT1POST_207_2070651,7,0,0.22768036524454752
AXT1POST,anomalydino,4,file_brain_AXT1POST_207_2070327,9,0,0.21783069769541422
AXT1POST,anomalydino,4,file_brain_AXT1POST_207_2070327,8,0,0.19486608107884726
AXT1POST,anomalydino,4,file_brain_AXT1POST_205_6000035,4,0,0.20591447750727335
AXT1POST,anomalydino,4,file_brain_AXT1POST_210_6001771,8,0,0.2654016812642415
AXT1POST,anomalydino,4,file_brain_AXT1POST_205_2050259,4,0,0.23831482728322348
AXT1POST,anomalydino,4,file_brain_AXT1POST_200_6002259,5,0,0.23017869393030801
AXT1POST,anomalydino,4,file_brain_AXT1POST_207_2070251,11,0,0.21772625048955283
AXT1POST,anomalydino,4,file_brain_AXT1POST_210_6001787,4,0,0.2037357489267985
AXT1POST,anomalydino,4,file_brain_AXT1POST_203_6000861,5,0,0.29977768659591675
AXT1POST,anomalydino,4,file_brain_AXT1POST_207_2070259,6,0,0.20543191830317178
AXT1POST,anomalydino,4,file_brain_AXT1POST_208_2080352,5,0,0.22691712776819864
AXT1POST,anomalydino,4,file_brain_AXT1POST_208_2080477,4,0,0.18598743279774985
AXT1POST,anomalydino,4,file_brain_AXT1POST_208_2080422,5,0,0.2595309019088745
AXT1POST,anomalydino,4,file_brain_AXT1POST_202_6000302,9,0,0.24562247594197592
AXT1POST,anomalydino,4,file_brain_AXT1POST_207_2070365,10,0,0.27191253503163654
AXT1POST,anomalydino,4,file_brain_AXT1POST_200_6002340,4,0,0.21307794253031412
AXT1POST,anomalydino,4,file_brain_AXT1POST_208_2080075,4,0,0.26038187742233276
AXT1POST,anomalydino,4,file_brain_AXT1POST_203_6000869,4,0,0.23916590213775635
AXT1POST,anomalydino,4,file_brain_AXT1POST_207_2070479,4,0,0.2883692185084025
AXT1POST,anomalydino,4,file_brain_AXT1POST_209_6001250,5,0,0.19654967387517294
AXT1POST,anomalydino,4,file_brain_AXT1POST_207_2070009,12,0,0.2707258661588033
AXT1POST,anomalydino,4,file_brain_AXT1POST_205_2050148,5,0,0.16963142156600952
AXT1POST,anomalydino,4,file_brain_AXT1POST_203_6000597,7,0,0.23673301935195923
AXT1POST,anomalydino,4,file_brain_AXT1POST_202_6000281,10,0,0.2933785518010457
AXT1POST,anomalydino,4,file_brain_AXT1POST_203_6000827,10,0,0.3040652871131897
AXT1POST,anomalydino,4,file_brain_AXT1POST_207_2070547,11,0,0.2681626280148824
AXT1POST,anomalydino,4,file_brain_AXT1POST_209_6001458,7,0,0.1572383244832357
AXT1POST,anomalydino,4,file_brain_AXT1POST_210_6001645,6,0,0.192930539449056
AXT1POST,anomalydino,4,file_brain_AXT1POST_207_2070099,12,0,0.2466608683268229
AXT1POST,anomalydino,4,file_brain_AXT1POST_207_2070241,11,0,0.2382085919380188
AXT1POST,anomalydino,4,file_brain_AXT1POST_207_2070786,7,0,0.19876017173131308
AXT1POST,anomalydino,4,file_brain_AXT1POST_208_2080493,8,0,0.21667746702829996
AXT1POST,anomalydino,4,file_brain_AXT1POST_208_2080082,7,0,0.19808771212895712
AXT1POST,anomalydino,4,file_brain_AXT1POST_207_2070479,7,0,0.2298704981803894
AXT1POST,anomalydino,4,file_brain_AXT1POST_210_6001735,12,0,0.3118093013763428
AXT1POST,anomalydino,4,file_brain_AXT1POST_202_6000341,5,0,0.26767834027608234
AXT1POST,anomalydino,4,file_brain_AXT1POST_203_6000657,10,0,0.2201932668685913
AXT1POST,anomalydino,4,file_brain_AXT1POST_208_2080082,6,0,0.1965920329093933
AXT1POST,anomalydino,4,file_brain_AXT1POST_205_2050189,6,0,0.22241059939066568
AXT1POST,anomalydino,4,file_brain_AXT1POST_208_2080082,9,0,0.22825692097345987
AXT1POST,anomalydino,4,file_brain_AXT1POST_207_2070357,8,0,0.29901593923568726
AXT1POST,anomalydino,4,file_brain_AXT1POST_207_2070009,8,0,0.17900234460830688
AXT1POST,anomalydino,4,file_brain_AXT1POST_203_6000774,5,0,0.2520395517349243
AXT1POST,anomalydino,4,file_brain_AXT1POST_203_6000597,11,0,0.18284414211908975
AXT1POST,anomalydino,4,file_brain_AXT1POST_207_2070786,6,0,0.22706802686055502
AXT1POST,anomalydino,4,file_brain_AXT1POST_203_6000597,10,0,0.19008610645929971
AXT1POST,anomalydino,4,file_brain_AXT1POST_203_6000877,9,0,0.2494975725809733
AXT1POST,anomalydino,4,file_brain_AXT1POST_203_6000657,12,0,0.3071681261062622
AXT1POST,anomalydino,4,file_brain_AXT1POST_208_2080352,10,0,0.29419390360514325
AXT1POST,anomalydino,4,file_brain_AXT1POST_207_2070354,6,0,0.18870759010314941
AXT1POST,anomalydino,4,file_brain_AXT1POST_201_6002920,12,0,0.2638513247172038
AXT1POST,anomalydino,4,file_brain_AXT1POST_208_2080304,10,0,0.2619946002960205
AXT1POST,anomalydino,4,file_brain_AXT1POST_209_6001320,10,0,0.2997884750366211
AXT1POST,anomalydino,4,file_brain_AXT1POST_207_2070009,5,0,0.1766705314318339
AXT1POST,anomalydino,4,file_brain_AXT1POST_207_2070034,6,0,0.18186402320861816
AXT1POST,anomalydino,4,file_brain_AXT1POST_205_2050102,5,0,0.19419384002685547
AXT1POST,anomalydino,4,file_brain_AXT1POST_207_2070490,5,0,0.1736831267674764
AXT1POST,anomalydino,4,file_brain_AXT1POST_208_2080208,7,0,0.2245333194732666
AXT1POST,anomalydino,4,file_brain_AXT1POST_205_2050102,7,0,0.19212094942728677
AXT1POST,anomalydino,4,file_brain_AXT1POST_205_2050102,4,0,0.21621032555898032
AXT1POST,anomalydino,4,file_brain_AXT1POST_203_6000827,4,0,0.20638986428578696
AXT1POST,anomalydino,4,file_brain_AXT1POST_207_2070809,6,0,0.18141188224156699
AXT1POST,anomalydino,4,file_brain_AXT1POST_200_6002340,6,0,0.17951039473215738
AXT1POST,anomalydino,4,file_brain_AXT1POST_207_2070479,10,0,0.23385131359100342
AXT1POST,anomalydino,4,file_brain_AXT1POST_201_6002862,6,0,0.2438930074373881
AXT1POST,anomalydino,4,file_brain_AXT1POST_203_6000760,8,0,0.24890249967575073
AXT1POST,anomalydino,4,file_brain_AXT1POST_207_2070251,7,0,0.19245811303456625
AXT1POST,anomalydino,4,file_brain_AXT1POST_208_2080062,10,0,0.24890091021855673
AXT1POST,anomalydino,4,file_brain_AXT1POST_207_2070786,11,0,0.1896764636039734
AXT1POST,anomalydino,4,file_brain_AXT1POST_200_6001996,12,0,0.2824065883954366
AXT1POST,anomalydino,4,file_brain_AXT1POST_209_6001109,8,0,0.18525024255116782
AXT1POST,anomalydino,4,file_brain_AXT1POST_205_2050159,9,0,0.23735739787419638
AXT1POST,anomalydino,4,file_brain_AXT1POST_203_6000760,5,0,0.21609832843144736
AXT1POST,anomalydino,4,file_brain_AXT1POST_208_2080075,9,0,0.2420338193575541
AXT1POST,anomalydino,4,file_brain_AXT1POST_200_6002305,12,0,0.38489246368408203
AXT1POST,anomalydino,4,file_brain_AXT1POST_200_6002340,7,0,0.20703846216201782
AXT1POST,anomalydino,4,file_brain_AXT1POST_203_6000848,8,0,0.23458717266718546
AXT1POST,anomalydino,4,file_brain_AXT1POST_208_2080345,12,0,0.254542072614034
AXT1POST,anomalydino,4,file_brain_AXT1POST_201_6002749,10,0,0.2560354272524516
AXT1POST,anomalydino,4,file_brain_AXT1POST_200_6001959,5,0,0.2709884246190389
AXT1POST,anomalydino,4,file_brain_AXT1POST_208_2080477,8,0,0.2587344249089559
AXT1POST,anomalydino,4,file_brain_AXT1POST_208_2080383,6,0,0.21801205476125082
AXT1POST,anomalydino,4,file_brain_AXT1POST_201_6002707,7,0,0.27400235335032147
AXT1POST,anomalydino,4,file_brain_AXT1POST_203_6000861,4,0,0.2625017563501994
AXT1POST,anomalydino,4,file_brain_AXT1POST_209_6001109,7,0,0.2127832571665446
AXT1POST,anomalydino,4,file_brain_AXT1POST_203_6000760,4,0,0.2838997046152751
AXT1POST,anomalydino,4,file_brain_AXT1POST_208_2080154,6,0,0.21917239824930826
AXT1POST,anomalydino,4,file_brain_AXT1POST_201_6002749,6,0,0.2254923383394877
AXT1POST,anomalydino,4,file_brain_AXT1POST_203_6000597,5,0,0.27858805656433105
AXT1POST,anomalydino,4,file_brain_AXT1POST_203_6000848,12,0,0.38631399472554523
AXT1POST,anomalydino,4,file_brain_AXT1POST_207_2070809,12,0,0.3585817019144694
AXT1POST,anomalydino,4,file_brain_AXT1POST_208_2120069,8,0,0.2383370598157247
AXT1POST,anomalydino,4,file_brain_AXT1POST_205_2050189,7,0,0.25158727169036865
AXT1POST,anomalydino,4,file_brain_AXT1POST_200_6002337,12,0,0.29420016209284466
AXT1POST,anomalydino,4,file_brain_AXT1POST_207_2070251,12,0,0.3040709098180135
AXT1POST,anomalydino,4,file_brain_AXT1POST_207_2070635,6,0,0.1831254760424296
AXT1POST,anomalydino,4,file_brain_AXT1POST_201_6002680,5,0,0.231184720993042
AXT1POST,anomalydino,4,file_brain_AXT1POST_208_2080213,7,0,0.1871264378229777
AXT1POST,anomalydino,4,file_brain_AXT1POST_208_2080576,9,0,0.2186212738355001
AXT1POST,anomalydino,4,file_brain_AXT1POST_208_2080275,6,0,0.18234944343566895
AXT1POST,anomalydino,4,file_brain_AXT1POST_208_2080213,6,0,0.17115132013956705
AXT1POST,anomalydino,4,file_brain_AXT1POST_208_2080213,12,0,0.3667896588643392
AXT1POST,anomalydino,4,file_brain_AXT1POST_201_6002673,4,0,0.23673641681671143
AXT1POST,anomalydino,4,file_brain_AXT1POST_210_6001771,4,0,0.2115282416343689
AXT1POST,anomalydino,4,file_brain_AXT1POST_207_2070251,9,0,0.21629401048024496
AXT1POST,anomalydino,4,file_brain_AXT1POST_201_6002703,0,1,0.43316976229349774
AXT1POST,anomalydino,4,file_brain_AXT1POST_201_6002703,1,1,0.34163626035054523
AXT1POST,anomalydino,4,file_brain_AXT1POST_201_6002703,2,1,0.26961416006088257
AXT1POST,anomalydino,4,file_brain_AXT1POST_201_6002703,3,1,0.29931430021921795
AXT1POST,anomalydino,4,file_brain_AXT1POST_201_6002703,4,1,0.24053865671157837
AXT1POST,anomalydino,4,file_brain_AXT1POST_201_6002703,5,1,0.24745806058247885
AXT1POST,anomalydino,4,file_brain_AXT1POST_201_6002703,6,1,0.2612904906272888
AXT1POST,anomalydino,4,file_brain_AXT1POST_201_6002703,7,1,0.2648605902989705
AXT1POST,anomalydino,4,file_brain_AXT1POST_201_6002703,8,1,0.28570715586344403
AXT1POST,anomalydino,4,file_brain_AXT1POST_201_6002703,9,1,0.2753094633420308
AXT1POST,anomalydino,4,file_brain_AXT1POST_201_6002703,10,1,0.25493427117665607
AXT1POST,anomalydino,4,file_brain_AXT1POST_201_6002703,11,1,0.31522486607233685
AXT1POST,anomalydino,4,file_brain_AXT1POST_201_6002703,12,1,0.26192988952000934
AXT1POST,anomalydino,4,file_brain_AXT1POST_201_6002703,13,1,0.34515102704366046
AXT1POST,anomalydino,4,file_brain_AXT1POST_201_6002703,14,1,0.3254113396008809
AXT1POST,anomalydino,4,file_brain_AXT1POST_201_6002683,0,1,0.4558589458465576
AXT1POST,anomalydino,4,file_brain_AXT1POST_201_6002683,1,1,0.4811711311340332
AXT1POST,anomalydino,4,file_brain_AXT1POST_201_6002683,2,1,0.43922869364420575
AXT1POST,anomalydino,4,file_brain_AXT1POST_201_6002683,3,1,0.43062416712443036
AXT1POST,anomalydino,4,file_brain_AXT1POST_201_6002683,4,1,0.4275333881378174
AXT1POST,anomalydino,4,file_brain_AXT1POST_201_6002683,5,1,0.42950912316640216
AXT1POST,anomalydino,4,file_brain_AXT1POST_201_6002683,6,1,0.46755655606587726
AXT1POST,anomalydino,4,file_brain_AXT1POST_201_6002683,7,1,0.41999077796936035
AXT1POST,anomalydino,4,file_brain_AXT1POST_201_6002683,8,1,0.43801506360371906
AXT1POST,anomalydino,4,file_brain_AXT1POST_201_6002683,9,1,0.42332247893015545
AXT1POST,anomalydino,4,file_brain_AXT1POST_201_6002683,10,1,0.4492909908294678
AXT1POST,anomalydino,4,file_brain_AXT1POST_201_6002683,11,1,0.4672183195749919
AXT1POST,anomalydino,4,file_brain_AXT1POST_201_6002683,12,1,0.3536793390909831
AXT1POST,anomalydino,4,file_brain_AXT1POST_201_6002683,13,1,0.40899614493052167
AXT1POST,anomalydino,4,file_brain_AXT1POST_200_6002033,0,1,0.3520251512527466
AXT1POST,anomalydino,4,file_brain_AXT1POST_200_6002033,1,1,0.3193869988123576
AXT1POST,anomalydino,4,file_brain_AXT1POST_200_6002033,2,1,0.2364074190457662
AXT1POST,anomalydino,4,file_brain_AXT1POST_200_6002033,3,1,0.20853201548258463
AXT1POST,anomalydino,4,file_brain_AXT1POST_201_6002817,0,1,0.33504271507263184
AXT1POST,anomalydino,4,file_brain_AXT1POST_200_6002188,0,1,0.38250573476155597
AXT1POST,anomalydino,4,file_brain_AXT1POST_200_6002188,1,1,0.3822020689646403
AXT1POST,anomalydino,4,file_brain_AXT1POST_200_6002188,2,1,0.31722954909006756
AXT1POST,anomalydino,4,file_brain_AXT1POST_200_6002188,3,1,0.3293723265329997
AXT1POST,anomalydino,4,file_brain_AXT1POST_200_6002188,4,1,0.2796147068341573
AXT1POST,anomalydino,4,file_brain_AXT1POST_200_6002188,5,1,0.2810691197713216
AXT1POST,anomalydino,4,file_brain_AXT1POST_200_6002188,6,1,0.26129090785980225
AXT1POST,anomalydino,4,file_brain_AXT1POST_200_6002188,7,1,0.30776143074035645
AXT1POST,anomalydino,4,file_brain_AXT1POST_200_6002188,8,1,0.2969071666399638
AXT1POST,anomalydino,4,file_brain_AXT1POST_200_6002188,9,1,0.29071609179178876
AXT1POST,anomalydino,4,file_brain_AXT1POST_200_6002188,10,1,0.3445130983988444
AXT1POST,anomalydino,4,file_brain_AXT1POST_200_6002188,11,1,0.2788577874501546
AXT1POST,anomalydino,4,file_brain_AXT1POST_200_6002188,12,1,0.2724030216534932
AXT1POST,anomalydino,4,file_brain_AXT1POST_200_6002188,13,1,0.3443419535954793
AXT1POST,anomalydino,4,file_brain_AXT1POST_200_6002188,14,1,0.3809938430786133
AXT1POST,anomalydino,4,file_brain_AXT1POST_200_6002337,0,1,0.33263176679611206
AXT1POST,anomalydino,4,file_brain_AXT1POST_200_6002337,1,1,0.37074069182078045
AXT1POST,anomalydino,4,file_brain_AXT1POST_200_6002337,2,1,0.3940733273824056
AXT1POST,anomalydino,4,file_brain_AXT1POST_200_6002337,3,1,0.27591949701309204
AXT1POST,anomalydino,4,file_brain_AXT1POST_200_6002337,4,1,0.2377387285232544
AXT1POST,anomalydino,4,file_brain_AXT1POST_201_6002735,0,1,0.39404797554016113
AXT1POST,anomalydino,4,file_brain_AXT1POST_201_6002735,1,1,0.47852587699890137
AXT1POST,anomalydino,4,file_brain_AXT1POST_201_6002735,2,1,0.4176332155863444
AXT1POST,anomalydino,4,file_brain_AXT1POST_201_6002735,3,1,0.3499399820963542
AXT1POST,anomalydino,4,file_brain_AXT1POST_201_6002735,4,1,0.2896301746368408
AXT1POST,anomalydino,4,file_brain_AXT1POST_201_6002735,5,1,0.2841421763102214
AXT1POST,anomalydino,4,file_brain_AXT1POST_201_6002735,6,1,0.27459245920181274
AXT1POST,anomalydino,4,file_brain_AXT1POST_201_6002735,7,1,0.2442149519920349
AXT1POST,anomalydino,4,file_brain_AXT1POST_201_6002735,8,1,0.24418258666992188
AXT1POST,anomalydino,4,file_brain_AXT1POST_201_6002735,9,1,0.2567220727602641
AXT1POST,anomalydino,4,file_brain_AXT1POST_201_6002735,10,1,0.31196971734364826
AXT1POST,anomalydino,4,file_brain_AXT1POST_201_6002735,11,1,0.228326678276062
AXT1POST,anomalydino,4,file_brain_AXT1POST_200_6002089,4,1,0.2779879570007324
AXT1POST,anomalydino,4,file_brain_AXT1POST_200_6002089,5,1,0.31425193945566815
AXT1POST,anomalydino,4,file_brain_AXT1POST_200_6002089,6,1,0.30089372396469116
AXT1POST,anomalydino,4,file_brain_AXT1POST_200_6002089,7,1,0.25935737291971844
AXT1POST,anomalydino,4,file_brain_AXT1POST_200_6002089,8,1,0.259013831615448
AXT1POST,anomalydino,4,file_brain_AXT1POST_200_6002089,9,1,0.3214029272397359
AXT1POST,anomalydino,4,file_brain_AXT1POST_200_6002089,10,1,0.4058306614557902
AXT1POST,anomalydino,4,file_brain_AXT1POST_200_6002089,11,1,0.45105735460917157
AXT1POST,anomalydino,4,file_brain_AXT1POST_200_6002089,12,1,0.4267549514770508
AXT1POST,anomalydino,4,file_brain_AXT1POST_200_6002089,13,1,0.4266616503397624
AXT1POST,anomalydino,4,file_brain_AXT1POST_200_6002089,14,1,0.550508181254069
AXT1POST,anomalydino,4,file_brain_AXT1POST_200_6002089,15,1,0.5086896419525146
AXT1POST,anomalydino,4,file_brain_AXT1POST_200_6002065,0,1,0.4719872872034709
AXT1POST,anomalydino,4,file_brain_AXT1POST_200_6002065,1,1,0.42686764399210614
AXT1POST,anomalydino,4,file_brain_AXT1POST_200_6002065,2,1,0.3717805544535319
AXT1POST,anomalydino,4,file_brain_AXT1POST_200_6002065,3,1,0.4023412863413493
AXT1POST,anomalydino,4,file_brain_AXT1POST_200_6002065,4,1,0.33980027834574383
AXT1POST,anomalydino,4,file_brain_AXT1POST_200_6002065,5,1,0.3448983430862427
AXT1POST,anomalydino,4,file_brain_AXT1POST_200_6002065,10,1,0.2750391960144043
AXT1POST,anomalydino,4,file_brain_AXT1POST_200_6002396,0,1,0.3510448932647705
AXFLAIR,anomalydino,0,file_brain_AXFLAIR_210_6001917,4,0,0.2525426348050435
AXFLAIR,anomalydino,0,file_brain_AXFLAIR_202_6000543,11,0,0.211605966091156
AXFLAIR,anomalydino,0,file_brain_AXFLAIR_210_6001499,4,0,0.2826846241950989
AXFLAIR,anomalydino,0,file_brain_AXFLAIR_201_6002993,7,0,0.15579799811045328
AXFLAIR,anomalydino,0,file_brain_AXFLAIR_202_6000543,5,0,0.1929875612258911
AXFLAIR,anomalydino,0,file_brain_AXFLAIR_202_6000539,7,0,0.2657246987024943
AXFLAIR,anomalydino,0,file_brain_AXFLAIR_202_6000483,5,0,0.3282456596692403
AXFLAIR,anomalydino,0,file_brain_AXFLAIR_200_6002442,6,0,0.24479780594507852
AXFLAIR,anomalydino,0,file_brain_AXFLAIR_202_6000483,6,0,0.19752703110376993
AXFLAIR,anomalydino,0,file_brain_AXFLAIR_200_6002442,12,0,0.24511333306630453
AXFLAIR,anomalydino,0,file_brain_AXFLAIR_202_6000531,10,0,0.2175829807917277
AXFLAIR,anomalydino,0,file_brain_AXFLAIR_203_6000942,10,0,0.18688499927520752
AXFLAIR,anomalydino,0,file_brain_AXFLAIR_203_6000912,4,0,0.20814220110575357
AXFLAIR,anomalydino,0,file_brain_AXFLAIR_201_6002914,7,0,0.32704369227091473
AXFLAIR,anomalydino,0,file_brain_AXFLAIR_200_6002543,4,0,0.24088905254999796
AXFLAIR,anomalydino,0,file_brain_AXFLAIR_210_6001513,5,0,0.23667391141255698
AXFLAIR,anomalydino,0,file_brain_AXFLAIR_209_6001397,12,0,0.23392035563786825
AXFLAIR,anomalydino,0,file_brain_AXFLAIR_200_6002641,11,0,0.2189441124598185
AXFLAIR,anomalydino,0,file_brain_AXFLAIR_203_6000942,11,0,0.15890576442082724
AXFLAIR,anomalydino,0,file_brain_AXFLAIR_201_6002993,5,0,0.21142069498697916
AXFLAIR,anomalydino,0,file_brain_AXFLAIR_200_6002595,7,0,0.24326507250467935
AXFLAIR,anomalydino,0,file_brain_AXFLAIR_202_6000511,11,0,0.21783069769541422
AXFLAIR,anomalydino,0,file_brain_AXFLAIR_201_6002914,10,0,0.409676472345988
AXFLAIR,anomalydino,0,file_brain_AXFLAIR_203_6000912,11,0,0.2470500667889913
AXFLAIR,anomalydino,0,file_brain_AXFLAIR_210_6001953,6,0,0.24158052603403726
AXFLAIR,anomalydino,0,file_brain_AXFLAIR_210_6001917,6,0,0.2612282633781433
AXFLAIR,anomalydino,0,file_brain_AXFLAIR_200_6002442,9,0,0.2120907505353292
AXFLAIR,anomalydino,0,file_brain_AXFLAIR_210_6001953,9,0,0.22028454144795737
AXFLAIR,anomalydino,0,file_brain_AXFLAIR_200_6002442,5,0,0.265785276889801
AXFLAIR,anomalydino,0,file_brain_AXFLAIR_200_6002442,10,0,0.2809281547864278
AXFLAIR,anomalydino,0,file_brain_AXFLAIR_202_6000531,9,0,0.4278600613276164
AXFLAIR,anomalydino,0,file_brain_AXFLAIR_201_6002914,8,0,0.21575802564620972
AXFLAIR,anomalydino,0,file_brain_AXFLAIR_202_6000474,6,0,0.2091754674911499
AXFLAIR,anomalydino,0,file_brain_AXFLAIR_201_6002941,9,0,0.25849755605061847
AXFLAIR,anomalydino,0,file_brain_AXFLAIR_210_6001499,11,0,0.24401638905207315
AXFLAIR,anomalydino,0,file_brain_AXFLAIR_202_6000539,5,0,0.2499905824661255
AXFLAIR,anomalydino,0,file_brain_AXFLAIR_202_6000474,5,0,0.19960351785024008
AXFLAIR,anomalydino,0,file_brain_AXFLAIR_209_6001377,10,0,0.30966007709503174
AXFLAIR,anomalydino,0,file_brain_AXFLAIR_200_6002595,9,0,0.20425023635228476
AXFLAIR,anomalydino,0,file_brain_AXFLAIR_201_6002993,11,0,0.17710707585016885
AXFLAIR,anomalydino,0,file_brain_AXFLAIR_202_6000557,9,0,0.22079805533091226
AXFLAIR,anomalydino,0,file_brain_AXFLAIR_210_6001513,4,0,0.17167699337005615
AXFLAIR,anomalydino,0,file_brain_AXFLAIR_201_6002941,8,0,0.19582800070444742
AXFLAIR,anomalydino,0,file_brain_AXFLAIR_203_6000912,6,0,0.2214286724726359
AXFLAIR,anomalydino,0,file_brain_AXFLAIR_201_6002914,12,0,0.17169533173243204
AXFLAIR,anomalydino,0,file_brain_AXFLAIR_209_6001377,11,0,0.22065897782643637
AXFLAIR,anomalydino,0,file_brain_AXFLAIR_210_6001499,5,0,0.20720388491948447
AXFLAIR,anomalydino,0,file_brain_AXFLAIR_202_6000557,6,0,0.21886720259984335
AXFLAIR,anomalydino,0,file_brain_AXFLAIR_202_6000557,10,0,0.1619331439336141
AXFLAIR,anomalydino,0,file_brain_AXFLAIR_202_6000543,4,0,0.27738042672475177
AXFLAIR,anomalydino,0,file_brain_AXFLAIR_202_6000531,7,0,0.2551798423131307
AXFLAIR,anomalydino,0,file_brain_AXFLAIR_200_6002595,10,0,0.4127062161763509
AXFLAIR,anomalydino,0,file_brain_AXFLAIR_201_6002914,5,0,0.24671085675557455
AXFLAIR,anomalydino,0,file_brain_AXFLAIR_202_6000531,4,0,0.2664286096890767
AXFLAIR,anomalydino,0,file_brain_AXFLAIR_210_6001513,6,0,0.26258283853530884
AXFLAIR,anomalydino,0,file_brain_AXFLAIR_200_6002442,11,0,0.1965328256289164
AXFLAIR,anomalydino,0,file_brain_AXFLAIR_209_6001377,8,0,0.19689015547434488
AXFLAIR,anomalydino,0,file_brain_AXFLAIR_202_6000483,7,0,0.22953285773595175
AXFLAIR,anomalydino,0,file_brain_AXFLAIR_202_6000543,9,0,0.21828009684880575
AXFLAIR,anomalydino,0,file_brain_AXFLAIR_203_6000898,10,0,0.22944148381551108
AXFLAIR,anomalydino,0,file_brain_AXFLAIR_203_6000912,12,0,0.22682390610376993
AXFLAIR,anomalydino,0,file_brain_AXFLAIR_202_6000511,7,0,0.18942524989446005
AXFLAIR,anomalydino,0,file_brain_AXFLAIR_201_6003024,5,0,0.23755000034968057
AXFLAIR,anomalydino,0,file_brain_AXFLAIR_201_6003018,12,0,0.3185238043467204
AXFLAIR,anomalydino,0,file_brain_AXFLAIR_210_6001901,7,0,0.223148783047994
AXFLAIR,anomalydino,0,file_brain_AXFLAIR_203_6000898,12,0,0.2091809113820394
AXFLAIR,anomalydino,0,file_brain_AXFLAIR_202_6000483,11,0,0.19554948806762695
AXFLAIR,anomalydino,0,file_brain_AXFLAIR_210_6001917,10,0,0.20797471205393472
AXFLAIR,anomalydino,0,file_brain_AXFLAIR_201_6002914,11,0,0.1946823000907898
AXFLAIR,anomalydino,0,file_brain_AXFLAIR_202_6000483,8,0,0.1908812920252482
AXFLAIR,anomalydino,0,file_brain_AXFLAIR_201_6002941,11,0,0.1974847118059794
AXFLAIR,anomalydino,0,file_brain_AXFLAIR_210_6001917,11,0,0.2727917631467183
AXFLAIR,anomalydino,0,file_brain_AXFLAIR_201_6002993,10,0,0.19809762636820474
AXFLAIR,anomalydino,0,file_brain_AXFLAIR_202_6000539,9,0,0.20991331338882446
AXFLAIR,anomalydino,0,file_brain_AXFLAIR_203_6000942,7,0,0.30656395355860394
AXFLAIR,anomalydino,0,file_brain_AXFLAIR_209_6001377,12,0,0.44724249839782715
AXFLAIR,anomalydino,0,file_brain_AXFLAIR_201_6003024,10,0,0.18174739678700766
AXFLAIR,anomalydino,0,file_brain_AXFLAIR_200_6002543,8,0,0.23984666665395102
AXFLAIR,anomalydino,0,file_brain_AXFLAIR_202_6000531,6,0,0.27863381306330365
AXFLAIR,anomalydino,0,file_brain_AXFLAIR_201_6003003,0,1,0.29232531785964966
AXFLAIR,anomalydino,0,file_brain_AXFLAIR_201_6003003,1,1,0.27871570984522503
AXFLAIR,anomalydino,0,file_brain_AXFLAIR_201_6003003,2,1,0.2551372249921163
AXFLAIR,anomalydino,0,file_brain_AXFLAIR_201_6003003,3,1,0.3114251295725505
AXFLAIR,anomalydino,0,file_brain_AXFLAIR_201_6003003,4,1,0.24776957432428995
AXFLAIR,anomalydino,0,file_brain_AXFLAIR_201_6003003,5,1,0.22078275680541992
AXFLAIR,anomalydino,0,file_brain_AXFLAIR_201_6003003,6,1,0.2455600102742513
AXFLAIR,anomalydino,0,file_brain_AXFLAIR_201_6003003,7,1,0.2379049857457479
AXFLAIR,anomalydino,0,file_brain_AXFLAIR_201_6003003,8,1,0.28480176130930585
AXFLAIR,anomalydino,0,file_brain_AXFLAIR_201_6003003,9,1,0.2858598033587138
AXFLAIR,anomalydino,0,file_brain_AXFLAIR_201_6003003,10,1,0.23837971687316895
AXFLAIR,anomalydino,0,file_brain_AXFLAIR_201_6002972,0,1,0.49994826316833496
AXFLAIR,anomalydino,0,file_brain_AXFLAIR_201_6002972,1,1,0.5466128985087076
AXFLAIR,anomalydino,0,file_brain_AXFLAIR_201_6002972,2,1,0.5703493356704712
AXFLAIR,anomalydino,0,file_brain_AXFLAIR_201_6002972,3,1,0.5223641792933146
AXFLAIR,anomalydino,0,file_brain_AXFLAIR_201_6002972,4,1,0.4388546148935954
AXFLAIR,anomalydino,0,file_brain_AXFLAIR_201_6002972,5,1,0.45030728975931805
AXFLAIR,anomalydino,0,file_brain_AXFLAIR_201_6002972,6,1,0.42614420255025226
AXFLAIR,anomalydino,0,file_brain_AXFLAIR_201_6002972,7,1,0.39826993147532147
AXFLAIR,anomalydino,0,file_brain_AXFLAIR_201_6002972,8,1,0.4196607271830241
AXFLAIR,anomalydino,0,file_brain_AXFLAIR_201_6002972,9,1,0.392262061436971
AXFLAIR,anomalydino,0,file_brain_AXFLAIR_201_6002972,10,1,0.39277390638987225
AXFLAIR,anomalydino,0,file_brain_AXFLAIR_201_6002972,11,1,0.41506274541219074
AXFLAIR,anomalydino,0,file_brain_AXFLAIR_201_6002972,12,1,0.4165221055348714
AXFLAIR,anomalydino,0,file_brain_AXFLAIR_201_6002941,0,1,0.29354461034138996
AXFLAIR,anomalydino,0,file_brain_AXFLAIR_201_6002941,1,1,0.3385918140411377
AXFLAIR,anomalydino,0,file_brain_AXFLAIR_201_6002941,2,1,0.3229276140530904
AXFLAIR,anomalydino,0,file_brain_AXFLAIR_201_6002941,3,1,0.31319504976272583
AXFLAIR,anomalydino,0,file_brain_AXFLAIR_201_6002941,4,1,0.26725272337595624
AXFLAIR,anomalydino,0,file_brain_AXFLAIR_201_6002941,5,1,0.19641349713007608
AXFLAIR,anomalydino,0,file_brain_AXFLAIR_202_6000508,1,1,0.3520638942718506
AXFLAIR,anomalydino,0,file_brain_AXFLAIR_202_6000508,2,1,0.3765544096628825
AXFLAIR,anomalydino,0,file_brain_AXFLAIR_202_6000508,3,1,0.42052777608235675
AXFLAIR,anomalydino,0,file_brain_AXFLAIR_202_6000508,4,1,0.40723347663879395
AXFLAIR,anomalydino,0,file_brain_AXFLAIR_202_6000508,5,1,0.38088830312093097
AXFLAIR,anomalydino,0,file_brain_AXFLAIR_202_6000508,6,1,0.41305073102315265
AXFLAIR,anomalydino,0,file_brain_AXFLAIR_202_6000508,7,1,0.36661473910013836
AXFLAIR,anomalydino,0,file_brain_AXFLAIR_202_6000508,8,1,0.35017669200897217
AXFLAIR,anomalydino,0,file_brain_AXFLAIR_202_6000508,9,1,0.4194188117980957
AXFLAIR,anomalydino,0,file_brain_AXFLAIR_202_6000508,10,1,0.3388524850209554
AXFLAIR,anomalydino,0,file_brain_AXFLAIR_202_6000508,11,1,0.46370617548624676
AXFLAIR,anomalydino,0,file_brain_AXFLAIR_202_6000508,12,1,0.4414193630218506
AXFLAIR,anomalydino,0,file_brain_AXFLAIR_202_6000508,13,1,0.4204150040944417
AXFLAIR,anomalydino,0,file_brain_AXFLAIR_200_6002641,3,1,0.16853884855906168
AXFLAIR,anomalydino,0,file_brain_AXFLAIR_200_6002641,7,1,0.20266123612721762
AXFLAIR,anomalydino,0,file_brain_AXFLAIR_200_6002641,8,1,0.13453992207845053
AXFLAIR,anomalydino,0,file_brain_AXFLAIR_201_6003008,0,1,0.3879595597585042
AXFLAIR,anomalydino,0,file_brain_AXFLAIR_201_6003008,1,1,0.4122737646102905
AXFLAIR,anomalydino,0,file_brain_AXFLAIR_201_6003008,2,1,0.4019296169281006
AXFLAIR,anomalydino,0,file_brain_AXFLAIR_201_6003008,3,1,0.4068346420923869
AXFLAIR,anomalydino,0,file_brain_AXFLAIR_201_6003008,4,1,0.3257948160171509
AXFLAIR,anomalydino,0,file_brain_AXFLAIR_201_6003008,5,1,0.3277484178543091
AXFLAIR,anomalydino,0,file_brain_AXFLAIR_201_6003008,6,1,0.322020947933197
AXFLAIR,anomalydino,0,file_brain_AXFLAIR_201_6003008,7,1,0.38261787096659344
AXFLAIR,anomalydino,0,file_brain_AXFLAIR_201_6003008,8,1,0.3993235031763713
AXFLAIR,anomalydino,0,file_brain_AXFLAIR_201_6003008,9,1,0.2820016145706177
AXFLAIR,anomalydino,0,file_brain_AXFLAIR_201_6003008,10,1,0.2650527358055115
AXFLAIR,anomalydino,0,file_brain_AXFLAIR_201_6003008,11,1,0.3019903302192688
AXFLAIR,anomalydino,0,file_brain_AXFLAIR_201_6003008,12,1,0.2710750500361125
AXFLAIR,anomalydino,0,file_brain_AXFLAIR_201_6003008,13,1,0.2439492146174113
AXFLAIR,anomalydino,0,file_brain_AXFLAIR_201_6002914,0,1,0.4166874090830485
AXFLAIR,anomalydino,0,file_brain_AXFLAIR_201_6002914,1,1,0.4532424608866374
AXFLAIR,anomalydino,0,file_brain_AXFLAIR_201_6002914,2,1,0.2865777413050334
AXFLAIR,anomalydino,0,file_brain_AXFLAIR_201_6002914,3,1,0.28721054395039874
AXFLAIR,anomalydino,0,file_brain_AXFLAIR_201_6002914,6,1,0.16966007153193155
AXFLAIR,anomalydino,0,file_brain_AXFLAIR_202_6000421,0,1,0.46123480796813965
AXFLAIR,anomalydino,0,file_brain_AXFLAIR_202_6000421,1,1,0.47592846552530926
AXFLAIR,anomalydino,0,file_brain_AXFLAIR_202_6000421,2,1,0.3932081460952759
AXFLAIR,anomalydino,0,file_brain_AXFLAIR_202_6000421,3,1,0.3978594144185384
AXFLAIR,anomalydino,0,file_brain_AXFLAIR_202_6000421,4,1,0.4011251926422119
AXFLAIR,anomalydino,0,file_brain_AXFLAIR_202_6000421,5,1,0.40192659695943195
AXFLAIR,anomalydino,0,file_brain_AXFLAIR_202_6000421,6,1,0.42183005809783936
AXFLAIR,anomalydino,0,file_brain_AXFLAIR_202_6000421,7,1,0.445850133895874
AXFLAIR,anomalydino,0,file_brain_AXFLAIR_202_6000421,8,1,0.46638166904449463
AXFLAIR,anomalydino,0,file_brain_AXFLAIR_202_6000421,9,1,0.504256804784139
AXFLAIR,anomalydino,0,file_brain_AXFLAIR_202_6000421,10,1,0.5603878895441691
AXFLAIR,anomalydino,0,file_brain_AXFLAIR_202_6000421,11,1,0.47333216667175293
AXFLAIR,anomalydino,0,file_brain_AXFLAIR_202_6000421,12,1,0.560949961344401
AXFLAIR,anomalydino,0,file_brain_AXFLAIR_202_6000421,13,1,0.6395570834477743
AXFLAIR,anomalydino,0,file_brain_AXFLAIR_202_6000421,14,1,0.5420097510019938
AXFLAIR,anomalydino,0,file_brain_AXFLAIR_201_6002960,0,1,0.3794833819071452
AXFLAIR,anomalydino,0,file_brain_AXFLAIR_201_6002960,1,1,0.3108405073483785
AXFLAIR,anomalydino,0,file_brain_AXFLAIR_201_6002960,2,1,0.36978646119435626
AXFLAIR,anomalydino,0,file_brain_AXFLAIR_201_6002960,3,1,0.4134041468302409
AXFLAIR,anomalydino,0,file_brain_AXFLAIR_201_6002960,4,1,0.369872252146403
AXFLAIR,anomalydino,0,file_brain_AXFLAIR_201_6002960,5,1,0.2580280502637227
AXFLAIR,anomalydino,0,file_brain_AXFLAIR_201_6002960,6,1,0.26228247086207074
AXFLAIR,anomalydino,0,file_brain_AXFLAIR_201_6002960,7,1,0.2867582043011983
AXFLAIR,anomalydino,0,file_brain_AXFLAIR_201_6002960,8,1,0.2720570166905721
AXFLAIR,anomalydino,0,file_brain_AXFLAIR_201_6002960,9,1,0.29244961341222125
AXFLAIR,anomalydino,0,file_brain_AXFLAIR_203_6000875,0,1,0.43617574373881024
AXFLAIR,anomalydino,0,file_brain_AXFLAIR_203_6000875,1,1,0.46632854143778485
AXFLAIR,anomalydino,0,file_brain_AXFLAIR_203_6000875,2,1,0.42656250794728595
AXFLAIR,anomalydino,0,file_brain_AXFLAIR_203_6000875,3,1,0.3652595281600952
AXFLAIR,anomalydino,0,file_brain_AXFLAIR_203_6000875,4,1,0.3680092493693034
AXFLAIR,anomalydino,0,file_brain_AXFLAIR_203_6000875,5,1,0.3418730894724528
AXFLAIR,anomalydino,0,file_brain_AXFLAIR_203_6000875,6,1,0.38671350479125977
AXFLAIR,anomalydino,0,file_brain_AXFLAIR_203_6000875,7,1,0.32360637187957764
AXFLAIR,anomalydino,0,file_brain_AXFLAIR_203_6000875,8,1,0.3334518273671468
AXFLAIR,anomalydino,0,file_brain_AXFLAIR_203_6000875,9,1,0.3878384828567505
AXFLAIR,anomalydino,0,file_brain_AXFLAIR_203_6000875,10,1,0.3563762108484904
AXFLAIR,anomalydino,0,file_brain_AXFLAIR_203_6000875,11,1,0.38555002212524414
AXFLAIR,anomalydino,0,file_brain_AXFLAIR_203_6000875,12,1,0.5004679361979166
AXFLAIR,anomalydino,0,file_brain_AXFLAIR_203_6000875,13,1,0.4356900453567505
AXFLAIR,anomalydino,0,file_brain_AXFLAIR_203_6000875,14,1,0.4716070890426636
AXFLAIR,anomalydino,0,file_brain_AXFLAIR_203_6000875,15,1,0.44616254170735675
AXFLAIR,anomalydino,0,file_brain_AXFLAIR_210_6001953,10,1,0.23905412356058756
AXFLAIR,anomalydino,0,file_brain_AXFLAIR_201_6003018,0,1,0.36907029151916504
AXFLAIR,anomalydino,0,file_brain_AXFLAIR_201_6003018,1,1,0.40906723340352374
AXFLAIR,anomalydino,0,file_brain_AXFLAIR_201_6003018,2,1,0.39126380284627277
AXFLAIR,anomalydino,0,file_brain_AXFLAIR_201_6003018,3,1,0.3541935284932454
AXFLAIR,anomalydino,0,file_brain_AXFLAIR_201_6003018,4,1,0.35823766390482586
AXFLAIR,anomalydino,0,file_brain_AXFLAIR_201_6003018,5,1,0.23080392678578696
AXFLAIR,anomalydino,0,file_brain_AXFLAIR_201_6003018,6,1,0.25554394721984863
AXFLAIR,anomalydino,0,file_brain_AXFLAIR_201_6003018,7,1,0.2709713975588481
AXFLAIR,anomalydino,0,file_brain_AXFLAIR_201_6003018,8,1,0.2587173779805501
AXFLAIR,anomalydino,0,file_brain_AXFLAIR_200_6002595,2,1,0.29734861850738525
AXFLAIR,anomalydino,0,file_brain_AXFLAIR_200_6002595,3,1,0.19658374786376953
AXFLAIR,anomalydino,0,file_brain_AXFLAIR_200_6002595,4,1,0.1831071972846985
AXFLAIR,anomalydino,0,file_brain_AXFLAIR_200_6002595,5,1,0.16625374555587769
AXFLAIR,anomalydino,0,file_brain_AXFLAIR_203_6000898,1,1,0.3309031128883362
AXFLAIR,anomalydino,0,file_brain_AXFLAIR_203_6000898,2,1,0.3205275336901347
AXFLAIR,anomalydino,0,file_brain_AXFLAIR_203_6000898,3,1,0.3758898576100667
AXFLAIR,anomalydino,0,file_brain_AXFLAIR_203_6000898,5,1,0.3054578900337219
AXFLAIR,anomalydino,0,file_brain_AXFLAIR_203_6000912,7,1,0.19592501719792685
AXFLAIR,anomalydino,0,file_brain_AXFLAIR_203_6000912,8,1,0.24858268102010092
AXFLAIR,anomalydino,0,file_brain_AXFLAIR_203_6000912,9,1,0.2414263685544332
AXFLAIR,anomalydino,0,file_brain_AXFLAIR_202_6000511,0,1,0.31308867534001666
AXFLAIR,anomalydino,0,file_brain_AXFLAIR_202_6000511,1,1,0.2562877337137858
AXFLAIR,anomalydino,0,file_brain_AXFLAIR_202_6000557,0,1,0.375311017036438
AXFLAIR,anomalydino,0,file_brain_AXFLAIR_202_6000557,1,1,0.3903219699859619
AXFLAIR,anomalydino,0,file_brain_AXFLAIR_202_6000557,2,1,0.3756834665934245
AXFLAIR,anomalydino,0,file_brain_AXFLAIR_202_6000557,3,1,0.31365148226420086
AXFLAIR,anomalydino,0,file_brain_AXFLAIR_202_6000557,4,1,0.2400097449620565
AXFLAIR,anomalydino,0,file_brain_AXFLAIR_202_6000557,5,1,0.2550402681032817
AXFLAIR,anomalydino,0,file_brain_AXFLAIR_210_6001901,0,1,0.5241714318593343
AXFLAIR,anomalydino,0,file_brain_AXFLAIR_210_6001901,1,1,0.37685656547546387
AXFLAIR,anomalydino,0,file_brain_AXFLAIR_210_6001901,2,1,0.35688455899556476
AXFLAIR,anomalydino,0,file_brain_AXFLAIR_200_6002543,0,1,0.29914583762486774
AXFLAIR,anomalydino,0,file_brain_AXFLAIR_200_6002543,1,1,0.25207775831222534
AXFLAIR,anomalydino,0,file_brain_AXFLAIR_201_6002878,0,1,0.4553179343541463
AXFLAIR,anomalydino,0,file_brain_AXFLAIR_201_6002878,1,1,0.4339882930119832
AXFLAIR,anomalydino,0,file_brain_AXFLAIR_201_6002878,2,1,0.36977434158325195
AXFLAIR,anomalydino,0,file_brain_AXFLAIR_201_6002878,3,1,0.37323856353759766
AXFLAIR,anomalydino,0,file_brain_AXFLAIR_201_6002878,4,1,0.3235355814297994
AXFLAIR,anomalydino,0,file_brain_AXFLAIR_201_6002878,5,1,0.2673661907513936
AXFLAIR,anomalydino,0,file_brain_AXFLAIR_201_6002878,6,1,0.2497571905454
AXFLAIR,anomalydino,0,file_brain_AXFLAIR_201_6002878,7,1,0.3043236931165059
AXFLAIR,anomalydino,0,file_brain_AXFLAIR_201_6002878,8,1,0.3226518432299296
AXFLAIR,anomalydino,0,file_brain_AXFLAIR_201_6002878,9,1,0.4147508144378662
AXFLAIR,anomalydino,0,file_brain_AXFLAIR_201_6002878,10,1,0.26702362298965454
AXFLAIR,anomalydino,0,file_brain_AXFLAIR_201_6002878,11,1,0.26331422726313275
AXFLAIR,anomalydino,0,file_brain_AXFLAIR_201_6002878,12,1,0.4043413003285726
AXFLAIR,anomalydino,0,file_brain_AXFLAIR_201_6002878,13,1,0.4268194039662679
AXFLAIR,anomalydino,1,file_brain_AXFLAIR_210_6001917,4,0,0.23200583457946777
AXFLAIR,anomalydino,1,file_brain_AXFLAIR_202_6000543,11,0,0.2113014260927836
AXFLAIR,anomalydino,1,file_brain_AXFLAIR_210_6001499,4,0,0.2826846241950989
AXFLAIR,anomalydino,1,file_brain_AXFLAIR_201_6002993,7,0,0.15762515862782797
AXFLAIR,anomalydino,1,file_brain_AXFLAIR_202_6000543,5,0,0.2088831067085266
AXFLAIR,anomalydino,1,file_brain_AXFLAIR_202_6000539,7,0,0.2703653772672017
AXFLAIR,anomalydino,1,file_brain_AXFLAIR_202_6000483,5,0,0.3038813869158427
AXFLAIR,anomalydino,1,file_brain_AXFLAIR_200_6002442,6,0,0.3008063832918803
AXFLAIR,anomalydino,1,file_brain_AXFLAIR_202_6000483,6,0,0.2077808976173401
AXFLAIR,anomalydino,1,file_brain_AXFLAIR_200_6002442,12,0,0.24972909688949585
AXFLAIR,anomalydino,1,file_brain_AXFLAIR_202_6000531,10,0,0.21659745772679648
AXFLAIR,anomalydino,1,file_brain_AXFLAIR_203_6000942,10,0,0.19449524084726968
AXFLAIR,anomalydino,1,file_brain_AXFLAIR_203_6000912,4,0,0.21563275655110678
AXFLAIR,anomalydino,1,file_brain_AXFLAIR_201_6002914,7,0,0.3220887581507365
AXFLAIR,anomalydino,1,file_brain_AXFLAIR_200_6002543,4,0,0.24733986457188925
AXFLAIR,anomalydino,1,file_brain_AXFLAIR_210_6001513,5,0,0.2298055092493693
AXFLAIR,anomalydino,1,file_brain_AXFLAIR_209_6001397,12,0,0.24753632148106894
AXFLAIR,anomalydino,1,file_brain_AXFLAIR_200_6002641,11,0,0.22847547133763632
AXFLAIR,anomalydino,1,file_brain_AXFLAIR_203_6000942,11,0,0.1701651612917582
AXFLAIR,anomalydino,1,file_brain_AXFLAIR_201_6002993,5,0,0.21688181161880493
AXFLAIR,anomalydino,1,file_brain_AXFLAIR_200_6002595,7,0,0.2205824851989746
AXFLAIR,anomalydino,1,file_brain_AXFLAIR_202_6000511,11,0,0.21260476112365723
AXFLAIR,anomalydino,1,file_brain_AXFLAIR_201_6002914,10,0,0.3750573794047038
AXFLAIR,anomalydino,1,file_brain_AXFLAIR_203_6000912,11,0,0.2650587360064189
AXFLAIR,anomalydino,1,file_brain_AXFLAIR_210_6001953,6,0,0.24292645851771036
AXFLAIR,anomalydino,1,file_brain_AXFLAIR_210_6001917,6,0,0.282596488793691
AXFLAIR,anomalydino,1,file_brain_AXFLAIR_200_6002442,9,0,0.21440021197001138
AXFLAIR,anomalydino,1,file_brain_AXFLAIR_210_6001953,9,0,0.2427122195561727
AXFLAIR,anomalydino,1,file_brain_AXFLAIR_200_6002442,5,0,0.25969765583674115
AXFLAIR,anomalydino,1,file_brain_AXFLAIR_200_6002442,10,0,0.29395413398742676
AXFLAIR,anomalydino,1,file_brain_AXFLAIR_202_6000531,9,0,0.38625001907348633
AXFLAIR,anomalydino,1,file_brain_AXFLAIR_201_6002914,8,0,0.21997918685277304
AXFLAIR,anomalydino,1,file_brain_AXFLAIR_202_6000474,6,0,0.20394412676493326
AXFLAIR,anomalydino,1,file_brain_AXFLAIR_201_6002941,9,0,0.24858560164769491
AXFLAIR,anomalydino,1,file_brain_AXFLAIR_210_6001499,11,0,0.24231690168380737
AXFLAIR,anomalydino,1,file_brain_AXFLAIR_202_6000539,5,0,0.2612588405609131
AXFLAIR,anomalydino,1,file_brain_AXFLAIR_202_6000474,5,0,0.19847838083902994
AXFLAIR,anomalydino,1,file_brain_AXFLAIR_209_6001377,10,0,0.3133561611175537
AXFLAIR,anomalydino,1,file_brain_AXFLAIR_200_6002595,9,0,0.20025664567947388
AXFLAIR,anomalydino,1,file_brain_AXFLAIR_201_6002993,11,0,0.1770141919453939
AXFLAIR,anomalydino,1,file_brain_AXFLAIR_202_6000557,9,0,0.2109679381052653
AXFLAIR,anomalydino,1,file_brain_AXFLAIR_210_6001513,4,0,0.16851113239924112
AXFLAIR,anomalydino,1,file_brain_AXFLAIR_201_6002941,8,0,0.19732600450515747
AXFLAIR,anomalydino,1,file_brain_AXFLAIR_203_6000912,6,0,0.21562562386194864
AXFLAIR,anomalydino,1,file_brain_AXFLAIR_201_6002914,12,0,0.16794049739837646
AXFLAIR,anomalydino,1,file_brain_AXFLAIR_209_6001377,11,0,0.20716309547424316
AXFLAIR,anomalydino,1,file_brain_AXFLAIR_210_6001499,5,0,0.20707706610361734
AXFLAIR,anomalydino,1,file_brain_AXFLAIR_202_6000557,6,0,0.2038582960764567
AXFLAIR,anomalydino,1,file_brain_AXFLAIR_202_6000557,10,0,0.17349183559417725
AXFLAIR,anomalydino,1,file_brain_AXFLAIR_202_6000543,4,0,0.27268479267756146
AXFLAIR,anomalydino,1,file_brain_AXFLAIR_202_6000531,7,0,0.25020962953567505
AXFLAIR,anomalydino,1,file_brain_AXFLAIR_200_6002595,10,0,0.40418096383412677
AXFLAIR,anomalydino,1,file_brain_AXFLAIR_201_6002914,5,0,0.2671425938606262
AXFLAIR,anomalydino,1,file_brain_AXFLAIR_202_6000531,4,0,0.25973814725875854
AXFLAIR,anomalydino,1,file_brain_AXFLAIR_210_6001513,6,0,0.26991476615269977
AXFLAIR,anomalydino,1,file_brain_AXFLAIR_200_6002442,11,0,0.1922662854194641
AXFLAIR,anomalydino,1,file_brain_AXFLAIR_209_6001377,8,0,0.210309108098348
AXFLAIR,anomalydino,1,file_brain_AXFLAIR_202_6000483,7,0,0.24117652575174967
AXFLAIR,anomalydino,1,file_brain_AXFLAIR_202_6000543,9,0,0.2113859256108602
AXFLAIR,anomalydino,1,file_brain_AXFLAIR_203_6000898,10,0,0.23505942026774088
AXFLAIR,anomalydino,1,file_brain_AXFLAIR_203_6000912,12,0,0.20939566691716513
AXFLAIR,anomalydino,1,file_brain_AXFLAIR_202_6000511,7,0,0.19505367676417032
AXFLAIR,anomalydino,1,file_brain_AXFLAIR_201_6003024,5,0,0.24665139118830362
AXFLAIR,anomalydino,1,file_brain_AXFLAIR_201_6003018,12,0,0.3124859134356181
AXFLAIR,anomalydino,1,file_brain_AXFLAIR_210_6001901,7,0,0.23650133609771729
AXFLAIR,anomalydino,1,file_brain_AXFLAIR_203_6000898,12,0,0.21864813566207886
AXFLAIR,anomalydino,1,file_brain_AXFLAIR_202_6000483,11,0,0.2045376698176066
AXFLAIR,anomalydino,1,file_brain_AXFLAIR_210_6001917,10,0,0.2083398699760437
AXFLAIR,anomalydino,1,file_brain_AXFLAIR_201_6002914,11,0,0.18769208590189615
AXFLAIR,anomalydino,1,file_brain_AXFLAIR_202_6000483,8,0,0.19435842831929526
AXFLAIR,anomalydino,1,file_brain_AXFLAIR_201_6002941,11,0,0.20962679386138916
AXFLAIR,anomalydino,1,file_brain_AXFLAIR_210_6001917,11,0,0.2718165914217631
AXFLAIR,anomalydino,1,file_brain_AXFLAIR_201_6002993,10,0,0.17588279644648233
AXFLAIR,anomalydino,1,file_brain_AXFLAIR_202_6000539,9,0,0.18713712692260742
AXFLAIR,anomalydino,1,file_brain_AXFLAIR_203_6000942,7,0,0.3083263436953227
AXFLAIR,anomalydino,1,file_brain_AXFLAIR_209_6001377,12,0,0.4836009343465169
AXFLAIR,anomalydino,1,file_brain_AXFLAIR_201_6003024,10,0,0.17917422453562418
AXFLAIR,anomalydino,1,file_brain_AXFLAIR_200_6002543,8,0,0.24572823445002237
AXFLAIR,anomalydino,1,file_brain_AXFLAIR_202_6000531,6,0,0.28537774085998535
AXFLAIR,anomalydino,1,file_brain_AXFLAIR_201_6003003,0,1,0.30216389894485474
AXFLAIR,anomalydino,1,file_brain_AXFLAIR_201_6003003,1,1,0.26872769991556805
AXFLAIR,anomalydino,1,file_brain_AXFLAIR_201_6003003,2,1,0.2529105345408122
AXFLAIR,anomalydino,1,file_brain_AXFLAIR_201_6003003,3,1,0.3114251295725505
AXFLAIR,anomalydino,1,file_brain_AXFLAIR_201_6003003,4,1,0.23753050963083902
AXFLAIR,anomalydino,1,file_brain_AXFLAIR_201_6003003,5,1,0.2299256126085917
AXFLAIR,anomalydino,1,file_brain_AXFLAIR_201_6003003,6,1,0.2360308567682902
AXFLAIR,anomalydino,1,file_brain_AXFLAIR_201_6003003,7,1,0.22381571928660074
AXFLAIR,anomalydino,1,file_brain_AXFLAIR_201_6003003,8,1,0.2862769365310669
AXFLAIR,anomalydino,1,file_brain_AXFLAIR_201_6003003,9,1,0.2732479969660441
AXFLAIR,anomalydino,1,file_brain_AXFLAIR_201_6003003,10,1,0.23182264963785806
AXFLAIR,anomalydino,1,file_brain_AXFLAIR_201_6002972,0,1,0.49027566115061444
AXFLAIR,anomalydino,1,file_brain_AXFLAIR_201_6002972,1,1,0.5205303033192953
AXFLAIR,anomalydino,1,file_brain_AXFLAIR_201_6002972,2,1,0.559786319732666
AXFLAIR,anomalydino,1,file_brain_AXFLAIR_201_6002972,3,1,0.5229738553365072
AXFLAIR,anomalydino,1,file_brain_AXFLAIR_201_6002972,4,1,0.44540802637736004
AXFLAIR,anomalydino,1,file_brain_AXFLAIR_201_6002972,5,1,0.4431458314259847
AXFLAIR,anomalydino,1,file_brain_AXFLAIR_201_6002972,6,1,0.42504159609476727
AXFLAIR,anomalydino,1,file_brain_AXFLAIR_201_6002972,7,1,0.41577863693237305
AXFLAIR,anomalydino,1,file_brain_AXFLAIR_201_6002972,8,1,0.4160011609395345
AXFLAIR,anomalydino,1,file_brain_AXFLAIR_201_6002972,9,1,0.38605324427286786
AXFLAIR,anomalydino,1,file_brain_AXFLAIR_201_6002972,10,1,0.3905342022577922
AXFLAIR,anomalydino,1,file_brain_AXFLAIR_201_6002972,11,1,0.4065555731455485
AXFLAIR,anomalydino,1,file_brain_AXFLAIR_201_6002972,12,1,0.40514834721883136
AXFLAIR,anomalydino,1,file_brain_AXFLAIR_201_6002941,0,1,0.29044153292973834
AXFLAIR,anomalydino,1,file_brain_AXFLAIR_201_6002941,1,1,0.3552721341451009
AXFLAIR,anomalydino,1,file_brain_AXFLAIR_201_6002941,2,1,0.3283544381459554
AXFLAIR,anomalydino,1,file_brain_AXFLAIR_201_6002941,3,1,0.3201274474461873
AXFLAIR,anomalydino,1,file_brain_AXFLAIR_201_6002941,4,1,0.2655375798543294
AXFLAIR,anomalydino,1,file_brain_AXFLAIR_201_6002941,5,1,0.2044194539388021
AXFLAIR,anomalydino,1,file_brain_AXFLAIR_202_6000508,1,1,0.32810378074645996
AXFLAIR,anomalydino,1,file_brain_AXFLAIR_202_6000508,2,1,0.3560399611790975
AXFLAIR,anomalydino,1,file_brain_AXFLAIR_202_6000508,3,1,0.4446810881296794
AXFLAIR,anomalydino,1,file_brain_AXFLAIR_202_6000508,4,1,0.4113829930623372
AXFLAIR,anomalydino,1,file_brain_AXFLAIR_202_6000508,5,1,0.38413461049397785
AXFLAIR,anomalydino,1,file_brain_AXFLAIR_202_6000508,6,1,0.40629903475443524
AXFLAIR,anomalydino,1,file_brain_AXFLAIR_202_6000508,7,1,0.3637341658274333
AXFLAIR,anomalydino,1,file_brain_AXFLAIR_202_6000508,8,1,0.3547670841217041
AXFLAIR,anomalydino,1,file_brain_AXFLAIR_202_6000508,9,1,0.4100133577982585
AXFLAIR,anomalydino,1,file_brain_AXFLAIR_202_6000508,10,1,0.3355827331542969
AXFLAIR,anomalydino,1,file_brain_AXFLAIR_202_6000508,11,1,0.4724900722503662
AXFLAIR,anomalydino,1,file_brain_AXFLAIR_202_6000508,12,1,0.4551381667455037
AXFLAIR,anomalydino,1,file_brain_AXFLAIR_202_6000508,13,1,0.40523866812388104
AXFLAIR,anomalydino,1,file_brain_AXFLAIR_200_6002641,3,1,0.17972958087921143
AXFLAIR,anomalydino,1,file_brain_AXFLAIR_200_6002641,7,1,0.19419809182484946
AXFLAIR,anomalydino,1,file_brain_AXFLAIR_200_6002641,8,1,0.14645326137542725
AXFLAIR,anomalydino,1,file_brain_AXFLAIR_201_6003008,0,1,0.3857852617899577
AXFLAIR,anomalydino,1,file_brain_AXFLAIR_201_6003008,1,1,0.41793036460876465
AXFLAIR,anomalydino,1,file_brain_AXFLAIR_201_6003008,2,1,0.4074523448944092
AXFLAIR,anomalydino,1,file_brain_AXFLAIR_201_6003008,3,1,0.4093284606933594
AXFLAIR,anomalydino,1,file_brain_AXFLAIR_201_6003008,4,1,0.3217104474703471
AXFLAIR,anomalydino,1,file_brain_AXFLAIR_201_6003008,5,1,0.31390148401260376
AXFLAIR,anomalydino,1,file_brain_AXFLAIR_201_6003008,6,1,0.2952113350232442
AXFLAIR,anomalydino,1,file_brain_AXFLAIR_201_6003008,7,1,0.4046757221221924
AXFLAIR,anomalydino,1,file_brain_AXFLAIR_201_6003008,8,1,0.4047672748565674
AXFLAIR,anomalydino,1,file_brain_AXFLAIR_201_6003008,9,1,0.2788192828496297
AXFLAIR,anomalydino,1,file_brain_AXFLAIR_201_6003008,10,1,0.2879344622294108
AXFLAIR,anomalydino,1,file_brain_AXFLAIR_201_6003008,11,1,0.28652457396189374
AXFLAIR,anomalydino,1,file_brain_AXFLAIR_201_6003008,12,1,0.29039132595062256
AXFLAIR,anomalydino,1,file_brain_AXFLAIR_201_6003008,13,1,0.24141802390416464
AXFLAIR,anomalydino,1,file_brain_AXFLAIR_201_6002914,0,1,0.42116260528564453
AXFLAIR,anomalydino,1,file_brain_AXFLAIR_201_6002914,1,1,0.4607315460840861
AXFLAIR,anomalydino,1,file_brain_AXFLAIR_201_6002914,2,1,0.28772322336832684
AXFLAIR,anomalydino,1,file_brain_AXFLAIR_201_6002914,3,1,0.29215850432713825
AXFLAIR,anomalydino,1,file_brain_AXFLAIR_201_6002914,6,1,0.154750386873881
AXFLAIR,anomalydino,1,file_brain_AXFLAIR_202_6000421,0,1,0.4470990101496379
AXFLAIR,anomalydino,1,file_brain_AXFLAIR_202_6000421,1,1,0.4705199400583903
AXFLAIR,anomalydino,1,file_brain_AXFLAIR_202_6000421,2,1,0.39307836691538495
AXFLAIR,anomalydino,1,file_brain_AXFLAIR_202_6000421,3,1,0.4052865107854207
AXFLAIR,anomalydino,1,file_brain_AXFLAIR_202_6000421,4,1,0.4064637025197347
AXFLAIR,anomalydino,1,file_brain_AXFLAIR_202_6000421,5,1,0.4090401331583659
AXFLAIR,anomalydino,1,file_brain_AXFLAIR_202_6000421,6,1,0.4150123993555705
AXFLAIR,anomalydino,1,file_brain_AXFLAIR_202_6000421,7,1,0.46149782339731854
AXFLAIR,anomalydino,1,file_brain_AXFLAIR_202_6000421,8,1,0.47380828857421875
AXFLAIR,anomalydino,1,file_brain_AXFLAIR_202_6000421,9,1,0.49584750334421795
AXFLAIR,anomalydino,1,file_brain_AXFLAIR_202_6000421,10,1,0.5603878895441691
AXFLAIR,anomalydino,1,file_brain_AXFLAIR_202_6000421,11,1,0.47081979115804035
AXFLAIR,anomalydino,1,file_brain_AXFLAIR_202_6000421,12,1,0.5606981118520101
AXFLAIR,anomalydino,1,file_brain_AXFLAIR_202_6000421,13,1,0.6333965460459391
AXFLAIR,anomalydino,1,file_brain_AXFLAIR_202_6000421,14,1,0.5448023478190104
AXFLAIR,anomalydino,1,file_brain_AXFLAIR_201_6002960,0,1,0.3715373675028483
AXFLAIR,anomalydino,1,file_brain_AXFLAIR_201_6002960,1,1,0.31911589701970416
AXFLAIR,anomalydino,1,file_brain_AXFLAIR_201_6002960,2,1,0.36814483006795246
AXFLAIR,anomalydino,1,file_brain_AXFLAIR_201_6002960,3,1,0.3976115385691325
AXFLAIR,anomalydino,1,file_brain_AXFLAIR_201_6002960,4,1,0.3734467029571533
AXFLAIR,anomalydino,1,file_brain_AXFLAIR_201_6002960,5,1,0.27016963561375934
AXFLAIR,anomalydino,1,file_brain_AXFLAIR_201_6002960,6,1,0.2615278959274292
AXFLAIR,anomalydino,1,file_brain_AXFLAIR_201_6002960,7,1,0.3057720462481181
AXFLAIR,anomalydino,1,file_brain_AXFLAIR_201_6002960,8,1,0.25094515085220337
AXFLAIR,anomalydino,1,file_brain_AXFLAIR_201_6002960,9,1,0.2933853467305501
AXFLAIR,anomalydino,1,file_brain_AXFLAIR_203_6000875,0,1,0.43170217672983807
AXFLAIR,anomalydino,1,file_brain_AXFLAIR_203_6000875,1,1,0.47242021560668945
AXFLAIR,anomalydino,1,file_brain_AXFLAIR_203_6000875,2,1,0.4242242177327474
AXFLAIR,anomalydino,1,file_brain_AXFLAIR_203_6000875,3,1,0.3726714849472046
AXFLAIR,anomalydino,1,file_brain_AXFLAIR_203_6000875,4,1,0.3641970157623291
AXFLAIR,anomalydino,1,file_brain_AXFLAIR_203_6000875,5,1,0.3460859457651774
AXFLAIR,anomalydino,1,file_brain_AXFLAIR_203_6000875,6,1,0.3854343096415202
AXFLAIR,anomalydino,1,file_brain_AXFLAIR_203_6000875,7,1,0.31754334767659503
AXFLAIR,anomalydino,1,file_brain_AXFLAIR_203_6000875,8,1,0.3445655902226766
AXFLAIR,anomalydino,1,file_brain_AXFLAIR_203_6000875,9,1,0.38766149679819745
AXFLAIR,anomalydino,1,file_brain_AXFLAIR_203_6000875,10,1,0.3730595111846924
AXFLAIR,anomalydino,1,file_brain_AXFLAIR_203_6000875,11,1,0.3821122646331787
AXFLAIR,anomalydino,1,file_brain_AXFLAIR_203_6000875,12,1,0.48458027839660645
AXFLAIR,anomalydino,1,file_brain_AXFLAIR_203_6000875,13,1,0.43611013889312744
AXFLAIR,anomalydino,1,file_brain_AXFLAIR_203_6000875,14,1,0.4435721238454183
AXFLAIR,anomalydino,1,file_brain_AXFLAIR_203_6000875,15,1,0.42609484990437824
AXFLAIR,anomalydino,1,file_brain_AXFLAIR_210_6001953,10,1,0.23646918932596842
AXFLAIR,anomalydino,1,file_brain_AXFLAIR_201_6003018,0,1,0.3764205773671468
AXFLAIR,anomalydino,1,file_brain_AXFLAIR_201_6003018,1,1,0.42148661613464355
AXFLAIR,anomalydino,1,file_brain_AXFLAIR_201_6003018,2,1,0.39994462331136066
AXFLAIR,anomalydino,1,file_brain_AXFLAIR_201_6003018,3,1,0.36882134278615314
AXFLAIR,anomalydino,1,file_brain_AXFLAIR_201_6003018,4,1,0.35889101028442383
AXFLAIR,anomalydino,1,file_brain_AXFLAIR_201_6003018,5,1,0.24215213457743326
AXFLAIR,anomalydino,1,file_brain_AXFLAIR_201_6003018,6,1,0.2571250597635905
AXFLAIR,anomalydino,1,file_brain_AXFLAIR_201_6003018,7,1,0.24502809842427573
AXFLAIR,anomalydino,1,file_brain_AXFLAIR_201_6003018,8,1,0.2563784917195638
AXFLAIR,anomalydino,1,file_brain_AXFLAIR_200_6002595,2,1,0.2855380376180013
AXFLAIR,anomalydino,1,file_brain_AXFLAIR_200_6002595,3,1,0.20957322915395102
AXFLAIR,anomalydino,1,file_brain_AXFLAIR_200_6002595,4,1,0.1920640468597412
AXFLAIR,anomalydino,1,file_brain_AXFLAIR_200_6002595,5,1,0.1698561112085978
AXFLAIR,anomalydino,1,file_brain_AXFLAIR_203_6000898,1,1,0.3306093215942383
AXFLAIR,anomalydino,1,file_brain_AXFLAIR_203_6000898,2,1,0.32080050309499103
AXFLAIR,anomalydino,1,file_brain_AXFLAIR_203_6000898,3,1,0.36630527178446454
AXFLAIR,anomalydino,1,file_brain_AXFLAIR_203_6000898,5,1,0.3008189598719279
AXFLAIR,anomalydino,1,file_brain_AXFLAIR_203_6000912,7,1,0.1945197582244873
AXFLAIR,anomalydino,1,file_brain_AXFLAIR_203_6000912,8,1,0.22227627038955688
AXFLAIR,anomalydino,1,file_brain_AXFLAIR_203_6000912,9,1,0.24521827697753906
AXFLAIR,anomalydino,1,file_brain_AXFLAIR_202_6000511,0,1,0.316783607006073
AXFLAIR,anomalydino,1,file_brain_AXFLAIR_202_6000511,1,1,0.2575258215268453
AXFLAIR,anomalydino,1,file_brain_AXFLAIR_202_6000557,0,1,0.38343318303426105
AXFLAIR,anomalydino,1,file_brain_AXFLAIR_202_6000557,1,1,0.4114013910293579
AXFLAIR,anomalydino,1,file_brain_AXFLAIR_202_6000557,2,1,0.37515759468078613
AXFLAIR,anomalydino,1,file_brain_AXFLAIR_202_6000557,3,1,0.3124229311943054
AXFLAIR,anomalydino,1,file_brain_AXFLAIR_202_6000557,4,1,0.22911282380421957
AXFLAIR,anomalydino,1,file_brain_AXFLAIR_202_6000557,5,1,0.24995569388071695
AXFLAIR,anomalydino,1,file_brain_AXFLAIR_210_6001901,0,1,0.5366862614949545
AXFLAIR,anomalydino,1,file_brain_AXFLAIR_210_6001901,1,1,0.3839162190755208
AXFLAIR,anomalydino,1,file_brain_AXFLAIR_210_6001901,2,1,0.36468319098154706
AXFLAIR,anomalydino,1,file_brain_AXFLAIR_200_6002543,0,1,0.3104219039281209
AXFLAIR,anomalydino,1,file_brain_AXFLAIR_200_6002543,1,1,0.2511362036069234
AXFLAIR,anomalydino,1,file_brain_AXFLAIR_201_6002878,0,1,0.4528137842814128
AXFLAIR,anomalydino,1,file_brain_AXFLAIR_201_6002878,1,1,0.4443282683690389
AXFLAIR,anomalydino,1,file_brain_AXFLAIR_201_6002878,2,1,0.3719513416290283
AXFLAIR,anomalydino,1,file_brain_AXFLAIR_201_6002878,3,1,0.3773959477742513
AXFLAIR,anomalydino,1,file_brain_AXFLAIR_201_6002878,4,1,0.3420492808024089
AXFLAIR,anomalydino,1,file_brain_AXFLAIR_201_6002878,5,1,0.2809818585713704
AXFLAIR,anomalydino,1,file_brain_AXFLAIR_201_6002878,6,1,0.27792759736378986
AXFLAIR,anomalydino,1,file_brain_AXFLAIR_201_6002878,7,1,0.2804325024286906
AXFLAIR,anomalydino,1,file_brain_AXFLAIR_201_6002878,8,1,0.30600273609161377
AXFLAIR,anomalydino,1,file_brain_AXFLAIR_201_6002878,9,1,0.40107905864715576
AXFLAIR,anomalydino,1,file_brain_AXFLAIR_201_6002878,10,1,0.2546326319376628
AXFLAIR,anomalydino,1,file_brain_AXFLAIR_201_6002878,11,1,0.2547878821690877
AXFLAIR,anomalydino,1,file_brain_AXFLAIR_201_6002878,12,1,0.42271776994069415
AXFLAIR,anomalydino,1,file_brain_AXFLAIR_201_6002878,13,1,0.43112138907114667
AXFLAIR,anomalydino,2,file_brain_AXFLAIR_210_6001917,4,0,0.23146398862202963
AXFLAIR,anomalydino,2,file_brain_AXFLAIR_202_6000543,11,0,0.22811853885650635
AXFLAIR,anomalydino,2,file_brain_AXFLAIR_210_6001499,4,0,0.2826846241950989
AXFLAIR,anomalydino,2,file_brain_AXFLAIR_201_6002993,7,0,0.15990998347600302
AXFLAIR,anomalydino,2,file_brain_AXFLAIR_202_6000543,5,0,0.19160296519597372
AXFLAIR,anomalydino,2,file_brain_AXFLAIR_202_6000539,7,0,0.26110929250717163
AXFLAIR,anomalydino,2,file_brain_AXFLAIR_202_6000483,5,0,0.32906782627105713
AXFLAIR,anomalydino,2,file_brain_AXFLAIR_200_6002442,6,0,0.25453706582387287
AXFLAIR,anomalydino,2,file_brain_AXFLAIR_202_6000483,6,0,0.20302804311116537
AXFLAIR,anomalydino,2,file_brain_AXFLAIR_200_6002442,12,0,0.2304002046585083
AXFLAIR,anomalydino,2,file_brain_AXFLAIR_202_6000531,10,0,0.2026998202006022
AXFLAIR,anomalydino,2,file_brain_AXFLAIR_203_6000942,10,0,0.19490853945414224
AXFLAIR,anomalydino,2,file_brain_AXFLAIR_203_6000912,4,0,0.2102572520573934
AXFLAIR,anomalydino,2,file_brain_AXFLAIR_201_6002914,7,0,0.3300737738609314
AXFLAIR,anomalydino,2,file_brain_AXFLAIR_200_6002543,4,0,0.2384687860806783
AXFLAIR,anomalydino,2,file_brain_AXFLAIR_210_6001513,5,0,0.23261578877766928
AXFLAIR,anomalydino,2,file_brain_AXFLAIR_209_6001397,12,0,0.24378748734792074
AXFLAIR,anomalydino,2,file_brain_AXFLAIR_200_6002641,11,0,0.211879293123881
AXFLAIR,anomalydino,2,file_brain_AXFLAIR_203_6000942,11,0,0.1805183490117391
AXFLAIR,anomalydino,2,file_brain_AXFLAIR_201_6002993,5,0,0.21913301944732666
AXFLAIR,anomalydino,2,file_brain_AXFLAIR_200_6002595,7,0,0.21900057792663574
AXFLAIR,anomalydino,2,file_brain_AXFLAIR_202_6000511,11,0,0.22416696945826212
AXFLAIR,anomalydino,2,file_brain_AXFLAIR_201_6002914,10,0,0.3729775746663411
AXFLAIR,anomalydino,2,file_brain_AXFLAIR_203_6000912,11,0,0.2498840888341268
AXFLAIR,anomalydino,2,file_brain_AXFLAIR_210_6001953,6,0,0.24139289061228433
AXFLAIR,anomalydino,2,file_brain_AXFLAIR_210_6001917,6,0,0.2733788887659709
AXFLAIR,anomalydino,2,file_brain_AXFLAIR_200_6002442,9,0,0.21817082166671753
AXFLAIR,anomalydino,2,file_brain_AXFLAIR_210_6001953,9,0,0.24646824598312378
AXFLAIR,anomalydino,2,file_brain_AXFLAIR_200_6002442,5,0,0.23812941710154215
AXFLAIR,anomalydino,2,file_brain_AXFLAIR_200_6002442,10,0,0.2706794738769531
AXFLAIR,anomalydino,2,file_brain_AXFLAIR_202_6000531,9,0,0.385193665822347
AXFLAIR,anomalydino,2,file_brain_AXFLAIR_201_6002914,8,0,0.22230197985967
AXFLAIR,anomalydino,2,file_brain_AXFLAIR_202_6000474,6,0,0.21699259678522745
AXFLAIR,anomalydino,2,file_brain_AXFLAIR_201_6002941,9,0,0.2420303225517273
AXFLAIR,anomalydino,2,file_brain_AXFLAIR_210_6001499,11,0,0.2483285665512085
AXFLAIR,anomalydino,2,file_brain_AXFLAIR_202_6000539,5,0,0.24784050385157266
AXFLAIR,anomalydino,2,file_brain_AXFLAIR_202_6000474,5,0,0.1925118366877238
AXFLAIR,anomalydino,2,file_brain_AXFLAIR_209_6001377,10,0,0.336251695950826
AXFLAIR,anomalydino,2,file_brain_AXFLAIR_200_6002595,9,0,0.1982973019282023
AXFLAIR,anomalydino,2,file_brain_AXFLAIR_201_6002993,11,0,0.1817460854848226
AXFLAIR,anomalydino,2,file_brain_AXFLAIR_202_6000557,9,0,0.2023798624674479
AXFLAIR,anomalydino,2,file_brain_AXFLAIR_210_6001513,4,0,0.16329079866409302
AXFLAIR,anomalydino,2,file_brain_AXFLAIR_201_6002941,8,0,0.20272173484166464
AXFLAIR,anomalydino,2,file_brain_AXFLAIR_203_6000912,6,0,0.21200650930404663
AXFLAIR,anomalydino,2,file_brain_AXFLAIR_201_6002914,12,0,0.16792734464009604
AXFLAIR,anomalydino,2,file_brain_AXFLAIR_209_6001377,11,0,0.2057755390803019
AXFLAIR,anomalydino,2,file_brain_AXFLAIR_210_6001499,5,0,0.2075653870900472
AXFLAIR,anomalydino,2,file_brain_AXFLAIR_202_6000557,6,0,0.20096705357233682
AXFLAIR,anomalydino,2,file_brain_AXFLAIR_202_6000557,10,0,0.18399296204249063
AXFLAIR,anomalydino,2,file_brain_AXFLAIR_202_6000543,4,0,0.285224715868632
AXFLAIR,anomalydino,2,file_brain_AXFLAIR_202_6000531,7,0,0.27241478363672894
AXFLAIR,anomalydino,2,file_brain_AXFLAIR_200_6002595,10,0,0.4162006378173828
AXFLAIR,anomalydino,2,file_brain_AXFLAIR_201_6002914,5,0,0.264323890209198
AXFLAIR,anomalydino,2,file_brain_AXFLAIR_202_6000531,4,0,0.245386004447937
AXFLAIR,anomalydino,2,file_brain_AXFLAIR_210_6001513,6,0,0.2493019700050354
AXFLAIR,anomalydino,2,file_brain_AXFLAIR_200_6002442,11,0,0.20817665259043375
AXFLAIR,anomalydino,2,file_brain_AXFLAIR_209_6001377,8,0,0.21853488683700562
AXFLAIR,anomalydino,2,file_brain_AXFLAIR_202_6000483,7,0,0.2295352816581726
AXFLAIR,anomalydino,2,file_brain_AXFLAIR_202_6000543,9,0,0.22156878312428793
AXFLAIR,anomalydino,2,file_brain_AXFLAIR_203_6000898,10,0,0.26142094532648724
AXFLAIR,anomalydino,2,file_brain_AXFLAIR_203_6000912,12,0,0.19268556435902914
AXFLAIR,anomalydino,2,file_brain_AXFLAIR_202_6000511,7,0,0.19242101907730103
AXFLAIR,anomalydino,2,file_brain_AXFLAIR_201_6003024,5,0,0.2552385926246643
AXFLAIR,anomalydino,2,file_brain_AXFLAIR_201_6003018,12,0,0.3227385679880778
AXFLAIR,anomalydino,2,file_brain_AXFLAIR_210_6001901,7,0,0.22730517387390137
AXFLAIR,anomalydino,2,file_brain_AXFLAIR_203_6000898,12,0,0.20718077818552652
AXFLAIR,anomalydino,2,file_brain_AXFLAIR_202_6000483,11,0,0.20717279116312662
AXFLAIR,anomalydino,2,file_brain_AXFLAIR_210_6001917,10,0,0.2016603151957194
AXFLAIR,anomalydino,2,file_brain_AXFLAIR_201_6002914,11,0,0.17981266975402832
AXFLAIR,anomalydino,2,file_brain_AXFLAIR_202_6000483,8,0,0.2002661426862081
AXFLAIR,anomalydino,2,file_brain_AXFLAIR_201_6002941,11,0,0.2039379874865214
AXFLAIR,anomalydino,2,file_brain_AXFLAIR_210_6001917,11,0,0.23628675937652588
AXFLAIR,anomalydino,2,file_brain_AXFLAIR_201_6002993,10,0,0.16546064615249634
AXFLAIR,anomalydino,2,file_brain_AXFLAIR_202_6000539,9,0,0.1902280648549398
AXFLAIR,anomalydino,2,file_brain_AXFLAIR_203_6000942,7,0,0.297644038995107
AXFLAIR,anomalydino,2,file_brain_AXFLAIR_209_6001377,12,0,0.45189857482910156
AXFLAIR,anomalydino,2,file_brain_AXFLAIR_201_6003024,10,0,0.2028802235921224
AXFLAIR,anomalydino,2,file_brain_AXFLAIR_200_6002543,8,0,0.23507678508758545
AXFLAIR,anomalydino,2,file_brain_AXFLAIR_202_6000531,6,0,0.2892455856005351
AXFLAIR,anomalydino,2,file_brain_AXFLAIR_201_6003003,0,1,0.2942107319831848
AXFLAIR,anomalydino,2,file_brain_AXFLAIR_201_6003003,1,1,0.2704763213793437
AXFLAIR,anomalydino,2,file_brain_AXFLAIR_201_6003003,2,1,0.2699191172917684
AXFLAIR,anomalydino,2,file_brain_AXFLAIR_201_6003003,3,1,0.3088931441307068
AXFLAIR,anomalydino,2,file_brain_AXFLAIR_201_6003003,4,1,0.24092525243759155
AXFLAIR,anomalydino,2,file_brain_AXFLAIR_201_6003003,5,1,0.2203672726949056
AXFLAIR,anomalydino,2,file_brain_AXFLAIR_201_6003003,6,1,0.24017441272735596
AXFLAIR,anomalydino,2,file_brain_AXFLAIR_201_6003003,7,1,0.24080083767573038
AXFLAIR,anomalydino,2,file_brain_AXFLAIR_201_6003003,8,1,0.2941285967826843
AXFLAIR,anomalydino,2,file_brain_AXFLAIR_201_6003003,9,1,0.274886687596639
AXFLAIR,anomalydino,2,file_brain_AXFLAIR_201_6003003,10,1,0.23050667842229208
AXFLAIR,anomalydino,2,file_brain_AXFLAIR_201_6002972,0,1,0.49041175842285156
AXFLAIR,anomalydino,2,file_brain_AXFLAIR_201_6002972,1,1,0.5274848937988281
AXFLAIR,anomalydino,2,file_brain_AXFLAIR_201_6002972,2,1,0.5711750586827596
AXFLAIR,anomalydino,2,file_brain_AXFLAIR_201_6002972,3,1,0.5255786180496216
AXFLAIR,anomalydino,2,file_brain_AXFLAIR_201_6002972,4,1,0.44264014561971027
AXFLAIR,anomalydino,2,file_brain_AXFLAIR_201_6002972,5,1,0.45068613688151044
AXFLAIR,anomalydino,2,file_brain_AXFLAIR_201_6002972,6,1,0.4204592704772949
AXFLAIR,anomalydino,2,file_brain_AXFLAIR_201_6002972,7,1,0.39169641335805255
AXFLAIR,anomalydino,2,file_brain_AXFLAIR_201_6002972,8,1,0.42185314496358234
AXFLAIR,anomalydino,2,file_brain_AXFLAIR_201_6002972,9,1,0.39501949151357013
AXFLAIR,anomalydino,2,file_brain_AXFLAIR_201_6002972,10,1,0.3862949212392171
AXFLAIR,anomalydino,2,file_brain_AXFLAIR_201_6002972,11,1,0.4066778818766276
AXFLAIR,anomalydino,2,file_brain_AXFLAIR_201_6002972,12,1,0.41964491208394367
AXFLAIR,anomalydino,2,file_brain_AXFLAIR_201_6002941,0,1,0.3076557119687398
AXFLAIR,anomalydino,2,file_brain_AXFLAIR_201_6002941,1,1,0.3473807175954183
AXFLAIR,anomalydino,2,file_brain_AXFLAIR_201_6002941,2,1,0.24994556109110513
AXFLAIR,anomalydino,2,file_brain_AXFLAIR_201_6002941,3,1,0.28796927134195965
AXFLAIR,anomalydino,2,file_brain_AXFLAIR_201_6002941,4,1,0.2629767258961995
AXFLAIR,anomalydino,2,file_brain_AXFLAIR_201_6002941,5,1,0.21369830767313638
AXFLAIR,anomalydino,2,file_brain_AXFLAIR_202_6000508,1,1,0.34102463722229004
AXFLAIR,anomalydino,2,file_brain_AXFLAIR_202_6000508,2,1,0.3645713726679484
AXFLAIR,anomalydino,2,file_brain_AXFLAIR_202_6000508,3,1,0.43326934178670246
AXFLAIR,anomalydino,2,file_brain_AXFLAIR_202_6000508,4,1,0.4113829930623372
AXFLAIR,anomalydino,2,file_brain_AXFLAIR_202_6000508,5,1,0.3893669843673706
AXFLAIR,anomalydino,2,file_brain_AXFLAIR_202_6000508,6,1,0.40887848536173504
AXFLAIR,anomalydino,2,file_brain_AXFLAIR_202_6000508,7,1,0.3600490093231201
AXFLAIR,anomalydino,2,file_brain_AXFLAIR_202_6000508,8,1,0.3625216484069824
AXFLAIR,anomalydino,2,file_brain_AXFLAIR_202_6000508,9,1,0.4364907741546631
AXFLAIR,anomalydino,2,file_brain_AXFLAIR_202_6000508,10,1,0.33242928981781006
AXFLAIR,anomalydino,2,file_brain_AXFLAIR_202_6000508,11,1,0.4636327425638835
AXFLAIR,anomalydino,2,file_brain_AXFLAIR_202_6000508,12,1,0.44778625170389813
AXFLAIR,anomalydino,2,file_brain_AXFLAIR_202_6000508,13,1,0.42194056510925293
AXFLAIR,anomalydino,2,file_brain_AXFLAIR_200_6002641,3,1,0.19037516911824545
AXFLAIR,anomalydino,2,file_brain_AXFLAIR_200_6002641,7,1,0.18217269579569498
AXFLAIR,anomalydino,2,file_brain_AXFLAIR_200_6002641,8,1,0.13975799083709717
AXFLAIR,anomalydino,2,file_brain_AXFLAIR_201_6003008,0,1,0.3919989267985026
AXFLAIR,anomalydino,2,file_brain_AXFLAIR_201_6003008,1,1,0.4047575791676839
AXFLAIR,anomalydino,2,file_brain_AXFLAIR_201_6003008,2,1,0.39880049228668213
AXFLAIR,anomalydino,2,file_brain_AXFLAIR_201_6003008,3,1,0.405276616414388
AXFLAIR,anomalydino,2,file_brain_AXFLAIR_201_6003008,4,1,0.3367879390716553
AXFLAIR,anomalydino,2,file_brain_AXFLAIR_201_6003008,5,1,0.35170722007751465
AXFLAIR,anomalydino,2,file_brain_AXFLAIR_201_6003008,6,1,0.33386003971099854
AXFLAIR,anomalydino,2,file_brain_AXFLAIR_201_6003008,7,1,0.3965612252553304
AXFLAIR,anomalydino,2,file_brain_AXFLAIR_201_6003008,8,1,0.39872153600056964
AXFLAIR,anomalydino,2,file_brain_AXFLAIR_201_6003008,9,1,0.29373379548390705
AXFLAIR,anomalydino,2,file_brain_AXFLAIR_201_6003008,10,1,0.2910401225090027
AXFLAIR,anomalydino,2,file_brain_AXFLAIR_201_6003008,11,1,0.28616003195444745
AXFLAIR,anomalydino,2,file_brain_AXFLAIR_201_6003008,12,1,0.29305344820022583
AXFLAIR,anomalydino,2,file_brain_AXFLAIR_201_6003008,13,1,0.2586689790089925
AXFLAIR,anomalydino,2,file_brain_AXFLAIR_201_6002914,0,1,0.4151301383972168
AXFLAIR,anomalydino,2,file_brain_AXFLAIR_201_6002914,1,1,0.4586037000020345
AXFLAIR,anomalydino,2,file_brain_AXFLAIR_201_6002914,2,1,0.28994866212209064
AXFLAIR,anomalydino,2,file_brain_AXFLAIR_201_6002914,3,1,0.2901609738667806
AXFLAIR,anomalydino,2,file_brain_AXFLAIR_201_6002914,6,1,0.16744170586268106
AXFLAIR,anomalydino,2,file_brain_AXFLAIR_202_6000421,0,1,0.45036526521046955
AXFLAIR,anomalydino,2,file_brain_AXFLAIR_202_6000421,1,1,0.4680179754892985
AXFLAIR,anomalydino,2,file_brain_AXFLAIR_202_6000421,2,1,0.3759605884552002
AXFLAIR,anomalydino,2,file_brain_AXFLAIR_202_6000421,3,1,0.3817046880722046
AXFLAIR,anomalydino,2,file_brain_AXFLAIR_202_6000421,4,1,0.4080772399902344
AXFLAIR,anomalydino,2,file_brain_AXFLAIR_202_6000421,5,1,0.3804500102996826
AXFLAIR,anomalydino,2,file_brain_AXFLAIR_202_6000421,6,1,0.374330997467041
AXFLAIR,anomalydino,2,file_brain_AXFLAIR_202_6000421,7,1,0.41859594980875653
AXFLAIR,anomalydino,2,file_brain_AXFLAIR_202_6000421,8,1,0.43614617983500165
AXFLAIR,anomalydino,2,file_brain_AXFLAIR_202_6000421,9,1,0.4832635720570882
AXFLAIR,anomalydino,2,file_brain_AXFLAIR_202_6000421,10,1,0.5536237955093384
AXFLAIR,anomalydino,2,file_brain_AXFLAIR_202_6000421,11,1,0.473150094350179
AXFLAIR,anomalydino,2,file_brain_AXFLAIR_202_6000421,12,1,0.5559239387512207
AXFLAIR,anomalydino,2,file_brain_AXFLAIR_202_6000421,13,1,0.6315653324127197
AXFLAIR,anomalydino,2,file_brain_AXFLAIR_202_6000421,14,1,0.5420097510019938
AXFLAIR,anomalydino,2,file_brain_AXFLAIR_201_6002960,0,1,0.37706947326660156
AXFLAIR,anomalydino,2,file_brain_AXFLAIR_201_6002960,1,1,0.3091739018758138
AXFLAIR,anomalydino,2,file_brain_AXFLAIR_201_6002960,2,1,0.3600287040074666
AXFLAIR,anomalydino,2,file_brain_AXFLAIR_201_6002960,3,1,0.4110406239827474
AXFLAIR,anomalydino,2,file_brain_AXFLAIR_201_6002960,4,1,0.34763777256011963
AXFLAIR,anomalydino,2,file_brain_AXFLAIR_201_6002960,5,1,0.25737454493840534
AXFLAIR,anomalydino,2,file_brain_AXFLAIR_201_6002960,6,1,0.2579472064971924
AXFLAIR,anomalydino,2,file_brain_AXFLAIR_201_6002960,7,1,0.28532272577285767
AXFLAIR,anomalydino,2,file_brain_AXFLAIR_201_6002960,8,1,0.26445045073827106
AXFLAIR,anomalydino,2,file_brain_AXFLAIR_201_6002960,9,1,0.2940022945404053
AXFLAIR,anomalydino,2,file_brain_AXFLAIR_203_6000875,0,1,0.4341748555501302
AXFLAIR,anomalydino,2,file_brain_AXFLAIR_203_6000875,1,1,0.4708312352498372
AXFLAIR,anomalydino,2,file_brain_AXFLAIR_203_6000875,2,1,0.4434613784154256
AXFLAIR,anomalydino,2,file_brain_AXFLAIR_203_6000875,3,1,0.37521878878275555
AXFLAIR,anomalydino,2,file_brain_AXFLAIR_203_6000875,4,1,0.36569730440775555
AXFLAIR,anomalydino,2,file_brain_AXFLAIR_203_6000875,5,1,0.33023009697596234
AXFLAIR,anomalydino,2,file_brain_AXFLAIR_203_6000875,6,1,0.37582846482594806
AXFLAIR,anomalydino,2,file_brain_AXFLAIR_203_6000875,7,1,0.29609930515289307
AXFLAIR,anomalydino,2,file_brain_AXFLAIR_203_6000875,8,1,0.36837947368621826
AXFLAIR,anomalydino,2,file_brain_AXFLAIR_203_6000875,9,1,0.3915477196375529
AXFLAIR,anomalydino,2,file_brain_AXFLAIR_203_6000875,10,1,0.3617171843846639
AXFLAIR,anomalydino,2,file_brain_AXFLAIR_203_6000875,11,1,0.3877262274424235
AXFLAIR,anomalydino,2,file_brain_AXFLAIR_203_6000875,12,1,0.4899168411890666
AXFLAIR,anomalydino,2,file_brain_AXFLAIR_203_6000875,13,1,0.44060492515563965
AXFLAIR,anomalydino,2,file_brain_AXFLAIR_203_6000875,14,1,0.47631533940633136
AXFLAIR,anomalydino,2,file_brain_AXFLAIR_203_6000875,15,1,0.4191025495529175
AXFLAIR,anomalydino,2,file_brain_AXFLAIR_210_6001953,10,1,0.2160293459892273
AXFLAIR,anomalydino,2,file_brain_AXFLAIR_201_6003018,0,1,0.3705647786458333
AXFLAIR,anomalydino,2,file_brain_AXFLAIR_201_6003018,1,1,0.4123227596282959
AXFLAIR,anomalydino,2,file_brain_AXFLAIR_201_6003018,2,1,0.38359832763671875
AXFLAIR,anomalydino,2,file_brain_AXFLAIR_201_6003018,3,1,0.3737754821777344
AXFLAIR,anomalydino,2,file_brain_AXFLAIR_201_6003018,4,1,0.35067133108774823
AXFLAIR,anomalydino,2,file_brain_AXFLAIR_201_6003018,5,1,0.2465091347694397
AXFLAIR,anomalydino,2,file_brain_AXFLAIR_201_6003018,6,1,0.25907472769419354
AXFLAIR,anomalydino,2,file_brain_AXFLAIR_201_6003018,7,1,0.2606552243232727
AXFLAIR,anomalydino,2,file_brain_AXFLAIR_201_6003018,8,1,0.2737908164660136
AXFLAIR,anomalydino,2,file_brain_AXFLAIR_200_6002595,2,1,0.2998432119687398
AXFLAIR,anomalydino,2,file_brain_AXFLAIR_200_6002595,3,1,0.1871179739634196
AXFLAIR,anomalydino,2,file_brain_AXFLAIR_200_6002595,4,1,0.16035072008768717
AXFLAIR,anomalydino,2,file_brain_AXFLAIR_200_6002595,5,1,0.16128053267796835
AXFLAIR,anomalydino,2,file_brain_AXFLAIR_203_6000898,1,1,0.31974991162618
AXFLAIR,anomalydino,2,file_brain_AXFLAIR_203_6000898,2,1,0.316326379776001
AXFLAIR,anomalydino,2,file_brain_AXFLAIR_203_6000898,3,1,0.331579069296519
AXFLAIR,anomalydino,2,file_brain_AXFLAIR_203_6000898,5,1,0.29809802770614624
AXFLAIR,anomalydino,2,file_brain_AXFLAIR_203_6000912,7,1,0.19547263781229654
AXFLAIR,anomalydino,2,file_brain_AXFLAIR_203_6000912,8,1,0.2155702511469523
AXFLAIR,anomalydino,2,file_brain_AXFLAIR_203_6000912,9,1,0.241481343905131
AXFLAIR,anomalydino,2,file_brain_AXFLAIR_202_6000511,0,1,0.3215588529904683
AXFLAIR,anomalydino,2,file_brain_AXFLAIR_202_6000511,1,1,0.25417645772298175
AXFLAIR,anomalydino,2,file_brain_AXFLAIR_202_6000557,0,1,0.4375722408294678
AXFLAIR,anomalydino,2,file_brain_AXFLAIR_202_6000557,1,1,0.43192513783772785
AXFLAIR,anomalydino,2,file_brain_AXFLAIR_202_6000557,2,1,0.36928701400756836
AXFLAIR,anomalydino,2,file_brain_AXFLAIR_202_6000557,3,1,0.31646764278411865
AXFLAIR,anomalydino,2,file_brain_AXFLAIR_202_6000557,4,1,0.22123263279596964
AXFLAIR,anomalydino,2,file_brain_AXFLAIR_202_6000557,5,1,0.25277280807495117
AXFLAIR,anomalydino,2,file_brain_AXFLAIR_210_6001901,0,1,0.5427561601003011
AXFLAIR,anomalydino,2,file_brain_AXFLAIR_210_6001901,1,1,0.3774208227793376
AXFLAIR,anomalydino,2,file_brain_AXFLAIR_210_6001901,2,1,0.35502413908640545
AXFLAIR,anomalydino,2,file_brain_AXFLAIR_200_6002543,0,1,0.2993464668591817
AXFLAIR,anomalydino,2,file_brain_AXFLAIR_200_6002543,1,1,0.27093180020650226
AXFLAIR,anomalydino,2,file_brain_AXFLAIR_201_6002878,0,1,0.45375998814900714
AXFLAIR,anomalydino,2,file_brain_AXFLAIR_201_6002878,1,1,0.4339882930119832
AXFLAIR,anomalydino,2,file_brain_AXFLAIR_201_6002878,2,1,0.3719513416290283
AXFLAIR,anomalydino,2,file_brain_AXFLAIR_201_6002878,3,1,0.3828495343526204
AXFLAIR,anomalydino,2,file_brain_AXFLAIR_201_6002878,4,1,0.3308296998341878
AXFLAIR,anomalydino,2,file_brain_AXFLAIR_201_6002878,5,1,0.2791292667388916
AXFLAIR,anomalydino,2,file_brain_AXFLAIR_201_6002878,6,1,0.27097155650456745
AXFLAIR,anomalydino,2,file_brain_AXFLAIR_201_6002878,7,1,0.2816733519236247
AXFLAIR,anomalydino,2,file_brain_AXFLAIR_201_6002878,8,1,0.32077133655548096
AXFLAIR,anomalydino,2,file_brain_AXFLAIR_201_6002878,9,1,0.40358972549438477
AXFLAIR,anomalydino,2,file_brain_AXFLAIR_201_6002878,10,1,0.2542002995808919
AXFLAIR,anomalydino,2,file_brain_AXFLAIR_201_6002878,11,1,0.26346178849538165
AXFLAIR,anomalydino,2,file_brain_AXFLAIR_201_6002878,12,1,0.39463285605112713
AXFLAIR,anomalydino,2,file_brain_AXFLAIR_201_6002878,13,1,0.43254295984903973
AXFLAIR,anomalydino,3,file_brain_AXFLAIR_210_6001917,4,0,0.2285315990447998
AXFLAIR,anomalydino,3,file_brain_AXFLAIR_202_6000543,11,0,0.21486047903696695
AXFLAIR,anomalydino,3,file_brain_AXFLAIR_210_6001499,4,0,0.28568798303604126
AXFLAIR,anomalydino,3,file_brain_AXFLAIR_201_6002993,7,0,0.1700061559677124
AXFLAIR,anomalydino,3,file_brain_AXFLAIR_202_6000543,5,0,0.2003224492073059
AXFLAIR,anomalydino,3,file_brain_AXFLAIR_202_6000539,7,0,0.2650241057078044
AXFLAIR,anomalydino,3,file_brain_AXFLAIR_202_6000483,5,0,0.3111315568288167
AXFLAIR,anomalydino,3,file_brain_AXFLAIR_200_6002442,6,0,0.25717933972676593
AXFLAIR,anomalydino,3,file_brain_AXFLAIR_202_6000483,6,0,0.19867591063181558
AXFLAIR,anomalydino,3,file_brain_AXFLAIR_200_6002442,12,0,0.24062112967173258
AXFLAIR,anomalydino,3,file_brain_AXFLAIR_202_6000531,10,0,0.23350024223327637
AXFLAIR,anomalydino,3,file_brain_AXFLAIR_203_6000942,10,0,0.22047754128774008
AXFLAIR,anomalydino,3,file_brain_AXFLAIR_203_6000912,4,0,0.21062000592549643
AXFLAIR,anomalydino,3,file_brain_AXFLAIR_201_6002914,7,0,0.33396077156066895
AXFLAIR,anomalydino,3,file_brain_AXFLAIR_200_6002543,4,0,0.23859008153279623
AXFLAIR,anomalydino,3,file_brain_AXFLAIR_210_6001513,5,0,0.23203078905741373
AXFLAIR,anomalydino,3,file_brain_AXFLAIR_209_6001397,12,0,0.2593013445536296
AXFLAIR,anomalydino,3,file_brain_AXFLAIR_200_6002641,11,0,0.2180899977684021
AXFLAIR,anomalydino,3,file_brain_AXFLAIR_203_6000942,11,0,0.17508389552434286
AXFLAIR,anomalydino,3,file_brain_AXFLAIR_201_6002993,5,0,0.23220201333363852
AXFLAIR,anomalydino,3,file_brain_AXFLAIR_200_6002595,7,0,0.21409593025843301
AXFLAIR,anomalydino,3,file_brain_AXFLAIR_202_6000511,11,0,0.21711995204289755
AXFLAIR,anomalydino,3,file_brain_AXFLAIR_201_6002914,10,0,0.37513454755147296
AXFLAIR,anomalydino,3,file_brain_AXFLAIR_203_6000912,11,0,0.26747341950734455
AXFLAIR,anomalydino,3,file_brain_AXFLAIR_210_6001953,6,0,0.23911730448404947
AXFLAIR,anomalydino,3,file_brain_AXFLAIR_210_6001917,6,0,0.2827876806259155
AXFLAIR,anomalydino,3,file_brain_AXFLAIR_200_6002442,9,0,0.22483495871225992
AXFLAIR,anomalydino,3,file_brain_AXFLAIR_210_6001953,9,0,0.21173050006230673
AXFLAIR,anomalydino,3,file_brain_AXFLAIR_200_6002442,5,0,0.25262484947840375
AXFLAIR,anomalydino,3,file_brain_AXFLAIR_200_6002442,10,0,0.28969953457514447
AXFLAIR,anomalydino,3,file_brain_AXFLAIR_202_6000531,9,0,0.41191041469573975
AXFLAIR,anomalydino,3,file_brain_AXFLAIR_201_6002914,8,0,0.21540925900141397
AXFLAIR,anomalydino,3,file_brain_AXFLAIR_202_6000474,6,0,0.20841312408447266
AXFLAIR,anomalydino,3,file_brain_AXFLAIR_201_6002941,9,0,0.24858560164769491
AXFLAIR,anomalydino,3,file_brain_AXFLAIR_210_6001499,11,0,0.23365716139475504
AXFLAIR,anomalydino,3,file_brain_AXFLAIR_202_6000539,5,0,0.2529298464457194
AXFLAIR,anomalydino,3,file_brain_AXFLAIR_202_6000474,5,0,0.19043493270874023
AXFLAIR,anomalydino,3,file_brain_AXFLAIR_209_6001377,10,0,0.32237696647644043
AXFLAIR,anomalydino,3,file_brain_AXFLAIR_200_6002595,9,0,0.18854641914367676
AXFLAIR,anomalydino,3,file_brain_AXFLAIR_201_6002993,11,0,0.1770141919453939
AXFLAIR,anomalydino,3,file_brain_AXFLAIR_202_6000557,9,0,0.20587408542633057
AXFLAIR,anomalydino,3,file_brain_AXFLAIR_210_6001513,4,0,0.15641510486602783
AXFLAIR,anomalydino,3,file_brain_AXFLAIR_201_6002941,8,0,0.2117875019709269
AXFLAIR,anomalydino,3,file_brain_AXFLAIR_203_6000912,6,0,0.2320385773976644
AXFLAIR,anomalydino,3,file_brain_AXFLAIR_201_6002914,12,0,0.18175458908081055
AXFLAIR,anomalydino,3,file_brain_AXFLAIR_209_6001377,11,0,0.23503059148788452
AXFLAIR,anomalydino,3,file_brain_AXFLAIR_210_6001499,5,0,0.20720388491948447
AXFLAIR,anomalydino,3,file_brain_AXFLAIR_202_6000557,6,0,0.2111744483311971
AXFLAIR,anomalydino,3,file_brain_AXFLAIR_202_6000557,10,0,0.16375050942103067
AXFLAIR,anomalydino,3,file_brain_AXFLAIR_202_6000543,4,0,0.25481975078582764
AXFLAIR,anomalydino,3,file_brain_AXFLAIR_202_6000531,7,0,0.23524107535680136
AXFLAIR,anomalydino,3,file_brain_AXFLAIR_200_6002595,10,0,0.4069643020629883
AXFLAIR,anomalydino,3,file_brain_AXFLAIR_201_6002914,5,0,0.27026716868082684
AXFLAIR,anomalydino,3,file_brain_AXFLAIR_202_6000531,4,0,0.2606197992960612
AXFLAIR,anomalydino,3,file_brain_AXFLAIR_210_6001513,6,0,0.25937891006469727
AXFLAIR,anomalydino,3,file_brain_AXFLAIR_200_6002442,11,0,0.19306627909342447
AXFLAIR,anomalydino,3,file_brain_AXFLAIR_209_6001377,8,0,0.2123032013575236
AXFLAIR,anomalydino,3,file_brain_AXFLAIR_202_6000483,7,0,0.23509504397710165
AXFLAIR,anomalydino,3,file_brain_AXFLAIR_202_6000543,9,0,0.21553621689478555
AXFLAIR,anomalydino,3,file_brain_AXFLAIR_203_6000898,10,0,0.24682384729385376
AXFLAIR,anomalydino,3,file_brain_AXFLAIR_203_6000912,12,0,0.20426628986994425
AXFLAIR,anomalydino,3,file_brain_AXFLAIR_202_6000511,7,0,0.21904613574345908
AXFLAIR,anomalydino,3,file_brain_AXFLAIR_201_6003024,5,0,0.2438126802444458
AXFLAIR,anomalydino,3,file_brain_AXFLAIR_201_6003018,12,0,0.3182855248451233
AXFLAIR,anomalydino,3,file_brain_AXFLAIR_210_6001901,7,0,0.2268838087717692
AXFLAIR,anomalydino,3,file_brain_AXFLAIR_203_6000898,12,0,0.19951526323954263
AXFLAIR,anomalydino,3,file_brain_AXFLAIR_202_6000483,11,0,0.20137103398640951
AXFLAIR,anomalydino,3,file_brain_AXFLAIR_210_6001917,10,0,0.20646289984385172
AXFLAIR,anomalydino,3,file_brain_AXFLAIR_201_6002914,11,0,0.19726165135701498
AXFLAIR,anomalydino,3,file_brain_AXFLAIR_202_6000483,8,0,0.2022939920425415
AXFLAIR,anomalydino,3,file_brain_AXFLAIR_201_6002941,11,0,0.20753628015518188
AXFLAIR,anomalydino,3,file_brain_AXFLAIR_210_6001917,11,0,0.23411603768666586
AXFLAIR,anomalydino,3,file_brain_AXFLAIR_201_6002993,10,0,0.20197470982869467
AXFLAIR,anomalydino,3,file_brain_AXFLAIR_202_6000539,9,0,0.18509425719579062
AXFLAIR,anomalydino,3,file_brain_AXFLAIR_203_6000942,7,0,0.3061106006304423
AXFLAIR,anomalydino,3,file_brain_AXFLAIR_209_6001377,12,0,0.441134770711263
AXFLAIR,anomalydino,3,file_brain_AXFLAIR_201_6003024,10,0,0.18543907006581625
AXFLAIR,anomalydino,3,file_brain_AXFLAIR_200_6002543,8,0,0.22946606079737344
AXFLAIR,anomalydino,3,file_brain_AXFLAIR_202_6000531,6,0,0.2763722936312358
AXFLAIR,anomalydino,3,file_brain_AXFLAIR_201_6003003,0,1,0.305084228515625
AXFLAIR,anomalydino,3,file_brain_AXFLAIR_201_6003003,1,1,0.2850010395050049
AXFLAIR,anomalydino,3,file_brain_AXFLAIR_201_6003003,2,1,0.26227911313374835
AXFLAIR,anomalydino,3,file_brain_AXFLAIR_201_6003003,3,1,0.31332892179489136
AXFLAIR,anomalydino,3,file_brain_AXFLAIR_201_6003003,4,1,0.24467480182647705
AXFLAIR,anomalydino,3,file_brain_AXFLAIR_201_6003003,5,1,0.22091132402420044
AXFLAIR,anomalydino,3,file_brain_AXFLAIR_201_6003003,6,1,0.23589799801508585
AXFLAIR,anomalydino,3,file_brain_AXFLAIR_201_6003003,7,1,0.22706719239552817
AXFLAIR,anomalydino,3,file_brain_AXFLAIR_201_6003003,8,1,0.29112398624420166
AXFLAIR,anomalydino,3,file_brain_AXFLAIR_201_6003003,9,1,0.2651069760322571
AXFLAIR,anomalydino,3,file_brain_AXFLAIR_201_6003003,10,1,0.22858794530232748
AXFLAIR,anomalydino,3,file_brain_AXFLAIR_201_6002972,0,1,0.4879237810770671
AXFLAIR,anomalydino,3,file_brain_AXFLAIR_201_6002972,1,1,0.5171461502710978
AXFLAIR,anomalydino,3,file_brain_AXFLAIR_201_6002972,2,1,0.5636045138041178
AXFLAIR,anomalydino,3,file_brain_AXFLAIR_201_6002972,3,1,0.5252183278401693
AXFLAIR,anomalydino,3,file_brain_AXFLAIR_201_6002972,4,1,0.4480368296305339
AXFLAIR,anomalydino,3,file_brain_AXFLAIR_201_6002972,5,1,0.44019901752471924
AXFLAIR,anomalydino,3,file_brain_AXFLAIR_201_6002972,6,1,0.4299824635187785
AXFLAIR,anomalydino,3,file_brain_AXFLAIR_201_6002972,7,1,0.39906541506449383
AXFLAIR,anomalydino,3,file_brain_AXFLAIR_201_6002972,8,1,0.4298321008682251
AXFLAIR,anomalydino,3,file_brain_AXFLAIR_201_6002972,9,1,0.39407360553741455
AXFLAIR,anomalydino,3,file_brain_AXFLAIR_201_6002972,10,1,0.39177831013997394
AXFLAIR,anomalydino,3,file_brain_AXFLAIR_201_6002972,11,1,0.4065555731455485
AXFLAIR,anomalydino,3,file_brain_AXFLAIR_201_6002972,12,1,0.423111359278361
AXFLAIR,anomalydino,3,file_brain_AXFLAIR_201_6002941,0,1,0.3033636808395386
AXFLAIR,anomalydino,3,file_brain_AXFLAIR_201_6002941,1,1,0.3670012553532918
AXFLAIR,anomalydino,3,file_brain_AXFLAIR_201_6002941,2,1,0.2655082543690999
AXFLAIR,anomalydino,3,file_brain_AXFLAIR_201_6002941,3,1,0.29001561800638836
AXFLAIR,anomalydino,3,file_brain_AXFLAIR_201_6002941,4,1,0.2611331144968669
AXFLAIR,anomalydino,3,file_brain_AXFLAIR_201_6002941,5,1,0.20417962471644083
AXFLAIR,anomalydino,3,file_brain_AXFLAIR_202_6000508,1,1,0.331417183081309
AXFLAIR,anomalydino,3,file_brain_AXFLAIR_202_6000508,2,1,0.3822036584218343
AXFLAIR,anomalydino,3,file_brain_AXFLAIR_202_6000508,3,1,0.4336971839269002
AXFLAIR,anomalydino,3,file_brain_AXFLAIR_202_6000508,4,1,0.4158628781636556
AXFLAIR,anomalydino,3,file_brain_AXFLAIR_202_6000508,5,1,0.38885819911956787
AXFLAIR,anomalydino,3,file_brain_AXFLAIR_202_6000508,6,1,0.4135138193766276
AXFLAIR,anomalydino,3,file_brain_AXFLAIR_202_6000508,7,1,0.37906551361083984
AXFLAIR,anomalydino,3,file_brain_AXFLAIR_202_6000508,8,1,0.3549986282984416
AXFLAIR,anomalydino,3,file_brain_AXFLAIR_202_6000508,9,1,0.4199822743733724
AXFLAIR,anomalydino,3,file_brain_AXFLAIR_202_6000508,10,1,0.3325252930323283
AXFLAIR,anomalydino,3,file_brain_AXFLAIR_202_6000508,11,1,0.46277936299641925
AXFLAIR,anomalydino,3,file_brain_AXFLAIR_202_6000508,12,1,0.4455070495605469
AXFLAIR,anomalydino,3,file_brain_AXFLAIR_202_6000508,13,1,0.419447660446167
AXFLAIR,anomalydino,3,file_brain_AXFLAIR_200_6002641,3,1,0.1856105923652649
AXFLAIR,anomalydino,3,file_brain_AXFLAIR_200_6002641,7,1,0.1815099318822225
AXFLAIR,anomalydino,3,file_brain_AXFLAIR_200_6002641,8,1,0.14834417899449667
AXFLAIR,anomalydino,3,file_brain_AXFLAIR_201_6003008,0,1,0.38683279355367023
AXFLAIR,anomalydino,3,file_brain_AXFLAIR_201_6003008,1,1,0.40713071823120117
AXFLAIR,anomalydino,3,file_brain_AXFLAIR_201_6003008,2,1,0.39880049228668213
AXFLAIR,anomalydino,3,file_brain_AXFLAIR_201_6003008,3,1,0.41225258509318036
AXFLAIR,anomalydino,3,file_brain_AXFLAIR_201_6003008,4,1,0.3122067451477051
AXFLAIR,anomalydino,3,file_brain_AXFLAIR_201_6003008,5,1,0.3259722590446472
AXFLAIR,anomalydino,3,file_brain_AXFLAIR_201_6003008,6,1,0.3226137359937032
AXFLAIR,anomalydino,3,file_brain_AXFLAIR_201_6003008,7,1,0.4285031159718831
AXFLAIR,anomalydino,3,file_brain_AXFLAIR_201_6003008,8,1,0.40031492710113525
AXFLAIR,anomalydino,3,file_brain_AXFLAIR_201_6003008,9,1,0.2899032235145569
AXFLAIR,anomalydino,3,file_brain_AXFLAIR_201_6003008,10,1,0.2750750382741292
AXFLAIR,anomalydino,3,file_brain_AXFLAIR_201_6003008,11,1,0.2982253432273865
AXFLAIR,anomalydino,3,file_brain_AXFLAIR_201_6003008,12,1,0.28976792097091675
AXFLAIR,anomalydino,3,file_brain_AXFLAIR_201_6003008,13,1,0.24821499983469644
AXFLAIR,anomalydino,3,file_brain_AXFLAIR_201_6002914,0,1,0.4185068607330322
AXFLAIR,anomalydino,3,file_brain_AXFLAIR_201_6002914,1,1,0.46219849586486816
AXFLAIR,anomalydino,3,file_brain_AXFLAIR_201_6002914,2,1,0.29301830132802326
AXFLAIR,anomalydino,3,file_brain_AXFLAIR_201_6002914,3,1,0.27098854382832843
AXFLAIR,anomalydino,3,file_brain_AXFLAIR_201_6002914,6,1,0.1780898173650106
AXFLAIR,anomalydino,3,file_brain_AXFLAIR_202_6000421,0,1,0.4483037789662679
AXFLAIR,anomalydino,3,file_brain_AXFLAIR_202_6000421,1,1,0.45989569028218585
AXFLAIR,anomalydino,3,file_brain_AXFLAIR_202_6000421,2,1,0.3691536585489909
AXFLAIR,anomalydino,3,file_brain_AXFLAIR_202_6000421,3,1,0.364538033803304
AXFLAIR,anomalydino,3,file_brain_AXFLAIR_202_6000421,4,1,0.38920052846272785
AXFLAIR,anomalydino,3,file_brain_AXFLAIR_202_6000421,5,1,0.3934081395467122
AXFLAIR,anomalydino,3,file_brain_AXFLAIR_202_6000421,6,1,0.3647574583689372
AXFLAIR,anomalydino,3,file_brain_AXFLAIR_202_6000421,7,1,0.42640217145284015
AXFLAIR,anomalydino,3,file_brain_AXFLAIR_202_6000421,8,1,0.4586119254430135
AXFLAIR,anomalydino,3,file_brain_AXFLAIR_202_6000421,9,1,0.4803891181945801
AXFLAIR,anomalydino,3,file_brain_AXFLAIR_202_6000421,10,1,0.542560338973999
AXFLAIR,anomalydino,3,file_brain_AXFLAIR_202_6000421,11,1,0.4793558915456136
AXFLAIR,anomalydino,3,file_brain_AXFLAIR_202_6000421,12,1,0.5730189879735311
AXFLAIR,anomalydino,3,file_brain_AXFLAIR_202_6000421,13,1,0.6379667917887369
AXFLAIR,anomalydino,3,file_brain_AXFLAIR_202_6000421,14,1,0.5448023478190104
AXFLAIR,anomalydino,3,file_brain_AXFLAIR_201_6002960,0,1,0.3786164124806722
AXFLAIR,anomalydino,3,file_brain_AXFLAIR_201_6002960,1,1,0.311379353205363
AXFLAIR,anomalydino,3,file_brain_AXFLAIR_201_6002960,2,1,0.3630109230677287
AXFLAIR,anomalydino,3,file_brain_AXFLAIR_201_6002960,3,1,0.42591484387715656
AXFLAIR,anomalydino,3,file_brain_AXFLAIR_201_6002960,4,1,0.3502902587254842
AXFLAIR,anomalydino,3,file_brain_AXFLAIR_201_6002960,5,1,0.2624213496843974
AXFLAIR,anomalydino,3,file_brain_AXFLAIR_201_6002960,6,1,0.26069436470667523
AXFLAIR,anomalydino,3,file_brain_AXFLAIR_201_6002960,7,1,0.2900615334510803
AXFLAIR,anomalydino,3,file_brain_AXFLAIR_201_6002960,8,1,0.2767535448074341
AXFLAIR,anomalydino,3,file_brain_AXFLAIR_201_6002960,9,1,0.3184303442637126
AXFLAIR,anomalydino,3,file_brain_AXFLAIR_203_6000875,0,1,0.4496050675710042
AXFLAIR,anomalydino,3,file_brain_AXFLAIR_203_6000875,1,1,0.4725832939147949
AXFLAIR,anomalydino,3,file_brain_AXFLAIR_203_6000875,2,1,0.4434613784154256
AXFLAIR,anomalydino,3,file_brain_AXFLAIR_203_6000875,3,1,0.3726057211558024
AXFLAIR,anomalydino,3,file_brain_AXFLAIR_203_6000875,4,1,0.36718769868214923
AXFLAIR,anomalydino,3,file_brain_AXFLAIR_203_6000875,5,1,0.3396066029866536
AXFLAIR,anomalydino,3,file_brain_AXFLAIR_203_6000875,6,1,0.3763593037923177
AXFLAIR,anomalydino,3,file_brain_AXFLAIR_203_6000875,7,1,0.2991911967595418
AXFLAIR,anomalydino,3,file_brain_AXFLAIR_203_6000875,8,1,0.36072230339050293
AXFLAIR,anomalydino,3,file_brain_AXFLAIR_203_6000875,9,1,0.3858230908711751
AXFLAIR,anomalydino,3,file_brain_AXFLAIR_203_6000875,10,1,0.37521711985270184
AXFLAIR,anomalydino,3,file_brain_AXFLAIR_203_6000875,11,1,0.37852271397908527
AXFLAIR,anomalydino,3,file_brain_AXFLAIR_203_6000875,12,1,0.5079630215962728
AXFLAIR,anomalydino,3,file_brain_AXFLAIR_203_6000875,13,1,0.44886910915374756
AXFLAIR,anomalydino,3,file_brain_AXFLAIR_203_6000875,14,1,0.4408194224039714
AXFLAIR,anomalydino,3,file_brain_AXFLAIR_203_6000875,15,1,0.41330234209696454
AXFLAIR,anomalydino,3,file_brain_AXFLAIR_210_6001953,10,1,0.2160293459892273
AXFLAIR,anomalydino,3,file_brain_AXFLAIR_201_6003018,0,1,0.35245100657145184
AXFLAIR,anomalydino,3,file_brain_AXFLAIR_201_6003018,1,1,0.42199889818827313
AXFLAIR,anomalydino,3,file_brain_AXFLAIR_201_6003018,2,1,0.38924113909403485
AXFLAIR,anomalydino,3,file_brain_AXFLAIR_201_6003018,3,1,0.36380668481191
AXFLAIR,anomalydino,3,file_brain_AXFLAIR_201_6003018,4,1,0.35728685061136883
AXFLAIR,anomalydino,3,file_brain_AXFLAIR_201_6003018,5,1,0.24831910928090414
AXFLAIR,anomalydino,3,file_brain_AXFLAIR_201_6003018,6,1,0.2677006522814433
AXFLAIR,anomalydino,3,file_brain_AXFLAIR_201_6003018,7,1,0.23730522394180298
AXFLAIR,anomalydino,3,file_brain_AXFLAIR_201_6003018,8,1,0.26969651381174725
AXFLAIR,anomalydino,3,file_brain_AXFLAIR_200_6002595,2,1,0.2934377193450928
AXFLAIR,anomalydino,3,file_brain_AXFLAIR_200_6002595,3,1,0.19623947143554688
AXFLAIR,anomalydino,3,file_brain_AXFLAIR_200_6002595,4,1,0.17389307419459024
AXFLAIR,anomalydino,3,file_brain_AXFLAIR_200_6002595,5,1,0.17117369174957275
AXFLAIR,anomalydino,3,file_brain_AXFLAIR_203_6000898,1,1,0.3330475687980652
AXFLAIR,anomalydino,3,file_brain_AXFLAIR_203_6000898,2,1,0.3246625065803528
AXFLAIR,anomalydino,3,file_brain_AXFLAIR_203_6000898,3,1,0.34748685359954834
AXFLAIR,anomalydino,3,file_brain_AXFLAIR_203_6000898,5,1,0.3075573643048604
AXFLAIR,anomalydino,3,file_brain_AXFLAIR_203_6000912,7,1,0.19758182764053345
AXFLAIR,anomalydino,3,file_brain_AXFLAIR_203_6000912,8,1,0.21250402927398682
AXFLAIR,anomalydino,3,file_brain_AXFLAIR_203_6000912,9,1,0.24558085203170776
AXFLAIR,anomalydino,3,file_brain_AXFLAIR_202_6000511,0,1,0.31658053398132324
AXFLAIR,anomalydino,3,file_brain_AXFLAIR_202_6000511,1,1,0.25777069727579754
AXFLAIR,anomalydino,3,file_brain_AXFLAIR_202_6000557,0,1,0.4444278875986735
AXFLAIR,anomalydino,3,file_brain_AXFLAIR_202_6000557,1,1,0.3965555429458618
AXFLAIR,anomalydino,3,file_brain_AXFLAIR_202_6000557,2,1,0.37780503431955975
AXFLAIR,anomalydino,3,file_brain_AXFLAIR_202_6000557,3,1,0.33632103602091473
AXFLAIR,anomalydino,3,file_brain_AXFLAIR_202_6000557,4,1,0.23254563411076865
AXFLAIR,anomalydino,3,file_brain_AXFLAIR_202_6000557,5,1,0.25712786118189496
AXFLAIR,anomalydino,3,file_brain_AXFLAIR_210_6001901,0,1,0.5321680704752604
AXFLAIR,anomalydino,3,file_brain_AXFLAIR_210_6001901,1,1,0.3757332960764567
AXFLAIR,anomalydino,3,file_brain_AXFLAIR_210_6001901,2,1,0.3603376547495524
AXFLAIR,anomalydino,3,file_brain_AXFLAIR_200_6002543,0,1,0.30139249563217163
AXFLAIR,anomalydino,3,file_brain_AXFLAIR_200_6002543,1,1,0.261383593082428
AXFLAIR,anomalydino,3,file_brain_AXFLAIR_201_6002878,0,1,0.45969724655151367
AXFLAIR,anomalydino,3,file_brain_AXFLAIR_201_6002878,1,1,0.44370679060618085
AXFLAIR,anomalydino,3,file_brain_AXFLAIR_201_6002878,2,1,0.386011282602946
AXFLAIR,anomalydino,3,file_brain_AXFLAIR_201_6002878,3,1,0.3829588095347087
AXFLAIR,anomalydino,3,file_brain_AXFLAIR_201_6002878,4,1,0.3308296998341878
AXFLAIR,anomalydino,3,file_brain_AXFLAIR_201_6002878,5,1,0.309098760286967
AXFLAIR,anomalydino,3,file_brain_AXFLAIR_201_6002878,6,1,0.26714158058166504
AXFLAIR,anomalydino,3,file_brain_AXFLAIR_201_6002878,7,1,0.2908207178115845
AXFLAIR,anomalydino,3,file_brain_AXFLAIR_201_6002878,8,1,0.31181323528289795
AXFLAIR,anomalydino,3,file_brain_AXFLAIR_201_6002878,9,1,0.42518822352091473
AXFLAIR,anomalydino,3,file_brain_AXFLAIR_201_6002878,10,1,0.2515137394269307
AXFLAIR,anomalydino,3,file_brain_AXFLAIR_201_6002878,11,1,0.2727654178937276
AXFLAIR,anomalydino,3,file_brain_AXFLAIR_201_6002878,12,1,0.3994448184967041
AXFLAIR,anomalydino,3,file_brain_AXFLAIR_201_6002878,13,1,0.4375027020772298
AXFLAIR,anomalydino,4,file_brain_AXFLAIR_210_6001917,4,0,0.22057974338531494
AXFLAIR,anomalydino,4,file_brain_AXFLAIR_202_6000543,11,0,0.20871293544769287
AXFLAIR,anomalydino,4,file_brain_AXFLAIR_210_6001499,4,0,0.30503712097803753
AXFLAIR,anomalydino,4,file_brain_AXFLAIR_201_6002993,7,0,0.16416076819101968
AXFLAIR,anomalydino,4,file_brain_AXFLAIR_202_6000543,5,0,0.2071461280186971
AXFLAIR,anomalydino,4,file_brain_AXFLAIR_202_6000539,7,0,0.2587291995684306
AXFLAIR,anomalydino,4,file_brain_AXFLAIR_202_6000483,5,0,0.3206167221069336
AXFLAIR,anomalydino,4,file_brain_AXFLAIR_200_6002442,6,0,0.25043267011642456
AXFLAIR,anomalydino,4,file_brain_AXFLAIR_202_6000483,6,0,0.1913867195447286
AXFLAIR,anomalydino,4,file_brain_AXFLAIR_200_6002442,12,0,0.2586432695388794
AXFLAIR,anomalydino,4,file_brain_AXFLAIR_202_6000531,10,0,0.24195627371470133
AXFLAIR,anomalydino,4,file_brain_AXFLAIR_203_6000942,10,0,0.20368266105651855
AXFLAIR,anomalydino,4,file_brain_AXFLAIR_203_6000912,4,0,0.22088112433751425
AXFLAIR,anomalydino,4,file_brain_AXFLAIR_201_6002914,7,0,0.3287063042322795
AXFLAIR,anomalydino,4,file_brain_AXFLAIR_200_6002543,4,0,0.2375316023826599
AXFLAIR,anomalydino,4,file_brain_AXFLAIR_210_6001513,5,0,0.23439623912175497
AXFLAIR,anomalydino,4,file_brain_AXFLAIR_209_6001397,12,0,0.2307891050974528
AXFLAIR,anomalydino,4,file_brain_AXFLAIR_200_6002641,11,0,0.20881996552149454
AXFLAIR,anomalydino,4,file_brain_AXFLAIR_203_6000942,11,0,0.17689822117487589
AXFLAIR,anomalydino,4,file_brain_AXFLAIR_201_6002993,5,0,0.2300078272819519
AXFLAIR,anomalydino,4,file_brain_AXFLAIR_200_6002595,7,0,0.2209320863087972
AXFLAIR,anomalydino,4,file_brain_AXFLAIR_202_6000511,11,0,0.21788519620895386
AXFLAIR,anomalydino,4,file_brain_AXFLAIR_201_6002914,10,0,0.3989291191101074
AXFLAIR,anomalydino,4,file_brain_AXFLAIR_203_6000912,11,0,0.26976869503657025
AXFLAIR,anomalydino,4,file_brain_AXFLAIR_210_6001953,6,0,0.24590758482615152
AXFLAIR,anomalydino,4,file_brain_AXFLAIR_210_6001917,6,0,0.2657548189163208
AXFLAIR,anomalydino,4,file_brain_AXFLAIR_200_6002442,9,0,0.2226696014404297
AXFLAIR,anomalydino,4,file_brain_AXFLAIR_210_6001953,9,0,0.22057108084360758
AXFLAIR,anomalydino,4,file_brain_AXFLAIR_200_6002442,5,0,0.2476141651471456
AXFLAIR,anomalydino,4,file_brain_AXFLAIR_200_6002442,10,0,0.30386094252268475
AXFLAIR,anomalydino,4,file_brain_AXFLAIR_202_6000531,9,0,0.3918406168619792
AXFLAIR,anomalydino,4,file_brain_AXFLAIR_201_6002914,8,0,0.2196930249532064
AXFLAIR,anomalydino,4,file_brain_AXFLAIR_202_6000474,6,0,0.2141725222269694
AXFLAIR,anomalydino,4,file_brain_AXFLAIR_201_6002941,9,0,0.23989532391230264
AXFLAIR,anomalydino,4,file_brain_AXFLAIR_210_6001499,11,0,0.2558511296908061
AXFLAIR,anomalydino,4,file_brain_AXFLAIR_202_6000539,5,0,0.24807804822921753
AXFLAIR,anomalydino,4,file_brain_AXFLAIR_202_6000474,5,0,0.189204474290212
AXFLAIR,anomalydino,4,file_brain_AXFLAIR_209_6001377,10,0,0.30798272291819256
AXFLAIR,anomalydino,4,file_brain_AXFLAIR_200_6002595,9,0,0.19414885838826498
AXFLAIR,anomalydino,4,file_brain_AXFLAIR_201_6002993,11,0,0.18423565228780112
AXFLAIR,anomalydino,4,file_brain_AXFLAIR_202_6000557,9,0,0.2136476437250773
AXFLAIR,anomalydino,4,file_brain_AXFLAIR_210_6001513,4,0,0.16615591446558634
AXFLAIR,anomalydino,4,file_brain_AXFLAIR_201_6002941,8,0,0.20588948329289755
AXFLAIR,anomalydino,4,file_brain_AXFLAIR_203_6000912,6,0,0.22892979780832926
AXFLAIR,anomalydino,4,file_brain_AXFLAIR_201_6002914,12,0,0.17680646975835165
AXFLAIR,anomalydino,4,file_brain_AXFLAIR_209_6001377,11,0,0.24094736576080322
AXFLAIR,anomalydino,4,file_brain_AXFLAIR_210_6001499,5,0,0.21025445063908896
AXFLAIR,anomalydino,4,file_brain_AXFLAIR_202_6000557,6,0,0.202629824479421
AXFLAIR,anomalydino,4,file_brain_AXFLAIR_202_6000557,10,0,0.15880767504374185
AXFLAIR,anomalydino,4,file_brain_AXFLAIR_202_6000543,4,0,0.25604426860809326
AXFLAIR,anomalydino,4,file_brain_AXFLAIR_202_6000531,7,0,0.23106918732325235
AXFLAIR,anomalydino,4,file_brain_AXFLAIR_200_6002595,10,0,0.422382116317749
AXFLAIR,anomalydino,4,file_brain_AXFLAIR_201_6002914,5,0,0.27012038230895996
AXFLAIR,anomalydino,4,file_brain_AXFLAIR_202_6000531,4,0,0.2562394142150879
AXFLAIR,anomalydino,4,file_brain_AXFLAIR_210_6001513,6,0,0.2869069178899129
AXFLAIR,anomalydino,4,file_brain_AXFLAIR_200_6002442,11,0,0.1923538645108541
AXFLAIR,anomalydino,4,file_brain_AXFLAIR_209_6001377,8,0,0.2100395361582438
AXFLAIR,anomalydino,4,file_brain_AXFLAIR_202_6000483,7,0,0.22434751192728677
AXFLAIR,anomalydino,4,file_brain_AXFLAIR_202_6000543,9,0,0.2178418238957723
AXFLAIR,anomalydino,4,file_brain_AXFLAIR_203_6000898,10,0,0.24529699484507242
AXFLAIR,anomalydino,4,file_brain_AXFLAIR_203_6000912,12,0,0.24251151084899902
AXFLAIR,anomalydino,4,file_brain_AXFLAIR_202_6000511,7,0,0.18468064069747925
AXFLAIR,anomalydino,4,file_brain_AXFLAIR_201_6003024,5,0,0.24449682235717773
AXFLAIR,anomalydino,4,file_brain_AXFLAIR_201_6003018,12,0,0.32974811395009357
AXFLAIR,anomalydino,4,file_brain_AXFLAIR_210_6001901,7,0,0.2242056131362915
AXFLAIR,anomalydino,4,file_brain_AXFLAIR_203_6000898,12,0,0.2125705083211263
AXFLAIR,anomalydino,4,file_brain_AXFLAIR_202_6000483,11,0,0.1880335013071696
AXFLAIR,anomalydino,4,file_brain_AXFLAIR_210_6001917,10,0,0.20646289984385172
AXFLAIR,anomalydino,4,file_brain_AXFLAIR_201_6002914,11,0,0.1930261254310608
AXFLAIR,anomalydino,4,file_brain_AXFLAIR_202_6000483,8,0,0.1988537311553955
AXFLAIR,anomalydino,4,file_brain_AXFLAIR_201_6002941,11,0,0.19640761613845825
AXFLAIR,anomalydino,4,file_brain_AXFLAIR_210_6001917,11,0,0.28028808037439984
AXFLAIR,anomalydino,4,file_brain_AXFLAIR_201_6002993,10,0,0.20534624656041464
AXFLAIR,anomalydino,4,file_brain_AXFLAIR_202_6000539,9,0,0.20922656853993735
AXFLAIR,anomalydino,4,file_brain_AXFLAIR_203_6000942,7,0,0.3120632568995158
AXFLAIR,anomalydino,4,file_brain_AXFLAIR_209_6001377,12,0,0.474442998568217
AXFLAIR,anomalydino,4,file_brain_AXFLAIR_201_6003024,10,0,0.17572897672653198
AXFLAIR,anomalydino,4,file_brain_AXFLAIR_200_6002543,8,0,0.2290394107500712
AXFLAIR,anomalydino,4,file_brain_AXFLAIR_202_6000531,6,0,0.2833096186319987
AXFLAIR,anomalydino,4,file_brain_AXFLAIR_201_6003003,0,1,0.3096775809923808
AXFLAIR,anomalydino,4,file_brain_AXFLAIR_201_6003003,1,1,0.2913522919019063
AXFLAIR,anomalydino,4,file_brain_AXFLAIR_201_6003003,2,1,0.25924330949783325
AXFLAIR,anomalydino,4,file_brain_AXFLAIR_201_6003003,3,1,0.31793208916982013
AXFLAIR,anomalydino,4,file_brain_AXFLAIR_201_6003003,4,1,0.2414233684539795
AXFLAIR,anomalydino,4,file_brain_AXFLAIR_201_6003003,5,1,0.22133942445119223
AXFLAIR,anomalydino,4,file_brain_AXFLAIR_201_6003003,6,1,0.23203198115030924
AXFLAIR,anomalydino,4,file_brain_AXFLAIR_201_6003003,7,1,0.20929165681203207
AXFLAIR,anomalydino,4,file_brain_AXFLAIR_201_6003003,8,1,0.2966248393058777
AXFLAIR,anomalydino,4,file_brain_AXFLAIR_201_6003003,9,1,0.26737358172734577
AXFLAIR,anomalydino,4,file_brain_AXFLAIR_201_6003003,10,1,0.2246175010999044
AXFLAIR,anomalydino,4,file_brain_AXFLAIR_201_6002972,0,1,0.5095818042755127
AXFLAIR,anomalydino,4,file_brain_AXFLAIR_201_6002972,1,1,0.5536090135574341
AXFLAIR,anomalydino,4,file_brain_AXFLAIR_201_6002972,2,1,0.5670440196990967
AXFLAIR,anomalydino,4,file_brain_AXFLAIR_201_6002972,3,1,0.5258909066518148
AXFLAIR,anomalydino,4,file_brain_AXFLAIR_201_6002972,4,1,0.44867738087972003
AXFLAIR,anomalydino,4,file_brain_AXFLAIR_201_6002972,5,1,0.44720133145650226
AXFLAIR,anomalydino,4,file_brain_AXFLAIR_201_6002972,6,1,0.4287673632303874
AXFLAIR,anomalydino,4,file_brain_AXFLAIR_201_6002972,7,1,0.39621750513712567
AXFLAIR,anomalydino,4,file_brain_AXFLAIR_201_6002972,8,1,0.42184285322825116
AXFLAIR,anomalydino,4,file_brain_AXFLAIR_201_6002972,9,1,0.3864190975824992
AXFLAIR,anomalydino,4,file_brain_AXFLAIR_201_6002972,10,1,0.39326922098795575
AXFLAIR,anomalydino,4,file_brain_AXFLAIR_201_6002972,11,1,0.3904726505279541
AXFLAIR,anomalydino,4,file_brain_AXFLAIR_201_6002972,12,1,0.4211251735687256
AXFLAIR,anomalydino,4,file_brain_AXFLAIR_201_6002941,0,1,0.29286084572474164
AXFLAIR,anomalydino,4,file_brain_AXFLAIR_201_6002941,1,1,0.35500868161519367
AXFLAIR,anomalydino,4,file_brain_AXFLAIR_201_6002941,2,1,0.32678929964701336
AXFLAIR,anomalydino,4,file_brain_AXFLAIR_201_6002941,3,1,0.33005233605702716
AXFLAIR,anomalydino,4,file_brain_AXFLAIR_201_6002941,4,1,0.2569788495699565
AXFLAIR,anomalydino,4,file_brain_AXFLAIR_201_6002941,5,1,0.1983940601348877
AXFLAIR,anomalydino,4,file_brain_AXFLAIR_202_6000508,1,1,0.332380215326945
AXFLAIR,anomalydino,4,file_brain_AXFLAIR_202_6000508,2,1,0.3538004557291667
AXFLAIR,anomalydino,4,file_brain_AXFLAIR_202_6000508,3,1,0.4295748869578044
AXFLAIR,anomalydino,4,file_brain_AXFLAIR_202_6000508,4,1,0.4113829930623372
AXFLAIR,anomalydino,4,file_brain_AXFLAIR_202_6000508,5,1,0.381514310836792
AXFLAIR,anomalydino,4,file_brain_AXFLAIR_202_6000508,6,1,0.4033914804458618
AXFLAIR,anomalydino,4,file_brain_AXFLAIR_202_6000508,7,1,0.3632420301437378
AXFLAIR,anomalydino,4,file_brain_AXFLAIR_202_6000508,8,1,0.3474056323369344
AXFLAIR,anomalydino,4,file_brain_AXFLAIR_202_6000508,9,1,0.4212058385213216
AXFLAIR,anomalydino,4,file_brain_AXFLAIR_202_6000508,10,1,0.32860028743743896
AXFLAIR,anomalydino,4,file_brain_AXFLAIR_202_6000508,11,1,0.4282267093658447
AXFLAIR,anomalydino,4,file_brain_AXFLAIR_202_6000508,12,1,0.44217292467753094
AXFLAIR,anomalydino,4,file_brain_AXFLAIR_202_6000508,13,1,0.3983445167541504
AXFLAIR,anomalydino,4,file_brain_AXFLAIR_200_6002641,3,1,0.17155784368515015
AXFLAIR,anomalydino,4,file_brain_AXFLAIR_200_6002641,7,1,0.18085583051045737
AXFLAIR,anomalydino,4,file_brain_AXFLAIR_200_6002641,8,1,0.1426550348599752
AXFLAIR,anomalydino,4,file_brain_AXFLAIR_201_6003008,0,1,0.38890759150187176
AXFLAIR,anomalydino,4,file_brain_AXFLAIR_201_6003008,1,1,0.4028034607569377
AXFLAIR,anomalydino,4,file_brain_AXFLAIR_201_6003008,2,1,0.3998277982076009
AXFLAIR,anomalydino,4,file_brain_AXFLAIR_201_6003008,3,1,0.4062538941701253
AXFLAIR,anomalydino,4,file_brain_AXFLAIR_201_6003008,4,1,0.32655008633931476
AXFLAIR,anomalydino,4,file_brain_AXFLAIR_201_6003008,5,1,0.3142709930737813
AXFLAIR,anomalydino,4,file_brain_AXFLAIR_201_6003008,6,1,0.31405534346898395
AXFLAIR,anomalydino,4,file_brain_AXFLAIR_201_6003008,7,1,0.3986448446909587
AXFLAIR,anomalydino,4,file_brain_AXFLAIR_201_6003008,8,1,0.3982868591944377
AXFLAIR,anomalydino,4,file_brain_AXFLAIR_201_6003008,9,1,0.30103011926015216
AXFLAIR,anomalydino,4,file_brain_AXFLAIR_201_6003008,10,1,0.2685383160909017
AXFLAIR,anomalydino,4,file_brain_AXFLAIR_201_6003008,11,1,0.28874651590983075
AXFLAIR,anomalydino,4,file_brain_AXFLAIR_201_6003008,12,1,0.29396186272303265
AXFLAIR,anomalydino,4,file_brain_AXFLAIR_201_6003008,13,1,0.22953816254933676
AXFLAIR,anomalydino,4,file_brain_AXFLAIR_201_6002914,0,1,0.4189196427663167
AXFLAIR,anomalydino,4,file_brain_AXFLAIR_201_6002914,1,1,0.46141330401102704
AXFLAIR,anomalydino,4,file_brain_AXFLAIR_201_6002914,2,1,0.2893285353978475
AXFLAIR,anomalydino,4,file_brain_AXFLAIR_201_6002914,3,1,0.26562295357386273
AXFLAIR,anomalydino,4,file_brain_AXFLAIR_201_6002914,6,1,0.17416723569234213
AXFLAIR,anomalydino,4,file_brain_AXFLAIR_202_6000421,0,1,0.4529685974121094
AXFLAIR,anomalydino,4,file_brain_AXFLAIR_202_6000421,1,1,0.4682108958562215
AXFLAIR,anomalydino,4,file_brain_AXFLAIR_202_6000421,2,1,0.40151063601175946
AXFLAIR,anomalydino,4,file_brain_AXFLAIR_202_6000421,3,1,0.40778064727783203
AXFLAIR,anomalydino,4,file_brain_AXFLAIR_202_6000421,4,1,0.41014933586120605
AXFLAIR,anomalydino,4,file_brain_AXFLAIR_202_6000421,5,1,0.4104855457941691
AXFLAIR,anomalydino,4,file_brain_AXFLAIR_202_6000421,6,1,0.423414945602417
AXFLAIR,anomalydino,4,file_brain_AXFLAIR_202_6000421,7,1,0.4502663215001424
AXFLAIR,anomalydino,4,file_brain_AXFLAIR_202_6000421,8,1,0.496751348177592
AXFLAIR,anomalydino,4,file_brain_AXFLAIR_202_6000421,9,1,0.4963464339574178
AXFLAIR,anomalydino,4,file_brain_AXFLAIR_202_6000421,10,1,0.5626940727233887
AXFLAIR,anomalydino,4,file_brain_AXFLAIR_202_6000421,11,1,0.4642832279205322
AXFLAIR,anomalydino,4,file_brain_AXFLAIR_202_6000421,12,1,0.5632301966349283
AXFLAIR,anomalydino,4,file_brain_AXFLAIR_202_6000421,13,1,0.6367100477218628
AXFLAIR,anomalydino,4,file_brain_AXFLAIR_202_6000421,14,1,0.5420097510019938
AXFLAIR,anomalydino,4,file_brain_AXFLAIR_201_6002960,0,1,0.3751120964686076
AXFLAIR,anomalydino,4,file_brain_AXFLAIR_201_6002960,1,1,0.2995121479034424
AXFLAIR,anomalydino,4,file_brain_AXFLAIR_201_6002960,2,1,0.3681946595509847
AXFLAIR,anomalydino,4,file_brain_AXFLAIR_201_6002960,3,1,0.4150396188100179
AXFLAIR,anomalydino,4,file_brain_AXFLAIR_201_6002960,4,1,0.3543631235758464
AXFLAIR,anomalydino,4,file_brain_AXFLAIR_201_6002960,5,1,0.26582998037338257
AXFLAIR,anomalydino,4,file_brain_AXFLAIR_201_6002960,6,1,0.26070117950439453
AXFLAIR,anomalydino,4,file_brain_AXFLAIR_201_6002960,7,1,0.28866106271743774
AXFLAIR,anomalydino,4,file_brain_AXFLAIR_201_6002960,8,1,0.2779471476872762
AXFLAIR,anomalydino,4,file_brain_AXFLAIR_201_6002960,9,1,0.31830581029256183
AXFLAIR,anomalydino,4,file_brain_AXFLAIR_203_6000875,0,1,0.4377737045288086
AXFLAIR,anomalydino,4,file_brain_AXFLAIR_203_6000875,1,1,0.45715542634328205
AXFLAIR,anomalydino,4,file_brain_AXFLAIR_203_6000875,2,1,0.436412254969279
AXFLAIR,anomalydino,4,file_brain_AXFLAIR_203_6000875,3,1,0.3509025573730469
AXFLAIR,anomalydino,4,file_brain_AXFLAIR_203_6000875,4,1,0.3650498390197754
AXFLAIR,anomalydino,4,file_brain_AXFLAIR_203_6000875,5,1,0.33420077959696454
AXFLAIR,anomalydino,4,file_brain_AXFLAIR_203_6000875,6,1,0.37582846482594806
AXFLAIR,anomalydino,4,file_brain_AXFLAIR_203_6000875,7,1,0.3116288383801778
AXFLAIR,anomalydino,4,file_brain_AXFLAIR_203_6000875,8,1,0.3425286610921224
AXFLAIR,anomalydino,4,file_brain_AXFLAIR_203_6000875,9,1,0.3970375855763753
AXFLAIR,anomalydino,4,file_brain_AXFLAIR_203_6000875,10,1,0.3760557174682617
AXFLAIR,anomalydino,4,file_brain_AXFLAIR_203_6000875,11,1,0.3866366545359294
AXFLAIR,anomalydino,4,file_brain_AXFLAIR_203_6000875,12,1,0.5109319686889648
AXFLAIR,anomalydino,4,file_brain_AXFLAIR_203_6000875,13,1,0.4466671943664551
AXFLAIR,anomalydino,4,file_brain_AXFLAIR_203_6000875,14,1,0.4712759653727214
AXFLAIR,anomalydino,4,file_brain_AXFLAIR_203_6000875,15,1,0.4420900344848633
AXFLAIR,anomalydino,4,file_brain_AXFLAIR_210_6001953,10,1,0.22678987185160318
AXFLAIR,anomalydino,4,file_brain_AXFLAIR_201_6003018,0,1,0.38577667872111004
AXFLAIR,anomalydino,4,file_brain_AXFLAIR_201_6003018,1,1,0.41159788767496747
AXFLAIR,anomalydino,4,file_brain_AXFLAIR_201_6003018,2,1,0.3789687951405843
AXFLAIR,anomalydino,4,file_brain_AXFLAIR_201_6003018,3,1,0.35175617535909015
AXFLAIR,anomalydino,4,file_brain_AXFLAIR_201_6003018,4,1,0.3542943000793457
AXFLAIR,anomalydino,4,file_brain_AXFLAIR_201_6003018,5,1,0.24041076501210532
AXFLAIR,anomalydino,4,file_brain_AXFLAIR_201_6003018,6,1,0.2668861548105876
AXFLAIR,anomalydino,4,file_brain_AXFLAIR_201_6003018,7,1,0.25531647602717084
AXFLAIR,anomalydino,4,file_brain_AXFLAIR_201_6003018,8,1,0.2734750509262085
AXFLAIR,anomalydino,4,file_brain_AXFLAIR_200_6002595,2,1,0.28302520513534546
AXFLAIR,anomalydino,4,file_brain_AXFLAIR_200_6002595,3,1,0.19505971670150757
AXFLAIR,anomalydino,4,file_brain_AXFLAIR_200_6002595,4,1,0.18136576811472574
AXFLAIR,anomalydino,4,file_brain_AXFLAIR_200_6002595,5,1,0.16807725032170615
AXFLAIR,anomalydino,4,file_brain_AXFLAIR_203_6000898,1,1,0.31974991162618
AXFLAIR,anomalydino,4,file_brain_AXFLAIR_203_6000898,2,1,0.3169953425725301
AXFLAIR,anomalydino,4,file_brain_AXFLAIR_203_6000898,3,1,0.35808730125427246
AXFLAIR,anomalydino,4,file_brain_AXFLAIR_203_6000898,5,1,0.2963592012723287
AXFLAIR,anomalydino,4,file_brain_AXFLAIR_203_6000912,7,1,0.19992733001708984
AXFLAIR,anomalydino,4,file_brain_AXFLAIR_203_6000912,8,1,0.22283764680226645
AXFLAIR,anomalydino,4,file_brain_AXFLAIR_203_6000912,9,1,0.24951513608296713
AXFLAIR,anomalydino,4,file_brain_AXFLAIR_202_6000511,0,1,0.32513896624247235
AXFLAIR,anomalydino,4,file_brain_AXFLAIR_202_6000511,1,1,0.2532564004262288
AXFLAIR,anomalydino,4,file_brain_AXFLAIR_202_6000557,0,1,0.3754736582438151
AXFLAIR,anomalydino,4,file_brain_AXFLAIR_202_6000557,1,1,0.39772311846415204
AXFLAIR,anomalydino,4,file_brain_AXFLAIR_202_6000557,2,1,0.3655714988708496
AXFLAIR,anomalydino,4,file_brain_AXFLAIR_202_6000557,3,1,0.31646764278411865
AXFLAIR,anomalydino,4,file_brain_AXFLAIR_202_6000557,4,1,0.2269351085027059
AXFLAIR,anomalydino,4,file_brain_AXFLAIR_202_6000557,5,1,0.24990119536717734
AXFLAIR,anomalydino,4,file_brain_AXFLAIR_210_6001901,0,1,0.5327214002609253
AXFLAIR,anomalydino,4,file_brain_AXFLAIR_210_6001901,1,1,0.37834425767262775
AXFLAIR,anomalydino,4,file_brain_AXFLAIR_210_6001901,2,1,0.3378273646036784
AXFLAIR,anomalydino,4,file_brain_AXFLAIR_200_6002543,0,1,0.3049778342247009
AXFLAIR,anomalydino,4,file_brain_AXFLAIR_200_6002543,1,1,0.2450027863184611
AXFLAIR,anomalydino,4,file_brain_AXFLAIR_201_6002878,0,1,0.4498675266901652
AXFLAIR,anomalydino,4,file_brain_AXFLAIR_201_6002878,1,1,0.4339882930119832
AXFLAIR,anomalydino,4,file_brain_AXFLAIR_201_6002878,2,1,0.3708964983622233
AXFLAIR,anomalydino,4,file_brain_AXFLAIR_201_6002878,3,1,0.3891283671061198
AXFLAIR,anomalydino,4,file_brain_AXFLAIR_201_6002878,4,1,0.3259778420130412
AXFLAIR,anomalydino,4,file_brain_AXFLAIR_201_6002878,5,1,0.2640147805213928
AXFLAIR,anomalydino,4,file_brain_AXFLAIR_201_6002878,6,1,0.2559077938397725
AXFLAIR,anomalydino,4,file_brain_AXFLAIR_201_6002878,7,1,0.26902679602305096
AXFLAIR,anomalydino,4,file_brain_AXFLAIR_201_6002878,8,1,0.31433703502019245
AXFLAIR,anomalydino,4,file_brain_AXFLAIR_201_6002878,9,1,0.40690386295318604
AXFLAIR,anomalydino,4,file_brain_AXFLAIR_201_6002878,10,1,0.2556772430737813
AXFLAIR,anomalydino,4,file_brain_AXFLAIR_201_6002878,11,1,0.2672991156578064
AXFLAIR,anomalydino,4,file_brain_AXFLAIR_201_6002878,12,1,0.42139490445454914
AXFLAIR,anomalydino,4,file_brain_AXFLAIR_201_6002878,13,1,0.43762723604838055
AXT1,anomalydino,0,file_brain_AXT1_202_6000534,7,0,0.25756144523620605
AXT1,anomalydino,0,file_brain_AXT1_202_2020468,4,0,0.19780230522155762
AXT1,anomalydino,0,file_brain_AXT1_202_6000312,7,0,0.20804605881373087
AXT1,anomalydino,0,file_brain_AXT1_202_2020468,5,0,0.3244815667470296
AXT1,anomalydino,0,file_brain_AXT1_202_2020478,5,0,0.25246508916219074
AXT1,anomalydino,0,file_brain_AXT1_201_6002717,5,0,0.16193358103434244
AXT1,anomalydino,0,file_brain_AXT1_202_2020184,6,0,0.3236001531283061
AXT1,anomalydino,0,file_brain_AXT1_202_6000305,10,0,0.14113664627075195
AXT1,anomalydino,0,file_brain_AXT1_206_2060097,5,0,0.1714038054148356
AXT1,anomalydino,0,file_brain_AXT1_202_2020195,7,0,0.23035107056299844
AXT1,anomalydino,0,file_brain_AXT1_202_6000305,9,0,0.3791482448577881
AXT1,anomalydino,0,file_brain_AXT1_202_6000408,8,0,0.18527044852574667
AXT1,anomalydino,0,file_brain_AXT1_202_2020167,11,0,0.37489306926727295
AXT1,anomalydino,0,file_brain_AXT1_202_6000408,11,0,0.20917065938313803
AXT1,anomalydino,0,file_brain_AXT1_202_6000408,12,0,0.142781933148702
AXT1,anomalydino,0,file_brain_AXT1_202_2020496,9,0,0.2920413017272949
AXT1,anomalydino,0,file_brain_AXT1_202_6000534,5,0,0.2686350345611572
AXT1,anomalydino,0,file_brain_AXT1_202_2020199,6,0,0.15696734189987183
AXT1,anomalydino,0,file_brain_AXT1_202_2020186,7,0,0.29899630943934125
AXT1,anomalydino,0,file_brain_AXT1_202_6000591,7,0,0.2343959410985311
AXT1,anomalydino,0,file_brain_AXT1_202_6000339,4,0,0.20144253969192505
AXT1,anomalydino,0,file_brain_AXT1_202_2020199,5,0,0.24770400921503702
AXT1,anomalydino,0,file_brain_AXT1_206_2060051,12,0,0.24661493301391602
AXT1,anomalydino,0,file_brain_AXT1_202_2020184,9,0,0.2180311679840088
AXT1,anomalydino,0,file_brain_AXT1_201_6002717,11,0,0.2603054443995158
AXT1,anomalydino,0,file_brain_AXT1_202_2020509,4,0,0.21721812089284262
AXT1,anomalydino,0,file_brain_AXT1_202_2020186,10,0,0.25000643730163574
AXT1,anomalydino,0,file_brain_AXT1_206_2060097,12,0,0.201741894086202
AXT1,anomalydino,0,file_brain_AXT1_202_6000534,11,0,0.19597572088241577
AXT1,anomalydino,0,file_brain_AXT1_202_2020511,5,0,0.3499075571695964
AXT1,anomalydino,0,file_brain_AXT1_202_6000591,4,0,0.23008223374684653
AXT1,anomalydino,0,file_brain_AXT1_202_2020248,11,0,0.23249653975168863
AXT1,anomalydino,0,file_brain_AXT1_206_2060051,10,0,0.18539603551228842
AXT1,anomalydino,0,file_brain_AXT1_202_2020496,7,0,0.21127925316492716
AXT1,anomalydino,0,file_brain_AXT1_202_2020184,8,0,0.381354292233785
AXT1,anomalydino,0,file_brain_AXT1_202_2020167,9,0,0.21411295731862387
AXT1,anomalydino,0,file_brain_AXT1_202_2020496,4,0,0.30603639284769696
AXT1,anomalydino,0,file_brain_AXT1_202_6000591,6,0,0.195599635442098
AXT1,anomalydino,0,file_brain_AXT1_206_2060051,8,0,0.22429861625035605
AXT1,anomalydino,0,file_brain_AXT1_202_2020511,9,0,0.1966862678527832
AXT1,anomalydino,0,file_brain_AXT1_202_2020551,12,0,0.23485596974690756
AXT1,anomalydino,0,file_brain_AXT1_206_2060097,9,0,0.19823439915974936
AXT1,anomalydino,0,file_brain_AXT1_202_2020248,9,0,0.2999448776245117
AXT1,anomalydino,0,file_brain_AXT1_202_2020076,5,0,0.2278361717859904
AXT1,anomalydino,0,file_brain_AXT1_202_2020195,8,0,0.37070226669311523
AXT1,anomalydino,0,file_brain_AXT1_201_6002811,11,0,0.18136181433995566
AXT1,anomalydino,0,file_brain_AXT1_202_2020511,4,0,0.1655860940615336
AXT1,anomalydino,0,file_brain_AXT1_202_6000305,11,0,0.16457273562749228
AXT1,anomalydino,0,file_brain_AXT1_202_2020468,6,0,0.18659985065460205
AXT1,anomalydino,0,file_brain_AXT1_202_2020186,9,0,0.2509296139081319
AXT1,anomalydino,0,file_brain_AXT1_202_6000305,5,0,0.46283849080403644
AXT1,anomalydino,0,file_brain_AXT1_201_6002717,10,0,0.19098234176635742
AXT1,anomalydino,0,file_brain_AXT1_202_6000339,10,0,0.20993324120839438
AXT1,anomalydino,0,file_brain_AXT1_202_2020186,11,0,0.2310726841290792
AXT1,anomalydino,0,file_brain_AXT1_202_2020076,10,0,0.24640885988871256
AXT1,anomalydino,0,file_brain_AXT1_202_2020496,6,0,0.26261289914449054
AXT1,anomalydino,0,file_brain_AXT1_202_2020509,6,0,0.22488701343536377
AXT1,anomalydino,0,file_brain_AXT1_202_6000534,4,0,0.17966516812642416
AXT1,anomalydino,0,file_brain_AXT1_202_2020167,10,0,0.23328892389933267
AXT1,anomalydino,0,file_brain_AXT1_202_6000591,11,0,0.22454671065012613
AXT1,anomalydino,0,file_brain_AXT1_201_6002717,7,0,0.39472512404123944
AXT1,anomalydino,0,file_brain_AXT1_202_6000312,10,0,0.30716635783513385
AXT1,anomalydino,0,file_brain_AXT1_202_2020323,6,0,0.270527184009552
AXT1,anomalydino,0,file_brain_AXT1_202_6000312,12,0,0.22180803616841635
AXT1,anomalydino,0,file_brain_AXT1_202_6000312,6,0,0.22092759609222412
AXT1,anomalydino,0,file_brain_AXT1_202_2020109,8,0,0.28369049231211346
AXT1,anomalydino,0,file_brain_AXT1_202_6000408,10,0,0.26262229681015015
AXT1,anomalydino,0,file_brain_AXT1_202_2020184,4,0,0.2580338716506958
AXT1,anomalydino,0,file_brain_AXT1_202_6000312,4,0,0.24951318899790445
AXT1,anomalydino,0,file_brain_AXT1_202_6000534,12,0,0.21822476387023926
AXT1,anomalydino,0,file_brain_AXT1_202_2020496,11,0,0.18277370929718018
AXT1,anomalydino,0,file_brain_AXT1_202_2020076,6,0,0.2136045296986898
AXT1,anomalydino,0,file_brain_AXT1_202_6000312,8,0,0.2760481039683024
AXT1,anomalydino,0,file_brain_AXT1_202_6000534,8,0,0.2231272061665853
AXT1,anomalydino,0,file_brain_AXT1_202_2020334,0,1,0.3404165903727214
AXT1,anomalydino,0,file_brain_AXT1_202_2020334,1,1,0.34007688363393146
AXT1,anomalydino,0,file_brain_AXT1_202_2020334,2,1,0.30749760071436566
AXT1,anomalydino,0,file_brain_AXT1_202_2020334,3,1,0.44160644213358563
AXT1,anomalydino,0,file_brain_AXT1_202_2020334,4,1,0.3054945667584737
AXT1,anomalydino,0,file_brain_AXT1_202_2020334,5,1,0.2990783452987671
AXT1,anomalydino,0,file_brain_AXT1_202_2020334,6,1,0.2882156769434611
AXT1,anomalydino,0,file_brain_AXT1_202_2020334,7,1,0.23662803570429483
AXT1,anomalydino,0,file_brain_AXT1_202_2020334,8,1,0.209332009156545
AXT1,anomalydino,0,file_brain_AXT1_202_2020334,9,1,0.25251468022664386
AXT1,anomalydino,0,file_brain_AXT1_202_2020334,10,1,0.3015715678532918
AXT1,anomalydino,0,file_brain_AXT1_202_2020334,11,1,0.2739004095395406
AXT1,anomalydino,0,file_brain_AXT1_202_2020334,12,1,0.3750533660252889
AXT1,anomalydino,0,file_brain_AXT1_202_2020334,13,1,0.5211505889892578
AXT1,anomalydino,0,file_brain_AXT1_202_2020334,14,1,0.5321716070175171
AXT1,anomalydino,0,file_brain_AXT1_202_2020334,15,1,0.5690857966740926
AXT1,anomalydino,0,file_brain_AXT1_202_6000339,0,1,0.3635842005411784
AXT1,anomalydino,0,file_brain_AXT1_202_6000339,1,1,0.34442758560180664
AXT1,anomalydino,0,file_brain_AXT1_202_6000339,2,1,0.26759254932403564
AXT1,anomalydino,0,file_brain_AXT1_201_6002836,0,1,0.395488977432251
AXT1,anomalydino,0,file_brain_AXT1_201_6002836,1,1,0.41143004099527997
AXT1,anomalydino,0,file_brain_AXT1_201_6002836,2,1,0.36622778574625653
AXT1,anomalydino,0,file_brain_AXT1_201_6002836,3,1,0.3344387213389079
AXT1,anomalydino,0,file_brain_AXT1_201_6002836,4,1,0.30567997694015503
AXT1,anomalydino,0,file_brain_AXT1_201_6002836,5,1,0.31419549385706586
AXT1,anomalydino,0,file_brain_AXT1_201_6002836,6,1,0.301025648911794
AXT1,anomalydino,0,file_brain_AXT1_201_6002836,7,1,0.21906807025273642
AXT1,anomalydino,0,file_brain_AXT1_201_6002779,11,1,0.24060100317001343
AXT1,anomalydino,0,file_brain_AXT1_201_6002779,12,1,0.3547329107920329
AXT1,anomalydino,0,file_brain_AXT1_201_6002779,13,1,0.35820206006368
AXT1,anomalydino,0,file_brain_AXT1_201_6002779,14,1,0.4570446014404297
AXT1,anomalydino,0,file_brain_AXT1_201_6002779,15,1,0.449169119199117
AXT1,anomalydino,0,file_brain_AXT1_202_2020509,7,1,0.14822864532470703
AXT1,anomalydino,0,file_brain_AXT1_202_2020509,8,1,0.18941771984100342
AXT1,anomalydino,0,file_brain_AXT1_202_2020509,9,1,0.24965602159500122
AXT1,anomalydino,0,file_brain_AXT1_202_2020509,10,1,0.25477002064387005
AXT1,anomalydino,0,file_brain_AXT1_202_2020509,11,1,0.3704013029734294
AXT1,anomalydino,0,file_brain_AXT1_202_2020509,12,1,0.38836586475372314
AXT1,anomalydino,0,file_brain_AXT1_202_2020509,13,1,0.34061400095621747
AXT1,anomalydino,0,file_brain_AXT1_202_2020509,14,1,0.45533021291097003
AXT1,anomalydino,0,file_brain_AXT1_202_2020509,15,1,0.4783768653869629
AXT1,anomalydino,0,file_brain_AXT1_202_2020418,0,1,0.34558308124542236
AXT1,anomalydino,0,file_brain_AXT1_202_2020418,1,1,0.37209264437357586
AXT1,anomalydino,0,file_brain_AXT1_202_2020418,2,1,0.30534793933232623
AXT1,anomalydino,0,file_brain_AXT1_202_2020418,3,1,0.3025287389755249
AXT1,anomalydino,0,file_brain_AXT1_202_2020418,4,1,0.2746840516726176
AXT1,anomalydino,0,file_brain_AXT1_202_2020418,5,1,0.27369503180185956
AXT1,anomalydino,0,file_brain_AXT1_202_2020418,6,1,0.2460599740346273
AXT1,anomalydino,0,file_brain_AXT1_202_2020418,7,1,0.29969457785288495
AXT1,anomalydino,0,file_brain_AXT1_202_2020418,8,1,0.29281161228815716
AXT1,anomalydino,0,file_brain_AXT1_202_2020418,9,1,0.2791192928949992
AXT1,anomalydino,0,file_brain_AXT1_202_2020418,10,1,0.32399771610895794
AXT1,anomalydino,0,file_brain_AXT1_202_2020418,11,1,0.3361404339472453
AXT1,anomalydino,0,file_brain_AXT1_202_2020418,12,1,0.38750449816385907
AXT1,anomalydino,0,file_brain_AXT1_202_2020418,13,1,0.38588984807332355
AXT1,anomalydino,0,file_brain_AXT1_202_2020068,0,1,0.379493514696757
AXT1,anomalydino,0,file_brain_AXT1_202_2020068,1,1,0.4095388650894165
AXT1,anomalydino,0,file_brain_AXT1_202_2020068,2,1,0.30974825223286945
AXT1,anomalydino,0,file_brain_AXT1_202_2020068,3,1,0.3051232099533081
AXT1,anomalydino,0,file_brain_AXT1_202_2020068,4,1,0.29541202386220294
AXT1,anomalydino,0,file_brain_AXT1_202_2020068,5,1,0.26235564549763996
AXT1,anomalydino,0,file_brain_AXT1_202_2020068,6,1,0.2802700400352478
AXT1,anomalydino,0,file_brain_AXT1_202_2020068,7,1,0.309961458047231
AXT1,anomalydino,0,file_brain_AXT1_202_2020068,8,1,0.3437374432881673
AXT1,anomalydino,0,file_brain_AXT1_202_2020068,9,1,0.44687724113464355
AXT1,anomalydino,0,file_brain_AXT1_202_2020068,10,1,0.5256273746490479
AXT1,anomalydino,0,file_brain_AXT1_202_2020068,11,1,0.4274616638819377
AXT1,anomalydino,0,file_brain_AXT1_202_2020068,12,1,0.4720172882080078
AXT1,anomalydino,0,file_brain_AXT1_202_2020068,13,1,0.4494766394297282
AXT1,anomalydino,0,file_brain_AXT1_202_2020068,14,1,0.5140314896901449
AXT1,anomalydino,0,file_brain_AXT1_202_2020068,15,1,0.5718692541122437
AXT1,anomalydino,0,file_brain_AXT1_201_6002811,0,1,0.44607460498809814
AXT1,anomalydino,0,file_brain_AXT1_201_6002811,1,1,0.46669499079386395
AXT1,anomalydino,0,file_brain_AXT1_201_6002811,2,1,0.4657270113627116
AXT1,anomalydino,0,file_brain_AXT1_201_6002811,3,1,0.46250136693318683
AXT1,anomalydino,0,file_brain_AXT1_201_6002811,4,1,0.5266897678375244
AXT1,anomalydino,0,file_brain_AXT1_201_6002811,5,1,0.43315231800079346
AXT1,anomalydino,0,file_brain_AXT1_201_6002811,6,1,0.48238539695739746
AXT1,anomalydino,0,file_brain_AXT1_201_6002811,7,1,0.4520672957102458
AXT1,anomalydino,0,file_brain_AXT1_201_6002811,8,1,0.4975472688674927
AXT1,anomalydino,0,file_brain_AXT1_201_6002811,9,1,0.44371310869852704
AXT1,anomalydino,0,file_brain_AXT1_201_6002811,10,1,0.45349812507629395
AXT1,anomalydino,0,file_brain_AXT1_202_2020551,2,1,0.28993918498357135
AXT1,anomalydino,0,file_brain_AXT1_202_2020551,3,1,0.25423701604207355
AXT1,anomalydino,0,file_brain_AXT1_202_2020551,4,1,0.24814756711324057
AXT1,anomalydino,0,file_brain_AXT1_202_2020551,5,1,0.2961890896161397
AXT1,anomalydino,0,file_brain_AXT1_202_2020551,6,1,0.26674850781758624
AXT1,anomalydino,0,file_brain_AXT1_202_2020551,7,1,0.1863706111907959
AXT1,anomalydino,0,file_brain_AXT1_202_2020551,8,1,0.19255260626475015
AXT1,anomalydino,0,file_brain_AXT1_202_2020551,9,1,0.17231804132461548
AXT1,anomalydino,0,file_brain_AXT1_206_2060097,8,1,0.21950477361679077
AXT1,anomalydino,0,file_brain_AXT1_202_6000408,0,1,0.32878796259562176
AXT1,anomalydino,0,file_brain_AXT1_202_6000408,1,1,0.259921669960022
AXT1,anomalydino,0,file_brain_AXT1_202_6000408,2,1,0.24553229411443075
AXT1,anomalydino,0,file_brain_AXT1_202_6000408,3,1,0.18582642078399658
AXT1,anomalydino,0,file_brain_AXT1_206_2060051,2,1,0.22353140513102213
AXT1,anomalydino,0,file_brain_AXT1_206_2060051,3,1,0.22309333086013794
AXT1,anomalydino,0,file_brain_AXT1_206_2060051,4,1,0.19695528348286948
AXT1,anomalydino,0,file_brain_AXT1_202_2020009,0,1,0.4709084431330363
AXT1,anomalydino,0,file_brain_AXT1_202_2020009,1,1,0.49862412611643475
AXT1,anomalydino,0,file_brain_AXT1_202_2020009,2,1,0.5931243101755778
AXT1,anomalydino,0,file_brain_AXT1_202_2020009,3,1,0.5292601188023885
AXT1,anomalydino,0,file_brain_AXT1_202_2020009,4,1,0.5430553356806437
AXT1,anomalydino,0,file_brain_AXT1_202_2020009,5,1,0.5717713832855225
AXT1,anomalydino,0,file_brain_AXT1_202_2020009,6,1,0.47793229420979816
AXT1,anomalydino,0,file_brain_AXT1_202_2020009,7,1,0.48014052708943683
AXT1,anomalydino,0,file_brain_AXT1_202_2020009,8,1,0.40178664525349933
AXT1,anomalydino,0,file_brain_AXT1_202_2020009,9,1,0.41253499190012616
AXT1,anomalydino,0,file_brain_AXT1_202_2020009,10,1,0.3499290943145752
AXT1,anomalydino,0,file_brain_AXT1_202_2020009,11,1,0.4744557539621989
AXT1,anomalydino,0,file_brain_AXT1_202_2020009,12,1,0.44572603702545166
AXT1,anomalydino,0,file_brain_AXT1_202_2020009,13,1,0.5270085334777832
AXT1,anomalydino,0,file_brain_AXT1_202_2020301,0,1,0.4579213857650757
AXT1,anomalydino,0,file_brain_AXT1_202_2020301,1,1,0.5698808034261068
AXT1,anomalydino,0,file_brain_AXT1_202_2020301,2,1,0.27409233649571735
AXT1,anomalydino,0,file_brain_AXT1_202_2020301,3,1,0.29502540826797485
AXT1,anomalydino,0,file_brain_AXT1_202_2020301,4,1,0.2631083329518636
AXT1,anomalydino,0,file_brain_AXT1_202_2020301,5,1,0.2027858098347982
AXT1,anomalydino,0,file_brain_AXT1_202_2020301,6,1,0.21965273221333823
AXT1,anomalydino,0,file_brain_AXT1_202_2020301,7,1,0.1920393705368042
AXT1,anomalydino,0,file_brain_AXT1_202_2020301,8,1,0.2165523568789164
AXT1,anomalydino,0,file_brain_AXT1_202_2020301,9,1,0.24006523688634238
AXT1,anomalydino,0,file_brain_AXT1_202_2020301,10,1,0.21368658542633057
AXT1,anomalydino,0,file_brain_AXT1_202_2020301,11,1,0.29633229970932007
AXT1,anomalydino,0,file_brain_AXT1_202_2020301,12,1,0.37875978151957196
AXT1,anomalydino,0,file_brain_AXT1_202_2020301,13,1,0.32818740606307983
AXT1,anomalydino,0,file_brain_AXT1_202_2020156,0,1,0.4574655294418335
AXT1,anomalydino,0,file_brain_AXT1_202_2020156,1,1,0.4449033737182617
AXT1,anomalydino,0,file_brain_AXT1_202_2020156,2,1,0.5157449642817179
AXT1,anomalydino,0,file_brain_AXT1_202_2020156,3,1,0.4360229969024658
AXT1,anomalydino,0,file_brain_AXT1_202_2020156,4,1,0.29733216762542725
AXT1,anomalydino,0,file_brain_AXT1_202_2020156,5,1,0.2888522148132324
AXT1,anomalydino,0,file_brain_AXT1_202_2020156,6,1,0.22066712379455566
AXT1,anomalydino,0,file_brain_AXT1_202_2020156,7,1,0.22824873526891074
AXT1,anomalydino,0,file_brain_AXT1_202_2020156,8,1,0.21230443318684897
AXT1,anomalydino,0,file_brain_AXT1_202_2020156,9,1,0.22081394990285239
AXT1,anomalydino,0,file_brain_AXT1_202_2020156,10,1,0.28468388319015503
AXT1,anomalydino,0,file_brain_AXT1_202_2020156,11,1,0.2994973659515381
AXT1,anomalydino,0,file_brain_AXT1_202_2020156,12,1,0.3289568821589152
AXT1,anomalydino,0,file_brain_AXT1_202_2020156,13,1,0.38849623998006183
AXT1,anomalydino,0,file_brain_AXT1_202_2020156,14,1,0.43032928307851154
AXT1,anomalydino,0,file_brain_AXT1_202_2020156,15,1,0.40223463376363117
AXT1,anomalydino,1,file_brain_AXT1_202_6000534,7,0,0.24772022167841592
AXT1,anomalydino,1,file_brain_AXT1_202_2020468,4,0,0.1898446480433146
AXT1,anomalydino,1,file_brain_AXT1_202_6000312,7,0,0.20912746588389078
AXT1,anomalydino,1,file_brain_AXT1_202_2020468,5,0,0.32115934292475384
AXT1,anomalydino,1,file_brain_AXT1_202_2020478,5,0,0.25002598762512207
AXT1,anomalydino,1,file_brain_AXT1_201_6002717,5,0,0.17010690768559775
AXT1,anomalydino,1,file_brain_AXT1_202_2020184,6,0,0.3227358063062032
AXT1,anomalydino,1,file_brain_AXT1_202_6000305,10,0,0.15169288714726767
AXT1,anomalydino,1,file_brain_AXT1_206_2060097,5,0,0.16300342480341592
AXT1,anomalydino,1,file_brain_AXT1_202_2020195,7,0,0.22876018285751343
AXT1,anomalydino,1,file_brain_AXT1_202_6000305,9,0,0.3791482448577881
AXT1,anomalydino,1,file_brain_AXT1_202_6000408,8,0,0.17993064721425375
AXT1,anomalydino,1,file_brain_AXT1_202_2020167,11,0,0.371841033299764
AXT1,anomalydino,1,file_brain_AXT1_202_6000408,11,0,0.24581329027811685
AXT1,anomalydino,1,file_brain_AXT1_202_6000408,12,0,0.14850755532582602
AXT1,anomalydino,1,file_brain_AXT1_202_2020496,9,0,0.2824910680452983
AXT1,anomalydino,1,file_brain_AXT1_202_6000534,5,0,0.26206016540527344
AXT1,anomalydino,1,file_brain_AXT1_202_2020199,6,0,0.13871431350708008
AXT1,anomalydino,1,file_brain_AXT1_202_2020186,7,0,0.2941545645395915
AXT1,anomalydino,1,file_brain_AXT1_202_6000591,7,0,0.24375587701797485
AXT1,anomalydino,1,file_brain_AXT1_202_6000339,4,0,0.19651861985524496
AXT1,anomalydino,1,file_brain_AXT1_202_2020199,5,0,0.23763853311538696
AXT1,anomalydino,1,file_brain_AXT1_206_2060051,12,0,0.23653292655944824
AXT1,anomalydino,1,file_brain_AXT1_202_2020184,9,0,0.21725704272588095
AXT1,anomalydino,1,file_brain_AXT1_201_6002717,11,0,0.26836009820302326
AXT1,anomalydino,1,file_brain_AXT1_202_2020509,4,0,0.1936012307802836
AXT1,anomalydino,1,file_brain_AXT1_202_2020186,10,0,0.24390316009521484
AXT1,anomalydino,1,file_brain_AXT1_206_2060097,12,0,0.19847271839777628
AXT1,anomalydino,1,file_brain_AXT1_202_6000534,11,0,0.20632038513819376
AXT1,anomalydino,1,file_brain_AXT1_202_2020511,5,0,0.3416273196538289
AXT1,anomalydino,1,file_brain_AXT1_202_6000591,4,0,0.23758327960968018
AXT1,anomalydino,1,file_brain_AXT1_202_2020248,11,0,0.232905904452006
AXT1,anomalydino,1,file_brain_AXT1_206_2060051,10,0,0.15928804874420166
AXT1,anomalydino,1,file_brain_AXT1_202_2020496,7,0,0.2198586662610372
AXT1,anomalydino,1,file_brain_AXT1_202_2020184,8,0,0.37590718269348145
AXT1,anomalydino,1,file_brain_AXT1_202_2020167,9,0,0.2277393937110901
AXT1,anomalydino,1,file_brain_AXT1_202_2020496,4,0,0.3242239753405253
AXT1,anomalydino,1,file_brain_AXT1_202_6000591,6,0,0.1904307802518209
AXT1,anomalydino,1,file_brain_AXT1_206_2060051,8,0,0.22563274701436362
AXT1,anomalydino,1,file_brain_AXT1_202_2020511,9,0,0.20423805713653564
AXT1,anomalydino,1,file_brain_AXT1_202_2020551,12,0,0.23898265759150186
AXT1,anomalydino,1,file_brain_AXT1_206_2060097,9,0,0.19823439915974936
AXT1,anomalydino,1,file_brain_AXT1_202_2020248,9,0,0.28835491339365643
AXT1,anomalydino,1,file_brain_AXT1_202_2020076,5,0,0.19977140426635742
AXT1,anomalydino,1,file_brain_AXT1_202_2020195,8,0,0.3665655453999837
AXT1,anomalydino,1,file_brain_AXT1_201_6002811,11,0,0.1790646513303121
AXT1,anomalydino,1,file_brain_AXT1_202_2020511,4,0,0.15932375192642212
AXT1,anomalydino,1,file_brain_AXT1_202_6000305,11,0,0.18963223695755005
AXT1,anomalydino,1,file_brain_AXT1_202_2020468,6,0,0.20344444115956625
AXT1,anomalydino,1,file_brain_AXT1_202_2020186,9,0,0.26172445217768353
AXT1,anomalydino,1,file_brain_AXT1_202_6000305,5,0,0.4517213503519694
AXT1,anomalydino,1,file_brain_AXT1_201_6002717,10,0,0.2094422976175944
AXT1,anomalydino,1,file_brain_AXT1_202_6000339,10,0,0.1896528204282125
AXT1,anomalydino,1,file_brain_AXT1_202_2020186,11,0,0.2313076655069987
AXT1,anomalydino,1,file_brain_AXT1_202_2020076,10,0,0.25499733289082843
AXT1,anomalydino,1,file_brain_AXT1_202_2020496,6,0,0.25733359654744464
AXT1,anomalydino,1,file_brain_AXT1_202_2020509,6,0,0.21197839577992758
AXT1,anomalydino,1,file_brain_AXT1_202_6000534,4,0,0.19592801729838052
AXT1,anomalydino,1,file_brain_AXT1_202_2020167,10,0,0.23575679461161295
AXT1,anomalydino,1,file_brain_AXT1_202_6000591,11,0,0.2443551222483317
AXT1,anomalydino,1,file_brain_AXT1_201_6002717,7,0,0.40657822291056317
AXT1,anomalydino,1,file_brain_AXT1_202_6000312,10,0,0.3175193866093953
AXT1,anomalydino,1,file_brain_AXT1_202_2020323,6,0,0.23994767665863037
AXT1,anomalydino,1,file_brain_AXT1_202_6000312,12,0,0.2315506935119629
AXT1,anomalydino,1,file_brain_AXT1_202_6000312,6,0,0.2250415881474813
AXT1,anomalydino,1,file_brain_AXT1_202_2020109,8,0,0.2927819490432739
AXT1,anomalydino,1,file_brain_AXT1_202_6000408,10,0,0.27414780855178833
AXT1,anomalydino,1,file_brain_AXT1_202_2020184,4,0,0.2697710196177165
AXT1,anomalydino,1,file_brain_AXT1_202_6000312,4,0,0.24037412802378336
AXT1,anomalydino,1,file_brain_AXT1_202_6000534,12,0,0.23108033339182535
AXT1,anomalydino,1,file_brain_AXT1_202_2020496,11,0,0.21046330531438193
AXT1,anomalydino,1,file_brain_AXT1_202_2020076,6,0,0.17701580127080283
AXT1,anomalydino,1,file_brain_AXT1_202_6000312,8,0,0.26990129550298053
AXT1,anomalydino,1,file_brain_AXT1_202_6000534,8,0,0.21014777819315592
AXT1,anomalydino,1,file_brain_AXT1_202_2020334,0,1,0.34482423464457196
AXT1,anomalydino,1,file_brain_AXT1_202_2020334,1,1,0.3394910494486491
AXT1,anomalydino,1,file_brain_AXT1_202_2020334,2,1,0.3178789218266805
AXT1,anomalydino,1,file_brain_AXT1_202_2020334,3,1,0.45921579996744794
AXT1,anomalydino,1,file_brain_AXT1_202_2020334,4,1,0.3237241307894389
AXT1,anomalydino,1,file_brain_AXT1_202_2020334,5,1,0.2913920481999715
AXT1,anomalydino,1,file_brain_AXT1_202_2020334,6,1,0.29458661874135333
AXT1,anomalydino,1,file_brain_AXT1_202_2020334,7,1,0.24673368533452353
AXT1,anomalydino,1,file_brain_AXT1_202_2020334,8,1,0.21766956647237143
AXT1,anomalydino,1,file_brain_AXT1_202_2020334,9,1,0.2594706614812215
AXT1,anomalydino,1,file_brain_AXT1_202_2020334,10,1,0.2971449096997579
AXT1,anomalydino,1,file_brain_AXT1_202_2020334,11,1,0.2835097710291545
AXT1,anomalydino,1,file_brain_AXT1_202_2020334,12,1,0.3787442445755005
AXT1,anomalydino,1,file_brain_AXT1_202_2020334,13,1,0.521872361501058
AXT1,anomalydino,1,file_brain_AXT1_202_2020334,14,1,0.5342332124710083
AXT1,anomalydino,1,file_brain_AXT1_202_2020334,15,1,0.577843983968099
AXT1,anomalydino,1,file_brain_AXT1_202_6000339,0,1,0.3710776170094808
AXT1,anomalydino,1,file_brain_AXT1_202_6000339,1,1,0.32856778303782147
AXT1,anomalydino,1,file_brain_AXT1_202_6000339,2,1,0.2512165904045105
AXT1,anomalydino,1,file_brain_AXT1_201_6002836,0,1,0.40040334065755206
AXT1,anomalydino,1,file_brain_AXT1_201_6002836,1,1,0.40054110685984295
AXT1,anomalydino,1,file_brain_AXT1_201_6002836,2,1,0.36256035168965656
AXT1,anomalydino,1,file_brain_AXT1_201_6002836,3,1,0.32294921080271405
AXT1,anomalydino,1,file_brain_AXT1_201_6002836,4,1,0.31519285837809247
AXT1,anomalydino,1,file_brain_AXT1_201_6002836,5,1,0.3423672517140706
AXT1,anomalydino,1,file_brain_AXT1_201_6002836,6,1,0.30204596122105914
AXT1,anomalydino,1,file_brain_AXT1_201_6002836,7,1,0.22556082407633463
AXT1,anomalydino,1,file_brain_AXT1_201_6002779,11,1,0.23679359753926596
AXT1,anomalydino,1,file_brain_AXT1_201_6002779,12,1,0.3646382888158162
AXT1,anomalydino,1,file_brain_AXT1_201_6002779,13,1,0.3529775142669678
AXT1,anomalydino,1,file_brain_AXT1_201_6002779,14,1,0.4468431870142619
AXT1,anomalydino,1,file_brain_AXT1_201_6002779,15,1,0.45984331766764325
AXT1,anomalydino,1,file_brain_AXT1_202_2020509,7,1,0.163894255956014
AXT1,anomalydino,1,file_brain_AXT1_202_2020509,8,1,0.19178350766499838
AXT1,anomalydino,1,file_brain_AXT1_202_2020509,9,1,0.2551536758740743
AXT1,anomalydino,1,file_brain_AXT1_202_2020509,10,1,0.23888279994328818
AXT1,anomalydino,1,file_brain_AXT1_202_2020509,11,1,0.3397699197133382
AXT1,anomalydino,1,file_brain_AXT1_202_2020509,12,1,0.3692500988642375
AXT1,anomalydino,1,file_brain_AXT1_202_2020509,13,1,0.33509325981140137
AXT1,anomalydino,1,file_brain_AXT1_202_2020509,14,1,0.4834181070327759
AXT1,anomalydino,1,file_brain_AXT1_202_2020509,15,1,0.4785815080006917
AXT1,anomalydino,1,file_brain_AXT1_202_2020418,0,1,0.3514528274536133
AXT1,anomalydino,1,file_brain_AXT1_202_2020418,1,1,0.3898792266845703
AXT1,anomalydino,1,file_brain_AXT1_202_2020418,2,1,0.29089172681172687
AXT1,anomalydino,1,file_brain_AXT1_202_2020418,3,1,0.3215296268463135
AXT1,anomalydino,1,file_brain_AXT1_202_2020418,4,1,0.2442303498586019
AXT1,anomalydino,1,file_brain_AXT1_202_2020418,5,1,0.2777299682299296
AXT1,anomalydino,1,file_brain_AXT1_202_2020418,6,1,0.25675012667973834
AXT1,anomalydino,1,file_brain_AXT1_202_2020418,7,1,0.29451868931452435
AXT1,anomalydino,1,file_brain_AXT1_202_2020418,8,1,0.30005691448847455
AXT1,anomalydino,1,file_brain_AXT1_202_2020418,9,1,0.2747410138448079
AXT1,anomalydino,1,file_brain_AXT1_202_2020418,10,1,0.31458187103271484
AXT1,anomalydino,1,file_brain_AXT1_202_2020418,11,1,0.3101564049720764
AXT1,anomalydino,1,file_brain_AXT1_202_2020418,12,1,0.39044034481048584
AXT1,anomalydino,1,file_brain_AXT1_202_2020418,13,1,0.38220298290252686
AXT1,anomalydino,1,file_brain_AXT1_202_2020068,0,1,0.3995910882949829
AXT1,anomalydino,1,file_brain_AXT1_202_2020068,1,1,0.4028066396713257
AXT1,anomalydino,1,file_brain_AXT1_202_2020068,2,1,0.2787858843803406
AXT1,anomalydino,1,file_brain_AXT1_202_2020068,3,1,0.3075517217318217
AXT1,anomalydino,1,file_brain_AXT1_202_2020068,4,1,0.2984796365102132
AXT1,anomalydino,1,file_brain_AXT1_202_2020068,5,1,0.27333011229832965
AXT1,anomalydino,1,file_brain_AXT1_202_2020068,6,1,0.2817216714223226
AXT1,anomalydino,1,file_brain_AXT1_202_2020068,7,1,0.3065500259399414
AXT1,anomalydino,1,file_brain_AXT1_202_2020068,8,1,0.38473788897196454
AXT1,anomalydino,1,file_brain_AXT1_202_2020068,9,1,0.4497032165527344
AXT1,anomalydino,1,file_brain_AXT1_202_2020068,10,1,0.5246625343958536
AXT1,anomalydino,1,file_brain_AXT1_202_2020068,11,1,0.41777082284291583
AXT1,anomalydino,1,file_brain_AXT1_202_2020068,12,1,0.47224942843119305
AXT1,anomalydino,1,file_brain_AXT1_202_2020068,13,1,0.4586699803670247
AXT1,anomalydino,1,file_brain_AXT1_202_2020068,14,1,0.5194266637166342
AXT1,anomalydino,1,file_brain_AXT1_202_2020068,15,1,0.5676655769348145
AXT1,anomalydino,1,file_brain_AXT1_201_6002811,0,1,0.4313685894012451
AXT1,anomalydino,1,file_brain_AXT1_201_6002811,1,1,0.4640352725982666
AXT1,anomalydino,1,file_brain_AXT1_201_6002811,2,1,0.4433404604593913
AXT1,anomalydino,1,file_brain_AXT1_201_6002811,3,1,0.4484747250874837
AXT1,anomalydino,1,file_brain_AXT1_201_6002811,4,1,0.5390262603759766
AXT1,anomalydino,1,file_brain_AXT1_201_6002811,5,1,0.4236021439234416
AXT1,anomalydino,1,file_brain_AXT1_201_6002811,6,1,0.466122309366862
AXT1,anomalydino,1,file_brain_AXT1_201_6002811,7,1,0.4579534928003947
AXT1,anomalydino,1,file_brain_AXT1_201_6002811,8,1,0.4975472688674927
AXT1,anomalydino,1,file_brain_AXT1_201_6002811,9,1,0.43673253059387207
AXT1,anomalydino,1,file_brain_AXT1_201_6002811,10,1,0.43631768226623535
AXT1,anomalydino,1,file_brain_AXT1_202_2020551,2,1,0.2850138743718465
AXT1,anomalydino,1,file_brain_AXT1_202_2020551,3,1,0.25423701604207355
AXT1,anomalydino,1,file_brain_AXT1_202_2020551,4,1,0.25059956312179565
AXT1,anomalydino,1,file_brain_AXT1_202_2020551,5,1,0.26988224188486737
AXT1,anomalydino,1,file_brain_AXT1_202_2020551,6,1,0.28496410449345905
AXT1,anomalydino,1,file_brain_AXT1_202_2020551,7,1,0.17244966824849448
AXT1,anomalydino,1,file_brain_AXT1_202_2020551,8,1,0.18941783905029297
AXT1,anomalydino,1,file_brain_AXT1_202_2020551,9,1,0.20071329673131308
AXT1,anomalydino,1,file_brain_AXT1_206_2060097,8,1,0.21045982837677002
AXT1,anomalydino,1,file_brain_AXT1_202_6000408,0,1,0.3360451857248942
AXT1,anomalydino,1,file_brain_AXT1_202_6000408,1,1,0.2621002991994222
AXT1,anomalydino,1,file_brain_AXT1_202_6000408,2,1,0.22394073009490967
AXT1,anomalydino,1,file_brain_AXT1_202_6000408,3,1,0.18427205085754395
AXT1,anomalydino,1,file_brain_AXT1_206_2060051,2,1,0.24317709604899088
AXT1,anomalydino,1,file_brain_AXT1_206_2060051,3,1,0.24687069654464722
AXT1,anomalydino,1,file_brain_AXT1_206_2060051,4,1,0.2151512304941813
AXT1,anomalydino,1,file_brain_AXT1_202_2020009,0,1,0.4810033639272054
AXT1,anomalydino,1,file_brain_AXT1_202_2020009,1,1,0.5068282683690389
AXT1,anomalydino,1,file_brain_AXT1_202_2020009,2,1,0.6023991107940674
AXT1,anomalydino,1,file_brain_AXT1_202_2020009,3,1,0.5312410593032837
AXT1,anomalydino,1,file_brain_AXT1_202_2020009,4,1,0.5457263787587484
AXT1,anomalydino,1,file_brain_AXT1_202_2020009,5,1,0.5689925750096639
AXT1,anomalydino,1,file_brain_AXT1_202_2020009,6,1,0.4711480140686035
AXT1,anomalydino,1,file_brain_AXT1_202_2020009,7,1,0.47911810874938965
AXT1,anomalydino,1,file_brain_AXT1_202_2020009,8,1,0.4146636327107747
AXT1,anomalydino,1,file_brain_AXT1_202_2020009,9,1,0.4086870352427165
AXT1,anomalydino,1,file_brain_AXT1_202_2020009,10,1,0.34430356820424396
AXT1,anomalydino,1,file_brain_AXT1_202_2020009,11,1,0.46571703751881915
AXT1,anomalydino,1,file_brain_AXT1_202_2020009,12,1,0.47203787167867023
AXT1,anomalydino,1,file_brain_AXT1_202_2020009,13,1,0.5169156392415365
AXT1,anomalydino,1,file_brain_AXT1_202_2020301,0,1,0.44621070226033527
AXT1,anomalydino,1,file_brain_AXT1_202_2020301,1,1,0.5726629098256429
AXT1,anomalydino,1,file_brain_AXT1_202_2020301,2,1,0.2771311203638713
AXT1,anomalydino,1,file_brain_AXT1_202_2020301,3,1,0.2949063579241435
AXT1,anomalydino,1,file_brain_AXT1_202_2020301,4,1,0.25629884004592896
AXT1,anomalydino,1,file_brain_AXT1_202_2020301,5,1,0.18840005000432333
AXT1,anomalydino,1,file_brain_AXT1_202_2020301,6,1,0.22588803370793661
AXT1,anomalydino,1,file_brain_AXT1_202_2020301,7,1,0.19404723246892294
AXT1,anomalydino,1,file_brain_AXT1_202_2020301,8,1,0.2253501812616984
AXT1,anomalydino,1,file_brain_AXT1_202_2020301,9,1,0.22966474294662476
AXT1,anomalydino,1,file_brain_AXT1_202_2020301,10,1,0.22578656673431396
AXT1,anomalydino,1,file_brain_AXT1_202_2020301,11,1,0.31837252775828045
AXT1,anomalydino,1,file_brain_AXT1_202_2020301,12,1,0.3912117083867391
AXT1,anomalydino,1,file_brain_AXT1_202_2020301,13,1,0.31135257085164386
AXT1,anomalydino,1,file_brain_AXT1_202_2020156,0,1,0.4659864902496338
AXT1,anomalydino,1,file_brain_AXT1_202_2020156,1,1,0.4480714797973633
AXT1,anomalydino,1,file_brain_AXT1_202_2020156,2,1,0.5239715576171875
AXT1,anomalydino,1,file_brain_AXT1_202_2020156,3,1,0.4533950885136922
AXT1,anomalydino,1,file_brain_AXT1_202_2020156,4,1,0.32393838961919147
AXT1,anomalydino,1,file_brain_AXT1_202_2020156,5,1,0.29166078567504883
AXT1,anomalydino,1,file_brain_AXT1_202_2020156,6,1,0.21470590432484946
AXT1,anomalydino,1,file_brain_AXT1_202_2020156,7,1,0.22590206066767374
AXT1,anomalydino,1,file_brain_AXT1_202_2020156,8,1,0.20356829961140951
AXT1,anomalydino,1,file_brain_AXT1_202_2020156,9,1,0.2159940004348755
AXT1,anomalydino,1,file_brain_AXT1_202_2020156,10,1,0.26564393440882367
AXT1,anomalydino,1,file_brain_AXT1_202_2020156,11,1,0.32997039953867596
AXT1,anomalydino,1,file_brain_AXT1_202_2020156,12,1,0.31592798233032227
AXT1,anomalydino,1,file_brain_AXT1_202_2020156,13,1,0.38994161287943524
AXT1,anomalydino,1,file_brain_AXT1_202_2020156,14,1,0.43266789118448895
AXT1,anomalydino,1,file_brain_AXT1_202_2020156,15,1,0.3965577284495036
AXT1,anomalydino,2,file_brain_AXT1_202_6000534,7,0,0.2549225886662801
AXT1,anomalydino,2,file_brain_AXT1_202_2020468,4,0,0.19127647082010904
AXT1,anomalydino,2,file_brain_AXT1_202_6000312,7,0,0.20265527566274008
AXT1,anomalydino,2,file_brain_AXT1_202_2020468,5,0,0.3214334050814311
AXT1,anomalydino,2,file_brain_AXT1_202_2020478,5,0,0.24508670965830484
AXT1,anomalydino,2,file_brain_AXT1_201_6002717,5,0,0.1724011500676473
AXT1,anomalydino,2,file_brain_AXT1_202_2020184,6,0,0.33180928230285645
AXT1,anomalydino,2,file_brain_AXT1_202_6000305,10,0,0.15396555264790854
AXT1,anomalydino,2,file_brain_AXT1_206_2060097,5,0,0.170599897702535
AXT1,anomalydino,2,file_brain_AXT1_202_2020195,7,0,0.22781938314437866
AXT1,anomalydino,2,file_brain_AXT1_202_6000305,9,0,0.3791482448577881
AXT1,anomalydino,2,file_brain_AXT1_202_6000408,8,0,0.17975473403930664
AXT1,anomalydino,2,file_brain_AXT1_202_2020167,11,0,0.3910996913909912
AXT1,anomalydino,2,file_brain_AXT1_202_6000408,11,0,0.20691015323003134
AXT1,anomalydino,2,file_brain_AXT1_202_6000408,12,0,0.1458395520846049
AXT1,anomalydino,2,file_brain_AXT1_202_2020496,9,0,0.28582942485809326
AXT1,anomalydino,2,file_brain_AXT1_202_6000534,5,0,0.24921812613805136
AXT1,anomalydino,2,file_brain_AXT1_202_2020199,6,0,0.15846329927444458
AXT1,anomalydino,2,file_brain_AXT1_202_2020186,7,0,0.2807811101277669
AXT1,anomalydino,2,file_brain_AXT1_202_6000591,7,0,0.2524794340133667
AXT1,anomalydino,2,file_brain_AXT1_202_6000339,4,0,0.18705262740453085
AXT1,anomalydino,2,file_brain_AXT1_202_2020199,5,0,0.23805858691533408
AXT1,anomalydino,2,file_brain_AXT1_206_2060051,12,0,0.2413976788520813
AXT1,anomalydino,2,file_brain_AXT1_202_2020184,9,0,0.21798626581827799
AXT1,anomalydino,2,file_brain_AXT1_201_6002717,11,0,0.26758694648742676
AXT1,anomalydino,2,file_brain_AXT1_202_2020509,4,0,0.19994837045669556
AXT1,anomalydino,2,file_brain_AXT1_202_2020186,10,0,0.26230939229329425
AXT1,anomalydino,2,file_brain_AXT1_206_2060097,12,0,0.20175522565841675
AXT1,anomalydino,2,file_brain_AXT1_202_6000534,11,0,0.19597572088241577
AXT1,anomalydino,2,file_brain_AXT1_202_2020511,5,0,0.3507295449574788
AXT1,anomalydino,2,file_brain_AXT1_202_6000591,4,0,0.23345633347829184
AXT1,anomalydino,2,file_brain_AXT1_202_2020248,11,0,0.2361840009689331
AXT1,anomalydino,2,file_brain_AXT1_206_2060051,10,0,0.16523005565007529
AXT1,anomalydino,2,file_brain_AXT1_202_2020496,7,0,0.2119437058766683
AXT1,anomalydino,2,file_brain_AXT1_202_2020184,8,0,0.3818247318267822
AXT1,anomalydino,2,file_brain_AXT1_202_2020167,9,0,0.2234948476155599
AXT1,anomalydino,2,file_brain_AXT1_202_2020496,4,0,0.33111147085825604
AXT1,anomalydino,2,file_brain_AXT1_202_6000591,6,0,0.1965033014615377
AXT1,anomalydino,2,file_brain_AXT1_206_2060051,8,0,0.22429861625035605
AXT1,anomalydino,2,file_brain_AXT1_202_2020511,9,0,0.19945700963338217
AXT1,anomalydino,2,file_brain_AXT1_202_2020551,12,0,0.2484055757522583
AXT1,anomalydino,2,file_brain_AXT1_206_2060097,9,0,0.2087735335032145
AXT1,anomalydino,2,file_brain_AXT1_202_2020248,9,0,0.3163732091585795
AXT1,anomalydino,2,file_brain_AXT1_202_2020076,5,0,0.20036848386128744
AXT1,anomalydino,2,file_brain_AXT1_202_2020195,8,0,0.3773487408955892
AXT1,anomalydino,2,file_brain_AXT1_201_6002811,11,0,0.1736945112546285
AXT1,anomalydino,2,file_brain_AXT1_202_2020511,4,0,0.15971791744232178
AXT1,anomalydino,2,file_brain_AXT1_202_6000305,11,0,0.15371217330296835
AXT1,anomalydino,2,file_brain_AXT1_202_2020468,6,0,0.18809582789738974
AXT1,anomalydino,2,file_brain_AXT1_202_2020186,9,0,0.2679065664609273
AXT1,anomalydino,2,file_brain_AXT1_202_6000305,5,0,0.4517213503519694
AXT1,anomalydino,2,file_brain_AXT1_201_6002717,10,0,0.19246743122736612
AXT1,anomalydino,2,file_brain_AXT1_202_6000339,10,0,0.20675281683603922
AXT1,anomalydino,2,file_brain_AXT1_202_2020186,11,0,0.22856634855270386
AXT1,anomalydino,2,file_brain_AXT1_202_2020076,10,0,0.24953035513559976
AXT1,anomalydino,2,file_brain_AXT1_202_2020496,6,0,0.2675049702326457
AXT1,anomalydino,2,file_brain_AXT1_202_2020509,6,0,0.19180301825205484
AXT1,anomalydino,2,file_brain_AXT1_202_6000534,4,0,0.1787259578704834
AXT1,anomalydino,2,file_brain_AXT1_202_2020167,10,0,0.19251708189646402
AXT1,anomalydino,2,file_brain_AXT1_202_6000591,11,0,0.23269814252853394
AXT1,anomalydino,2,file_brain_AXT1_201_6002717,7,0,0.40683754285176593
AXT1,anomalydino,2,file_brain_AXT1_202_6000312,10,0,0.31328407923380536
AXT1,anomalydino,2,file_brain_AXT1_202_2020323,6,0,0.2502502202987671
AXT1,anomalydino,2,file_brain_AXT1_202_6000312,12,0,0.22801162799199423
AXT1,anomalydino,2,file_brain_AXT1_202_6000312,6,0,0.23174254099527994
AXT1,anomalydino,2,file_brain_AXT1_202_2020109,8,0,0.2937916119893392
AXT1,anomalydino,2,file_brain_AXT1_202_6000408,10,0,0.2557984987894694
AXT1,anomalydino,2,file_brain_AXT1_202_2020184,4,0,0.26537491877873737
AXT1,anomalydino,2,file_brain_AXT1_202_6000312,4,0,0.23533507188161215
AXT1,anomalydino,2,file_brain_AXT1_202_6000534,12,0,0.2175296147664388
AXT1,anomalydino,2,file_brain_AXT1_202_2020496,11,0,0.20143250624338785
AXT1,anomalydino,2,file_brain_AXT1_202_2020076,6,0,0.22642076015472412
AXT1,anomalydino,2,file_brain_AXT1_202_6000312,8,0,0.26452143987019855
AXT1,anomalydino,2,file_brain_AXT1_202_6000534,8,0,0.22185413042704263
AXT1,anomalydino,2,file_brain_AXT1_202_2020334,0,1,0.3494573434193929
AXT1,anomalydino,2,file_brain_AXT1_202_2020334,1,1,0.33721625804901123
AXT1,anomalydino,2,file_brain_AXT1_202_2020334,2,1,0.3296167254447937
AXT1,anomalydino,2,file_brain_AXT1_202_2020334,3,1,0.4660506248474121
AXT1,anomalydino,2,file_brain_AXT1_202_2020334,4,1,0.32972580194473267
AXT1,anomalydino,2,file_brain_AXT1_202_2020334,5,1,0.2971982757250468
AXT1,anomalydino,2,file_brain_AXT1_202_2020334,6,1,0.29227228959401447
AXT1,anomalydino,2,file_brain_AXT1_202_2020334,7,1,0.23795862992604574
AXT1,anomalydino,2,file_brain_AXT1_202_2020334,8,1,0.2119882901509603
AXT1,anomalydino,2,file_brain_AXT1_202_2020334,9,1,0.2606951793034871
AXT1,anomalydino,2,file_brain_AXT1_202_2020334,10,1,0.30932722489039105
AXT1,anomalydino,2,file_brain_AXT1_202_2020334,11,1,0.28371498982111615
AXT1,anomalydino,2,file_brain_AXT1_202_2020334,12,1,0.4071337779362996
AXT1,anomalydino,2,file_brain_AXT1_202_2020334,13,1,0.5338195562362671
AXT1,anomalydino,2,file_brain_AXT1_202_2020334,14,1,0.554807186126709
AXT1,anomalydino,2,file_brain_AXT1_202_2020334,15,1,0.5776886145273844
AXT1,anomalydino,2,file_brain_AXT1_202_6000339,0,1,0.36817872524261475
AXT1,anomalydino,2,file_brain_AXT1_202_6000339,1,1,0.33267660935719806
AXT1,anomalydino,2,file_brain_AXT1_202_6000339,2,1,0.26496489842732746
AXT1,anomalydino,2,file_brain_AXT1_201_6002836,0,1,0.42136510213216144
AXT1,anomalydino,2,file_brain_AXT1_201_6002836,1,1,0.40674034754435223
AXT1,anomalydino,2,file_brain_AXT1_201_6002836,2,1,0.3552540938059489
AXT1,anomalydino,2,file_brain_AXT1_201_6002836,3,1,0.3466188907623291
AXT1,anomalydino,2,file_brain_AXT1_201_6002836,4,1,0.32659093538920086
AXT1,anomalydino,2,file_brain_AXT1_201_6002836,5,1,0.3301292657852173
AXT1,anomalydino,2,file_brain_AXT1_201_6002836,6,1,0.3022363980611165
AXT1,anomalydino,2,file_brain_AXT1_201_6002836,7,1,0.23049493630727133
AXT1,anomalydino,2,file_brain_AXT1_201_6002779,11,1,0.25079009930292767
AXT1,anomalydino,2,file_brain_AXT1_201_6002779,12,1,0.35204235712687176
AXT1,anomalydino,2,file_brain_AXT1_201_6002779,13,1,0.3587382634480794
AXT1,anomalydino,2,file_brain_AXT1_201_6002779,14,1,0.4513876438140869
AXT1,anomalydino,2,file_brain_AXT1_201_6002779,15,1,0.4621651967366536
AXT1,anomalydino,2,file_brain_AXT1_202_2020509,7,1,0.15767782926559448
AXT1,anomalydino,2,file_brain_AXT1_202_2020509,8,1,0.2131955623626709
AXT1,anomalydino,2,file_brain_AXT1_202_2020509,9,1,0.23532948891321817
AXT1,anomalydino,2,file_brain_AXT1_202_2020509,10,1,0.2406424880027771
AXT1,anomalydino,2,file_brain_AXT1_202_2020509,11,1,0.3424233595530192
AXT1,anomalydino,2,file_brain_AXT1_202_2020509,12,1,0.37026230494181317
AXT1,anomalydino,2,file_brain_AXT1_202_2020509,13,1,0.34691814581553143
AXT1,anomalydino,2,file_brain_AXT1_202_2020509,14,1,0.4850996732711792
AXT1,anomalydino,2,file_brain_AXT1_202_2020509,15,1,0.48932870229085285
AXT1,anomalydino,2,file_brain_AXT1_202_2020418,0,1,0.3411124547322591
AXT1,anomalydino,2,file_brain_AXT1_202_2020418,1,1,0.3709261417388916
AXT1,anomalydino,2,file_brain_AXT1_202_2020418,2,1,0.29978615045547485
AXT1,anomalydino,2,file_brain_AXT1_202_2020418,3,1,0.3113476634025574
AXT1,anomalydino,2,file_brain_AXT1_202_2020418,4,1,0.27311615149180096
AXT1,anomalydino,2,file_brain_AXT1_202_2020418,5,1,0.2757291595141093
AXT1,anomalydino,2,file_brain_AXT1_202_2020418,6,1,0.24756530920664468
AXT1,anomalydino,2,file_brain_AXT1_202_2020418,7,1,0.29487911860148114
AXT1,anomalydino,2,file_brain_AXT1_202_2020418,8,1,0.2951756914456685
AXT1,anomalydino,2,file_brain_AXT1_202_2020418,9,1,0.2747410138448079
AXT1,anomalydino,2,file_brain_AXT1_202_2020418,10,1,0.31458187103271484
AXT1,anomalydino,2,file_brain_AXT1_202_2020418,11,1,0.3200575113296509
AXT1,anomalydino,2,file_brain_AXT1_202_2020418,12,1,0.38996227582295734
AXT1,anomalydino,2,file_brain_AXT1_202_2020418,13,1,0.3933441638946533
AXT1,anomalydino,2,file_brain_AXT1_202_2020068,0,1,0.40289831161499023
AXT1,anomalydino,2,file_brain_AXT1_202_2020068,1,1,0.4114698568979899
AXT1,anomalydino,2,file_brain_AXT1_202_2020068,2,1,0.294123907883962
AXT1,anomalydino,2,file_brain_AXT1_202_2020068,3,1,0.305692454179128
AXT1,anomalydino,2,file_brain_AXT1_202_2020068,4,1,0.3025137384732564
AXT1,anomalydino,2,file_brain_AXT1_202_2020068,5,1,0.26586635907491046
AXT1,anomalydino,2,file_brain_AXT1_202_2020068,6,1,0.28846973180770874
AXT1,anomalydino,2,file_brain_AXT1_202_2020068,7,1,0.3056223789850871
AXT1,anomalydino,2,file_brain_AXT1_202_2020068,8,1,0.3732193311055501
AXT1,anomalydino,2,file_brain_AXT1_202_2020068,9,1,0.45011130968729657
AXT1,anomalydino,2,file_brain_AXT1_202_2020068,10,1,0.5219178199768066
AXT1,anomalydino,2,file_brain_AXT1_202_2020068,11,1,0.4383567174275716
AXT1,anomalydino,2,file_brain_AXT1_202_2020068,12,1,0.46860432624816895
AXT1,anomalydino,2,file_brain_AXT1_202_2020068,13,1,0.45636963844299316
AXT1,anomalydino,2,file_brain_AXT1_202_2020068,14,1,0.5157903035481771
AXT1,anomalydino,2,file_brain_AXT1_202_2020068,15,1,0.5721692244211832
AXT1,anomalydino,2,file_brain_AXT1_201_6002811,0,1,0.46079134941101074
AXT1,anomalydino,2,file_brain_AXT1_201_6002811,1,1,0.46252453327178955
AXT1,anomalydino,2,file_brain_AXT1_201_6002811,2,1,0.45852625370025635
AXT1,anomalydino,2,file_brain_AXT1_201_6002811,3,1,0.4712104797363281
AXT1,anomalydino,2,file_brain_AXT1_201_6002811,4,1,0.5446163018544515
AXT1,anomalydino,2,file_brain_AXT1_201_6002811,5,1,0.42960556348164874
AXT1,anomalydino,2,file_brain_AXT1_201_6002811,6,1,0.46363631884257
AXT1,anomalydino,2,file_brain_AXT1_201_6002811,7,1,0.4585598309834798
AXT1,anomalydino,2,file_brain_AXT1_201_6002811,8,1,0.4971005916595459
AXT1,anomalydino,2,file_brain_AXT1_201_6002811,9,1,0.4478790760040283
AXT1,anomalydino,2,file_brain_AXT1_201_6002811,10,1,0.4209686517715454
AXT1,anomalydino,2,file_brain_AXT1_202_2020551,2,1,0.29450855652491253
AXT1,anomalydino,2,file_brain_AXT1_202_2020551,3,1,0.2578042348225911
AXT1,anomalydino,2,file_brain_AXT1_202_2020551,4,1,0.2616148789723714
AXT1,anomalydino,2,file_brain_AXT1_202_2020551,5,1,0.28853122393290204
AXT1,anomalydino,2,file_brain_AXT1_202_2020551,6,1,0.29436222712198895
AXT1,anomalydino,2,file_brain_AXT1_202_2020551,7,1,0.18049108982086182
AXT1,anomalydino,2,file_brain_AXT1_202_2020551,8,1,0.21135735511779785
AXT1,anomalydino,2,file_brain_AXT1_202_2020551,9,1,0.20639483133951822
AXT1,anomalydino,2,file_brain_AXT1_206_2060097,8,1,0.23450408379236856
AXT1,anomalydino,2,file_brain_AXT1_202_6000408,0,1,0.3163346250851949
AXT1,anomalydino,2,file_brain_AXT1_202_6000408,1,1,0.2684754530588786
AXT1,anomalydino,2,file_brain_AXT1_202_6000408,2,1,0.23161600033442178
AXT1,anomalydino,2,file_brain_AXT1_202_6000408,3,1,0.18100915352503458
AXT1,anomalydino,2,file_brain_AXT1_206_2060051,2,1,0.2224076787630717
AXT1,anomalydino,2,file_brain_AXT1_206_2060051,3,1,0.2370093067487081
AXT1,anomalydino,2,file_brain_AXT1_206_2060051,4,1,0.20211613178253174
AXT1,anomalydino,2,file_brain_AXT1_202_2020009,0,1,0.470962921778361
AXT1,anomalydino,2,file_brain_AXT1_202_2020009,1,1,0.49097291628519696
AXT1,anomalydino,2,file_brain_AXT1_202_2020009,2,1,0.5995202461878458
AXT1,anomalydino,2,file_brain_AXT1_202_2020009,3,1,0.5336533387502035
AXT1,anomalydino,2,file_brain_AXT1_202_2020009,4,1,0.5325256188710531
AXT1,anomalydino,2,file_brain_AXT1_202_2020009,5,1,0.5644563436508179
AXT1,anomalydino,2,file_brain_AXT1_202_2020009,6,1,0.46620965003967285
AXT1,anomalydino,2,file_brain_AXT1_202_2020009,7,1,0.48302117983500165
AXT1,anomalydino,2,file_brain_AXT1_202_2020009,8,1,0.4001458485921224
AXT1,anomalydino,2,file_brain_AXT1_202_2020009,9,1,0.4133442242940267
AXT1,anomalydino,2,file_brain_AXT1_202_2020009,10,1,0.34256919225056964
AXT1,anomalydino,2,file_brain_AXT1_202_2020009,11,1,0.469480037689209
AXT1,anomalydino,2,file_brain_AXT1_202_2020009,12,1,0.47203787167867023
AXT1,anomalydino,2,file_brain_AXT1_202_2020009,13,1,0.5233414570490519
AXT1,anomalydino,2,file_brain_AXT1_202_2020301,0,1,0.4569404125213623
AXT1,anomalydino,2,file_brain_AXT1_202_2020301,1,1,0.5867397785186768
AXT1,anomalydino,2,file_brain_AXT1_202_2020301,2,1,0.28357813755671185
AXT1,anomalydino,2,file_brain_AXT1_202_2020301,3,1,0.2864200671513875
AXT1,anomalydino,2,file_brain_AXT1_202_2020301,4,1,0.2604444622993469
AXT1,anomalydino,2,file_brain_AXT1_202_2020301,5,1,0.18535937865575156
AXT1,anomalydino,2,file_brain_AXT1_202_2020301,6,1,0.2118279735247294
AXT1,anomalydino,2,file_brain_AXT1_202_2020301,7,1,0.1919410228729248
AXT1,anomalydino,2,file_brain_AXT1_202_2020301,8,1,0.22086594502131143
AXT1,anomalydino,2,file_brain_AXT1_202_2020301,9,1,0.2301096518834432
AXT1,anomalydino,2,file_brain_AXT1_202_2020301,10,1,0.22975536187489828
AXT1,anomalydino,2,file_brain_AXT1_202_2020301,11,1,0.2938102086385091
AXT1,anomalydino,2,file_brain_AXT1_202_2020301,12,1,0.37326252460479736
AXT1,anomalydino,2,file_brain_AXT1_202_2020301,13,1,0.30921604235967
AXT1,anomalydino,2,file_brain_AXT1_202_2020156,0,1,0.4548836946487427
AXT1,anomalydino,2,file_brain_AXT1_202_2020156,1,1,0.443456490834554
AXT1,anomalydino,2,file_brain_AXT1_202_2020156,2,1,0.5202821095784506
AXT1,anomalydino,2,file_brain_AXT1_202_2020156,3,1,0.4491105874379476
AXT1,anomalydino,2,file_brain_AXT1_202_2020156,4,1,0.3070279359817505
AXT1,anomalydino,2,file_brain_AXT1_202_2020156,5,1,0.29097708066304523
AXT1,anomalydino,2,file_brain_AXT1_202_2020156,6,1,0.2206176519393921
AXT1,anomalydino,2,file_brain_AXT1_202_2020156,7,1,0.23587914307912192
AXT1,anomalydino,2,file_brain_AXT1_202_2020156,8,1,0.20685489972432455
AXT1,anomalydino,2,file_brain_AXT1_202_2020156,9,1,0.2159940004348755
AXT1,anomalydino,2,file_brain_AXT1_202_2020156,10,1,0.2672557433446248
AXT1,anomalydino,2,file_brain_AXT1_202_2020156,11,1,0.2994973659515381
AXT1,anomalydino,2,file_brain_AXT1_202_2020156,12,1,0.3062528967857361
AXT1,anomalydino,2,file_brain_AXT1_202_2020156,13,1,0.4038785696029663
AXT1,anomalydino,2,file_brain_AXT1_202_2020156,14,1,0.446430762608846
AXT1,anomalydino,2,file_brain_AXT1_202_2020156,15,1,0.402175505956014
AXT1,anomalydino,3,file_brain_AXT1_202_6000534,7,0,0.25067706902821857
AXT1,anomalydino,3,file_brain_AXT1_202_2020468,4,0,0.21134243408838907
AXT1,anomalydino,3,file_brain_AXT1_202_6000312,7,0,0.20578652620315552
AXT1,anomalydino,3,file_brain_AXT1_202_2020468,5,0,0.3232729434967041
AXT1,anomalydino,3,file_brain_AXT1_202_2020478,5,0,0.2625848452250163
AXT1,anomalydino,3,file_brain_AXT1_201_6002717,5,0,0.16091853380203247
AXT1,anomalydino,3,file_brain_AXT1_202_2020184,6,0,0.3238870104153951
AXT1,anomalydino,3,file_brain_AXT1_202_6000305,10,0,0.14916090170542398
AXT1,anomalydino,3,file_brain_AXT1_206_2060097,5,0,0.15992363293965658
AXT1,anomalydino,3,file_brain_AXT1_202_2020195,7,0,0.2917178471883138
AXT1,anomalydino,3,file_brain_AXT1_202_6000305,9,0,0.3836147387822469
AXT1,anomalydino,3,file_brain_AXT1_202_6000408,8,0,0.1895675261815389
AXT1,anomalydino,3,file_brain_AXT1_202_2020167,11,0,0.3580893675486247
AXT1,anomalydino,3,file_brain_AXT1_202_6000408,11,0,0.19786755243937174
AXT1,anomalydino,3,file_brain_AXT1_202_6000408,12,0,0.1559357245763143
AXT1,anomalydino,3,file_brain_AXT1_202_2020496,9,0,0.2903130054473877
AXT1,anomalydino,3,file_brain_AXT1_202_6000534,5,0,0.24947134653727213
AXT1,anomalydino,3,file_brain_AXT1_202_2020199,6,0,0.12854262193044028
AXT1,anomalydino,3,file_brain_AXT1_202_2020186,7,0,0.3037961721420288
AXT1,anomalydino,3,file_brain_AXT1_202_6000591,7,0,0.23465973138809204
AXT1,anomalydino,3,file_brain_AXT1_202_6000339,4,0,0.19660057624181113
AXT1,anomalydino,3,file_brain_AXT1_202_2020199,5,0,0.2371705969174703
AXT1,anomalydino,3,file_brain_AXT1_206_2060051,12,0,0.24635380506515503
AXT1,anomalydino,3,file_brain_AXT1_202_2020184,9,0,0.22101092338562012
AXT1,anomalydino,3,file_brain_AXT1_201_6002717,11,0,0.26185866196950275
AXT1,anomalydino,3,file_brain_AXT1_202_2020509,4,0,0.21585281689961752
AXT1,anomalydino,3,file_brain_AXT1_202_2020186,10,0,0.24390316009521484
AXT1,anomalydino,3,file_brain_AXT1_206_2060097,12,0,0.20806902647018433
AXT1,anomalydino,3,file_brain_AXT1_202_6000534,11,0,0.21857949097951254
AXT1,anomalydino,3,file_brain_AXT1_202_2020511,5,0,0.3366469939549764
AXT1,anomalydino,3,file_brain_AXT1_202_6000591,4,0,0.2353891928990682
AXT1,anomalydino,3,file_brain_AXT1_202_2020248,11,0,0.23814127842585245
AXT1,anomalydino,3,file_brain_AXT1_206_2060051,10,0,0.15207324425379434
AXT1,anomalydino,3,file_brain_AXT1_202_2020496,7,0,0.2324469486872355
AXT1,anomalydino,3,file_brain_AXT1_202_2020184,8,0,0.37590718269348145
AXT1,anomalydino,3,file_brain_AXT1_202_2020167,9,0,0.23178871472676596
AXT1,anomalydino,3,file_brain_AXT1_202_2020496,4,0,0.303896963596344
AXT1,anomalydino,3,file_brain_AXT1_202_6000591,6,0,0.1965033014615377
AXT1,anomalydino,3,file_brain_AXT1_206_2060051,8,0,0.22429861625035605
AXT1,anomalydino,3,file_brain_AXT1_202_2020511,9,0,0.2147360642751058
AXT1,anomalydino,3,file_brain_AXT1_202_2020551,12,0,0.24647567669550577
AXT1,anomalydino,3,file_brain_AXT1_206_2060097,9,0,0.20638845364252725
AXT1,anomalydino,3,file_brain_AXT1_202_2020248,9,0,0.30146847168604535
AXT1,anomalydino,3,file_brain_AXT1_202_2020076,5,0,0.20159322023391724
AXT1,anomalydino,3,file_brain_AXT1_202_2020195,8,0,0.3760521411895752
AXT1,anomalydino,3,file_brain_AXT1_201_6002811,11,0,0.1807000438372294
AXT1,anomalydino,3,file_brain_AXT1_202_2020511,4,0,0.15798713763554892
AXT1,anomalydino,3,file_brain_AXT1_202_6000305,11,0,0.16079245011011759
AXT1,anomalydino,3,file_brain_AXT1_202_2020468,6,0,0.21640807390213013
AXT1,anomalydino,3,file_brain_AXT1_202_2020186,9,0,0.2587431073188782
AXT1,anomalydino,3,file_brain_AXT1_202_6000305,5,0,0.4517213503519694
AXT1,anomalydino,3,file_brain_AXT1_201_6002717,10,0,0.19769277175267538
AXT1,anomalydino,3,file_brain_AXT1_202_6000339,10,0,0.2188212275505066
AXT1,anomalydino,3,file_brain_AXT1_202_2020186,11,0,0.23307822148005167
AXT1,anomalydino,3,file_brain_AXT1_202_2020076,10,0,0.25674142440160114
AXT1,anomalydino,3,file_brain_AXT1_202_2020496,6,0,0.2622145414352417
AXT1,anomalydino,3,file_brain_AXT1_202_2020509,6,0,0.24121286471684775
AXT1,anomalydino,3,file_brain_AXT1_202_6000534,4,0,0.19786341985066733
AXT1,anomalydino,3,file_brain_AXT1_202_2020167,10,0,0.23181885480880737
AXT1,anomalydino,3,file_brain_AXT1_202_6000591,11,0,0.2396481434504191
AXT1,anomalydino,3,file_brain_AXT1_201_6002717,7,0,0.39338735739390057
AXT1,anomalydino,3,file_brain_AXT1_202_6000312,10,0,0.29685672124226886
AXT1,anomalydino,3,file_brain_AXT1_202_2020323,6,0,0.27543960014979046
AXT1,anomalydino,3,file_brain_AXT1_202_6000312,12,0,0.21433128913243613
AXT1,anomalydino,3,file_brain_AXT1_202_6000312,6,0,0.22769578297932944
AXT1,anomalydino,3,file_brain_AXT1_202_2020109,8,0,0.292488972345988
AXT1,anomalydino,3,file_brain_AXT1_202_6000408,10,0,0.2557984987894694
AXT1,anomalydino,3,file_brain_AXT1_202_2020184,4,0,0.2743212580680847
AXT1,anomalydino,3,file_brain_AXT1_202_6000312,4,0,0.24117072423299155
AXT1,anomalydino,3,file_brain_AXT1_202_6000534,12,0,0.26718199253082275
AXT1,anomalydino,3,file_brain_AXT1_202_2020496,11,0,0.18612722555796304
AXT1,anomalydino,3,file_brain_AXT1_202_2020076,6,0,0.18345632155736288
AXT1,anomalydino,3,file_brain_AXT1_202_6000312,8,0,0.26086392005284625
AXT1,anomalydino,3,file_brain_AXT1_202_6000534,8,0,0.21485787630081177
AXT1,anomalydino,3,file_brain_AXT1_202_2020334,0,1,0.35240372021993
AXT1,anomalydino,3,file_brain_AXT1_202_2020334,1,1,0.3329963684082031
AXT1,anomalydino,3,file_brain_AXT1_202_2020334,2,1,0.3350592851638794
AXT1,anomalydino,3,file_brain_AXT1_202_2020334,3,1,0.45835645993550617
AXT1,anomalydino,3,file_brain_AXT1_202_2020334,4,1,0.32243398825327557
AXT1,anomalydino,3,file_brain_AXT1_202_2020334,5,1,0.28910861412684125
AXT1,anomalydino,3,file_brain_AXT1_202_2020334,6,1,0.2981093128522237
AXT1,anomalydino,3,file_brain_AXT1_202_2020334,7,1,0.24055258433024088
AXT1,anomalydino,3,file_brain_AXT1_202_2020334,8,1,0.21137583255767822
AXT1,anomalydino,3,file_brain_AXT1_202_2020334,9,1,0.2613884011904399
AXT1,anomalydino,3,file_brain_AXT1_202_2020334,10,1,0.301094651222229
AXT1,anomalydino,3,file_brain_AXT1_202_2020334,11,1,0.27326567967732746
AXT1,anomalydino,3,file_brain_AXT1_202_2020334,12,1,0.40996936957041424
AXT1,anomalydino,3,file_brain_AXT1_202_2020334,13,1,0.5214213530222574
AXT1,anomalydino,3,file_brain_AXT1_202_2020334,14,1,0.5342332124710083
AXT1,anomalydino,3,file_brain_AXT1_202_2020334,15,1,0.567643960316976
AXT1,anomalydino,3,file_brain_AXT1_202_6000339,0,1,0.3785232702891032
AXT1,anomalydino,3,file_brain_AXT1_202_6000339,1,1,0.33276985088984173
AXT1,anomalydino,3,file_brain_AXT1_202_6000339,2,1,0.2480193575223287
AXT1,anomalydino,3,file_brain_AXT1_201_6002836,0,1,0.4305022954940796
AXT1,anomalydino,3,file_brain_AXT1_201_6002836,1,1,0.41674232482910156
AXT1,anomalydino,3,file_brain_AXT1_201_6002836,2,1,0.3746186097462972
AXT1,anomalydino,3,file_brain_AXT1_201_6002836,3,1,0.32447036107381183
AXT1,anomalydino,3,file_brain_AXT1_201_6002836,4,1,0.30798373619715375
AXT1,anomalydino,3,file_brain_AXT1_201_6002836,5,1,0.33257949352264404
AXT1,anomalydino,3,file_brain_AXT1_201_6002836,6,1,0.30827192465464276
AXT1,anomalydino,3,file_brain_AXT1_201_6002836,7,1,0.21763473749160767
AXT1,anomalydino,3,file_brain_AXT1_201_6002779,11,1,0.24092191457748413
AXT1,anomalydino,3,file_brain_AXT1_201_6002779,12,1,0.3526589075724284
AXT1,anomalydino,3,file_brain_AXT1_201_6002779,13,1,0.3671303987503052
AXT1,anomalydino,3,file_brain_AXT1_201_6002779,14,1,0.4439293146133423
AXT1,anomalydino,3,file_brain_AXT1_201_6002779,15,1,0.45449241002400714
AXT1,anomalydino,3,file_brain_AXT1_202_2020509,7,1,0.15238902966181436
AXT1,anomalydino,3,file_brain_AXT1_202_2020509,8,1,0.2353060245513916
AXT1,anomalydino,3,file_brain_AXT1_202_2020509,9,1,0.23636368910471597
AXT1,anomalydino,3,file_brain_AXT1_202_2020509,10,1,0.2769918243090312
AXT1,anomalydino,3,file_brain_AXT1_202_2020509,11,1,0.36681099732716876
AXT1,anomalydino,3,file_brain_AXT1_202_2020509,12,1,0.3744181791941325
AXT1,anomalydino,3,file_brain_AXT1_202_2020509,13,1,0.35339375336964923
AXT1,anomalydino,3,file_brain_AXT1_202_2020509,14,1,0.45106665293375653
AXT1,anomalydino,3,file_brain_AXT1_202_2020509,15,1,0.47836558024088544
AXT1,anomalydino,3,file_brain_AXT1_202_2020418,0,1,0.346094012260437
AXT1,anomalydino,3,file_brain_AXT1_202_2020418,1,1,0.37534570693969727
AXT1,anomalydino,3,file_brain_AXT1_202_2020418,2,1,0.31417495012283325
AXT1,anomalydino,3,file_brain_AXT1_202_2020418,3,1,0.3253463904062907
AXT1,anomalydino,3,file_brain_AXT1_202_2020418,4,1,0.28440531094868976
AXT1,anomalydino,3,file_brain_AXT1_202_2020418,5,1,0.2874299883842468
AXT1,anomalydino,3,file_brain_AXT1_202_2020418,6,1,0.2862137754758199
AXT1,anomalydino,3,file_brain_AXT1_202_2020418,7,1,0.3284783164660136
AXT1,anomalydino,3,file_brain_AXT1_202_2020418,8,1,0.3288649320602417
AXT1,anomalydino,3,file_brain_AXT1_202_2020418,9,1,0.32659892241160077
AXT1,anomalydino,3,file_brain_AXT1_202_2020418,10,1,0.3360491196314494
AXT1,anomalydino,3,file_brain_AXT1_202_2020418,11,1,0.3485105037689209
AXT1,anomalydino,3,file_brain_AXT1_202_2020418,12,1,0.3875223398208618
AXT1,anomalydino,3,file_brain_AXT1_202_2020418,13,1,0.3981720606486003
AXT1,anomalydino,3,file_brain_AXT1_202_2020068,0,1,0.4031093915303548
AXT1,anomalydino,3,file_brain_AXT1_202_2020068,1,1,0.4089127779006958
AXT1,anomalydino,3,file_brain_AXT1_202_2020068,2,1,0.3316863973935445
AXT1,anomalydino,3,file_brain_AXT1_202_2020068,3,1,0.3211026390393575
AXT1,anomalydino,3,file_brain_AXT1_202_2020068,4,1,0.29996458689371747
AXT1,anomalydino,3,file_brain_AXT1_202_2020068,5,1,0.2651573022206624
AXT1,anomalydino,3,file_brain_AXT1_202_2020068,6,1,0.28604020675023395
AXT1,anomalydino,3,file_brain_AXT1_202_2020068,7,1,0.2984777092933655
AXT1,anomalydino,3,file_brain_AXT1_202_2020068,8,1,0.345281442006429
AXT1,anomalydino,3,file_brain_AXT1_202_2020068,9,1,0.4501078128814697
AXT1,anomalydino,3,file_brain_AXT1_202_2020068,10,1,0.5246625343958536
AXT1,anomalydino,3,file_brain_AXT1_202_2020068,11,1,0.4495104153951009
AXT1,anomalydino,3,file_brain_AXT1_202_2020068,12,1,0.48003411293029785
AXT1,anomalydino,3,file_brain_AXT1_202_2020068,13,1,0.4565115769704183
AXT1,anomalydino,3,file_brain_AXT1_202_2020068,14,1,0.5182140668233236
AXT1,anomalydino,3,file_brain_AXT1_202_2020068,15,1,0.588189442952474
AXT1,anomalydino,3,file_brain_AXT1_201_6002811,0,1,0.45094652970631915
AXT1,anomalydino,3,file_brain_AXT1_201_6002811,1,1,0.46246604124705
AXT1,anomalydino,3,file_brain_AXT1_201_6002811,2,1,0.45776915550231934
AXT1,anomalydino,3,file_brain_AXT1_201_6002811,3,1,0.4498073657353719
AXT1,anomalydino,3,file_brain_AXT1_201_6002811,4,1,0.5267544984817505
AXT1,anomalydino,3,file_brain_AXT1_201_6002811,5,1,0.4349914789199829
AXT1,anomalydino,3,file_brain_AXT1_201_6002811,6,1,0.4714047114054362
AXT1,anomalydino,3,file_brain_AXT1_201_6002811,7,1,0.47222403685251874
AXT1,anomalydino,3,file_brain_AXT1_201_6002811,8,1,0.49803586800893146
AXT1,anomalydino,3,file_brain_AXT1_201_6002811,9,1,0.4472407102584839
AXT1,anomalydino,3,file_brain_AXT1_201_6002811,10,1,0.4209686517715454
AXT1,anomalydino,3,file_brain_AXT1_202_2020551,2,1,0.2829372088114421
AXT1,anomalydino,3,file_brain_AXT1_202_2020551,3,1,0.25260382890701294
AXT1,anomalydino,3,file_brain_AXT1_202_2020551,4,1,0.2437819242477417
AXT1,anomalydino,3,file_brain_AXT1_202_2020551,5,1,0.28970879316329956
AXT1,anomalydino,3,file_brain_AXT1_202_2020551,6,1,0.2759768565495809
AXT1,anomalydino,3,file_brain_AXT1_202_2020551,7,1,0.18205398321151733
AXT1,anomalydino,3,file_brain_AXT1_202_2020551,8,1,0.20543930927912393
AXT1,anomalydino,3,file_brain_AXT1_202_2020551,9,1,0.1819357673327128
AXT1,anomalydino,3,file_brain_AXT1_206_2060097,8,1,0.23071922858556113
AXT1,anomalydino,3,file_brain_AXT1_202_6000408,0,1,0.34949644406636554
AXT1,anomalydino,3,file_brain_AXT1_202_6000408,1,1,0.2670397162437439
AXT1,anomalydino,3,file_brain_AXT1_202_6000408,2,1,0.22944629192352295
AXT1,anomalydino,3,file_brain_AXT1_202_6000408,3,1,0.18836245934168497
AXT1,anomalydino,3,file_brain_AXT1_206_2060051,2,1,0.24874045451482138
AXT1,anomalydino,3,file_brain_AXT1_206_2060051,3,1,0.2229619820912679
AXT1,anomalydino,3,file_brain_AXT1_206_2060051,4,1,0.19743281602859497
AXT1,anomalydino,3,file_brain_AXT1_202_2020009,0,1,0.4881686369578044
AXT1,anomalydino,3,file_brain_AXT1_202_2020009,1,1,0.49268682797749835
AXT1,anomalydino,3,file_brain_AXT1_202_2020009,2,1,0.5944556395212809
AXT1,anomalydino,3,file_brain_AXT1_202_2020009,3,1,0.5433831612269083
AXT1,anomalydino,3,file_brain_AXT1_202_2020009,4,1,0.5317255655924479
AXT1,anomalydino,3,file_brain_AXT1_202_2020009,5,1,0.555399497350057
AXT1,anomalydino,3,file_brain_AXT1_202_2020009,6,1,0.45970384279886883
AXT1,anomalydino,3,file_brain_AXT1_202_2020009,7,1,0.4715503454208374
AXT1,anomalydino,3,file_brain_AXT1_202_2020009,8,1,0.4046924114227295
AXT1,anomalydino,3,file_brain_AXT1_202_2020009,9,1,0.40743199984232586
AXT1,anomalydino,3,file_brain_AXT1_202_2020009,10,1,0.33910922209421795
AXT1,anomalydino,3,file_brain_AXT1_202_2020009,11,1,0.4738670190175374
AXT1,anomalydino,3,file_brain_AXT1_202_2020009,12,1,0.47030500570933026
AXT1,anomalydino,3,file_brain_AXT1_202_2020009,13,1,0.5203461647033691
AXT1,anomalydino,3,file_brain_AXT1_202_2020301,0,1,0.447493036588033
AXT1,anomalydino,3,file_brain_AXT1_202_2020301,1,1,0.5649191538492838
AXT1,anomalydino,3,file_brain_AXT1_202_2020301,2,1,0.26883697509765625
AXT1,anomalydino,3,file_brain_AXT1_202_2020301,3,1,0.29275904099146527
AXT1,anomalydino,3,file_brain_AXT1_202_2020301,4,1,0.26438214381535846
AXT1,anomalydino,3,file_brain_AXT1_202_2020301,5,1,0.19036330779393515
AXT1,anomalydino,3,file_brain_AXT1_202_2020301,6,1,0.2215984066327413
AXT1,anomalydino,3,file_brain_AXT1_202_2020301,7,1,0.20327226320902506
AXT1,anomalydino,3,file_brain_AXT1_202_2020301,8,1,0.24083640178044638
AXT1,anomalydino,3,file_brain_AXT1_202_2020301,9,1,0.22962582111358643
AXT1,anomalydino,3,file_brain_AXT1_202_2020301,10,1,0.22082297007242838
AXT1,anomalydino,3,file_brain_AXT1_202_2020301,11,1,0.29220734039942425
AXT1,anomalydino,3,file_brain_AXT1_202_2020301,12,1,0.40747539202372235
AXT1,anomalydino,3,file_brain_AXT1_202_2020301,13,1,0.3240518967310588
AXT1,anomalydino,3,file_brain_AXT1_202_2020156,0,1,0.46906296412150067
AXT1,anomalydino,3,file_brain_AXT1_202_2020156,1,1,0.44597164789835614
AXT1,anomalydino,3,file_brain_AXT1_202_2020156,2,1,0.5159012873967489
AXT1,anomalydino,3,file_brain_AXT1_202_2020156,3,1,0.43843770027160645
AXT1,anomalydino,3,file_brain_AXT1_202_2020156,4,1,0.31506991386413574
AXT1,anomalydino,3,file_brain_AXT1_202_2020156,5,1,0.28977084159851074
AXT1,anomalydino,3,file_brain_AXT1_202_2020156,6,1,0.21565771102905273
AXT1,anomalydino,3,file_brain_AXT1_202_2020156,7,1,0.23526318868001303
AXT1,anomalydino,3,file_brain_AXT1_202_2020156,8,1,0.2114169398943583
AXT1,anomalydino,3,file_brain_AXT1_202_2020156,9,1,0.2459686795870463
AXT1,anomalydino,3,file_brain_AXT1_202_2020156,10,1,0.2727639079093933
AXT1,anomalydino,3,file_brain_AXT1_202_2020156,11,1,0.3145334521929423
AXT1,anomalydino,3,file_brain_AXT1_202_2020156,12,1,0.31151191393534344
AXT1,anomalydino,3,file_brain_AXT1_202_2020156,13,1,0.3975643714269002
AXT1,anomalydino,3,file_brain_AXT1_202_2020156,14,1,0.43537131945292157
AXT1,anomalydino,3,file_brain_AXT1_202_2020156,15,1,0.4033729632695516
AXT1,anomalydino,4,file_brain_AXT1_202_6000534,7,0,0.26756670077641803
AXT1,anomalydino,4,file_brain_AXT1_202_2020468,4,0,0.19993277390797934
AXT1,anomalydino,4,file_brain_AXT1_202_6000312,7,0,0.21323396762212118
AXT1,anomalydino,4,file_brain_AXT1_202_2020468,5,0,0.3214334050814311
AXT1,anomalydino,4,file_brain_AXT1_202_2020478,5,0,0.25628916422526044
AXT1,anomalydino,4,file_brain_AXT1_201_6002717,5,0,0.1804025967915853
AXT1,anomalydino,4,file_brain_AXT1_202_2020184,6,0,0.3253382444381714
AXT1,anomalydino,4,file_brain_AXT1_202_6000305,10,0,0.15004801750183105
AXT1,anomalydino,4,file_brain_AXT1_206_2060097,5,0,0.16557530562082926
AXT1,anomalydino,4,file_brain_AXT1_202_2020195,7,0,0.25208336114883423
AXT1,anomalydino,4,file_brain_AXT1_202_6000305,9,0,0.3791482448577881
AXT1,anomalydino,4,file_brain_AXT1_202_6000408,8,0,0.18969273567199707
AXT1,anomalydino,4,file_brain_AXT1_202_2020167,11,0,0.3580893675486247
AXT1,anomalydino,4,file_brain_AXT1_202_6000408,11,0,0.19043264786402384
AXT1,anomalydino,4,file_brain_AXT1_202_6000408,12,0,0.15790297587712607
AXT1,anomalydino,4,file_brain_AXT1_202_2020496,9,0,0.2855498790740967
AXT1,anomalydino,4,file_brain_AXT1_202_6000534,5,0,0.24962890148162842
AXT1,anomalydino,4,file_brain_AXT1_202_2020199,6,0,0.1471313238143921
AXT1,anomalydino,4,file_brain_AXT1_202_2020186,7,0,0.27691195408503216
AXT1,anomalydino,4,file_brain_AXT1_202_6000591,7,0,0.2322261929512024
AXT1,anomalydino,4,file_brain_AXT1_202_6000339,4,0,0.19114832083384195
AXT1,anomalydino,4,file_brain_AXT1_202_2020199,5,0,0.25523537397384644
AXT1,anomalydino,4,file_brain_AXT1_206_2060051,12,0,0.24256964524586996
AXT1,anomalydino,4,file_brain_AXT1_202_2020184,9,0,0.22242804368336996
AXT1,anomalydino,4,file_brain_AXT1_201_6002717,11,0,0.26552073160807294
AXT1,anomalydino,4,file_brain_AXT1_202_2020509,4,0,0.2046128511428833
AXT1,anomalydino,4,file_brain_AXT1_202_2020186,10,0,0.27025433381398517
AXT1,anomalydino,4,file_brain_AXT1_206_2060097,12,0,0.2035390535990397
AXT1,anomalydino,4,file_brain_AXT1_202_6000534,11,0,0.21454322338104248
AXT1,anomalydino,4,file_brain_AXT1_202_2020511,5,0,0.3416273196538289
AXT1,anomalydino,4,file_brain_AXT1_202_6000591,4,0,0.2444828748703003
AXT1,anomalydino,4,file_brain_AXT1_202_2020248,11,0,0.23822546005249023
AXT1,anomalydino,4,file_brain_AXT1_206_2060051,10,0,0.16258639097213745
AXT1,anomalydino,4,file_brain_AXT1_202_2020496,7,0,0.1976104974746704
AXT1,anomalydino,4,file_brain_AXT1_202_2020184,8,0,0.3796321153640747
AXT1,anomalydino,4,file_brain_AXT1_202_2020167,9,0,0.20624226331710815
AXT1,anomalydino,4,file_brain_AXT1_202_2020496,4,0,0.3186933199564616
AXT1,anomalydino,4,file_brain_AXT1_202_6000591,6,0,0.1974593997001648
AXT1,anomalydino,4,file_brain_AXT1_206_2060051,8,0,0.22185025612513223
AXT1,anomalydino,4,file_brain_AXT1_202_2020511,9,0,0.21558489402135214
AXT1,anomalydino,4,file_brain_AXT1_202_2020551,12,0,0.23485596974690756
AXT1,anomalydino,4,file_brain_AXT1_206_2060097,9,0,0.2050396203994751
AXT1,anomalydino,4,file_brain_AXT1_202_2020248,9,0,0.29592355092366535
AXT1,anomalydino,4,file_brain_AXT1_202_2020076,5,0,0.21629607677459717
AXT1,anomalydino,4,file_brain_AXT1_202_2020195,8,0,0.37449200948079425
AXT1,anomalydino,4,file_brain_AXT1_201_6002811,11,0,0.1866874893506368
AXT1,anomalydino,4,file_brain_AXT1_202_2020511,4,0,0.16409567991892496
AXT1,anomalydino,4,file_brain_AXT1_202_6000305,11,0,0.17571938037872314
AXT1,anomalydino,4,file_brain_AXT1_202_2020468,6,0,0.175238827864329
AXT1,anomalydino,4,file_brain_AXT1_202_2020186,9,0,0.2617884079615275
AXT1,anomalydino,4,file_brain_AXT1_202_6000305,5,0,0.4500286976496379
AXT1,anomalydino,4,file_brain_AXT1_201_6002717,10,0,0.1882827083269755
AXT1,anomalydino,4,file_brain_AXT1_202_6000339,10,0,0.20910906791687012
AXT1,anomalydino,4,file_brain_AXT1_202_2020186,11,0,0.22862809896469116
AXT1,anomalydino,4,file_brain_AXT1_202_2020076,10,0,0.2493862509727478
AXT1,anomalydino,4,file_brain_AXT1_202_2020496,6,0,0.2662666241327922
AXT1,anomalydino,4,file_brain_AXT1_202_2020509,6,0,0.22921965519587198
AXT1,anomalydino,4,file_brain_AXT1_202_6000534,4,0,0.19610043366750082
AXT1,anomalydino,4,file_brain_AXT1_202_2020167,10,0,0.1914762258529663
AXT1,anomalydino,4,file_brain_AXT1_202_6000591,11,0,0.2286538084348043
AXT1,anomalydino,4,file_brain_AXT1_201_6002717,7,0,0.3878459135691325
AXT1,anomalydino,4,file_brain_AXT1_202_6000312,10,0,0.31343768040339154
AXT1,anomalydino,4,file_brain_AXT1_202_2020323,6,0,0.25065847237904865
AXT1,anomalydino,4,file_brain_AXT1_202_6000312,12,0,0.24494248628616333
AXT1,anomalydino,4,file_brain_AXT1_202_6000312,6,0,0.21628626187642416
AXT1,anomalydino,4,file_brain_AXT1_202_2020109,8,0,0.28079450130462646
AXT1,anomalydino,4,file_brain_AXT1_202_6000408,10,0,0.26841241121292114
AXT1,anomalydino,4,file_brain_AXT1_202_2020184,4,0,0.27641820907592773
AXT1,anomalydino,4,file_brain_AXT1_202_6000312,4,0,0.24093908071517944
AXT1,anomalydino,4,file_brain_AXT1_202_6000534,12,0,0.22086123625437418
AXT1,anomalydino,4,file_brain_AXT1_202_2020496,11,0,0.1872440775235494
AXT1,anomalydino,4,file_brain_AXT1_202_2020076,6,0,0.18664362033208212
AXT1,anomalydino,4,file_brain_AXT1_202_6000312,8,0,0.2668549418449402
AXT1,anomalydino,4,file_brain_AXT1_202_6000534,8,0,0.22542121013005575
AXT1,anomalydino,4,file_brain_AXT1_202_2020334,0,1,0.3402724266052246
AXT1,anomalydino,4,file_brain_AXT1_202_2020334,1,1,0.33826661109924316
AXT1,anomalydino,4,file_brain_AXT1_202_2020334,2,1,0.3126567602157593
AXT1,anomalydino,4,file_brain_AXT1_202_2020334,3,1,0.45921579996744794
AXT1,anomalydino,4,file_brain_AXT1_202_2020334,4,1,0.33540964126586914
AXT1,anomalydino,4,file_brain_AXT1_202_2020334,5,1,0.2699912389119466
AXT1,anomalydino,4,file_brain_AXT1_202_2020334,6,1,0.28332451979319256
AXT1,anomalydino,4,file_brain_AXT1_202_2020334,7,1,0.23795862992604574
AXT1,anomalydino,4,file_brain_AXT1_202_2020334,8,1,0.22054400046666464
AXT1,anomalydino,4,file_brain_AXT1_202_2020334,9,1,0.255221168200175
AXT1,anomalydino,4,file_brain_AXT1_202_2020334,10,1,0.3099595904350281
AXT1,anomalydino,4,file_brain_AXT1_202_2020334,11,1,0.2766129970550537
AXT1,anomalydino,4,file_brain_AXT1_202_2020334,12,1,0.4104381004969279
AXT1,anomalydino,4,file_brain_AXT1_202_2020334,13,1,0.5337529977162679
AXT1,anomalydino,4,file_brain_AXT1_202_2020334,14,1,0.5451797246932983
AXT1,anomalydino,4,file_brain_AXT1_202_2020334,15,1,0.5852046807607015
AXT1,anomalydino,4,file_brain_AXT1_202_6000339,0,1,0.3752235968907674
AXT1,anomalydino,4,file_brain_AXT1_202_6000339,1,1,0.3263661066691081
AXT1,anomalydino,4,file_brain_AXT1_202_6000339,2,1,0.2550777196884155
AXT1,anomalydino,4,file_brain_AXT1_201_6002836,0,1,0.4398302634557088
AXT1,anomalydino,4,file_brain_AXT1_201_6002836,1,1,0.4351645310719808
AXT1,anomalydino,4,file_brain_AXT1_201_6002836,2,1,0.3548872470855713
AXT1,anomalydino,4,file_brain_AXT1_201_6002836,3,1,0.32401855786641437
AXT1,anomalydino,4,file_brain_AXT1_201_6002836,4,1,0.31351715326309204
AXT1,anomalydino,4,file_brain_AXT1_201_6002836,5,1,0.3413119713465373
AXT1,anomalydino,4,file_brain_AXT1_201_6002836,6,1,0.30086437861124676
AXT1,anomalydino,4,file_brain_AXT1_201_6002836,7,1,0.22287893295288086
AXT1,anomalydino,4,file_brain_AXT1_201_6002779,11,1,0.24471118052800497
AXT1,anomalydino,4,file_brain_AXT1_201_6002779,12,1,0.3517862955729167
AXT1,anomalydino,4,file_brain_AXT1_201_6002779,13,1,0.35515610376993817
AXT1,anomalydino,4,file_brain_AXT1_201_6002779,14,1,0.4627829392751058
AXT1,anomalydino,4,file_brain_AXT1_201_6002779,15,1,0.4529804786046346
AXT1,anomalydino,4,file_brain_AXT1_202_2020509,7,1,0.18127824862798056
AXT1,anomalydino,4,file_brain_AXT1_202_2020509,8,1,0.24033705393473306
AXT1,anomalydino,4,file_brain_AXT1_202_2020509,9,1,0.25644858678181964
AXT1,anomalydino,4,file_brain_AXT1_202_2020509,10,1,0.2940388123194377
AXT1,anomalydino,4,file_brain_AXT1_202_2020509,11,1,0.3770103057225545
AXT1,anomalydino,4,file_brain_AXT1_202_2020509,12,1,0.3744181791941325
AXT1,anomalydino,4,file_brain_AXT1_202_2020509,13,1,0.34171342849731445
AXT1,anomalydino,4,file_brain_AXT1_202_2020509,14,1,0.4762876828511556
AXT1,anomalydino,4,file_brain_AXT1_202_2020509,15,1,0.46648212273915607
AXT1,anomalydino,4,file_brain_AXT1_202_2020418,0,1,0.34906482696533203
AXT1,anomalydino,4,file_brain_AXT1_202_2020418,1,1,0.373235543568929
AXT1,anomalydino,4,file_brain_AXT1_202_2020418,2,1,0.30534793933232623
AXT1,anomalydino,4,file_brain_AXT1_202_2020418,3,1,0.32446442047754925
AXT1,anomalydino,4,file_brain_AXT1_202_2020418,4,1,0.26199233531951904
AXT1,anomalydino,4,file_brain_AXT1_202_2020418,5,1,0.2684178153673808
AXT1,anomalydino,4,file_brain_AXT1_202_2020418,6,1,0.24204607804616293
AXT1,anomalydino,4,file_brain_AXT1_202_2020418,7,1,0.2983394463857015
AXT1,anomalydino,4,file_brain_AXT1_202_2020418,8,1,0.2938174605369568
AXT1,anomalydino,4,file_brain_AXT1_202_2020418,9,1,0.27516669034957886
AXT1,anomalydino,4,file_brain_AXT1_202_2020418,10,1,0.31613030036290485
AXT1,anomalydino,4,file_brain_AXT1_202_2020418,11,1,0.3263471523920695
AXT1,anomalydino,4,file_brain_AXT1_202_2020418,12,1,0.38442834218343097
AXT1,anomalydino,4,file_brain_AXT1_202_2020418,13,1,0.38220298290252686
AXT1,anomalydino,4,file_brain_AXT1_202_2020068,0,1,0.379493514696757
AXT1,anomalydino,4,file_brain_AXT1_202_2020068,1,1,0.3979494571685791
AXT1,anomalydino,4,file_brain_AXT1_202_2020068,2,1,0.2787858843803406
AXT1,anomalydino,4,file_brain_AXT1_202_2020068,3,1,0.3088005582491557
AXT1,anomalydino,4,file_brain_AXT1_202_2020068,4,1,0.30169423421223956
AXT1,anomalydino,4,file_brain_AXT1_202_2020068,5,1,0.264476736386617
AXT1,anomalydino,4,file_brain_AXT1_202_2020068,6,1,0.2947946588198344
AXT1,anomalydino,4,file_brain_AXT1_202_2020068,7,1,0.309961458047231
AXT1,anomalydino,4,file_brain_AXT1_202_2020068,8,1,0.3437374432881673
AXT1,anomalydino,4,file_brain_AXT1_202_2020068,9,1,0.4470113515853882
AXT1,anomalydino,4,file_brain_AXT1_202_2020068,10,1,0.5219178199768066
AXT1,anomalydino,4,file_brain_AXT1_202_2020068,11,1,0.4172816276550293
AXT1,anomalydino,4,file_brain_AXT1_202_2020068,12,1,0.4778478145599365
AXT1,anomalydino,4,file_brain_AXT1_202_2020068,13,1,0.44544529914855957
AXT1,anomalydino,4,file_brain_AXT1_202_2020068,14,1,0.5084810654322306
AXT1,anomalydino,4,file_brain_AXT1_202_2020068,15,1,0.5819711685180664
AXT1,anomalydino,4,file_brain_AXT1_201_6002811,0,1,0.45636502901713055
AXT1,anomalydino,4,file_brain_AXT1_201_6002811,1,1,0.4666569232940674
AXT1,anomalydino,4,file_brain_AXT1_201_6002811,2,1,0.47785210609436035
AXT1,anomalydino,4,file_brain_AXT1_201_6002811,3,1,0.4607326189676921
AXT1,anomalydino,4,file_brain_AXT1_201_6002811,4,1,0.5505603154500326
AXT1,anomalydino,4,file_brain_AXT1_201_6002811,5,1,0.4281924565633138
AXT1,anomalydino,4,file_brain_AXT1_201_6002811,6,1,0.46363631884257
AXT1,anomalydino,4,file_brain_AXT1_201_6002811,7,1,0.4583766460418701
AXT1,anomalydino,4,file_brain_AXT1_201_6002811,8,1,0.5011711517969767
AXT1,anomalydino,4,file_brain_AXT1_201_6002811,9,1,0.43295494715372723
AXT1,anomalydino,4,file_brain_AXT1_201_6002811,10,1,0.43340615431467694
AXT1,anomalydino,4,file_brain_AXT1_202_2020551,2,1,0.2832448681195577
AXT1,anomalydino,4,file_brain_AXT1_202_2020551,3,1,0.2654446562131246
AXT1,anomalydino,4,file_brain_AXT1_202_2020551,4,1,0.24193004767100015
AXT1,anomalydino,4,file_brain_AXT1_202_2020551,5,1,0.2841219902038574
AXT1,anomalydino,4,file_brain_AXT1_202_2020551,6,1,0.2692389090855916
AXT1,anomalydino,4,file_brain_AXT1_202_2020551,7,1,0.18155747652053833
AXT1,anomalydino,4,file_brain_AXT1_202_2020551,8,1,0.20155735810597739
AXT1,anomalydino,4,file_brain_AXT1_202_2020551,9,1,0.1837812860806783
AXT1,anomalydino,4,file_brain_AXT1_206_2060097,8,1,0.22222958008448282
AXT1,anomalydino,4,file_brain_AXT1_202_6000408,0,1,0.34949644406636554
AXT1,anomalydino,4,file_brain_AXT1_202_6000408,1,1,0.2645966211954753
AXT1,anomalydino,4,file_brain_AXT1_202_6000408,2,1,0.2331730326016744
AXT1,anomalydino,4,file_brain_AXT1_202_6000408,3,1,0.19183937708536783
AXT1,anomalydino,4,file_brain_AXT1_206_2060051,2,1,0.2232337991396586
AXT1,anomalydino,4,file_brain_AXT1_206_2060051,3,1,0.2229619820912679
AXT1,anomalydino,4,file_brain_AXT1_206_2060051,4,1,0.19695528348286948
AXT1,anomalydino,4,file_brain_AXT1_202_2020009,0,1,0.4883522192637126
AXT1,anomalydino,4,file_brain_AXT1_202_2020009,1,1,0.5036813418070475
AXT1,anomalydino,4,file_brain_AXT1_202_2020009,2,1,0.597884734471639
AXT1,anomalydino,4,file_brain_AXT1_202_2020009,3,1,0.5324032704035441
AXT1,anomalydino,4,file_brain_AXT1_202_2020009,4,1,0.5432659784952799
AXT1,anomalydino,4,file_brain_AXT1_202_2020009,5,1,0.5717713832855225
AXT1,anomalydino,4,file_brain_AXT1_202_2020009,6,1,0.45970384279886883
AXT1,anomalydino,4,file_brain_AXT1_202_2020009,7,1,0.47264015674591064
AXT1,anomalydino,4,file_brain_AXT1_202_2020009,8,1,0.4031393527984619
AXT1,anomalydino,4,file_brain_AXT1_202_2020009,9,1,0.4103431701660156
AXT1,anomalydino,4,file_brain_AXT1_202_2020009,10,1,0.3467591603597005
AXT1,anomalydino,4,file_brain_AXT1_202_2020009,11,1,0.46571703751881915
AXT1,anomalydino,4,file_brain_AXT1_202_2020009,12,1,0.47059110800425213
AXT1,anomalydino,4,file_brain_AXT1_202_2020009,13,1,0.5219167868296305
AXT1,anomalydino,4,file_brain_AXT1_202_2020301,0,1,0.45367733637491864
AXT1,anomalydino,4,file_brain_AXT1_202_2020301,1,1,0.5590147574742635
AXT1,anomalydino,4,file_brain_AXT1_202_2020301,2,1,0.26472755273183185
AXT1,anomalydino,4,file_brain_AXT1_202_2020301,3,1,0.2988828619321187
AXT1,anomalydino,4,file_brain_AXT1_202_2020301,4,1,0.2639564077059428
AXT1,anomalydino,4,file_brain_AXT1_202_2020301,5,1,0.19578526417414346
AXT1,anomalydino,4,file_brain_AXT1_202_2020301,6,1,0.21004108587900797
AXT1,anomalydino,4,file_brain_AXT1_202_2020301,7,1,0.19404723246892294
AXT1,anomalydino,4,file_brain_AXT1_202_2020301,8,1,0.2179105281829834
AXT1,anomalydino,4,file_brain_AXT1_202_2020301,9,1,0.22911961873372397
AXT1,anomalydino,4,file_brain_AXT1_202_2020301,10,1,0.2166030208269755
AXT1,anomalydino,4,file_brain_AXT1_202_2020301,11,1,0.31618010997772217
AXT1,anomalydino,4,file_brain_AXT1_202_2020301,12,1,0.3696430524190267
AXT1,anomalydino,4,file_brain_AXT1_202_2020301,13,1,0.3252279957135518
AXT1,anomalydino,4,file_brain_AXT1_202_2020156,0,1,0.46869921684265137
AXT1,anomalydino,4,file_brain_AXT1_202_2020156,1,1,0.4427730639775594
AXT1,anomalydino,4,file_brain_AXT1_202_2020156,2,1,0.5159012873967489
AXT1,anomalydino,4,file_brain_AXT1_202_2020156,3,1,0.4587676525115967
AXT1,anomalydino,4,file_brain_AXT1_202_2020156,4,1,0.3065454165140788
AXT1,anomalydino,4,file_brain_AXT1_202_2020156,5,1,0.29121623436609906
AXT1,anomalydino,4,file_brain_AXT1_202_2020156,6,1,0.2178556720415751
AXT1,anomalydino,4,file_brain_AXT1_202_2020156,7,1,0.2363378405570984
AXT1,anomalydino,4,file_brain_AXT1_202_2020156,8,1,0.21004740397135416
AXT1,anomalydino,4,file_brain_AXT1_202_2020156,9,1,0.2178568641344706
AXT1,anomalydino,4,file_brain_AXT1_202_2020156,10,1,0.2848232587178548
AXT1,anomalydino,4,file_brain_AXT1_202_2020156,11,1,0.2994973659515381
AXT1,anomalydino,4,file_brain_AXT1_202_2020156,12,1,0.31161723534266156
AXT1,anomalydino,4,file_brain_AXT1_202_2020156,13,1,0.41426555315653485
AXT1,anomalydino,4,file_brain_AXT1_202_2020156,14,1,0.4429662227630615
AXT1,anomalydino,4,file_brain_AXT1_202_2020156,15,1,0.3965577284495036
