sequence,level,backbone,rule,operator,seed,volume,slice,y_true,score
AXT1POST,patch,dpmm_p64_t20,dpmm,top5,0,file_brain_AXT1POST_207_2070010,8,0,9.208743755634014
AXT1POST,patch,dpmm_p64_t20,dpmm,top5,0,file_brain_AXT1POST_208_2080493,5,0,10.075279822716347
AXT1POST,patch,dpmm_p64_t20,dpmm,top5,0,file_brain_AXT1POST_201_6002795,10,0,9.620424123910757
AXT1POST,patch,dpmm_p64_t20,dpmm,top5,0,file_brain_AXT1POST_207_2070214,6,0,9.64419673039363
AXT1POST,patch,dpmm_p64_t20,dpmm,top5,0,file_brain_AXT1POST_208_2080275,5,0,8.931863638070913
AXT1POST,patch,dpmm_p64_t20,dpmm,top5,0,file_brain_AXT1POST_201_6002760,10,0,9.086736238919771
AXT1POST,patch,dpmm_p64_t20,dpmm,top5,0,file_brain_AXT1POST_201_6002778,7,0,10.325055635892427
AXT1POST,patch,dpmm_p64_t20,dpmm,top5,0,file_brain_AXT1POST_207_2070418,12,0,9.389920748197115
AXT1POST,patch,dpmm_p64_t20,dpmm,top5,0,file_brain_AXT1POST_200_6002259,8,0,9.10656973031851
AXT1POST,patch,dpmm_p64_t20,dpmm,top5,0,file_brain_AXT1POST_207_2070251,10,0,9.703064551720253
AXT1POST,patch,dpmm_p64_t20,dpmm,top5,0,file_brain_AXT1POST_203_6000877,5,0,10.36670156625601
AXT1POST,patch,dpmm_p64_t20,dpmm,top5,0,file_brain_AXT1POST_200_6002337,5,0,9.560572110689604
AXT1POST,patch,dpmm_p64_t20,dpmm,top5,0,file_brain_AXT1POST_202_6000417,9,0,9.803301884577824
AXT1POST,patch,dpmm_p64_t20,dpmm,top5,0,file_brain_AXT1POST_203_6000712,6,0,10.420548659104567
AXT1POST,patch,dpmm_p64_t20,dpmm,top5,0,file_brain_AXT1POST_208_2080244,8,0,9.73031733586238
AXT1POST,patch,dpmm_p64_t20,dpmm,top5,0,file_brain_AXT1POST_210_6001735,5,0,10.256717388446514
AXT1POST,patch,dpmm_p64_t20,dpmm,top5,0,file_brain_AXT1POST_201_6002920,8,0,10.561168964092548
AXT1POST,patch,dpmm_p64_t20,dpmm,top5,0,file_brain_AXT1POST_205_2050255,6,0,9.501029381385216
AXT1POST,patch,dpmm_p64_t20,dpmm,top5,0,file_brain_AXT1POST_207_2070450,7,0,9.076459444486177
AXT1POST,patch,dpmm_p64_t20,dpmm,top5,0,file_brain_AXT1POST_210_6001790,8,0,9.78218782865084
AXT1POST,patch,dpmm_p64_t20,dpmm,top5,0,file_brain_AXT1POST_209_6001234,12,0,9.83133286696214
AXT1POST,patch,dpmm_p64_t20,dpmm,top5,0,file_brain_AXT1POST_208_2080392,12,0,10.499341524564302
AXT1POST,patch,dpmm_p64_t20,dpmm,top5,0,file_brain_AXT1POST_210_6001699,5,0,9.669232881986177
AXT1POST,patch,dpmm_p64_t20,dpmm,top5,0,file_brain_AXT1POST_208_2080393,4,0,9.643831106332632
AXT1POST,patch,dpmm_p64_t20,dpmm,top5,0,file_brain_AXT1POST_200_6002396,11,0,9.860797588641827
AXT1POST,patch,dpmm_p64_t20,dpmm,top5,0,file_brain_AXT1POST_207_2070804,10,0,9.45702655498798
AXT1POST,patch,dpmm_p64_t20,dpmm,top5,0,file_brain_AXT1POST_202_6000269,7,0,9.837350698617788
AXT1POST,patch,dpmm_p64_t20,dpmm,top5,0,file_brain_AXT1POST_207_2070809,7,0,9.231656588040865
AXT1POST,patch,dpmm_p64_t20,dpmm,top5,0,file_brain_AXT1POST_207_2070095,4,0,9.415944026066708
AXT1POST,patch,dpmm_p64_t20,dpmm,top5,0,file_brain_AXT1POST_210_6001787,11,0,9.57239004281851
AXT1POST,patch,dpmm_p64_t20,dpmm,top5,0,file_brain_AXT1POST_207_2070765,4,0,10.274152315579927
AXT1POST,patch,dpmm_p64_t20,dpmm,top5,0,file_brain_AXT1POST_207_2070095,11,0,8.955861605130709
AXT1POST,patch,dpmm_p64_t20,dpmm,top5,0,file_brain_AXT1POST_207_2070651,11,0,9.505249610314003
AXT1POST,patch,dpmm_p64_t20,dpmm,top5,0,file_brain_AXT1POST_208_2080422,12,0,9.230820875901442
AXT1POST,patch,dpmm_p64_t20,dpmm,top5,0,file_brain_AXT1POST_203_6000760,9,0,9.655474736140324
AXT1POST,patch,dpmm_p64_t20,dpmm,top5,0,file_brain_AXT1POST_201_6002814,6,0,9.784597543569712
AXT1POST,patch,dpmm_p64_t20,dpmm,top5,0,file_brain_AXT1POST_202_6000417,4,0,10.07222923865685
AXT1POST,patch,dpmm_p64_t20,dpmm,top5,0,file_brain_AXT1POST_207_2070259,5,0,9.489443852351261
AXT1POST,patch,dpmm_p64_t20,dpmm,top5,0,file_brain_AXT1POST_208_2080244,5,0,10.257819542518028
AXT1POST,patch,dpmm_p64_t20,dpmm,top5,0,file_brain_AXT1POST_203_6000877,11,0,10.036389864408052
AXT1POST,patch,dpmm_p64_t20,dpmm,top5,0,file_brain_AXT1POST_200_6001996,9,0,9.777964665339542
AXT1POST,patch,dpmm_p64_t20,dpmm,top5,0,file_brain_AXT1POST_210_6001735,4,0,10.654425987830528
AXT1POST,patch,dpmm_p64_t20,dpmm,top5,0,file_brain_AXT1POST_208_2080624,6,0,9.675067608173077
AXT1POST,patch,dpmm_p64_t20,dpmm,top5,0,file_brain_AXT1POST_205_2050146,5,0,9.461443974421574
AXT1POST,patch,dpmm_p64_t20,dpmm,top5,0,file_brain_AXT1POST_203_6000877,6,0,9.555586594801683
AXT1POST,patch,dpmm_p64_t20,dpmm,top5,0,file_brain_AXT1POST_201_6002795,12,0,10.220532930814302
AXT1POST,patch,dpmm_p64_t20,dpmm,top5,0,file_brain_AXT1POST_208_2080469,6,0,9.8273679293119
AXT1POST,patch,dpmm_p64_t20,dpmm,top5,0,file_brain_AXT1POST_210_6001797,5,0,10.263359656700722
AXT1POST,patch,dpmm_p64_t20,dpmm,top5,0,file_brain_AXT1POST_208_2080576,8,0,8.767659113957333
AXT1POST,patch,dpmm_p64_t20,dpmm,top5,0,file_brain_AXT1POST_205_6000148,6,0,9.6652585543119
AXT1POST,patch,dpmm_p64_t20,dpmm,top5,0,file_brain_AXT1POST_207_2070095,10,0,9.422504131610577
AXT1POST,patch,dpmm_p64_t20,dpmm,top5,0,file_brain_AXT1POST_201_6002731,10,0,9.659415611853966
AXT1POST,patch,dpmm_p64_t20,dpmm,top5,0,file_brain_AXT1POST_207_2070083,4,0,9.682443472055288
AXT1POST,patch,dpmm_p64_t20,dpmm,top5,0,file_brain_AXT1POST_208_2080704,4,0,9.22489224947416
AXT1POST,patch,dpmm_p64_t20,dpmm,top5,0,file_brain_AXT1POST_205_6000180,5,0,9.433674738957333
AXT1POST,patch,dpmm_p64_t20,dpmm,top5,0,file_brain_AXT1POST_201_6002920,6,0,10.505744347205528
AXT1POST,patch,dpmm_p64_t20,dpmm,top5,0,file_brain_AXT1POST_209_6001417,11,0,9.812019935021034
AXT1POST,patch,dpmm_p64_t20,dpmm,top5,0,file_brain_AXT1POST_203_6000774,4,0,10.303104107196514
AXT1POST,patch,dpmm_p64_t20,dpmm,top5,0,file_brain_AXT1POST_209_6001234,6,0,9.186658419095552
AXT1POST,patch,dpmm_p64_t20,dpmm,top5,0,file_brain_AXT1POST_208_2080154,9,0,9.425841698279747
AXT1POST,patch,dpmm_p64_t20,dpmm,top5,0,file_brain_AXT1POST_207_2070147,10,0,9.293468768780048
AXT1POST,patch,dpmm_p64_t20,dpmm,top5,0,file_brain_AXT1POST_205_2050102,9,0,9.30565936748798
AXT1POST,patch,dpmm_p64_t20,dpmm,top5,0,file_brain_AXT1POST_209_6001264,7,0,9.374217106745792
AXT1POST,patch,dpmm_p64_t20,dpmm,top5,0,file_brain_AXT1POST_207_2070034,7,0,9.296923123873198
AXT1POST,patch,dpmm_p64_t20,dpmm,top5,0,file_brain_AXT1POST_209_6001458,10,0,9.012445303109976
AXT1POST,patch,dpmm_p64_t20,dpmm,top5,0,file_brain_AXT1POST_206_6000235,10,0,10.184700599083534
AXT1POST,patch,dpmm_p64_t20,dpmm,top5,0,file_brain_AXT1POST_208_2080213,5,0,8.992560753455528
AXT1POST,patch,dpmm_p64_t20,dpmm,top5,0,file_brain_AXT1POST_200_6002396,9,0,9.312818673940805
AXT1POST,patch,dpmm_p64_t20,dpmm,top5,0,file_brain_AXT1POST_200_6002305,4,0,9.176009544959435
AXT1POST,patch,dpmm_p64_t20,dpmm,top5,0,file_brain_AXT1POST_207_2070651,12,0,9.880561241736778
AXT1POST,patch,dpmm_p64_t20,dpmm,top5,0,file_brain_AXT1POST_205_2050148,10,0,9.2193850003756
AXT1POST,patch,dpmm_p64_t20,dpmm,top5,0,file_brain_AXT1POST_208_2080469,4,0,10.615678053635817
AXT1POST,patch,dpmm_p64_t20,dpmm,top5,0,file_brain_AXT1POST_207_2070635,10,0,9.2251950777494
AXT1POST,patch,dpmm_p64_t20,dpmm,top5,0,file_brain_AXT1POST_207_2070133,8,0,8.781609755295973
AXT1POST,patch,dpmm_p64_t20,dpmm,top5,0,file_brain_AXT1POST_203_6000661,12,0,9.960633497971754
AXT1POST,patch,dpmm_p64_t20,dpmm,top5,0,file_brain_AXT1POST_203_6000760,6,0,9.840816204364483
AXT1POST,patch,dpmm_p64_t20,dpmm,top5,0,file_brain_AXT1POST_200_6002337,8,0,9.464347252478966
AXT1POST,patch,dpmm_p64_t20,dpmm,top5,0,file_brain_AXT1POST_208_2080393,12,0,11.747786301832933
AXT1POST,patch,dpmm_p64_t20,dpmm,top5,0,file_brain_AXT1POST_207_2070123,7,0,8.912513146033653
AXT1POST,patch,dpmm_p64_t20,dpmm,top5,0,file_brain_AXT1POST_201_6002772,8,0,9.91696519118089
AXT1POST,patch,dpmm_p64_t20,dpmm,top5,0,file_brain_AXT1POST_207_2070804,9,0,9.35876934344952
AXT1POST,patch,dpmm_p64_t20,dpmm,top5,0,file_brain_AXT1POST_208_2080469,12,0,9.584348825307993
AXT1POST,patch,dpmm_p64_t20,dpmm,top5,0,file_brain_AXT1POST_208_2080275,7,0,8.610875643216646
AXT1POST,patch,dpmm_p64_t20,dpmm,top5,0,file_brain_AXT1POST_209_6001264,4,0,9.77382073035607
AXT1POST,patch,dpmm_p64_t20,dpmm,top5,0,file_brain_AXT1POST_209_6001064,5,0,10.574226966271034
AXT1POST,patch,dpmm_p64_t20,dpmm,top5,0,file_brain_AXT1POST_201_6002920,4,0,10.641058114858774
AXT1POST,patch,dpmm_p64_t20,dpmm,top5,0,file_brain_AXT1POST_210_6001787,7,0,9.355053828312801
AXT1POST,patch,dpmm_p64_t20,dpmm,top5,0,file_brain_AXT1POST_203_6000661,4,0,9.632132897010216
AXT1POST,patch,dpmm_p64_t20,dpmm,top5,0,file_brain_AXT1POST_203_6000712,10,0,9.56674311711238
AXT1POST,patch,dpmm_p64_t20,dpmm,top5,0,file_brain_AXT1POST_210_6001797,4,0,10.819805438701923
AXT1POST,patch,dpmm_p64_t20,dpmm,top5,0,file_brain_AXT1POST_208_2080504,5,0,9.240132258488583
AXT1POST,patch,dpmm_p64_t20,dpmm,top5,0,file_brain_AXT1POST_208_2080421,4,0,9.964159451998198
AXT1POST,patch,dpmm_p64_t20,dpmm,top5,0,file_brain_AXT1POST_209_6001458,4,0,10.20171649639423
AXT1POST,patch,dpmm_p64_t20,dpmm,top5,0,file_brain_AXT1POST_207_2070133,6,0,10.233284583458534
AXT1POST,patch,dpmm_p64_t20,dpmm,top5,0,file_brain_AXT1POST_208_2080240,10,0,10.53558819110577
AXT1POST,patch,dpmm_p64_t20,dpmm,top5,0,file_brain_AXT1POST_208_2080493,9,0,9.244212810809795
AXT1POST,patch,dpmm_p64_t20,dpmm,top5,0,file_brain_AXT1POST_205_6000035,8,0,9.529320936936598
AXT1POST,patch,dpmm_p64_t20,dpmm,top5,0,file_brain_AXT1POST_208_2080393,7,0,9.020500183105469
AXT1POST,patch,dpmm_p64_t20,dpmm,top5,0,file_brain_AXT1POST_200_6002046,9,0,10.028895451472355
AXT1POST,patch,dpmm_p64_t20,dpmm,top5,0,file_brain_AXT1POST_206_6000235,8,0,9.271478506234976
AXT1POST,patch,dpmm_p64_t20,dpmm,top5,0,file_brain_AXT1POST_205_2050189,8,0,9.466720581054688
AXT1POST,patch,dpmm_p64_t20,dpmm,top5,0,file_brain_AXT1POST_210_6001771,11,0,9.311210045447716
AXT1POST,patch,dpmm_p64_t20,dpmm,top5,0,file_brain_AXT1POST_208_2120069,4,0,9.870343721829927
AXT1POST,patch,dpmm_p64_t20,dpmm,top5,0,file_brain_AXT1POST_201_6002862,11,0,9.590440016526442
AXT1POST,patch,dpmm_p64_t20,dpmm,top5,0,file_brain_AXT1POST_209_6001236,9,0,8.578315147986778
AXT1POST,patch,dpmm_p64_t20,dpmm,top5,0,file_brain_AXT1POST_200_6002349,12,0,10.228910006009615
AXT1POST,patch,dpmm_p64_t20,dpmm,top5,0,file_brain_AXT1POST_208_2080075,5,0,10.895641620342548
AXT1POST,patch,dpmm_p64_t20,dpmm,top5,0,file_brain_AXT1POST_210_6001735,9,0,9.870675893930288
AXT1POST,patch,dpmm_p64_t20,dpmm,top5,0,file_brain_AXT1POST_209_6001109,6,0,9.306073115422176
AXT1POST,patch,dpmm_p64_t20,dpmm,top5,0,file_brain_AXT1POST_203_6000869,8,0,9.273607694185698
AXT1POST,patch,dpmm_p64_t20,dpmm,top5,0,file_brain_AXT1POST_207_2070259,4,0,9.486394442044771
AXT1POST,patch,dpmm_p64_t20,dpmm,top5,0,file_brain_AXT1POST_203_6000712,9,0,9.516772930438702
AXT1POST,patch,dpmm_p64_t20,dpmm,top5,0,file_brain_AXT1POST_207_2070095,6,0,8.944243797889122
AXT1POST,patch,dpmm_p64_t20,dpmm,top5,0,file_brain_AXT1POST_200_6002413,11,0,9.729576110839844
AXT1POST,patch,dpmm_p64_t20,dpmm,top5,0,file_brain_AXT1POST_208_2080392,10,0,9.086171663724459
AXT1POST,patch,dpmm_p64_t20,dpmm,top5,0,file_brain_AXT1POST_203_6000661,5,0,9.698187021108774
AXT1POST,patch,dpmm_p64_t20,dpmm,top5,0,file_brain_AXT1POST_209_6001236,7,0,9.110133244441105
AXT1POST,patch,dpmm_p64_t20,dpmm,top5,0,file_brain_AXT1POST_207_2070809,10,0,9.009113018329327
AXT1POST,patch,dpmm_p64_t20,dpmm,top5,0,file_brain_AXT1POST_207_2070214,9,0,8.71105722280649
AXT1POST,patch,dpmm_p64_t20,dpmm,top5,0,file_brain_AXT1POST_208_2080704,10,0,10.041583721454327
AXT1POST,patch,dpmm_p64_t20,dpmm,top5,0,file_brain_AXT1POST_201_6002673,7,0,10.344546978290264
AXT1POST,patch,dpmm_p64_t20,dpmm,top5,0,file_brain_AXT1POST_203_6000657,4,0,9.581800020658052
AXT1POST,patch,dpmm_p64_t20,dpmm,top5,0,file_brain_AXT1POST_207_2070242,5,0,9.290089533879208
AXT1POST,patch,dpmm_p64_t20,dpmm,top5,0,file_brain_AXT1POST_208_2080493,11,0,9.47668222280649
AXT1POST,patch,dpmm_p64_t20,dpmm,top5,0,file_brain_AXT1POST_209_6001458,6,0,9.505594106820913
AXT1POST,patch,dpmm_p64_t20,dpmm,top5,0,file_brain_AXT1POST_208_2080421,6,0,9.219865065354567
AXT1POST,patch,dpmm_p64_t20,dpmm,top5,0,file_brain_AXT1POST_201_6002668,6,0,9.903862586388222
AXT1POST,patch,dpmm_p64_t20,dpmm,top5,0,file_brain_AXT1POST_200_6002349,4,0,9.817518967848558
AXT1POST,patch,dpmm_p64_t20,dpmm,top5,0,file_brain_AXT1POST_200_6002305,10,0,9.762592022235577
AXT1POST,patch,dpmm_p64_t20,dpmm,top5,0,file_brain_AXT1POST_207_2070651,6,0,9.710575397198017
AXT1POST,patch,dpmm_p64_t20,dpmm,top5,0,file_brain_AXT1POST_201_6002778,12,0,9.500725379356972
AXT1POST,patch,dpmm_p64_t20,dpmm,top5,0,file_brain_AXT1POST_200_6002349,11,0,9.032571645883413
AXT1POST,patch,dpmm_p64_t20,dpmm,top5,0,file_brain_AXT1POST_208_2080576,10,0,9.08746337890625
AXT1POST,patch,dpmm_p64_t20,dpmm,top5,0,file_brain_AXT1POST_207_2070765,8,0,9.28233396089994
AXT1POST,patch,dpmm_p64_t20,dpmm,top5,0,file_brain_AXT1POST_207_2070083,9,0,9.452539884127104
AXT1POST,patch,dpmm_p64_t20,dpmm,top5,0,file_brain_AXT1POST_207_2070547,10,0,9.306017949030949
AXT1POST,patch,dpmm_p64_t20,dpmm,top5,0,file_brain_AXT1POST_207_2070490,7,0,9.02016859788161
AXT1POST,patch,dpmm_p64_t20,dpmm,top5,0,file_brain_AXT1POST_207_2070553,4,0,9.474389296311598
AXT1POST,patch,dpmm_p64_t20,dpmm,top5,0,file_brain_AXT1POST_200_6002033,8,0,9.12087895320012
AXT1POST,patch,dpmm_p64_t20,dpmm,top5,0,file_brain_AXT1POST_208_2080345,8,0,8.883541987492489
AXT1POST,patch,dpmm_p64_t20,dpmm,top5,0,file_brain_AXT1POST_209_6001320,7,0,9.115864680363583
AXT1POST,patch,dpmm_p64_t20,dpmm,top5,0,file_brain_AXT1POST_207_2070357,4,0,9.488395104041466
AXT1POST,patch,dpmm_p64_t20,dpmm,top5,0,file_brain_AXT1POST_210_6001735,10,0,9.430918766902042
AXT1POST,patch,dpmm_p64_t20,dpmm,top5,0,file_brain_AXT1POST_207_2070127,7,0,9.047510587252104
AXT1POST,patch,dpmm_p64_t20,dpmm,top5,0,file_brain_AXT1POST_205_6000035,5,0,9.53961181640625
AXT1POST,patch,dpmm_p64_t20,dpmm,top5,0,file_brain_AXT1POST_202_6000269,5,0,10.611950214092548
AXT1POST,patch,dpmm_p64_t20,dpmm,top5,0,file_brain_AXT1POST_200_6002396,4,0,10.054691021259014
AXT1POST,patch,dpmm_p64_t20,dpmm,top5,0,file_brain_AXT1POST_200_6002392,10,0,9.497701204740084
AXT1POST,patch,dpmm_p64_t20,dpmm,top5,0,file_brain_AXT1POST_208_2080576,12,0,9.59734872671274
AXT1POST,patch,dpmm_p64_t20,dpmm,top5,0,file_brain_AXT1POST_201_6002731,4,0,11.07586435171274
AXT1POST,patch,dpmm_p64_t20,dpmm,top5,0,file_brain_AXT1POST_207_2070651,7,0,9.057518592247597
AXT1POST,patch,dpmm_p64_t20,dpmm,top5,0,file_brain_AXT1POST_207_2070327,9,0,8.90311490572416
AXT1POST,patch,dpmm_p64_t20,dpmm,top5,0,file_brain_AXT1POST_207_2070327,8,0,9.055108290452223
AXT1POST,patch,dpmm_p64_t20,dpmm,top5,0,file_brain_AXT1POST_205_6000035,4,0,9.463335477388823
AXT1POST,patch,dpmm_p64_t20,dpmm,top5,0,file_brain_AXT1POST_210_6001771,8,0,8.990689791165865
AXT1POST,patch,dpmm_p64_t20,dpmm,top5,0,file_brain_AXT1POST_205_2050259,4,0,9.53448486328125
AXT1POST,patch,dpmm_p64_t20,dpmm,top5,0,file_brain_AXT1POST_200_6002259,5,0,9.563339233398438
AXT1POST,patch,dpmm_p64_t20,dpmm,top5,0,file_brain_AXT1POST_207_2070251,11,0,8.923372121957632
AXT1POST,patch,dpmm_p64_t20,dpmm,top5,0,file_brain_AXT1POST_210_6001787,4,0,9.426451462965746
AXT1POST,patch,dpmm_p64_t20,dpmm,top5,0,file_brain_AXT1POST_203_6000861,5,0,9.91095440204327
AXT1POST,patch,dpmm_p64_t20,dpmm,top5,0,file_brain_AXT1POST_207_2070259,6,0,9.610829279972958
AXT1POST,patch,dpmm_p64_t20,dpmm,top5,0,file_brain_AXT1POST_208_2080352,5,0,8.900855431189903
AXT1POST,patch,dpmm_p64_t20,dpmm,top5,0,file_brain_AXT1POST_208_2080477,4,0,10.04977769118089
AXT1POST,patch,dpmm_p64_t20,dpmm,top5,0,file_brain_AXT1POST_208_2080422,5,0,10.583626380333534
AXT1POST,patch,dpmm_p64_t20,dpmm,top5,0,file_brain_AXT1POST_202_6000302,9,0,10.382415771484375
AXT1POST,patch,dpmm_p64_t20,dpmm,top5,0,file_brain_AXT1POST_207_2070365,10,0,9.57900883601262
AXT1POST,patch,dpmm_p64_t20,dpmm,top5,0,file_brain_AXT1POST_200_6002340,4,0,9.537520188551683
AXT1POST,patch,dpmm_p64_t20,dpmm,top5,0,file_brain_AXT1POST_208_2080075,4,0,10.510244516225962
AXT1POST,patch,dpmm_p64_t20,dpmm,top5,0,file_brain_AXT1POST_203_6000869,4,0,9.855121319110577
AXT1POST,patch,dpmm_p64_t20,dpmm,top5,0,file_brain_AXT1POST_207_2070479,4,0,10.052536010742188
AXT1POST,patch,dpmm_p64_t20,dpmm,top5,0,file_brain_AXT1POST_209_6001250,5,0,9.70497776911809
AXT1POST,patch,dpmm_p64_t20,dpmm,top5,0,file_brain_AXT1POST_207_2070009,12,0,9.311004638671875
AXT1POST,patch,dpmm_p64_t20,dpmm,top5,0,file_brain_AXT1POST_205_2050148,5,0,9.067808884840746
AXT1POST,patch,dpmm_p64_t20,dpmm,top5,0,file_brain_AXT1POST_203_6000597,7,0,9.26177743765024
AXT1POST,patch,dpmm_p64_t20,dpmm,top5,0,file_brain_AXT1POST_202_6000281,10,0,9.669313284067007
AXT1POST,patch,dpmm_p64_t20,dpmm,top5,0,file_brain_AXT1POST_203_6000827,10,0,9.499244103064903
AXT1POST,patch,dpmm_p64_t20,dpmm,top5,0,file_brain_AXT1POST_207_2070547,11,0,10.009136493389423
AXT1POST,patch,dpmm_p64_t20,dpmm,top5,0,file_brain_AXT1POST_209_6001458,7,0,9.651570246769833
AXT1POST,patch,dpmm_p64_t20,dpmm,top5,0,file_brain_AXT1POST_210_6001645,6,0,9.772579486553486
AXT1POST,patch,dpmm_p64_t20,dpmm,top5,0,file_brain_AXT1POST_207_2070099,12,0,9.962044349083534
AXT1POST,patch,dpmm_p64_t20,dpmm,top5,0,file_brain_AXT1POST_207_2070241,11,0,9.50112093411959
AXT1POST,patch,dpmm_p64_t20,dpmm,top5,0,file_brain_AXT1POST_207_2070786,7,0,9.136786827674278
AXT1POST,patch,dpmm_p64_t20,dpmm,top5,0,file_brain_AXT1POST_208_2080493,8,0,9.070181626539965
AXT1POST,patch,dpmm_p64_t20,dpmm,top5,0,file_brain_AXT1POST_208_2080082,7,0,9.08438697228065
AXT1POST,patch,dpmm_p64_t20,dpmm,top5,0,file_brain_AXT1POST_207_2070479,7,0,9.666578439565805
AXT1POST,patch,dpmm_p64_t20,dpmm,top5,0,file_brain_AXT1POST_210_6001735,12,0,9.835477975698618
AXT1POST,patch,dpmm_p64_t20,dpmm,top5,0,file_brain_AXT1POST_202_6000341,5,0,9.85684556227464
AXT1POST,patch,dpmm_p64_t20,dpmm,top5,0,file_brain_AXT1POST_203_6000657,10,0,10.164010854867788
AXT1POST,patch,dpmm_p64_t20,dpmm,top5,0,file_brain_AXT1POST_208_2080082,6,0,9.36822275015024
AXT1POST,patch,dpmm_p64_t20,dpmm,top5,0,file_brain_AXT1POST_205_2050189,6,0,10.173128568209135
AXT1POST,patch,dpmm_p64_t20,dpmm,top5,0,file_brain_AXT1POST_208_2080082,9,0,9.397686298076923
AXT1POST,patch,dpmm_p64_t20,dpmm,top5,0,file_brain_AXT1POST_207_2070357,8,0,9.691004239595854
AXT1POST,patch,dpmm_p64_t20,dpmm,top5,0,file_brain_AXT1POST_207_2070009,8,0,9.77318866436298
AXT1POST,patch,dpmm_p64_t20,dpmm,top5,0,file_brain_AXT1POST_203_6000774,5,0,9.573982825646034
AXT1POST,patch,dpmm_p64_t20,dpmm,top5,0,file_brain_AXT1POST_203_6000597,11,0,9.164961594801683
AXT1POST,patch,dpmm_p64_t20,dpmm,top5,0,file_brain_AXT1POST_207_2070786,6,0,9.137962341308594
AXT1POST,patch,dpmm_p64_t20,dpmm,top5,0,file_brain_AXT1POST_203_6000597,10,0,8.541502732496996
AXT1POST,patch,dpmm_p64_t20,dpmm,top5,0,file_brain_AXT1POST_203_6000877,9,0,9.67169424203726
AXT1POST,patch,dpmm_p64_t20,dpmm,top5,0,file_brain_AXT1POST_203_6000657,12,0,10.28499779334435
AXT1POST,patch,dpmm_p64_t20,dpmm,top5,0,file_brain_AXT1POST_208_2080352,10,0,9.281811640812801
AXT1POST,patch,dpmm_p64_t20,dpmm,top5,0,file_brain_AXT1POST_207_2070354,6,0,8.801148047814003
AXT1POST,patch,dpmm_p64_t20,dpmm,top5,0,file_brain_AXT1POST_201_6002920,12,0,9.931750957782452
AXT1POST,patch,dpmm_p64_t20,dpmm,top5,0,file_brain_AXT1POST_208_2080304,10,0,10.14591040978065
AXT1POST,patch,dpmm_p64_t20,dpmm,top5,0,file_brain_AXT1POST_209_6001320,10,0,9.544308002178486
AXT1POST,patch,dpmm_p64_t20,dpmm,top5,0,file_brain_AXT1POST_207_2070009,5,0,9.61940413254958
AXT1POST,patch,dpmm_p64_t20,dpmm,top5,0,file_brain_AXT1POST_207_2070034,6,0,9.4058591402494
AXT1POST,patch,dpmm_p64_t20,dpmm,top5,0,file_brain_AXT1POST_205_2050102,5,0,9.498802771935097
AXT1POST,patch,dpmm_p64_t20,dpmm,top5,0,file_brain_AXT1POST_207_2070490,5,0,9.542957012469952
AXT1POST,patch,dpmm_p64_t20,dpmm,top5,0,file_brain_AXT1POST_208_2080208,7,0,8.702508779672476
AXT1POST,patch,dpmm_p64_t20,dpmm,top5,0,file_brain_AXT1POST_205_2050102,7,0,9.155975341796875
AXT1POST,patch,dpmm_p64_t20,dpmm,top5,0,file_brain_AXT1POST_205_2050102,4,0,9.74693357027494
AXT1POST,patch,dpmm_p64_t20,dpmm,top5,0,file_brain_AXT1POST_203_6000827,4,0,9.615229093111479
AXT1POST,patch,dpmm_p64_t20,dpmm,top5,0,file_brain_AXT1POST_207_2070809,6,0,9.160717890812801
AXT1POST,patch,dpmm_p64_t20,dpmm,top5,0,file_brain_AXT1POST_200_6002340,6,0,9.38467055100661
AXT1POST,patch,dpmm_p64_t20,dpmm,top5,0,file_brain_AXT1POST_207_2070479,10,0,9.737769493689903
AXT1POST,patch,dpmm_p64_t20,dpmm,top5,0,file_brain_AXT1POST_201_6002862,6,0,9.661857018103966
AXT1POST,patch,dpmm_p64_t20,dpmm,top5,0,file_brain_AXT1POST_203_6000760,8,0,9.200851440429688
AXT1POST,patch,dpmm_p64_t20,dpmm,top5,0,file_brain_AXT1POST_207_2070251,7,0,9.041690532977764
AXT1POST,patch,dpmm_p64_t20,dpmm,top5,0,file_brain_AXT1POST_208_2080062,10,0,9.662346473106972
AXT1POST,patch,dpmm_p64_t20,dpmm,top5,0,file_brain_AXT1POST_207_2070786,11,0,9.498698307917667
AXT1POST,patch,dpmm_p64_t20,dpmm,top5,0,file_brain_AXT1POST_200_6001996,12,0,10.145214374248798
AXT1POST,patch,dpmm_p64_t20,dpmm,top5,0,file_brain_AXT1POST_209_6001109,8,0,9.558245732234074
AXT1POST,patch,dpmm_p64_t20,dpmm,top5,0,file_brain_AXT1POST_205_2050159,9,0,9.951955942007212
AXT1POST,patch,dpmm_p64_t20,dpmm,top5,0,file_brain_AXT1POST_203_6000760,5,0,9.967964759239784
AXT1POST,patch,dpmm_p64_t20,dpmm,top5,0,file_brain_AXT1POST_208_2080075,9,0,9.220832237830528
AXT1POST,patch,dpmm_p64_t20,dpmm,top5,0,file_brain_AXT1POST_200_6002305,12,0,11.853419377253605
AXT1POST,patch,dpmm_p64_t20,dpmm,top5,0,file_brain_AXT1POST_200_6002340,7,0,8.802667471078726
AXT1POST,patch,dpmm_p64_t20,dpmm,top5,0,file_brain_AXT1POST_203_6000848,8,0,9.623585627629208
AXT1POST,patch,dpmm_p64_t20,dpmm,top5,0,file_brain_AXT1POST_208_2080345,12,0,9.632767310509315
AXT1POST,patch,dpmm_p64_t20,dpmm,top5,0,file_brain_AXT1POST_201_6002749,10,0,10.826789269080528
AXT1POST,patch,dpmm_p64_t20,dpmm,top5,0,file_brain_AXT1POST_200_6001959,5,0,9.759175227238583
AXT1POST,patch,dpmm_p64_t20,dpmm,top5,0,file_brain_AXT1POST_208_2080477,8,0,9.100050706129808
AXT1POST,patch,dpmm_p64_t20,dpmm,top5,0,file_brain_AXT1POST_208_2080383,6,0,9.076802180363583
AXT1POST,patch,dpmm_p64_t20,dpmm,top5,0,file_brain_AXT1POST_201_6002707,7,0,10.020742563100962
AXT1POST,patch,dpmm_p64_t20,dpmm,top5,0,file_brain_AXT1POST_203_6000861,4,0,10.26476816030649
AXT1POST,patch,dpmm_p64_t20,dpmm,top5,0,file_brain_AXT1POST_209_6001109,7,0,9.352076016939604
AXT1POST,patch,dpmm_p64_t20,dpmm,top5,0,file_brain_AXT1POST_203_6000760,4,0,10.688328669621395
AXT1POST,patch,dpmm_p64_t20,dpmm,top5,0,file_brain_AXT1POST_208_2080154,6,0,9.814500661996695
AXT1POST,patch,dpmm_p64_t20,dpmm,top5,0,file_brain_AXT1POST_201_6002749,6,0,10.037526057316708
AXT1POST,patch,dpmm_p64_t20,dpmm,top5,0,file_brain_AXT1POST_203_6000597,5,0,10.318833571213942
AXT1POST,patch,dpmm_p64_t20,dpmm,top5,0,file_brain_AXT1POST_203_6000848,12,0,11.210897592397837
AXT1POST,patch,dpmm_p64_t20,dpmm,top5,0,file_brain_AXT1POST_207_2070809,12,0,10.07406029334435
AXT1POST,patch,dpmm_p64_t20,dpmm,top5,0,file_brain_AXT1POST_208_2120069,8,0,10.00748267540565
AXT1POST,patch,dpmm_p64_t20,dpmm,top5,0,file_brain_AXT1POST_205_2050189,7,0,10.580862192007212
AXT1POST,patch,dpmm_p64_t20,dpmm,top5,0,file_brain_AXT1POST_200_6002337,12,0,9.431704594538761
AXT1POST,patch,dpmm_p64_t20,dpmm,top5,0,file_brain_AXT1POST_207_2070251,12,0,10.767782358022837
AXT1POST,patch,dpmm_p64_t20,dpmm,top5,0,file_brain_AXT1POST_207_2070635,6,0,9.939866286057692
AXT1POST,patch,dpmm_p64_t20,dpmm,top5,0,file_brain_AXT1POST_201_6002680,5,0,10.231177696814903
AXT1POST,patch,dpmm_p64_t20,dpmm,top5,0,file_brain_AXT1POST_208_2080213,7,0,8.74391585129958
AXT1POST,patch,dpmm_p64_t20,dpmm,top5,0,file_brain_AXT1POST_208_2080576,9,0,9.086313100961538
AXT1POST,patch,dpmm_p64_t20,dpmm,top5,0,file_brain_AXT1POST_208_2080275,6,0,9.282824002779448
AXT1POST,patch,dpmm_p64_t20,dpmm,top5,0,file_brain_AXT1POST_208_2080213,6,0,8.797357412484976
AXT1POST,patch,dpmm_p64_t20,dpmm,top5,0,file_brain_AXT1POST_208_2080213,12,0,11.160428560697115
AXT1POST,patch,dpmm_p64_t20,dpmm,top5,0,file_brain_AXT1POST_201_6002673,4,0,10.42903841458834
AXT1POST,patch,dpmm_p64_t20,dpmm,top5,0,file_brain_AXT1POST_210_6001771,4,0,10.488712017352764
AXT1POST,patch,dpmm_p64_t20,dpmm,top5,0,file_brain_AXT1POST_207_2070251,9,0,8.92374009352464
AXT1POST,patch,dpmm_p64_t20,dpmm,top5,0,file_brain_AXT1POST_201_6002703,0,1,10.75006338266226
AXT1POST,patch,dpmm_p64_t20,dpmm,top5,0,file_brain_AXT1POST_201_6002703,1,1,11.016869178185097
AXT1POST,patch,dpmm_p64_t20,dpmm,top5,0,file_brain_AXT1POST_201_6002703,2,1,9.775340153620792
AXT1POST,patch,dpmm_p64_t20,dpmm,top5,0,file_brain_AXT1POST_201_6002703,3,1,9.657523522010216
AXT1POST,patch,dpmm_p64_t20,dpmm,top5,0,file_brain_AXT1POST_201_6002703,4,1,9.723926250751202
AXT1POST,patch,dpmm_p64_t20,dpmm,top5,0,file_brain_AXT1POST_201_6002703,5,1,9.381195068359375
AXT1POST,patch,dpmm_p64_t20,dpmm,top5,0,file_brain_AXT1POST_201_6002703,6,1,9.98651357797476
AXT1POST,patch,dpmm_p64_t20,dpmm,top5,0,file_brain_AXT1POST_201_6002703,7,1,8.995094299316406
AXT1POST,patch,dpmm_p64_t20,dpmm,top5,0,file_brain_AXT1POST_201_6002703,8,1,8.865527813251202
AXT1POST,patch,dpmm_p64_t20,dpmm,top5,0,file_brain_AXT1POST_201_6002703,9,1,9.762273348294771
AXT1POST,patch,dpmm_p64_t20,dpmm,top5,0,file_brain_AXT1POST_201_6002703,10,1,9.01715322641226
AXT1POST,patch,dpmm_p64_t20,dpmm,top5,0,file_brain_AXT1POST_201_6002703,11,1,9.296332726111778
AXT1POST,patch,dpmm_p64_t20,dpmm,top5,0,file_brain_AXT1POST_201_6002703,12,1,9.10054661677434
AXT1POST,patch,dpmm_p64_t20,dpmm,top5,0,file_brain_AXT1POST_201_6002703,13,1,9.82668950007512
AXT1POST,patch,dpmm_p64_t20,dpmm,top5,0,file_brain_AXT1POST_201_6002703,14,1,10.461414043719952
AXT1POST,patch,dpmm_p64_t20,dpmm,top5,0,file_brain_AXT1POST_201_6002683,0,1,10.955728384164663
AXT1POST,patch,dpmm_p64_t20,dpmm,top5,0,file_brain_AXT1POST_201_6002683,1,1,10.77419926570012
AXT1POST,patch,dpmm_p64_t20,dpmm,top5,0,file_brain_AXT1POST_201_6002683,2,1,10.296009944035458
AXT1POST,patch,dpmm_p64_t20,dpmm,top5,0,file_brain_AXT1POST_201_6002683,3,1,10.603748028094952
AXT1POST,patch,dpmm_p64_t20,dpmm,top5,0,file_brain_AXT1POST_201_6002683,4,1,10.240401047926683
AXT1POST,patch,dpmm_p64_t20,dpmm,top5,0,file_brain_AXT1POST_201_6002683,5,1,9.57122802734375
AXT1POST,patch,dpmm_p64_t20,dpmm,top5,0,file_brain_AXT1POST_201_6002683,6,1,10.432441124549278
AXT1POST,patch,dpmm_p64_t20,dpmm,top5,0,file_brain_AXT1POST_201_6002683,7,1,9.290912334735577
AXT1POST,patch,dpmm_p64_t20,dpmm,top5,0,file_brain_AXT1POST_201_6002683,8,1,9.289546673114483
AXT1POST,patch,dpmm_p64_t20,dpmm,top5,0,file_brain_AXT1POST_201_6002683,9,1,9.245621314415565
AXT1POST,patch,dpmm_p64_t20,dpmm,top5,0,file_brain_AXT1POST_201_6002683,10,1,9.237863393930288
AXT1POST,patch,dpmm_p64_t20,dpmm,top5,0,file_brain_AXT1POST_201_6002683,11,1,9.768211951622597
AXT1POST,patch,dpmm_p64_t20,dpmm,top5,0,file_brain_AXT1POST_201_6002683,12,1,11.047927856445312
AXT1POST,patch,dpmm_p64_t20,dpmm,top5,0,file_brain_AXT1POST_201_6002683,13,1,10.050318791316105
AXT1POST,patch,dpmm_p64_t20,dpmm,top5,0,file_brain_AXT1POST_200_6002033,0,1,10.922633244441105
AXT1POST,patch,dpmm_p64_t20,dpmm,top5,0,file_brain_AXT1POST_200_6002033,1,1,10.52923114483173
AXT1POST,patch,dpmm_p64_t20,dpmm,top5,0,file_brain_AXT1POST_200_6002033,2,1,9.99243398813101
AXT1POST,patch,dpmm_p64_t20,dpmm,top5,0,file_brain_AXT1POST_200_6002033,3,1,10.297656719501202
AXT1POST,patch,dpmm_p64_t20,dpmm,top5,0,file_brain_AXT1POST_201_6002817,0,1,10.603989821213942
AXT1POST,patch,dpmm_p64_t20,dpmm,top5,0,file_brain_AXT1POST_200_6002188,0,1,10.094666701096754
AXT1POST,patch,dpmm_p64_t20,dpmm,top5,0,file_brain_AXT1POST_200_6002188,1,1,10.080140333909254
AXT1POST,patch,dpmm_p64_t20,dpmm,top5,0,file_brain_AXT1POST_200_6002188,2,1,9.812769963191105
AXT1POST,patch,dpmm_p64_t20,dpmm,top5,0,file_brain_AXT1POST_200_6002188,3,1,10.198624830979567
AXT1POST,patch,dpmm_p64_t20,dpmm,top5,0,file_brain_AXT1POST_200_6002188,4,1,9.207623995267427
AXT1POST,patch,dpmm_p64_t20,dpmm,top5,0,file_brain_AXT1POST_200_6002188,5,1,9.207220224233774
AXT1POST,patch,dpmm_p64_t20,dpmm,top5,0,file_brain_AXT1POST_200_6002188,6,1,9.536331176757812
AXT1POST,patch,dpmm_p64_t20,dpmm,top5,0,file_brain_AXT1POST_200_6002188,7,1,9.810376093937801
AXT1POST,patch,dpmm_p64_t20,dpmm,top5,0,file_brain_AXT1POST_200_6002188,8,1,9.473577646108774
AXT1POST,patch,dpmm_p64_t20,dpmm,top5,0,file_brain_AXT1POST_200_6002188,9,1,9.17771207369291
AXT1POST,patch,dpmm_p64_t20,dpmm,top5,0,file_brain_AXT1POST_200_6002188,10,1,9.754960280198317
AXT1POST,patch,dpmm_p64_t20,dpmm,top5,0,file_brain_AXT1POST_200_6002188,11,1,9.642621553861177
AXT1POST,patch,dpmm_p64_t20,dpmm,top5,0,file_brain_AXT1POST_200_6002188,12,1,9.926895141601562
AXT1POST,patch,dpmm_p64_t20,dpmm,top5,0,file_brain_AXT1POST_200_6002188,13,1,10.598212608924278
AXT1POST,patch,dpmm_p64_t20,dpmm,top5,0,file_brain_AXT1POST_200_6002188,14,1,10.603986299954927
AXT1POST,patch,dpmm_p64_t20,dpmm,top5,0,file_brain_AXT1POST_200_6002337,0,1,10.43697298490084
AXT1POST,patch,dpmm_p64_t20,dpmm,top5,0,file_brain_AXT1POST_200_6002337,1,1,10.695130568284254
AXT1POST,patch,dpmm_p64_t20,dpmm,top5,0,file_brain_AXT1POST_200_6002337,2,1,11.475833599384014
AXT1POST,patch,dpmm_p64_t20,dpmm,top5,0,file_brain_AXT1POST_200_6002337,3,1,10.423626239483173
AXT1POST,patch,dpmm_p64_t20,dpmm,top5,0,file_brain_AXT1POST_200_6002337,4,1,10.436761709359976
AXT1POST,patch,dpmm_p64_t20,dpmm,top5,0,file_brain_AXT1POST_201_6002735,0,1,10.463058471679688
AXT1POST,patch,dpmm_p64_t20,dpmm,top5,0,file_brain_AXT1POST_201_6002735,1,1,10.285052959735577
AXT1POST,patch,dpmm_p64_t20,dpmm,top5,0,file_brain_AXT1POST_201_6002735,2,1,10.860189584585337
AXT1POST,patch,dpmm_p64_t20,dpmm,top5,0,file_brain_AXT1POST_201_6002735,3,1,10.820489736703726
AXT1POST,patch,dpmm_p64_t20,dpmm,top5,0,file_brain_AXT1POST_201_6002735,4,1,10.53653540978065
AXT1POST,patch,dpmm_p64_t20,dpmm,top5,0,file_brain_AXT1POST_201_6002735,5,1,10.769458477313702
AXT1POST,patch,dpmm_p64_t20,dpmm,top5,0,file_brain_AXT1POST_201_6002735,6,1,9.908642108623798
AXT1POST,patch,dpmm_p64_t20,dpmm,top5,0,file_brain_AXT1POST_201_6002735,7,1,9.671812791090746
AXT1POST,patch,dpmm_p64_t20,dpmm,top5,0,file_brain_AXT1POST_201_6002735,8,1,9.88714364858774
AXT1POST,patch,dpmm_p64_t20,dpmm,top5,0,file_brain_AXT1POST_201_6002735,9,1,9.42325181227464
AXT1POST,patch,dpmm_p64_t20,dpmm,top5,0,file_brain_AXT1POST_201_6002735,10,1,9.876497708834135
AXT1POST,patch,dpmm_p64_t20,dpmm,top5,0,file_brain_AXT1POST_201_6002735,11,1,9.701685978816105
AXT1POST,patch,dpmm_p64_t20,dpmm,top5,0,file_brain_AXT1POST_200_6002089,4,1,9.851921668419472
AXT1POST,patch,dpmm_p64_t20,dpmm,top5,0,file_brain_AXT1POST_200_6002089,5,1,9.315971961388222
AXT1POST,patch,dpmm_p64_t20,dpmm,top5,0,file_brain_AXT1POST_200_6002089,6,1,9.403354938213642
AXT1POST,patch,dpmm_p64_t20,dpmm,top5,0,file_brain_AXT1POST_200_6002089,7,1,9.21679452749399
AXT1POST,patch,dpmm_p64_t20,dpmm,top5,0,file_brain_AXT1POST_200_6002089,8,1,9.040141179011417
AXT1POST,patch,dpmm_p64_t20,dpmm,top5,0,file_brain_AXT1POST_200_6002089,9,1,8.859283447265625
AXT1POST,patch,dpmm_p64_t20,dpmm,top5,0,file_brain_AXT1POST_200_6002089,10,1,9.11327890249399
AXT1POST,patch,dpmm_p64_t20,dpmm,top5,0,file_brain_AXT1POST_200_6002089,11,1,9.681722787710337
AXT1POST,patch,dpmm_p64_t20,dpmm,top5,0,file_brain_AXT1POST_200_6002089,12,1,9.954683743990385
AXT1POST,patch,dpmm_p64_t20,dpmm,top5,0,file_brain_AXT1POST_200_6002089,13,1,10.27801748422476
AXT1POST,patch,dpmm_p64_t20,dpmm,top5,0,file_brain_AXT1POST_200_6002089,14,1,11.372911893404448
AXT1POST,patch,dpmm_p64_t20,dpmm,top5,0,file_brain_AXT1POST_200_6002089,15,1,11.6499269925631
AXT1POST,patch,dpmm_p64_t20,dpmm,top5,0,file_brain_AXT1POST_200_6002065,0,1,11.063057532677284
AXT1POST,patch,dpmm_p64_t20,dpmm,top5,0,file_brain_AXT1POST_200_6002065,1,1,10.964242788461538
AXT1POST,patch,dpmm_p64_t20,dpmm,top5,0,file_brain_AXT1POST_200_6002065,2,1,10.83071547288161
AXT1POST,patch,dpmm_p64_t20,dpmm,top5,0,file_brain_AXT1POST_200_6002065,3,1,11.00790287898137
AXT1POST,patch,dpmm_p64_t20,dpmm,top5,0,file_brain_AXT1POST_200_6002065,4,1,9.557630685659555
AXT1POST,patch,dpmm_p64_t20,dpmm,top5,0,file_brain_AXT1POST_200_6002065,5,1,9.720100989708534
AXT1POST,patch,dpmm_p64_t20,dpmm,top5,0,file_brain_AXT1POST_200_6002065,10,1,8.908150892991285
AXT1POST,patch,dpmm_p64_t20,dpmm,top5,0,file_brain_AXT1POST_200_6002396,0,1,10.361650907076323
AXT1POST,patch,dpmm_p64_t50,dpmm,top5,0,file_brain_AXT1POST_207_2070010,8,0,9.229598999023438
AXT1POST,patch,dpmm_p64_t50,dpmm,top5,0,file_brain_AXT1POST_208_2080493,5,0,9.832359900841347
AXT1POST,patch,dpmm_p64_t50,dpmm,top5,0,file_brain_AXT1POST_201_6002795,10,0,9.766627385066105
AXT1POST,patch,dpmm_p64_t50,dpmm,top5,0,file_brain_AXT1POST_207_2070214,6,0,9.744760953463041
AXT1POST,patch,dpmm_p64_t50,dpmm,top5,0,file_brain_AXT1POST_208_2080275,5,0,8.65731928898738
AXT1POST,patch,dpmm_p64_t50,dpmm,top5,0,file_brain_AXT1POST_201_6002760,10,0,9.32772709773137
AXT1POST,patch,dpmm_p64_t50,dpmm,top5,0,file_brain_AXT1POST_201_6002778,7,0,9.969732431265024
AXT1POST,patch,dpmm_p64_t50,dpmm,top5,0,file_brain_AXT1POST_207_2070418,12,0,9.338931743915264
AXT1POST,patch,dpmm_p64_t50,dpmm,top5,0,file_brain_AXT1POST_200_6002259,8,0,9.15293473463792
AXT1POST,patch,dpmm_p64_t50,dpmm,top5,0,file_brain_AXT1POST_207_2070251,10,0,9.772720336914062
AXT1POST,patch,dpmm_p64_t50,dpmm,top5,0,file_brain_AXT1POST_203_6000877,5,0,10.255385178786058
AXT1POST,patch,dpmm_p64_t50,dpmm,top5,0,file_brain_AXT1POST_200_6002337,5,0,9.622091440054087
AXT1POST,patch,dpmm_p64_t50,dpmm,top5,0,file_brain_AXT1POST_202_6000417,9,0,9.724726163423979
AXT1POST,patch,dpmm_p64_t50,dpmm,top5,0,file_brain_AXT1POST_203_6000712,6,0,9.877494225135216
AXT1POST,patch,dpmm_p64_t50,dpmm,top5,0,file_brain_AXT1POST_208_2080244,8,0,9.75978733943059
AXT1POST,patch,dpmm_p64_t50,dpmm,top5,0,file_brain_AXT1POST_210_6001735,5,0,9.83345970740685
AXT1POST,patch,dpmm_p64_t50,dpmm,top5,0,file_brain_AXT1POST_201_6002920,8,0,10.30224844125601
AXT1POST,patch,dpmm_p64_t50,dpmm,top5,0,file_brain_AXT1POST_205_2050255,6,0,9.62485856276292
AXT1POST,patch,dpmm_p64_t50,dpmm,top5,0,file_brain_AXT1POST_207_2070450,7,0,9.113270686222958
AXT1POST,patch,dpmm_p64_t50,dpmm,top5,0,file_brain_AXT1POST_210_6001790,8,0,9.694162222055288
AXT1POST,patch,dpmm_p64_t50,dpmm,top5,0,file_brain_AXT1POST_209_6001234,12,0,10.324864314152645
AXT1POST,patch,dpmm_p64_t50,dpmm,top5,0,file_brain_AXT1POST_208_2080392,12,0,10.483479426457333
AXT1POST,patch,dpmm_p64_t50,dpmm,top5,0,file_brain_AXT1POST_210_6001699,5,0,9.8740234375
AXT1POST,patch,dpmm_p64_t50,dpmm,top5,0,file_brain_AXT1POST_208_2080393,4,0,9.439711350661058
AXT1POST,patch,dpmm_p64_t50,dpmm,top5,0,file_brain_AXT1POST_200_6002396,11,0,9.734947204589844
AXT1POST,patch,dpmm_p64_t50,dpmm,top5,0,file_brain_AXT1POST_207_2070804,10,0,9.559544489933895
AXT1POST,patch,dpmm_p64_t50,dpmm,top5,0,file_brain_AXT1POST_202_6000269,7,0,9.701182438777042
AXT1POST,patch,dpmm_p64_t50,dpmm,top5,0,file_brain_AXT1POST_207_2070809,7,0,9.308448204627403
AXT1POST,patch,dpmm_p64_t50,dpmm,top5,0,file_brain_AXT1POST_207_2070095,4,0,9.291073725773739
AXT1POST,patch,dpmm_p64_t50,dpmm,top5,0,file_brain_AXT1POST_210_6001787,11,0,9.63598163311298
AXT1POST,patch,dpmm_p64_t50,dpmm,top5,0,file_brain_AXT1POST_207_2070765,4,0,9.956134502704327
AXT1POST,patch,dpmm_p64_t50,dpmm,top5,0,file_brain_AXT1POST_207_2070095,11,0,9.180321913499098
AXT1POST,patch,dpmm_p64_t50,dpmm,top5,0,file_brain_AXT1POST_207_2070651,11,0,9.865031315730167
AXT1POST,patch,dpmm_p64_t50,dpmm,top5,0,file_brain_AXT1POST_208_2080422,12,0,9.42914287860577
AXT1POST,patch,dpmm_p64_t50,dpmm,top5,0,file_brain_AXT1POST_203_6000760,9,0,9.50873272235577
AXT1POST,patch,dpmm_p64_t50,dpmm,top5,0,file_brain_AXT1POST_201_6002814,6,0,9.564386221078726
AXT1POST,patch,dpmm_p64_t50,dpmm,top5,0,file_brain_AXT1POST_202_6000417,4,0,9.802798931415264
AXT1POST,patch,dpmm_p64_t50,dpmm,top5,0,file_brain_AXT1POST_207_2070259,5,0,9.556282043457031
AXT1POST,patch,dpmm_p64_t50,dpmm,top5,0,file_brain_AXT1POST_208_2080244,5,0,9.652428260216347
AXT1POST,patch,dpmm_p64_t50,dpmm,top5,0,file_brain_AXT1POST_203_6000877,11,0,9.799073439378004
AXT1POST,patch,dpmm_p64_t50,dpmm,top5,0,file_brain_AXT1POST_200_6001996,9,0,9.453545203575722
AXT1POST,patch,dpmm_p64_t50,dpmm,top5,0,file_brain_AXT1POST_210_6001735,4,0,10.109200110802284
AXT1POST,patch,dpmm_p64_t50,dpmm,top5,0,file_brain_AXT1POST_208_2080624,6,0,9.585743830754208
AXT1POST,patch,dpmm_p64_t50,dpmm,top5,0,file_brain_AXT1POST_205_2050146,5,0,9.386761591984676
AXT1POST,patch,dpmm_p64_t50,dpmm,top5,0,file_brain_AXT1POST_203_6000877,6,0,9.474563598632812
AXT1POST,patch,dpmm_p64_t50,dpmm,top5,0,file_brain_AXT1POST_201_6002795,12,0,10.157401451697716
AXT1POST,patch,dpmm_p64_t50,dpmm,top5,0,file_brain_AXT1POST_208_2080469,6,0,9.464256286621094
AXT1POST,patch,dpmm_p64_t50,dpmm,top5,0,file_brain_AXT1POST_210_6001797,5,0,10.068855872521034
AXT1POST,patch,dpmm_p64_t50,dpmm,top5,0,file_brain_AXT1POST_208_2080576,8,0,8.931900024414062
AXT1POST,patch,dpmm_p64_t50,dpmm,top5,0,file_brain_AXT1POST_205_6000148,6,0,9.447083693284254
AXT1POST,patch,dpmm_p64_t50,dpmm,top5,0,file_brain_AXT1POST_207_2070095,10,0,9.22410642183744
AXT1POST,patch,dpmm_p64_t50,dpmm,top5,0,file_brain_AXT1POST_201_6002731,10,0,9.968674879807692
AXT1POST,patch,dpmm_p64_t50,dpmm,top5,0,file_brain_AXT1POST_207_2070083,4,0,9.268392709585337
AXT1POST,patch,dpmm_p64_t50,dpmm,top5,0,file_brain_AXT1POST_208_2080704,4,0,9.510557908278246
AXT1POST,patch,dpmm_p64_t50,dpmm,top5,0,file_brain_AXT1POST_205_6000180,5,0,9.363332895132212
AXT1POST,patch,dpmm_p64_t50,dpmm,top5,0,file_brain_AXT1POST_201_6002920,6,0,10.488567645733173
AXT1POST,patch,dpmm_p64_t50,dpmm,top5,0,file_brain_AXT1POST_209_6001417,11,0,9.838753920335035
AXT1POST,patch,dpmm_p64_t50,dpmm,top5,0,file_brain_AXT1POST_203_6000774,4,0,10.030272263746996
AXT1POST,patch,dpmm_p64_t50,dpmm,top5,0,file_brain_AXT1POST_209_6001234,6,0,9.281230046198917
AXT1POST,patch,dpmm_p64_t50,dpmm,top5,0,file_brain_AXT1POST_208_2080154,9,0,9.359429579514723
AXT1POST,patch,dpmm_p64_t50,dpmm,top5,0,file_brain_AXT1POST_207_2070147,10,0,9.126227158766527
AXT1POST,patch,dpmm_p64_t50,dpmm,top5,0,file_brain_AXT1POST_205_2050102,9,0,9.814368027907152
AXT1POST,patch,dpmm_p64_t50,dpmm,top5,0,file_brain_AXT1POST_209_6001264,7,0,9.170414264385517
AXT1POST,patch,dpmm_p64_t50,dpmm,top5,0,file_brain_AXT1POST_207_2070034,7,0,9.237477816068209
AXT1POST,patch,dpmm_p64_t50,dpmm,top5,0,file_brain_AXT1POST_209_6001458,10,0,9.026024451622597
AXT1POST,patch,dpmm_p64_t50,dpmm,top5,0,file_brain_AXT1POST_206_6000235,10,0,10.088536189152645
AXT1POST,patch,dpmm_p64_t50,dpmm,top5,0,file_brain_AXT1POST_208_2080213,5,0,9.434451763446514
AXT1POST,patch,dpmm_p64_t50,dpmm,top5,0,file_brain_AXT1POST_200_6002396,9,0,9.523468017578125
AXT1POST,patch,dpmm_p64_t50,dpmm,top5,0,file_brain_AXT1POST_200_6002305,4,0,9.479640667255108
AXT1POST,patch,dpmm_p64_t50,dpmm,top5,0,file_brain_AXT1POST_207_2070651,12,0,9.734527001014122
AXT1POST,patch,dpmm_p64_t50,dpmm,top5,0,file_brain_AXT1POST_205_2050148,10,0,9.351923429048979
AXT1POST,patch,dpmm_p64_t50,dpmm,top5,0,file_brain_AXT1POST_208_2080469,4,0,10.343018751878004
AXT1POST,patch,dpmm_p64_t50,dpmm,top5,0,file_brain_AXT1POST_207_2070635,10,0,9.353824322040264
AXT1POST,patch,dpmm_p64_t50,dpmm,top5,0,file_brain_AXT1POST_207_2070133,8,0,8.866446274977465
AXT1POST,patch,dpmm_p64_t50,dpmm,top5,0,file_brain_AXT1POST_203_6000661,12,0,9.91299555851863
AXT1POST,patch,dpmm_p64_t50,dpmm,top5,0,file_brain_AXT1POST_203_6000760,6,0,9.62106205866887
AXT1POST,patch,dpmm_p64_t50,dpmm,top5,0,file_brain_AXT1POST_200_6002337,8,0,9.29337662916917
AXT1POST,patch,dpmm_p64_t50,dpmm,top5,0,file_brain_AXT1POST_208_2080393,12,0,10.652840247521034
AXT1POST,patch,dpmm_p64_t50,dpmm,top5,0,file_brain_AXT1POST_207_2070123,7,0,9.036871103140024
AXT1POST,patch,dpmm_p64_t50,dpmm,top5,0,file_brain_AXT1POST_201_6002772,8,0,9.367435161884014
AXT1POST,patch,dpmm_p64_t50,dpmm,top5,0,file_brain_AXT1POST_207_2070804,9,0,9.251690204326923
AXT1POST,patch,dpmm_p64_t50,dpmm,top5,0,file_brain_AXT1POST_208_2080469,12,0,9.7301271878756
AXT1POST,patch,dpmm_p64_t50,dpmm,top5,0,file_brain_AXT1POST_208_2080275,7,0,8.78765634390024
AXT1POST,patch,dpmm_p64_t50,dpmm,top5,0,file_brain_AXT1POST_209_6001264,4,0,9.600773151104267
AXT1POST,patch,dpmm_p64_t50,dpmm,top5,0,file_brain_AXT1POST_209_6001064,5,0,10.251302865835337
AXT1POST,patch,dpmm_p64_t50,dpmm,top5,0,file_brain_AXT1POST_201_6002920,4,0,10.575350247896635
AXT1POST,patch,dpmm_p64_t50,dpmm,top5,0,file_brain_AXT1POST_210_6001787,7,0,9.737960228553185
AXT1POST,patch,dpmm_p64_t50,dpmm,top5,0,file_brain_AXT1POST_203_6000661,4,0,9.77115455040565
AXT1POST,patch,dpmm_p64_t50,dpmm,top5,0,file_brain_AXT1POST_203_6000712,10,0,9.774637075570913
AXT1POST,patch,dpmm_p64_t50,dpmm,top5,0,file_brain_AXT1POST_210_6001797,4,0,10.398090069110577
AXT1POST,patch,dpmm_p64_t50,dpmm,top5,0,file_brain_AXT1POST_208_2080504,5,0,9.579502986027645
AXT1POST,patch,dpmm_p64_t50,dpmm,top5,0,file_brain_AXT1POST_208_2080421,4,0,10.043795072115385
AXT1POST,patch,dpmm_p64_t50,dpmm,top5,0,file_brain_AXT1POST_209_6001458,4,0,9.99115224984976
AXT1POST,patch,dpmm_p64_t50,dpmm,top5,0,file_brain_AXT1POST_207_2070133,6,0,9.950968815730167
AXT1POST,patch,dpmm_p64_t50,dpmm,top5,0,file_brain_AXT1POST_208_2080240,10,0,9.680272028996395
AXT1POST,patch,dpmm_p64_t50,dpmm,top5,0,file_brain_AXT1POST_208_2080493,9,0,9.560718829815205
AXT1POST,patch,dpmm_p64_t50,dpmm,top5,0,file_brain_AXT1POST_205_6000035,8,0,9.652934147761417
AXT1POST,patch,dpmm_p64_t50,dpmm,top5,0,file_brain_AXT1POST_208_2080393,7,0,9.131118774414062
AXT1POST,patch,dpmm_p64_t50,dpmm,top5,0,file_brain_AXT1POST_200_6002046,9,0,9.72029818021334
AXT1POST,patch,dpmm_p64_t50,dpmm,top5,0,file_brain_AXT1POST_206_6000235,8,0,9.479598999023438
AXT1POST,patch,dpmm_p64_t50,dpmm,top5,0,file_brain_AXT1POST_205_2050189,8,0,9.378071711613583
AXT1POST,patch,dpmm_p64_t50,dpmm,top5,0,file_brain_AXT1POST_210_6001771,11,0,9.48687978891226
AXT1POST,patch,dpmm_p64_t50,dpmm,top5,0,file_brain_AXT1POST_208_2120069,4,0,9.833800095778246
AXT1POST,patch,dpmm_p64_t50,dpmm,top5,0,file_brain_AXT1POST_201_6002862,11,0,10.129106961763823
AXT1POST,patch,dpmm_p64_t50,dpmm,top5,0,file_brain_AXT1POST_209_6001236,9,0,8.936319791353666
AXT1POST,patch,dpmm_p64_t50,dpmm,top5,0,file_brain_AXT1POST_200_6002349,12,0,9.596092810997597
AXT1POST,patch,dpmm_p64_t50,dpmm,top5,0,file_brain_AXT1POST_208_2080075,5,0,10.575026292067308
AXT1POST,patch,dpmm_p64_t50,dpmm,top5,0,file_brain_AXT1POST_210_6001735,9,0,9.617178696852465
AXT1POST,patch,dpmm_p64_t50,dpmm,top5,0,file_brain_AXT1POST_209_6001109,6,0,9.334055973933292
AXT1POST,patch,dpmm_p64_t50,dpmm,top5,0,file_brain_AXT1POST_203_6000869,8,0,9.494014446551983
AXT1POST,patch,dpmm_p64_t50,dpmm,top5,0,file_brain_AXT1POST_207_2070259,4,0,9.263382544884315
AXT1POST,patch,dpmm_p64_t50,dpmm,top5,0,file_brain_AXT1POST_203_6000712,9,0,9.955010047325722
AXT1POST,patch,dpmm_p64_t50,dpmm,top5,0,file_brain_AXT1POST_207_2070095,6,0,8.961861830491285
AXT1POST,patch,dpmm_p64_t50,dpmm,top5,0,file_brain_AXT1POST_200_6002413,11,0,9.830913837139423
AXT1POST,patch,dpmm_p64_t50,dpmm,top5,0,file_brain_AXT1POST_208_2080392,10,0,9.49325913649339
AXT1POST,patch,dpmm_p64_t50,dpmm,top5,0,file_brain_AXT1POST_203_6000661,5,0,9.576117882361778
AXT1POST,patch,dpmm_p64_t50,dpmm,top5,0,file_brain_AXT1POST_209_6001236,7,0,9.34064190204327
AXT1POST,patch,dpmm_p64_t50,dpmm,top5,0,file_brain_AXT1POST_207_2070809,10,0,9.351298405573917
AXT1POST,patch,dpmm_p64_t50,dpmm,top5,0,file_brain_AXT1POST_207_2070214,9,0,9.118425809420073
AXT1POST,patch,dpmm_p64_t50,dpmm,top5,0,file_brain_AXT1POST_208_2080704,10,0,9.490888155423677
AXT1POST,patch,dpmm_p64_t50,dpmm,top5,0,file_brain_AXT1POST_201_6002673,7,0,9.921288123497597
AXT1POST,patch,dpmm_p64_t50,dpmm,top5,0,file_brain_AXT1POST_203_6000657,4,0,9.436019897460938
AXT1POST,patch,dpmm_p64_t50,dpmm,top5,0,file_brain_AXT1POST_207_2070242,5,0,9.467831538273739
AXT1POST,patch,dpmm_p64_t50,dpmm,top5,0,file_brain_AXT1POST_208_2080493,11,0,9.52211174598107
AXT1POST,patch,dpmm_p64_t50,dpmm,top5,0,file_brain_AXT1POST_209_6001458,6,0,9.391048724834736
AXT1POST,patch,dpmm_p64_t50,dpmm,top5,0,file_brain_AXT1POST_208_2080421,6,0,9.233497032752403
AXT1POST,patch,dpmm_p64_t50,dpmm,top5,0,file_brain_AXT1POST_201_6002668,6,0,9.849524864783653
AXT1POST,patch,dpmm_p64_t50,dpmm,top5,0,file_brain_AXT1POST_200_6002349,4,0,10.0352783203125
AXT1POST,patch,dpmm_p64_t50,dpmm,top5,0,file_brain_AXT1POST_200_6002305,10,0,9.61645742563101
AXT1POST,patch,dpmm_p64_t50,dpmm,top5,0,file_brain_AXT1POST_207_2070651,6,0,9.369833139272837
AXT1POST,patch,dpmm_p64_t50,dpmm,top5,0,file_brain_AXT1POST_201_6002778,12,0,9.98626708984375
AXT1POST,patch,dpmm_p64_t50,dpmm,top5,0,file_brain_AXT1POST_200_6002349,11,0,9.582305908203125
AXT1POST,patch,dpmm_p64_t50,dpmm,top5,0,file_brain_AXT1POST_208_2080576,10,0,9.36300541804387
AXT1POST,patch,dpmm_p64_t50,dpmm,top5,0,file_brain_AXT1POST_207_2070765,8,0,9.10547344501202
AXT1POST,patch,dpmm_p64_t50,dpmm,top5,0,file_brain_AXT1POST_207_2070083,9,0,9.188043447641226
AXT1POST,patch,dpmm_p64_t50,dpmm,top5,0,file_brain_AXT1POST_207_2070547,10,0,9.62941624568059
AXT1POST,patch,dpmm_p64_t50,dpmm,top5,0,file_brain_AXT1POST_207_2070490,7,0,9.283163217397837
AXT1POST,patch,dpmm_p64_t50,dpmm,top5,0,file_brain_AXT1POST_207_2070553,4,0,9.762016296386719
AXT1POST,patch,dpmm_p64_t50,dpmm,top5,0,file_brain_AXT1POST_200_6002033,8,0,9.185311537522535
AXT1POST,patch,dpmm_p64_t50,dpmm,top5,0,file_brain_AXT1POST_208_2080345,8,0,9.005749042217548
AXT1POST,patch,dpmm_p64_t50,dpmm,top5,0,file_brain_AXT1POST_209_6001320,7,0,8.921204787034254
AXT1POST,patch,dpmm_p64_t50,dpmm,top5,0,file_brain_AXT1POST_207_2070357,4,0,9.768238361065205
AXT1POST,patch,dpmm_p64_t50,dpmm,top5,0,file_brain_AXT1POST_210_6001735,10,0,9.48821551983173
AXT1POST,patch,dpmm_p64_t50,dpmm,top5,0,file_brain_AXT1POST_207_2070127,7,0,9.156484750600962
AXT1POST,patch,dpmm_p64_t50,dpmm,top5,0,file_brain_AXT1POST_205_6000035,5,0,9.352701040414663
AXT1POST,patch,dpmm_p64_t50,dpmm,top5,0,file_brain_AXT1POST_202_6000269,5,0,10.57000732421875
AXT1POST,patch,dpmm_p64_t50,dpmm,top5,0,file_brain_AXT1POST_200_6002396,4,0,9.930953979492188
AXT1POST,patch,dpmm_p64_t50,dpmm,top5,0,file_brain_AXT1POST_200_6002392,10,0,9.735106248121996
AXT1POST,patch,dpmm_p64_t50,dpmm,top5,0,file_brain_AXT1POST_208_2080576,12,0,9.650206345778246
AXT1POST,patch,dpmm_p64_t50,dpmm,top5,0,file_brain_AXT1POST_201_6002731,4,0,10.526662973257212
AXT1POST,patch,dpmm_p64_t50,dpmm,top5,0,file_brain_AXT1POST_207_2070651,7,0,8.958087627704327
AXT1POST,patch,dpmm_p64_t50,dpmm,top5,0,file_brain_AXT1POST_207_2070327,9,0,9.006791334885817
AXT1POST,patch,dpmm_p64_t50,dpmm,top5,0,file_brain_AXT1POST_207_2070327,8,0,9.424335186298077
AXT1POST,patch,dpmm_p64_t50,dpmm,top5,0,file_brain_AXT1POST_205_6000035,4,0,9.534406221829927
AXT1POST,patch,dpmm_p64_t50,dpmm,top5,0,file_brain_AXT1POST_210_6001771,8,0,9.31420428936298
AXT1POST,patch,dpmm_p64_t50,dpmm,top5,0,file_brain_AXT1POST_205_2050259,4,0,9.548869206355167
AXT1POST,patch,dpmm_p64_t50,dpmm,top5,0,file_brain_AXT1POST_200_6002259,5,0,9.61218496469351
AXT1POST,patch,dpmm_p64_t50,dpmm,top5,0,file_brain_AXT1POST_207_2070251,11,0,9.122708247258114
AXT1POST,patch,dpmm_p64_t50,dpmm,top5,0,file_brain_AXT1POST_210_6001787,4,0,9.69828092134916
AXT1POST,patch,dpmm_p64_t50,dpmm,top5,0,file_brain_AXT1POST_203_6000861,5,0,9.907806396484375
AXT1POST,patch,dpmm_p64_t50,dpmm,top5,0,file_brain_AXT1POST_207_2070259,6,0,9.853382990910458
AXT1POST,patch,dpmm_p64_t50,dpmm,top5,0,file_brain_AXT1POST_208_2080352,5,0,9.198927659254808
AXT1POST,patch,dpmm_p64_t50,dpmm,top5,0,file_brain_AXT1POST_208_2080477,4,0,9.819287226750301
AXT1POST,patch,dpmm_p64_t50,dpmm,top5,0,file_brain_AXT1POST_208_2080422,5,0,10.187244121844952
AXT1POST,patch,dpmm_p64_t50,dpmm,top5,0,file_brain_AXT1POST_202_6000302,9,0,9.788872352013222
AXT1POST,patch,dpmm_p64_t50,dpmm,top5,0,file_brain_AXT1POST_207_2070365,10,0,9.570818387545073
AXT1POST,patch,dpmm_p64_t50,dpmm,top5,0,file_brain_AXT1POST_200_6002340,4,0,9.320929894080528
AXT1POST,patch,dpmm_p64_t50,dpmm,top5,0,file_brain_AXT1POST_208_2080075,4,0,10.091725276066708
AXT1POST,patch,dpmm_p64_t50,dpmm,top5,0,file_brain_AXT1POST_203_6000869,4,0,9.501200749323917
AXT1POST,patch,dpmm_p64_t50,dpmm,top5,0,file_brain_AXT1POST_207_2070479,4,0,9.988804743840145
AXT1POST,patch,dpmm_p64_t50,dpmm,top5,0,file_brain_AXT1POST_209_6001250,5,0,9.349597637469952
AXT1POST,patch,dpmm_p64_t50,dpmm,top5,0,file_brain_AXT1POST_207_2070009,12,0,9.646188002366285
AXT1POST,patch,dpmm_p64_t50,dpmm,top5,0,file_brain_AXT1POST_205_2050148,5,0,9.094289926382212
AXT1POST,patch,dpmm_p64_t50,dpmm,top5,0,file_brain_AXT1POST_203_6000597,7,0,9.115612910344051
AXT1POST,patch,dpmm_p64_t50,dpmm,top5,0,file_brain_AXT1POST_202_6000281,10,0,9.41493635911208
AXT1POST,patch,dpmm_p64_t50,dpmm,top5,0,file_brain_AXT1POST_203_6000827,10,0,9.776270939753605
AXT1POST,patch,dpmm_p64_t50,dpmm,top5,0,file_brain_AXT1POST_207_2070547,11,0,9.680272028996395
AXT1POST,patch,dpmm_p64_t50,dpmm,top5,0,file_brain_AXT1POST_209_6001458,7,0,9.543805049015926
AXT1POST,patch,dpmm_p64_t50,dpmm,top5,0,file_brain_AXT1POST_210_6001645,6,0,9.495412386380709
AXT1POST,patch,dpmm_p64_t50,dpmm,top5,0,file_brain_AXT1POST_207_2070099,12,0,9.615088242750902
AXT1POST,patch,dpmm_p64_t50,dpmm,top5,0,file_brain_AXT1POST_207_2070241,11,0,9.625680189866285
AXT1POST,patch,dpmm_p64_t50,dpmm,top5,0,file_brain_AXT1POST_207_2070786,7,0,9.488399799053486
AXT1POST,patch,dpmm_p64_t50,dpmm,top5,0,file_brain_AXT1POST_208_2080493,8,0,8.906082153320312
AXT1POST,patch,dpmm_p64_t50,dpmm,top5,0,file_brain_AXT1POST_208_2080082,7,0,8.960987384502705
AXT1POST,patch,dpmm_p64_t50,dpmm,top5,0,file_brain_AXT1POST_207_2070479,7,0,9.655113220214844
AXT1POST,patch,dpmm_p64_t50,dpmm,top5,0,file_brain_AXT1POST_210_6001735,12,0,10.089254525991587
AXT1POST,patch,dpmm_p64_t50,dpmm,top5,0,file_brain_AXT1POST_202_6000341,5,0,9.380109346829927
AXT1POST,patch,dpmm_p64_t50,dpmm,top5,0,file_brain_AXT1POST_203_6000657,10,0,10.019182645357573
AXT1POST,patch,dpmm_p64_t50,dpmm,top5,0,file_brain_AXT1POST_208_2080082,6,0,9.542449364295372
AXT1POST,patch,dpmm_p64_t50,dpmm,top5,0,file_brain_AXT1POST_205_2050189,6,0,9.936821570763222
AXT1POST,patch,dpmm_p64_t50,dpmm,top5,0,file_brain_AXT1POST_208_2080082,9,0,9.224732032189003
AXT1POST,patch,dpmm_p64_t50,dpmm,top5,0,file_brain_AXT1POST_207_2070357,8,0,9.788347684420073
AXT1POST,patch,dpmm_p64_t50,dpmm,top5,0,file_brain_AXT1POST_207_2070009,8,0,9.607190645658052
AXT1POST,patch,dpmm_p64_t50,dpmm,top5,0,file_brain_AXT1POST_203_6000774,5,0,9.495046175443209
AXT1POST,patch,dpmm_p64_t50,dpmm,top5,0,file_brain_AXT1POST_203_6000597,11,0,9.430799044095552
AXT1POST,patch,dpmm_p64_t50,dpmm,top5,0,file_brain_AXT1POST_207_2070786,6,0,9.33028353177584
AXT1POST,patch,dpmm_p64_t50,dpmm,top5,0,file_brain_AXT1POST_203_6000597,10,0,8.957649817833534
AXT1POST,patch,dpmm_p64_t50,dpmm,top5,0,file_brain_AXT1POST_203_6000877,9,0,9.764366736778847
AXT1POST,patch,dpmm_p64_t50,dpmm,top5,0,file_brain_AXT1POST_203_6000657,12,0,9.868699293870192
AXT1POST,patch,dpmm_p64_t50,dpmm,top5,0,file_brain_AXT1POST_208_2080352,10,0,9.131886408879208
AXT1POST,patch,dpmm_p64_t50,dpmm,top5,0,file_brain_AXT1POST_207_2070354,6,0,8.980651268592247
AXT1POST,patch,dpmm_p64_t50,dpmm,top5,0,file_brain_AXT1POST_201_6002920,12,0,9.962874192457933
AXT1POST,patch,dpmm_p64_t50,dpmm,top5,0,file_brain_AXT1POST_208_2080304,10,0,9.93640371469351
AXT1POST,patch,dpmm_p64_t50,dpmm,top5,0,file_brain_AXT1POST_209_6001320,10,0,9.711506770207333
AXT1POST,patch,dpmm_p64_t50,dpmm,top5,0,file_brain_AXT1POST_207_2070009,5,0,9.883355947641226
AXT1POST,patch,dpmm_p64_t50,dpmm,top5,0,file_brain_AXT1POST_207_2070034,6,0,9.313909677358774
AXT1POST,patch,dpmm_p64_t50,dpmm,top5,0,file_brain_AXT1POST_205_2050102,5,0,9.47688704270583
AXT1POST,patch,dpmm_p64_t50,dpmm,top5,0,file_brain_AXT1POST_207_2070490,5,0,9.488962026742788
AXT1POST,patch,dpmm_p64_t50,dpmm,top5,0,file_brain_AXT1POST_208_2080208,7,0,9.01108140211839
AXT1POST,patch,dpmm_p64_t50,dpmm,top5,0,file_brain_AXT1POST_205_2050102,7,0,8.911373431865986
AXT1POST,patch,dpmm_p64_t50,dpmm,top5,0,file_brain_AXT1POST_205_2050102,4,0,9.49350327711839
AXT1POST,patch,dpmm_p64_t50,dpmm,top5,0,file_brain_AXT1POST_203_6000827,4,0,9.487820551945614
AXT1POST,patch,dpmm_p64_t50,dpmm,top5,0,file_brain_AXT1POST_207_2070809,6,0,9.19786130464994
AXT1POST,patch,dpmm_p64_t50,dpmm,top5,0,file_brain_AXT1POST_200_6002340,6,0,9.725290151742788
AXT1POST,patch,dpmm_p64_t50,dpmm,top5,0,file_brain_AXT1POST_207_2070479,10,0,9.744522681603065
AXT1POST,patch,dpmm_p64_t50,dpmm,top5,0,file_brain_AXT1POST_201_6002862,6,0,9.544300372783955
AXT1POST,patch,dpmm_p64_t50,dpmm,top5,0,file_brain_AXT1POST_203_6000760,8,0,9.169083228478065
AXT1POST,patch,dpmm_p64_t50,dpmm,top5,0,file_brain_AXT1POST_207_2070251,7,0,9.275677607609676
AXT1POST,patch,dpmm_p64_t50,dpmm,top5,0,file_brain_AXT1POST_208_2080062,10,0,9.345892686110277
AXT1POST,patch,dpmm_p64_t50,dpmm,top5,0,file_brain_AXT1POST_207_2070786,11,0,9.61855961726262
AXT1POST,patch,dpmm_p64_t50,dpmm,top5,0,file_brain_AXT1POST_200_6001996,12,0,10.022545447716347
AXT1POST,patch,dpmm_p64_t50,dpmm,top5,0,file_brain_AXT1POST_209_6001109,8,0,9.359238844651442
AXT1POST,patch,dpmm_p64_t50,dpmm,top5,0,file_brain_AXT1POST_205_2050159,9,0,10.134014423076923
AXT1POST,patch,dpmm_p64_t50,dpmm,top5,0,file_brain_AXT1POST_203_6000760,5,0,9.573506281926083
AXT1POST,patch,dpmm_p64_t50,dpmm,top5,0,file_brain_AXT1POST_208_2080075,9,0,9.68887446476863
AXT1POST,patch,dpmm_p64_t50,dpmm,top5,0,file_brain_AXT1POST_200_6002305,12,0,10.742464505709135
AXT1POST,patch,dpmm_p64_t50,dpmm,top5,0,file_brain_AXT1POST_200_6002340,7,0,9.126805232121395
AXT1POST,patch,dpmm_p64_t50,dpmm,top5,0,file_brain_AXT1POST_203_6000848,8,0,9.20810053898738
AXT1POST,patch,dpmm_p64_t50,dpmm,top5,0,file_brain_AXT1POST_208_2080345,12,0,9.551991389347958
AXT1POST,patch,dpmm_p64_t50,dpmm,top5,0,file_brain_AXT1POST_201_6002749,10,0,10.404239361102764
AXT1POST,patch,dpmm_p64_t50,dpmm,top5,0,file_brain_AXT1POST_200_6001959,5,0,9.986923217773438
AXT1POST,patch,dpmm_p64_t50,dpmm,top5,0,file_brain_AXT1POST_208_2080477,8,0,9.164924621582031
AXT1POST,patch,dpmm_p64_t50,dpmm,top5,0,file_brain_AXT1POST_208_2080383,6,0,9.711520268366886
AXT1POST,patch,dpmm_p64_t50,dpmm,top5,0,file_brain_AXT1POST_201_6002707,7,0,10.19325960599459
AXT1POST,patch,dpmm_p64_t50,dpmm,top5,0,file_brain_AXT1POST_203_6000861,4,0,10.031465970552885
AXT1POST,patch,dpmm_p64_t50,dpmm,top5,0,file_brain_AXT1POST_209_6001109,7,0,9.35635023850661
AXT1POST,patch,dpmm_p64_t50,dpmm,top5,0,file_brain_AXT1POST_203_6000760,4,0,10.121549166165865
AXT1POST,patch,dpmm_p64_t50,dpmm,top5,0,file_brain_AXT1POST_208_2080154,6,0,9.79195345365084
AXT1POST,patch,dpmm_p64_t50,dpmm,top5,0,file_brain_AXT1POST_201_6002749,6,0,10.03290264423077
AXT1POST,patch,dpmm_p64_t50,dpmm,top5,0,file_brain_AXT1POST_203_6000597,5,0,10.210193340594952
AXT1POST,patch,dpmm_p64_t50,dpmm,top5,0,file_brain_AXT1POST_203_6000848,12,0,10.4020021878756
AXT1POST,patch,dpmm_p64_t50,dpmm,top5,0,file_brain_AXT1POST_207_2070809,12,0,9.779631981482872
AXT1POST,patch,dpmm_p64_t50,dpmm,top5,0,file_brain_AXT1POST_208_2120069,8,0,9.8737546480619
AXT1POST,patch,dpmm_p64_t50,dpmm,top5,0,file_brain_AXT1POST_205_2050189,7,0,9.935382549579327
AXT1POST,patch,dpmm_p64_t50,dpmm,top5,0,file_brain_AXT1POST_200_6002337,12,0,9.317227290226864
AXT1POST,patch,dpmm_p64_t50,dpmm,top5,0,file_brain_AXT1POST_207_2070251,12,0,9.976912278395433
AXT1POST,patch,dpmm_p64_t50,dpmm,top5,0,file_brain_AXT1POST_207_2070635,6,0,9.473651592548077
AXT1POST,patch,dpmm_p64_t50,dpmm,top5,0,file_brain_AXT1POST_201_6002680,5,0,9.67825904259315
AXT1POST,patch,dpmm_p64_t50,dpmm,top5,0,file_brain_AXT1POST_208_2080213,7,0,8.957444997934195
AXT1POST,patch,dpmm_p64_t50,dpmm,top5,0,file_brain_AXT1POST_208_2080576,9,0,9.083077063927284
AXT1POST,patch,dpmm_p64_t50,dpmm,top5,0,file_brain_AXT1POST_208_2080275,6,0,9.612655639648438
AXT1POST,patch,dpmm_p64_t50,dpmm,top5,0,file_brain_AXT1POST_208_2080213,6,0,9.085392291729267
AXT1POST,patch,dpmm_p64_t50,dpmm,top5,0,file_brain_AXT1POST_208_2080213,12,0,9.944251427283653
AXT1POST,patch,dpmm_p64_t50,dpmm,top5,0,file_brain_AXT1POST_201_6002673,4,0,10.143960806039663
AXT1POST,patch,dpmm_p64_t50,dpmm,top5,0,file_brain_AXT1POST_210_6001771,4,0,10.12484623835637
AXT1POST,patch,dpmm_p64_t50,dpmm,top5,0,file_brain_AXT1POST_207_2070251,9,0,9.031187791090746
AXT1POST,patch,dpmm_p64_t50,dpmm,top5,0,file_brain_AXT1POST_201_6002703,0,1,10.338766244741587
AXT1POST,patch,dpmm_p64_t50,dpmm,top5,0,file_brain_AXT1POST_201_6002703,1,1,10.13027601975661
AXT1POST,patch,dpmm_p64_t50,dpmm,top5,0,file_brain_AXT1POST_201_6002703,2,1,9.76104736328125
AXT1POST,patch,dpmm_p64_t50,dpmm,top5,0,file_brain_AXT1POST_201_6002703,3,1,9.734981830303486
AXT1POST,patch,dpmm_p64_t50,dpmm,top5,0,file_brain_AXT1POST_201_6002703,4,1,9.536087623009315
AXT1POST,patch,dpmm_p64_t50,dpmm,top5,0,file_brain_AXT1POST_201_6002703,5,1,9.478844862717848
AXT1POST,patch,dpmm_p64_t50,dpmm,top5,0,file_brain_AXT1POST_201_6002703,6,1,9.771896362304688
AXT1POST,patch,dpmm_p64_t50,dpmm,top5,0,file_brain_AXT1POST_201_6002703,7,1,9.208849393404448
AXT1POST,patch,dpmm_p64_t50,dpmm,top5,0,file_brain_AXT1POST_201_6002703,8,1,9.239044189453125
AXT1POST,patch,dpmm_p64_t50,dpmm,top5,0,file_brain_AXT1POST_201_6002703,9,1,9.740584153395433
AXT1POST,patch,dpmm_p64_t50,dpmm,top5,0,file_brain_AXT1POST_201_6002703,10,1,9.068263714130108
AXT1POST,patch,dpmm_p64_t50,dpmm,top5,0,file_brain_AXT1POST_201_6002703,11,1,9.68797360933744
AXT1POST,patch,dpmm_p64_t50,dpmm,top5,0,file_brain_AXT1POST_201_6002703,12,1,9.427847055288462
AXT1POST,patch,dpmm_p64_t50,dpmm,top5,0,file_brain_AXT1POST_201_6002703,13,1,9.803634643554688
AXT1POST,patch,dpmm_p64_t50,dpmm,top5,0,file_brain_AXT1POST_201_6002703,14,1,10.366813072791466
AXT1POST,patch,dpmm_p64_t50,dpmm,top5,0,file_brain_AXT1POST_201_6002683,0,1,10.42992929311899
AXT1POST,patch,dpmm_p64_t50,dpmm,top5,0,file_brain_AXT1POST_201_6002683,1,1,10.284376878004808
AXT1POST,patch,dpmm_p64_t50,dpmm,top5,0,file_brain_AXT1POST_201_6002683,2,1,10.157212477463942
AXT1POST,patch,dpmm_p64_t50,dpmm,top5,0,file_brain_AXT1POST_201_6002683,3,1,10.49560077373798
AXT1POST,patch,dpmm_p64_t50,dpmm,top5,0,file_brain_AXT1POST_201_6002683,4,1,9.88372567983774
AXT1POST,patch,dpmm_p64_t50,dpmm,top5,0,file_brain_AXT1POST_201_6002683,5,1,9.49403792161208
AXT1POST,patch,dpmm_p64_t50,dpmm,top5,0,file_brain_AXT1POST_201_6002683,6,1,10.2587890625
AXT1POST,patch,dpmm_p64_t50,dpmm,top5,0,file_brain_AXT1POST_201_6002683,7,1,9.712557279146635
AXT1POST,patch,dpmm_p64_t50,dpmm,top5,0,file_brain_AXT1POST_201_6002683,8,1,9.815025916466347
AXT1POST,patch,dpmm_p64_t50,dpmm,top5,0,file_brain_AXT1POST_201_6002683,9,1,9.79231673020583
AXT1POST,patch,dpmm_p64_t50,dpmm,top5,0,file_brain_AXT1POST_201_6002683,10,1,9.600967407226562
AXT1POST,patch,dpmm_p64_t50,dpmm,top5,0,file_brain_AXT1POST_201_6002683,11,1,10.211283757136417
AXT1POST,patch,dpmm_p64_t50,dpmm,top5,0,file_brain_AXT1POST_201_6002683,12,1,10.693087064302885
AXT1POST,patch,dpmm_p64_t50,dpmm,top5,0,file_brain_AXT1POST_201_6002683,13,1,10.362621600811298
AXT1POST,patch,dpmm_p64_t50,dpmm,top5,0,file_brain_AXT1POST_200_6002033,0,1,10.108677790715145
AXT1POST,patch,dpmm_p64_t50,dpmm,top5,0,file_brain_AXT1POST_200_6002033,1,1,10.272291917067308
AXT1POST,patch,dpmm_p64_t50,dpmm,top5,0,file_brain_AXT1POST_200_6002033,2,1,9.85290292593149
AXT1POST,patch,dpmm_p64_t50,dpmm,top5,0,file_brain_AXT1POST_200_6002033,3,1,10.361866877629208
AXT1POST,patch,dpmm_p64_t50,dpmm,top5,0,file_brain_AXT1POST_201_6002817,0,1,10.288323035606972
AXT1POST,patch,dpmm_p64_t50,dpmm,top5,0,file_brain_AXT1POST_200_6002188,0,1,9.48581812931941
AXT1POST,patch,dpmm_p64_t50,dpmm,top5,0,file_brain_AXT1POST_200_6002188,1,1,9.80868178147536
AXT1POST,patch,dpmm_p64_t50,dpmm,top5,0,file_brain_AXT1POST_200_6002188,2,1,9.58487525353065
AXT1POST,patch,dpmm_p64_t50,dpmm,top5,0,file_brain_AXT1POST_200_6002188,3,1,9.648653470552885
AXT1POST,patch,dpmm_p64_t50,dpmm,top5,0,file_brain_AXT1POST_200_6002188,4,1,9.416841947115385
AXT1POST,patch,dpmm_p64_t50,dpmm,top5,0,file_brain_AXT1POST_200_6002188,5,1,9.813158475435698
AXT1POST,patch,dpmm_p64_t50,dpmm,top5,0,file_brain_AXT1POST_200_6002188,6,1,9.868449284480167
AXT1POST,patch,dpmm_p64_t50,dpmm,top5,0,file_brain_AXT1POST_200_6002188,7,1,10.10951937161959
AXT1POST,patch,dpmm_p64_t50,dpmm,top5,0,file_brain_AXT1POST_200_6002188,8,1,9.520795381986177
AXT1POST,patch,dpmm_p64_t50,dpmm,top5,0,file_brain_AXT1POST_200_6002188,9,1,9.443597646859976
AXT1POST,patch,dpmm_p64_t50,dpmm,top5,0,file_brain_AXT1POST_200_6002188,10,1,9.837721604567308
AXT1POST,patch,dpmm_p64_t50,dpmm,top5,0,file_brain_AXT1POST_200_6002188,11,1,9.94134051983173
AXT1POST,patch,dpmm_p64_t50,dpmm,top5,0,file_brain_AXT1POST_200_6002188,12,1,9.854689378004808
AXT1POST,patch,dpmm_p64_t50,dpmm,top5,0,file_brain_AXT1POST_200_6002188,13,1,9.997120783879208
AXT1POST,patch,dpmm_p64_t50,dpmm,top5,0,file_brain_AXT1POST_200_6002188,14,1,10.59252694936899
AXT1POST,patch,dpmm_p64_t50,dpmm,top5,0,file_brain_AXT1POST_200_6002337,0,1,10.07019277719351
AXT1POST,patch,dpmm_p64_t50,dpmm,top5,0,file_brain_AXT1POST_200_6002337,1,1,10.172549907977764
AXT1POST,patch,dpmm_p64_t50,dpmm,top5,0,file_brain_AXT1POST_200_6002337,2,1,10.4818115234375
AXT1POST,patch,dpmm_p64_t50,dpmm,top5,0,file_brain_AXT1POST_200_6002337,3,1,10.03778310922476
AXT1POST,patch,dpmm_p64_t50,dpmm,top5,0,file_brain_AXT1POST_200_6002337,4,1,9.841834435096153
AXT1POST,patch,dpmm_p64_t50,dpmm,top5,0,file_brain_AXT1POST_201_6002735,0,1,9.855562650240385
AXT1POST,patch,dpmm_p64_t50,dpmm,top5,0,file_brain_AXT1POST_201_6002735,1,1,9.922342153695913
AXT1POST,patch,dpmm_p64_t50,dpmm,top5,0,file_brain_AXT1POST_201_6002735,2,1,10.031731238731972
AXT1POST,patch,dpmm_p64_t50,dpmm,top5,0,file_brain_AXT1POST_201_6002735,3,1,10.304619422325722
AXT1POST,patch,dpmm_p64_t50,dpmm,top5,0,file_brain_AXT1POST_201_6002735,4,1,10.113882211538462
AXT1POST,patch,dpmm_p64_t50,dpmm,top5,0,file_brain_AXT1POST_201_6002735,5,1,10.04510263296274
AXT1POST,patch,dpmm_p64_t50,dpmm,top5,0,file_brain_AXT1POST_201_6002735,6,1,9.77596693772536
AXT1POST,patch,dpmm_p64_t50,dpmm,top5,0,file_brain_AXT1POST_201_6002735,7,1,9.617803720327524
AXT1POST,patch,dpmm_p64_t50,dpmm,top5,0,file_brain_AXT1POST_201_6002735,8,1,9.547964829664965
AXT1POST,patch,dpmm_p64_t50,dpmm,top5,0,file_brain_AXT1POST_201_6002735,9,1,9.550899799053486
AXT1POST,patch,dpmm_p64_t50,dpmm,top5,0,file_brain_AXT1POST_201_6002735,10,1,9.953532292292667
AXT1POST,patch,dpmm_p64_t50,dpmm,top5,0,file_brain_AXT1POST_201_6002735,11,1,9.797762944148136
AXT1POST,patch,dpmm_p64_t50,dpmm,top5,0,file_brain_AXT1POST_200_6002089,4,1,9.643601637620192
AXT1POST,patch,dpmm_p64_t50,dpmm,top5,0,file_brain_AXT1POST_200_6002089,5,1,9.284223116361177
AXT1POST,patch,dpmm_p64_t50,dpmm,top5,0,file_brain_AXT1POST_200_6002089,6,1,9.412562443659855
AXT1POST,patch,dpmm_p64_t50,dpmm,top5,0,file_brain_AXT1POST_200_6002089,7,1,9.508737417367788
AXT1POST,patch,dpmm_p64_t50,dpmm,top5,0,file_brain_AXT1POST_200_6002089,8,1,9.505951514610878
AXT1POST,patch,dpmm_p64_t50,dpmm,top5,0,file_brain_AXT1POST_200_6002089,9,1,9.36053466796875
AXT1POST,patch,dpmm_p64_t50,dpmm,top5,0,file_brain_AXT1POST_200_6002089,10,1,9.396108774038462
AXT1POST,patch,dpmm_p64_t50,dpmm,top5,0,file_brain_AXT1POST_200_6002089,11,1,9.602375910832333
AXT1POST,patch,dpmm_p64_t50,dpmm,top5,0,file_brain_AXT1POST_200_6002089,12,1,10.185316819411058
AXT1POST,patch,dpmm_p64_t50,dpmm,top5,0,file_brain_AXT1POST_200_6002089,13,1,9.749161940354567
AXT1POST,patch,dpmm_p64_t50,dpmm,top5,0,file_brain_AXT1POST_200_6002089,14,1,10.199048555814302
AXT1POST,patch,dpmm_p64_t50,dpmm,top5,0,file_brain_AXT1POST_200_6002089,15,1,10.380780733548677
AXT1POST,patch,dpmm_p64_t50,dpmm,top5,0,file_brain_AXT1POST_200_6002065,0,1,9.97069842998798
AXT1POST,patch,dpmm_p64_t50,dpmm,top5,0,file_brain_AXT1POST_200_6002065,1,1,10.268042931189903
AXT1POST,patch,dpmm_p64_t50,dpmm,top5,0,file_brain_AXT1POST_200_6002065,2,1,10.454979529747597
AXT1POST,patch,dpmm_p64_t50,dpmm,top5,0,file_brain_AXT1POST_200_6002065,3,1,10.41821523813101
AXT1POST,patch,dpmm_p64_t50,dpmm,top5,0,file_brain_AXT1POST_200_6002065,4,1,9.643017695500301
AXT1POST,patch,dpmm_p64_t50,dpmm,top5,0,file_brain_AXT1POST_200_6002065,5,1,9.825620797964243
AXT1POST,patch,dpmm_p64_t50,dpmm,top5,0,file_brain_AXT1POST_200_6002065,10,1,9.467212383563702
AXT1POST,patch,dpmm_p64_t50,dpmm,top5,0,file_brain_AXT1POST_200_6002396,0,1,10.09570782001202
AXT1POST,patch,dpmm_p64_t100,dpmm,top5,0,file_brain_AXT1POST_207_2070010,8,0,10.190274752103365
AXT1POST,patch,dpmm_p64_t100,dpmm,top5,0,file_brain_AXT1POST_208_2080493,5,0,10.885718712439903
AXT1POST,patch,dpmm_p64_t100,dpmm,top5,0,file_brain_AXT1POST_201_6002795,10,0,10.472663292518028
AXT1POST,patch,dpmm_p64_t100,dpmm,top5,0,file_brain_AXT1POST_207_2070214,6,0,10.402132474459135
AXT1POST,patch,dpmm_p64_t100,dpmm,top5,0,file_brain_AXT1POST_208_2080275,5,0,9.529298048753004
AXT1POST,patch,dpmm_p64_t100,dpmm,top5,0,file_brain_AXT1POST_201_6002760,10,0,10.2960205078125
AXT1POST,patch,dpmm_p64_t100,dpmm,top5,0,file_brain_AXT1POST_201_6002778,7,0,10.813016451322115
AXT1POST,patch,dpmm_p64_t100,dpmm,top5,0,file_brain_AXT1POST_207_2070418,12,0,10.219996525691105
AXT1POST,patch,dpmm_p64_t100,dpmm,top5,0,file_brain_AXT1POST_200_6002259,8,0,10.07202383188101
AXT1POST,patch,dpmm_p64_t100,dpmm,top5,0,file_brain_AXT1POST_207_2070251,10,0,10.6368408203125
AXT1POST,patch,dpmm_p64_t100,dpmm,top5,0,file_brain_AXT1POST_203_6000877,5,0,10.915630634014423
AXT1POST,patch,dpmm_p64_t100,dpmm,top5,0,file_brain_AXT1POST_200_6002337,5,0,10.356245774489183
AXT1POST,patch,dpmm_p64_t100,dpmm,top5,0,file_brain_AXT1POST_202_6000417,9,0,10.853532057542067
AXT1POST,patch,dpmm_p64_t100,dpmm,top5,0,file_brain_AXT1POST_203_6000712,6,0,10.640817495492788
AXT1POST,patch,dpmm_p64_t100,dpmm,top5,0,file_brain_AXT1POST_208_2080244,8,0,10.635485135591948
AXT1POST,patch,dpmm_p64_t100,dpmm,top5,0,file_brain_AXT1POST_210_6001735,5,0,10.719366220327524
AXT1POST,patch,dpmm_p64_t100,dpmm,top5,0,file_brain_AXT1POST_201_6002920,8,0,11.004176213191105
AXT1POST,patch,dpmm_p64_t100,dpmm,top5,0,file_brain_AXT1POST_205_2050255,6,0,10.59030033991887
AXT1POST,patch,dpmm_p64_t100,dpmm,top5,0,file_brain_AXT1POST_207_2070450,7,0,10.03686288686899
AXT1POST,patch,dpmm_p64_t100,dpmm,top5,0,file_brain_AXT1POST_210_6001790,8,0,10.762810340294472
AXT1POST,patch,dpmm_p64_t100,dpmm,top5,0,file_brain_AXT1POST_209_6001234,12,0,10.88397216796875
AXT1POST,patch,dpmm_p64_t100,dpmm,top5,0,file_brain_AXT1POST_208_2080392,12,0,11.352184589092548
AXT1POST,patch,dpmm_p64_t100,dpmm,top5,0,file_brain_AXT1POST_210_6001699,5,0,10.656070415790264
AXT1POST,patch,dpmm_p64_t100,dpmm,top5,0,file_brain_AXT1POST_208_2080393,4,0,10.48009784405048
AXT1POST,patch,dpmm_p64_t100,dpmm,top5,0,file_brain_AXT1POST_200_6002396,11,0,10.542122474083534
AXT1POST,patch,dpmm_p64_t100,dpmm,top5,0,file_brain_AXT1POST_207_2070804,10,0,10.500434288611778
AXT1POST,patch,dpmm_p64_t100,dpmm,top5,0,file_brain_AXT1POST_202_6000269,7,0,10.289750319260817
AXT1POST,patch,dpmm_p64_t100,dpmm,top5,0,file_brain_AXT1POST_207_2070809,7,0,10.37271000788762
AXT1POST,patch,dpmm_p64_t100,dpmm,top5,0,file_brain_AXT1POST_207_2070095,4,0,10.345726600060097
AXT1POST,patch,dpmm_p64_t100,dpmm,top5,0,file_brain_AXT1POST_210_6001787,11,0,10.220510629507212
AXT1POST,patch,dpmm_p64_t100,dpmm,top5,0,file_brain_AXT1POST_207_2070765,4,0,10.52410653921274
AXT1POST,patch,dpmm_p64_t100,dpmm,top5,0,file_brain_AXT1POST_207_2070095,11,0,10.05361586350661
AXT1POST,patch,dpmm_p64_t100,dpmm,top5,0,file_brain_AXT1POST_207_2070651,11,0,10.727280836838942
AXT1POST,patch,dpmm_p64_t100,dpmm,top5,0,file_brain_AXT1POST_208_2080422,12,0,10.40890150803786
AXT1POST,patch,dpmm_p64_t100,dpmm,top5,0,file_brain_AXT1POST_203_6000760,9,0,10.321658794696514
AXT1POST,patch,dpmm_p64_t100,dpmm,top5,0,file_brain_AXT1POST_201_6002814,6,0,10.422999455378605
AXT1POST,patch,dpmm_p64_t100,dpmm,top5,0,file_brain_AXT1POST_202_6000417,4,0,10.600521381084736
AXT1POST,patch,dpmm_p64_t100,dpmm,top5,0,file_brain_AXT1POST_207_2070259,5,0,10.51495361328125
AXT1POST,patch,dpmm_p64_t100,dpmm,top5,0,file_brain_AXT1POST_208_2080244,5,0,10.465658334585337
AXT1POST,patch,dpmm_p64_t100,dpmm,top5,0,file_brain_AXT1POST_203_6000877,11,0,10.651116004356972
AXT1POST,patch,dpmm_p64_t100,dpmm,top5,0,file_brain_AXT1POST_200_6001996,9,0,10.854027381310097
AXT1POST,patch,dpmm_p64_t100,dpmm,top5,0,file_brain_AXT1POST_210_6001735,4,0,10.839666513296274
AXT1POST,patch,dpmm_p64_t100,dpmm,top5,0,file_brain_AXT1POST_208_2080624,6,0,10.460676926832933
AXT1POST,patch,dpmm_p64_t100,dpmm,top5,0,file_brain_AXT1POST_205_2050146,5,0,9.989173302283653
AXT1POST,patch,dpmm_p64_t100,dpmm,top5,0,file_brain_AXT1POST_203_6000877,6,0,10.304613553560698
AXT1POST,patch,dpmm_p64_t100,dpmm,top5,0,file_brain_AXT1POST_201_6002795,12,0,11.023909348707933
AXT1POST,patch,dpmm_p64_t100,dpmm,top5,0,file_brain_AXT1POST_208_2080469,6,0,10.193774883563702
AXT1POST,patch,dpmm_p64_t100,dpmm,top5,0,file_brain_AXT1POST_210_6001797,5,0,10.90079322228065
AXT1POST,patch,dpmm_p64_t100,dpmm,top5,0,file_brain_AXT1POST_208_2080576,8,0,9.839745154747597
AXT1POST,patch,dpmm_p64_t100,dpmm,top5,0,file_brain_AXT1POST_205_6000148,6,0,10.399745060847355
AXT1POST,patch,dpmm_p64_t100,dpmm,top5,0,file_brain_AXT1POST_207_2070095,10,0,10.260418231670673
AXT1POST,patch,dpmm_p64_t100,dpmm,top5,0,file_brain_AXT1POST_201_6002731,10,0,10.57781982421875
AXT1POST,patch,dpmm_p64_t100,dpmm,top5,0,file_brain_AXT1POST_207_2070083,4,0,9.949629563551683
AXT1POST,patch,dpmm_p64_t100,dpmm,top5,0,file_brain_AXT1POST_208_2080704,4,0,9.954240065354567
AXT1POST,patch,dpmm_p64_t100,dpmm,top5,0,file_brain_AXT1POST_205_6000180,5,0,10.258779672475962
AXT1POST,patch,dpmm_p64_t100,dpmm,top5,0,file_brain_AXT1POST_201_6002920,6,0,11.2777099609375
AXT1POST,patch,dpmm_p64_t100,dpmm,top5,0,file_brain_AXT1POST_209_6001417,11,0,10.514532235952524
AXT1POST,patch,dpmm_p64_t100,dpmm,top5,0,file_brain_AXT1POST_203_6000774,4,0,10.612332857572115
AXT1POST,patch,dpmm_p64_t100,dpmm,top5,0,file_brain_AXT1POST_209_6001234,6,0,10.11145254281851
AXT1POST,patch,dpmm_p64_t100,dpmm,top5,0,file_brain_AXT1POST_208_2080154,9,0,10.50293203500601
AXT1POST,patch,dpmm_p64_t100,dpmm,top5,0,file_brain_AXT1POST_207_2070147,10,0,10.37249286358173
AXT1POST,patch,dpmm_p64_t100,dpmm,top5,0,file_brain_AXT1POST_205_2050102,9,0,10.27371802696815
AXT1POST,patch,dpmm_p64_t100,dpmm,top5,0,file_brain_AXT1POST_209_6001264,7,0,10.02379901592548
AXT1POST,patch,dpmm_p64_t100,dpmm,top5,0,file_brain_AXT1POST_207_2070034,7,0,10.163217397836538
AXT1POST,patch,dpmm_p64_t100,dpmm,top5,0,file_brain_AXT1POST_209_6001458,10,0,9.920916043795073
AXT1POST,patch,dpmm_p64_t100,dpmm,top5,0,file_brain_AXT1POST_206_6000235,10,0,10.986076941856972
AXT1POST,patch,dpmm_p64_t100,dpmm,top5,0,file_brain_AXT1POST_208_2080213,5,0,9.97124774639423
AXT1POST,patch,dpmm_p64_t100,dpmm,top5,0,file_brain_AXT1POST_200_6002396,9,0,10.306580763596754
AXT1POST,patch,dpmm_p64_t100,dpmm,top5,0,file_brain_AXT1POST_200_6002305,4,0,10.13522690993089
AXT1POST,patch,dpmm_p64_t100,dpmm,top5,0,file_brain_AXT1POST_207_2070651,12,0,10.649646465594952
AXT1POST,patch,dpmm_p64_t100,dpmm,top5,0,file_brain_AXT1POST_205_2050148,10,0,10.44604257436899
AXT1POST,patch,dpmm_p64_t100,dpmm,top5,0,file_brain_AXT1POST_208_2080469,4,0,10.916816124549278
AXT1POST,patch,dpmm_p64_t100,dpmm,top5,0,file_brain_AXT1POST_207_2070635,10,0,10.232484083909254
AXT1POST,patch,dpmm_p64_t100,dpmm,top5,0,file_brain_AXT1POST_207_2070133,8,0,9.82973362849309
AXT1POST,patch,dpmm_p64_t100,dpmm,top5,0,file_brain_AXT1POST_203_6000661,12,0,10.59171119103065
AXT1POST,patch,dpmm_p64_t100,dpmm,top5,0,file_brain_AXT1POST_203_6000760,6,0,10.450577955979567
AXT1POST,patch,dpmm_p64_t100,dpmm,top5,0,file_brain_AXT1POST_200_6002337,8,0,10.215337900015024
AXT1POST,patch,dpmm_p64_t100,dpmm,top5,0,file_brain_AXT1POST_208_2080393,12,0,11.649486835186298
AXT1POST,patch,dpmm_p64_t100,dpmm,top5,0,file_brain_AXT1POST_207_2070123,7,0,9.928088848407452
AXT1POST,patch,dpmm_p64_t100,dpmm,top5,0,file_brain_AXT1POST_201_6002772,8,0,10.03185800405649
AXT1POST,patch,dpmm_p64_t100,dpmm,top5,0,file_brain_AXT1POST_207_2070804,9,0,10.12966097318209
AXT1POST,patch,dpmm_p64_t100,dpmm,top5,0,file_brain_AXT1POST_208_2080469,12,0,10.328497079702524
AXT1POST,patch,dpmm_p64_t100,dpmm,top5,0,file_brain_AXT1POST_208_2080275,7,0,9.76461909367488
AXT1POST,patch,dpmm_p64_t100,dpmm,top5,0,file_brain_AXT1POST_209_6001264,4,0,10.45279517540565
AXT1POST,patch,dpmm_p64_t100,dpmm,top5,0,file_brain_AXT1POST_209_6001064,5,0,11.155113807091347
AXT1POST,patch,dpmm_p64_t100,dpmm,top5,0,file_brain_AXT1POST_201_6002920,4,0,11.39413569523738
AXT1POST,patch,dpmm_p64_t100,dpmm,top5,0,file_brain_AXT1POST_210_6001787,7,0,10.093037531926083
AXT1POST,patch,dpmm_p64_t100,dpmm,top5,0,file_brain_AXT1POST_203_6000661,4,0,10.467664278470552
AXT1POST,patch,dpmm_p64_t100,dpmm,top5,0,file_brain_AXT1POST_203_6000712,10,0,10.484389085036058
AXT1POST,patch,dpmm_p64_t100,dpmm,top5,0,file_brain_AXT1POST_210_6001797,4,0,11.13938199556791
AXT1POST,patch,dpmm_p64_t100,dpmm,top5,0,file_brain_AXT1POST_208_2080504,5,0,10.317006037785458
AXT1POST,patch,dpmm_p64_t100,dpmm,top5,0,file_brain_AXT1POST_208_2080421,4,0,10.882521409254808
AXT1POST,patch,dpmm_p64_t100,dpmm,top5,0,file_brain_AXT1POST_209_6001458,4,0,10.569422795222355
AXT1POST,patch,dpmm_p64_t100,dpmm,top5,0,file_brain_AXT1POST_207_2070133,6,0,10.516007643479567
AXT1POST,patch,dpmm_p64_t100,dpmm,top5,0,file_brain_AXT1POST_208_2080240,10,0,10.257556621844952
AXT1POST,patch,dpmm_p64_t100,dpmm,top5,0,file_brain_AXT1POST_208_2080493,9,0,10.441537710336538
AXT1POST,patch,dpmm_p64_t100,dpmm,top5,0,file_brain_AXT1POST_205_6000035,8,0,10.348679762620192
AXT1POST,patch,dpmm_p64_t100,dpmm,top5,0,file_brain_AXT1POST_208_2080393,7,0,10.042067307692308
AXT1POST,patch,dpmm_p64_t100,dpmm,top5,0,file_brain_AXT1POST_200_6002046,9,0,10.84438734788161
AXT1POST,patch,dpmm_p64_t100,dpmm,top5,0,file_brain_AXT1POST_206_6000235,8,0,10.412178626427284
AXT1POST,patch,dpmm_p64_t100,dpmm,top5,0,file_brain_AXT1POST_205_2050189,8,0,10.551811805138222
AXT1POST,patch,dpmm_p64_t100,dpmm,top5,0,file_brain_AXT1POST_210_6001771,11,0,10.354239830603966
AXT1POST,patch,dpmm_p64_t100,dpmm,top5,0,file_brain_AXT1POST_208_2120069,4,0,10.701471182016226
AXT1POST,patch,dpmm_p64_t100,dpmm,top5,0,file_brain_AXT1POST_201_6002862,11,0,10.590540959284855
AXT1POST,patch,dpmm_p64_t100,dpmm,top5,0,file_brain_AXT1POST_209_6001236,9,0,9.827869121844952
AXT1POST,patch,dpmm_p64_t100,dpmm,top5,0,file_brain_AXT1POST_200_6002349,12,0,10.310003427358774
AXT1POST,patch,dpmm_p64_t100,dpmm,top5,0,file_brain_AXT1POST_208_2080075,5,0,11.226177509014423
AXT1POST,patch,dpmm_p64_t100,dpmm,top5,0,file_brain_AXT1POST_210_6001735,9,0,10.64312744140625
AXT1POST,patch,dpmm_p64_t100,dpmm,top5,0,file_brain_AXT1POST_209_6001109,6,0,10.011768047626202
AXT1POST,patch,dpmm_p64_t100,dpmm,top5,0,file_brain_AXT1POST_203_6000869,8,0,10.476882934570312
AXT1POST,patch,dpmm_p64_t100,dpmm,top5,0,file_brain_AXT1POST_207_2070259,4,0,10.134317251352163
AXT1POST,patch,dpmm_p64_t100,dpmm,top5,0,file_brain_AXT1POST_203_6000712,9,0,10.68737323467548
AXT1POST,patch,dpmm_p64_t100,dpmm,top5,0,file_brain_AXT1POST_207_2070095,6,0,10.15670424241286
AXT1POST,patch,dpmm_p64_t100,dpmm,top5,0,file_brain_AXT1POST_200_6002413,11,0,10.633012038010817
AXT1POST,patch,dpmm_p64_t100,dpmm,top5,0,file_brain_AXT1POST_208_2080392,10,0,10.28195542555589
AXT1POST,patch,dpmm_p64_t100,dpmm,top5,0,file_brain_AXT1POST_203_6000661,5,0,10.48562504695012
AXT1POST,patch,dpmm_p64_t100,dpmm,top5,0,file_brain_AXT1POST_209_6001236,7,0,9.95776836688702
AXT1POST,patch,dpmm_p64_t100,dpmm,top5,0,file_brain_AXT1POST_207_2070809,10,0,10.14676020695613
AXT1POST,patch,dpmm_p64_t100,dpmm,top5,0,file_brain_AXT1POST_207_2070214,9,0,10.092049231896034
AXT1POST,patch,dpmm_p64_t100,dpmm,top5,0,file_brain_AXT1POST_208_2080704,10,0,10.588605440579927
AXT1POST,patch,dpmm_p64_t100,dpmm,top5,0,file_brain_AXT1POST_201_6002673,7,0,10.87833228478065
AXT1POST,patch,dpmm_p64_t100,dpmm,top5,0,file_brain_AXT1POST_203_6000657,4,0,10.4112795316256
AXT1POST,patch,dpmm_p64_t100,dpmm,top5,0,file_brain_AXT1POST_207_2070242,5,0,10.174441997821514
AXT1POST,patch,dpmm_p64_t100,dpmm,top5,0,file_brain_AXT1POST_208_2080493,11,0,10.511939415564903
AXT1POST,patch,dpmm_p64_t100,dpmm,top5,0,file_brain_AXT1POST_209_6001458,6,0,10.326968853290264
AXT1POST,patch,dpmm_p64_t100,dpmm,top5,0,file_brain_AXT1POST_208_2080421,6,0,10.135483961838942
AXT1POST,patch,dpmm_p64_t100,dpmm,top5,0,file_brain_AXT1POST_201_6002668,6,0,10.51666494516226
AXT1POST,patch,dpmm_p64_t100,dpmm,top5,0,file_brain_AXT1POST_200_6002349,4,0,10.613604032076323
AXT1POST,patch,dpmm_p64_t100,dpmm,top5,0,file_brain_AXT1POST_200_6002305,10,0,10.513507549579327
AXT1POST,patch,dpmm_p64_t100,dpmm,top5,0,file_brain_AXT1POST_207_2070651,6,0,10.080878624549278
AXT1POST,patch,dpmm_p64_t100,dpmm,top5,0,file_brain_AXT1POST_201_6002778,12,0,10.407281728891226
AXT1POST,patch,dpmm_p64_t100,dpmm,top5,0,file_brain_AXT1POST_200_6002349,11,0,10.059281569260817
AXT1POST,patch,dpmm_p64_t100,dpmm,top5,0,file_brain_AXT1POST_208_2080576,10,0,10.229113065279448
AXT1POST,patch,dpmm_p64_t100,dpmm,top5,0,file_brain_AXT1POST_207_2070765,8,0,10.263627272385817
AXT1POST,patch,dpmm_p64_t100,dpmm,top5,0,file_brain_AXT1POST_207_2070083,9,0,10.18896014873798
AXT1POST,patch,dpmm_p64_t100,dpmm,top5,0,file_brain_AXT1POST_207_2070547,10,0,10.358887892503004
AXT1POST,patch,dpmm_p64_t100,dpmm,top5,0,file_brain_AXT1POST_207_2070490,7,0,10.20525653545673
AXT1POST,patch,dpmm_p64_t100,dpmm,top5,0,file_brain_AXT1POST_207_2070553,4,0,10.6330812894381
AXT1POST,patch,dpmm_p64_t100,dpmm,top5,0,file_brain_AXT1POST_200_6002033,8,0,10.23976839505709
AXT1POST,patch,dpmm_p64_t100,dpmm,top5,0,file_brain_AXT1POST_208_2080345,8,0,10.258138803335337
AXT1POST,patch,dpmm_p64_t100,dpmm,top5,0,file_brain_AXT1POST_209_6001320,7,0,10.023915217472958
AXT1POST,patch,dpmm_p64_t100,dpmm,top5,0,file_brain_AXT1POST_207_2070357,4,0,10.26257089468149
AXT1POST,patch,dpmm_p64_t100,dpmm,top5,0,file_brain_AXT1POST_210_6001735,10,0,10.071951059194712
AXT1POST,patch,dpmm_p64_t100,dpmm,top5,0,file_brain_AXT1POST_207_2070127,7,0,10.32330791766827
AXT1POST,patch,dpmm_p64_t100,dpmm,top5,0,file_brain_AXT1POST_205_6000035,5,0,10.018919724684496
AXT1POST,patch,dpmm_p64_t100,dpmm,top5,0,file_brain_AXT1POST_202_6000269,5,0,11.353078988882212
AXT1POST,patch,dpmm_p64_t100,dpmm,top5,0,file_brain_AXT1POST_200_6002396,4,0,10.62128155048077
AXT1POST,patch,dpmm_p64_t100,dpmm,top5,0,file_brain_AXT1POST_200_6002392,10,0,10.50500253530649
AXT1POST,patch,dpmm_p64_t100,dpmm,top5,0,file_brain_AXT1POST_208_2080576,12,0,10.415733924278847
AXT1POST,patch,dpmm_p64_t100,dpmm,top5,0,file_brain_AXT1POST_201_6002731,4,0,11.530819232647236
AXT1POST,patch,dpmm_p64_t100,dpmm,top5,0,file_brain_AXT1POST_207_2070651,7,0,9.99267343374399
AXT1POST,patch,dpmm_p64_t100,dpmm,top5,0,file_brain_AXT1POST_207_2070327,9,0,9.658634479229267
AXT1POST,patch,dpmm_p64_t100,dpmm,top5,0,file_brain_AXT1POST_207_2070327,8,0,10.384713979867788
AXT1POST,patch,dpmm_p64_t100,dpmm,top5,0,file_brain_AXT1POST_205_6000035,4,0,10.382166935847355
AXT1POST,patch,dpmm_p64_t100,dpmm,top5,0,file_brain_AXT1POST_210_6001771,8,0,10.09331805889423
AXT1POST,patch,dpmm_p64_t100,dpmm,top5,0,file_brain_AXT1POST_205_2050259,4,0,10.427916306715746
AXT1POST,patch,dpmm_p64_t100,dpmm,top5,0,file_brain_AXT1POST_200_6002259,5,0,10.449081420898438
AXT1POST,patch,dpmm_p64_t100,dpmm,top5,0,file_brain_AXT1POST_207_2070251,11,0,10.073995736929087
AXT1POST,patch,dpmm_p64_t100,dpmm,top5,0,file_brain_AXT1POST_210_6001787,4,0,10.569578904371996
AXT1POST,patch,dpmm_p64_t100,dpmm,top5,0,file_brain_AXT1POST_203_6000861,5,0,10.513772817758413
AXT1POST,patch,dpmm_p64_t100,dpmm,top5,0,file_brain_AXT1POST_207_2070259,6,0,10.452362060546875
AXT1POST,patch,dpmm_p64_t100,dpmm,top5,0,file_brain_AXT1POST_208_2080352,5,0,9.796741192157452
AXT1POST,patch,dpmm_p64_t100,dpmm,top5,0,file_brain_AXT1POST_208_2080477,4,0,10.751194880558895
AXT1POST,patch,dpmm_p64_t100,dpmm,top5,0,file_brain_AXT1POST_208_2080422,5,0,10.994675856370192
AXT1POST,patch,dpmm_p64_t100,dpmm,top5,0,file_brain_AXT1POST_202_6000302,9,0,10.536977914663462
AXT1POST,patch,dpmm_p64_t100,dpmm,top5,0,file_brain_AXT1POST_207_2070365,10,0,10.3190671480619
AXT1POST,patch,dpmm_p64_t100,dpmm,top5,0,file_brain_AXT1POST_200_6002340,4,0,10.130601149338942
AXT1POST,patch,dpmm_p64_t100,dpmm,top5,0,file_brain_AXT1POST_208_2080075,4,0,10.798450176532452
AXT1POST,patch,dpmm_p64_t100,dpmm,top5,0,file_brain_AXT1POST_203_6000869,4,0,10.414303119365986
AXT1POST,patch,dpmm_p64_t100,dpmm,top5,0,file_brain_AXT1POST_207_2070479,4,0,11.056929368239183
AXT1POST,patch,dpmm_p64_t100,dpmm,top5,0,file_brain_AXT1POST_209_6001250,5,0,10.163893479567308
AXT1POST,patch,dpmm_p64_t100,dpmm,top5,0,file_brain_AXT1POST_207_2070009,12,0,10.58740234375
AXT1POST,patch,dpmm_p64_t100,dpmm,top5,0,file_brain_AXT1POST_205_2050148,5,0,10.109696608323317
AXT1POST,patch,dpmm_p64_t100,dpmm,top5,0,file_brain_AXT1POST_203_6000597,7,0,10.238170917217548
AXT1POST,patch,dpmm_p64_t100,dpmm,top5,0,file_brain_AXT1POST_202_6000281,10,0,10.147489107572115
AXT1POST,patch,dpmm_p64_t100,dpmm,top5,0,file_brain_AXT1POST_203_6000827,10,0,10.456358689528246
AXT1POST,patch,dpmm_p64_t100,dpmm,top5,0,file_brain_AXT1POST_207_2070547,11,0,10.447291447566105
AXT1POST,patch,dpmm_p64_t100,dpmm,top5,0,file_brain_AXT1POST_209_6001458,7,0,10.745535043569712
AXT1POST,patch,dpmm_p64_t100,dpmm,top5,0,file_brain_AXT1POST_210_6001645,6,0,10.37692378117488
AXT1POST,patch,dpmm_p64_t100,dpmm,top5,0,file_brain_AXT1POST_207_2070099,12,0,10.609082735501802
AXT1POST,patch,dpmm_p64_t100,dpmm,top5,0,file_brain_AXT1POST_207_2070241,11,0,10.61563931978666
AXT1POST,patch,dpmm_p64_t100,dpmm,top5,0,file_brain_AXT1POST_207_2070786,7,0,10.478500366210938
AXT1POST,patch,dpmm_p64_t100,dpmm,top5,0,file_brain_AXT1POST_208_2080493,8,0,9.92815692608173
AXT1POST,patch,dpmm_p64_t100,dpmm,top5,0,file_brain_AXT1POST_208_2080082,7,0,9.82309781588041
AXT1POST,patch,dpmm_p64_t100,dpmm,top5,0,file_brain_AXT1POST_207_2070479,7,0,10.631215022160458
AXT1POST,patch,dpmm_p64_t100,dpmm,top5,0,file_brain_AXT1POST_210_6001735,12,0,10.908717228816105
AXT1POST,patch,dpmm_p64_t100,dpmm,top5,0,file_brain_AXT1POST_202_6000341,5,0,10.360701340895433
AXT1POST,patch,dpmm_p64_t100,dpmm,top5,0,file_brain_AXT1POST_203_6000657,10,0,10.931551419771635
AXT1POST,patch,dpmm_p64_t100,dpmm,top5,0,file_brain_AXT1POST_208_2080082,6,0,10.193763146033653
AXT1POST,patch,dpmm_p64_t100,dpmm,top5,0,file_brain_AXT1POST_205_2050189,6,0,10.744466928335337
AXT1POST,patch,dpmm_p64_t100,dpmm,top5,0,file_brain_AXT1POST_208_2080082,9,0,10.023773193359375
AXT1POST,patch,dpmm_p64_t100,dpmm,top5,0,file_brain_AXT1POST_207_2070357,8,0,10.714008037860577
AXT1POST,patch,dpmm_p64_t100,dpmm,top5,0,file_brain_AXT1POST_207_2070009,8,0,10.689626840444712
AXT1POST,patch,dpmm_p64_t100,dpmm,top5,0,file_brain_AXT1POST_203_6000774,5,0,10.282701932466948
AXT1POST,patch,dpmm_p64_t100,dpmm,top5,0,file_brain_AXT1POST_203_6000597,11,0,10.01345942570613
AXT1POST,patch,dpmm_p64_t100,dpmm,top5,0,file_brain_AXT1POST_207_2070786,6,0,10.41061283991887
AXT1POST,patch,dpmm_p64_t100,dpmm,top5,0,file_brain_AXT1POST_203_6000597,10,0,9.941943828876202
AXT1POST,patch,dpmm_p64_t100,dpmm,top5,0,file_brain_AXT1POST_203_6000877,9,0,10.658341627854567
AXT1POST,patch,dpmm_p64_t100,dpmm,top5,0,file_brain_AXT1POST_203_6000657,12,0,10.970797025240385
AXT1POST,patch,dpmm_p64_t100,dpmm,top5,0,file_brain_AXT1POST_208_2080352,10,0,9.969271146334135
AXT1POST,patch,dpmm_p64_t100,dpmm,top5,0,file_brain_AXT1POST_207_2070354,6,0,9.779820955716646
AXT1POST,patch,dpmm_p64_t100,dpmm,top5,0,file_brain_AXT1POST_201_6002920,12,0,10.758839533879208
AXT1POST,patch,dpmm_p64_t100,dpmm,top5,0,file_brain_AXT1POST_208_2080304,10,0,10.704100388746996
AXT1POST,patch,dpmm_p64_t100,dpmm,top5,0,file_brain_AXT1POST_209_6001320,10,0,10.563414353590746
AXT1POST,patch,dpmm_p64_t100,dpmm,top5,0,file_brain_AXT1POST_207_2070009,5,0,10.296365591195913
AXT1POST,patch,dpmm_p64_t100,dpmm,top5,0,file_brain_AXT1POST_207_2070034,6,0,10.04928706242488
AXT1POST,patch,dpmm_p64_t100,dpmm,top5,0,file_brain_AXT1POST_205_2050102,5,0,10.266146146334135
AXT1POST,patch,dpmm_p64_t100,dpmm,top5,0,file_brain_AXT1POST_207_2070490,5,0,10.58417217548077
AXT1POST,patch,dpmm_p64_t100,dpmm,top5,0,file_brain_AXT1POST_208_2080208,7,0,9.742134681114784
AXT1POST,patch,dpmm_p64_t100,dpmm,top5,0,file_brain_AXT1POST_205_2050102,7,0,10.030807495117188
AXT1POST,patch,dpmm_p64_t100,dpmm,top5,0,file_brain_AXT1POST_205_2050102,4,0,10.227447509765625
AXT1POST,patch,dpmm_p64_t100,dpmm,top5,0,file_brain_AXT1POST_203_6000827,4,0,10.083911602313702
AXT1POST,patch,dpmm_p64_t100,dpmm,top5,0,file_brain_AXT1POST_207_2070809,6,0,10.108995877779448
AXT1POST,patch,dpmm_p64_t100,dpmm,top5,0,file_brain_AXT1POST_200_6002340,6,0,10.623133732722355
AXT1POST,patch,dpmm_p64_t100,dpmm,top5,0,file_brain_AXT1POST_207_2070479,10,0,10.391121497521034
AXT1POST,patch,dpmm_p64_t100,dpmm,top5,0,file_brain_AXT1POST_201_6002862,6,0,10.676134549654448
AXT1POST,patch,dpmm_p64_t100,dpmm,top5,0,file_brain_AXT1POST_203_6000760,8,0,10.264031043419472
AXT1POST,patch,dpmm_p64_t100,dpmm,top5,0,file_brain_AXT1POST_207_2070251,7,0,10.393073448768028
AXT1POST,patch,dpmm_p64_t100,dpmm,top5,0,file_brain_AXT1POST_208_2080062,10,0,10.523538442758413
AXT1POST,patch,dpmm_p64_t100,dpmm,top5,0,file_brain_AXT1POST_207_2070786,11,0,10.464295607346754
AXT1POST,patch,dpmm_p64_t100,dpmm,top5,0,file_brain_AXT1POST_200_6001996,12,0,10.999286358173077
AXT1POST,patch,dpmm_p64_t100,dpmm,top5,0,file_brain_AXT1POST_209_6001109,8,0,10.330094557542067
AXT1POST,patch,dpmm_p64_t100,dpmm,top5,0,file_brain_AXT1POST_205_2050159,9,0,11.041577852689302
AXT1POST,patch,dpmm_p64_t100,dpmm,top5,0,file_brain_AXT1POST_203_6000760,5,0,10.47641108586238
AXT1POST,patch,dpmm_p64_t100,dpmm,top5,0,file_brain_AXT1POST_208_2080075,9,0,10.202410184420073
AXT1POST,patch,dpmm_p64_t100,dpmm,top5,0,file_brain_AXT1POST_200_6002305,12,0,11.42641390286959
AXT1POST,patch,dpmm_p64_t100,dpmm,top5,0,file_brain_AXT1POST_200_6002340,7,0,9.955902099609375
AXT1POST,patch,dpmm_p64_t100,dpmm,top5,0,file_brain_AXT1POST_203_6000848,8,0,10.009449885441708
AXT1POST,patch,dpmm_p64_t100,dpmm,top5,0,file_brain_AXT1POST_208_2080345,12,0,10.376246525691105
AXT1POST,patch,dpmm_p64_t100,dpmm,top5,0,file_brain_AXT1POST_201_6002749,10,0,11.429330679086538
AXT1POST,patch,dpmm_p64_t100,dpmm,top5,0,file_brain_AXT1POST_200_6001959,5,0,10.744822575495792
AXT1POST,patch,dpmm_p64_t100,dpmm,top5,0,file_brain_AXT1POST_208_2080477,8,0,10.096585787259615
AXT1POST,patch,dpmm_p64_t100,dpmm,top5,0,file_brain_AXT1POST_208_2080383,6,0,10.098660982572115
AXT1POST,patch,dpmm_p64_t100,dpmm,top5,0,file_brain_AXT1POST_201_6002707,7,0,10.859439556415264
AXT1POST,patch,dpmm_p64_t100,dpmm,top5,0,file_brain_AXT1POST_203_6000861,4,0,10.794862013596754
AXT1POST,patch,dpmm_p64_t100,dpmm,top5,0,file_brain_AXT1POST_209_6001109,7,0,10.444556603064903
AXT1POST,patch,dpmm_p64_t100,dpmm,top5,0,file_brain_AXT1POST_203_6000760,4,0,11.032707801231972
AXT1POST,patch,dpmm_p64_t100,dpmm,top5,0,file_brain_AXT1POST_208_2080154,6,0,10.651374230018028
AXT1POST,patch,dpmm_p64_t100,dpmm,top5,0,file_brain_AXT1POST_201_6002749,6,0,10.814934363731972
AXT1POST,patch,dpmm_p64_t100,dpmm,top5,0,file_brain_AXT1POST_203_6000597,5,0,10.885539128230167
AXT1POST,patch,dpmm_p64_t100,dpmm,top5,0,file_brain_AXT1POST_203_6000848,12,0,11.383077768179087
AXT1POST,patch,dpmm_p64_t100,dpmm,top5,0,file_brain_AXT1POST_207_2070809,12,0,10.53561753493089
AXT1POST,patch,dpmm_p64_t100,dpmm,top5,0,file_brain_AXT1POST_208_2120069,8,0,10.980846698467548
AXT1POST,patch,dpmm_p64_t100,dpmm,top5,0,file_brain_AXT1POST_205_2050189,7,0,11.054098275991587
AXT1POST,patch,dpmm_p64_t100,dpmm,top5,0,file_brain_AXT1POST_200_6002337,12,0,10.20737515963041
AXT1POST,patch,dpmm_p64_t100,dpmm,top5,0,file_brain_AXT1POST_207_2070251,12,0,11.057157076322115
AXT1POST,patch,dpmm_p64_t100,dpmm,top5,0,file_brain_AXT1POST_207_2070635,6,0,10.734975961538462
AXT1POST,patch,dpmm_p64_t100,dpmm,top5,0,file_brain_AXT1POST_201_6002680,5,0,10.499212411733774
AXT1POST,patch,dpmm_p64_t100,dpmm,top5,0,file_brain_AXT1POST_208_2080213,7,0,9.8680419921875
AXT1POST,patch,dpmm_p64_t100,dpmm,top5,0,file_brain_AXT1POST_208_2080576,9,0,10.047842172475962
AXT1POST,patch,dpmm_p64_t100,dpmm,top5,0,file_brain_AXT1POST_208_2080275,6,0,10.442295954777645
AXT1POST,patch,dpmm_p64_t100,dpmm,top5,0,file_brain_AXT1POST_208_2080213,6,0,10.037224402794472
AXT1POST,patch,dpmm_p64_t100,dpmm,top5,0,file_brain_AXT1POST_208_2080213,12,0,10.829450167142427
AXT1POST,patch,dpmm_p64_t100,dpmm,top5,0,file_brain_AXT1POST_201_6002673,4,0,11.120429405799278
AXT1POST,patch,dpmm_p64_t100,dpmm,top5,0,file_brain_AXT1POST_210_6001771,4,0,10.87735572228065
AXT1POST,patch,dpmm_p64_t100,dpmm,top5,0,file_brain_AXT1POST_207_2070251,9,0,10.01160137469952
AXT1POST,patch,dpmm_p64_t100,dpmm,top5,0,file_brain_AXT1POST_201_6002703,0,1,10.986849271334135
AXT1POST,patch,dpmm_p64_t100,dpmm,top5,0,file_brain_AXT1POST_201_6002703,1,1,11.029454157902645
AXT1POST,patch,dpmm_p64_t100,dpmm,top5,0,file_brain_AXT1POST_201_6002703,2,1,10.625638521634615
AXT1POST,patch,dpmm_p64_t100,dpmm,top5,0,file_brain_AXT1POST_201_6002703,3,1,10.801166240985577
AXT1POST,patch,dpmm_p64_t100,dpmm,top5,0,file_brain_AXT1POST_201_6002703,4,1,10.576775184044472
AXT1POST,patch,dpmm_p64_t100,dpmm,top5,0,file_brain_AXT1POST_201_6002703,5,1,10.478062556340145
AXT1POST,patch,dpmm_p64_t100,dpmm,top5,0,file_brain_AXT1POST_201_6002703,6,1,10.701423058143028
AXT1POST,patch,dpmm_p64_t100,dpmm,top5,0,file_brain_AXT1POST_201_6002703,7,1,10.053975031926083
AXT1POST,patch,dpmm_p64_t100,dpmm,top5,0,file_brain_AXT1POST_201_6002703,8,1,9.973733755258413
AXT1POST,patch,dpmm_p64_t100,dpmm,top5,0,file_brain_AXT1POST_201_6002703,9,1,10.523987990159254
AXT1POST,patch,dpmm_p64_t100,dpmm,top5,0,file_brain_AXT1POST_201_6002703,10,1,10.097576434795673
AXT1POST,patch,dpmm_p64_t100,dpmm,top5,0,file_brain_AXT1POST_201_6002703,11,1,10.69290513258714
AXT1POST,patch,dpmm_p64_t100,dpmm,top5,0,file_brain_AXT1POST_201_6002703,12,1,10.090005727914663
AXT1POST,patch,dpmm_p64_t100,dpmm,top5,0,file_brain_AXT1POST_201_6002703,13,1,10.469342745267427
AXT1POST,patch,dpmm_p64_t100,dpmm,top5,0,file_brain_AXT1POST_201_6002703,14,1,11.192558875450722
AXT1POST,patch,dpmm_p64_t100,dpmm,top5,0,file_brain_AXT1POST_201_6002683,0,1,11.2081298828125
AXT1POST,patch,dpmm_p64_t100,dpmm,top5,0,file_brain_AXT1POST_201_6002683,1,1,10.918109600360577
AXT1POST,patch,dpmm_p64_t100,dpmm,top5,0,file_brain_AXT1POST_201_6002683,2,1,11.152941190279448
AXT1POST,patch,dpmm_p64_t100,dpmm,top5,0,file_brain_AXT1POST_201_6002683,3,1,11.426095815805288
AXT1POST,patch,dpmm_p64_t100,dpmm,top5,0,file_brain_AXT1POST_201_6002683,4,1,10.764146071213942
AXT1POST,patch,dpmm_p64_t100,dpmm,top5,0,file_brain_AXT1POST_201_6002683,5,1,10.214369553786058
AXT1POST,patch,dpmm_p64_t100,dpmm,top5,0,file_brain_AXT1POST_201_6002683,6,1,11.24112525353065
AXT1POST,patch,dpmm_p64_t100,dpmm,top5,0,file_brain_AXT1POST_201_6002683,7,1,10.248714740459736
AXT1POST,patch,dpmm_p64_t100,dpmm,top5,0,file_brain_AXT1POST_201_6002683,8,1,10.517728365384615
AXT1POST,patch,dpmm_p64_t100,dpmm,top5,0,file_brain_AXT1POST_201_6002683,9,1,10.437788743239183
AXT1POST,patch,dpmm_p64_t100,dpmm,top5,0,file_brain_AXT1POST_201_6002683,10,1,10.428722675030048
AXT1POST,patch,dpmm_p64_t100,dpmm,top5,0,file_brain_AXT1POST_201_6002683,11,1,10.682896540715145
AXT1POST,patch,dpmm_p64_t100,dpmm,top5,0,file_brain_AXT1POST_201_6002683,12,1,11.738560603215145
AXT1POST,patch,dpmm_p64_t100,dpmm,top5,0,file_brain_AXT1POST_201_6002683,13,1,11.104015643780048
AXT1POST,patch,dpmm_p64_t100,dpmm,top5,0,file_brain_AXT1POST_200_6002033,0,1,10.6482180081881
AXT1POST,patch,dpmm_p64_t100,dpmm,top5,0,file_brain_AXT1POST_200_6002033,1,1,10.947838416466347
AXT1POST,patch,dpmm_p64_t100,dpmm,top5,0,file_brain_AXT1POST_200_6002033,2,1,10.565415602463942
AXT1POST,patch,dpmm_p64_t100,dpmm,top5,0,file_brain_AXT1POST_200_6002033,3,1,11.005638709435097
AXT1POST,patch,dpmm_p64_t100,dpmm,top5,0,file_brain_AXT1POST_201_6002817,0,1,11.019971407376802
AXT1POST,patch,dpmm_p64_t100,dpmm,top5,0,file_brain_AXT1POST_200_6002188,0,1,10.34423828125
AXT1POST,patch,dpmm_p64_t100,dpmm,top5,0,file_brain_AXT1POST_200_6002188,1,1,10.577380840594952
AXT1POST,patch,dpmm_p64_t100,dpmm,top5,0,file_brain_AXT1POST_200_6002188,2,1,10.175466684194712
AXT1POST,patch,dpmm_p64_t100,dpmm,top5,0,file_brain_AXT1POST_200_6002188,3,1,10.468985924353966
AXT1POST,patch,dpmm_p64_t100,dpmm,top5,0,file_brain_AXT1POST_200_6002188,4,1,10.312582162710337
AXT1POST,patch,dpmm_p64_t100,dpmm,top5,0,file_brain_AXT1POST_200_6002188,5,1,10.305608896108774
AXT1POST,patch,dpmm_p64_t100,dpmm,top5,0,file_brain_AXT1POST_200_6002188,6,1,10.754440307617188
AXT1POST,patch,dpmm_p64_t100,dpmm,top5,0,file_brain_AXT1POST_200_6002188,7,1,10.672818697415865
AXT1POST,patch,dpmm_p64_t100,dpmm,top5,0,file_brain_AXT1POST_200_6002188,8,1,10.699786846454327
AXT1POST,patch,dpmm_p64_t100,dpmm,top5,0,file_brain_AXT1POST_200_6002188,9,1,10.334568903996395
AXT1POST,patch,dpmm_p64_t100,dpmm,top5,0,file_brain_AXT1POST_200_6002188,10,1,10.695990929236778
AXT1POST,patch,dpmm_p64_t100,dpmm,top5,0,file_brain_AXT1POST_200_6002188,11,1,10.75469970703125
AXT1POST,patch,dpmm_p64_t100,dpmm,top5,0,file_brain_AXT1POST_200_6002188,12,1,10.485355083759014
AXT1POST,patch,dpmm_p64_t100,dpmm,top5,0,file_brain_AXT1POST_200_6002188,13,1,10.76562734750601
AXT1POST,patch,dpmm_p64_t100,dpmm,top5,0,file_brain_AXT1POST_200_6002188,14,1,11.399473923903246
AXT1POST,patch,dpmm_p64_t100,dpmm,top5,0,file_brain_AXT1POST_200_6002337,0,1,10.617533757136417
AXT1POST,patch,dpmm_p64_t100,dpmm,top5,0,file_brain_AXT1POST_200_6002337,1,1,11.115074744591347
AXT1POST,patch,dpmm_p64_t100,dpmm,top5,0,file_brain_AXT1POST_200_6002337,2,1,11.72033221905048
AXT1POST,patch,dpmm_p64_t100,dpmm,top5,0,file_brain_AXT1POST_200_6002337,3,1,10.805093618539663
AXT1POST,patch,dpmm_p64_t100,dpmm,top5,0,file_brain_AXT1POST_200_6002337,4,1,10.608170729417067
AXT1POST,patch,dpmm_p64_t100,dpmm,top5,0,file_brain_AXT1POST_201_6002735,0,1,10.681192251352163
AXT1POST,patch,dpmm_p64_t100,dpmm,top5,0,file_brain_AXT1POST_201_6002735,1,1,10.605095496544472
AXT1POST,patch,dpmm_p64_t100,dpmm,top5,0,file_brain_AXT1POST_201_6002735,2,1,11.002798227163462
AXT1POST,patch,dpmm_p64_t100,dpmm,top5,0,file_brain_AXT1POST_201_6002735,3,1,11.077035757211538
AXT1POST,patch,dpmm_p64_t100,dpmm,top5,0,file_brain_AXT1POST_201_6002735,4,1,11.061705369215746
AXT1POST,patch,dpmm_p64_t100,dpmm,top5,0,file_brain_AXT1POST_201_6002735,5,1,11.069780789888823
AXT1POST,patch,dpmm_p64_t100,dpmm,top5,0,file_brain_AXT1POST_201_6002735,6,1,10.459455049954927
AXT1POST,patch,dpmm_p64_t100,dpmm,top5,0,file_brain_AXT1POST_201_6002735,7,1,10.584932767427885
AXT1POST,patch,dpmm_p64_t100,dpmm,top5,0,file_brain_AXT1POST_201_6002735,8,1,10.566540057842548
AXT1POST,patch,dpmm_p64_t100,dpmm,top5,0,file_brain_AXT1POST_201_6002735,9,1,10.44634775015024
AXT1POST,patch,dpmm_p64_t100,dpmm,top5,0,file_brain_AXT1POST_201_6002735,10,1,10.674276498647837
AXT1POST,patch,dpmm_p64_t100,dpmm,top5,0,file_brain_AXT1POST_201_6002735,11,1,10.56885235126202
AXT1POST,patch,dpmm_p64_t100,dpmm,top5,0,file_brain_AXT1POST_200_6002089,4,1,10.555134699894833
AXT1POST,patch,dpmm_p64_t100,dpmm,top5,0,file_brain_AXT1POST_200_6002089,5,1,10.423837515024038
AXT1POST,patch,dpmm_p64_t100,dpmm,top5,0,file_brain_AXT1POST_200_6002089,6,1,10.47345440204327
AXT1POST,patch,dpmm_p64_t100,dpmm,top5,0,file_brain_AXT1POST_200_6002089,7,1,10.419148371769833
AXT1POST,patch,dpmm_p64_t100,dpmm,top5,0,file_brain_AXT1POST_200_6002089,8,1,10.414416973407452
AXT1POST,patch,dpmm_p64_t100,dpmm,top5,0,file_brain_AXT1POST_200_6002089,9,1,10.013194157527042
AXT1POST,patch,dpmm_p64_t100,dpmm,top5,0,file_brain_AXT1POST_200_6002089,10,1,10.25939471905048
AXT1POST,patch,dpmm_p64_t100,dpmm,top5,0,file_brain_AXT1POST_200_6002089,11,1,10.445433396559496
AXT1POST,patch,dpmm_p64_t100,dpmm,top5,0,file_brain_AXT1POST_200_6002089,12,1,10.794851449819712
AXT1POST,patch,dpmm_p64_t100,dpmm,top5,0,file_brain_AXT1POST_200_6002089,13,1,10.686744103064903
AXT1POST,patch,dpmm_p64_t100,dpmm,top5,0,file_brain_AXT1POST_200_6002089,14,1,10.989177997295673
AXT1POST,patch,dpmm_p64_t100,dpmm,top5,0,file_brain_AXT1POST_200_6002089,15,1,11.415978064903847
AXT1POST,patch,dpmm_p64_t100,dpmm,top5,0,file_brain_AXT1POST_200_6002065,0,1,10.650796743539663
AXT1POST,patch,dpmm_p64_t100,dpmm,top5,0,file_brain_AXT1POST_200_6002065,1,1,11.092672494741587
AXT1POST,patch,dpmm_p64_t100,dpmm,top5,0,file_brain_AXT1POST_200_6002065,2,1,11.09360562838041
AXT1POST,patch,dpmm_p64_t100,dpmm,top5,0,file_brain_AXT1POST_200_6002065,3,1,11.32791724571815
AXT1POST,patch,dpmm_p64_t100,dpmm,top5,0,file_brain_AXT1POST_200_6002065,4,1,10.466421274038462
AXT1POST,patch,dpmm_p64_t100,dpmm,top5,0,file_brain_AXT1POST_200_6002065,5,1,11.031415499173677
AXT1POST,patch,dpmm_p64_t100,dpmm,top5,0,file_brain_AXT1POST_200_6002065,10,1,10.379312368539663
AXT1POST,patch,dpmm_p64_t100,dpmm,top5,0,file_brain_AXT1POST_200_6002396,0,1,10.680164043719952
AXT1POST,patch,dpmm_p128_t20,dpmm,top5,0,file_brain_AXT1POST_207_2070010,8,0,12.177539532001202
AXT1POST,patch,dpmm_p128_t20,dpmm,top5,0,file_brain_AXT1POST_208_2080493,5,0,12.90057607797476
AXT1POST,patch,dpmm_p128_t20,dpmm,top5,0,file_brain_AXT1POST_201_6002795,10,0,11.948096642127403
AXT1POST,patch,dpmm_p128_t20,dpmm,top5,0,file_brain_AXT1POST_207_2070214,6,0,13.57742896446815
AXT1POST,patch,dpmm_p128_t20,dpmm,top5,0,file_brain_AXT1POST_208_2080275,5,0,11.365072397085337
AXT1POST,patch,dpmm_p128_t20,dpmm,top5,0,file_brain_AXT1POST_201_6002760,10,0,12.448377169095552
AXT1POST,patch,dpmm_p128_t20,dpmm,top5,0,file_brain_AXT1POST_201_6002778,7,0,13.779038649338942
AXT1POST,patch,dpmm_p128_t20,dpmm,top5,0,file_brain_AXT1POST_207_2070418,12,0,12.882479154146635
AXT1POST,patch,dpmm_p128_t20,dpmm,top5,0,file_brain_AXT1POST_200_6002259,8,0,11.311863825871395
AXT1POST,patch,dpmm_p128_t20,dpmm,top5,0,file_brain_AXT1POST_207_2070251,10,0,12.936876737154448
AXT1POST,patch,dpmm_p128_t20,dpmm,top5,0,file_brain_AXT1POST_203_6000877,5,0,13.0620363675631
AXT1POST,patch,dpmm_p128_t20,dpmm,top5,0,file_brain_AXT1POST_200_6002337,5,0,13.034257155198317
AXT1POST,patch,dpmm_p128_t20,dpmm,top5,0,file_brain_AXT1POST_202_6000417,9,0,13.100541334885817
AXT1POST,patch,dpmm_p128_t20,dpmm,top5,0,file_brain_AXT1POST_203_6000712,6,0,13.246893075796274
AXT1POST,patch,dpmm_p128_t20,dpmm,top5,0,file_brain_AXT1POST_208_2080244,8,0,13.260262122521034
AXT1POST,patch,dpmm_p128_t20,dpmm,top5,0,file_brain_AXT1POST_210_6001735,5,0,13.222374549278847
AXT1POST,patch,dpmm_p128_t20,dpmm,top5,0,file_brain_AXT1POST_201_6002920,8,0,15.283743051382212
AXT1POST,patch,dpmm_p128_t20,dpmm,top5,0,file_brain_AXT1POST_205_2050255,6,0,12.209091186523438
AXT1POST,patch,dpmm_p128_t20,dpmm,top5,0,file_brain_AXT1POST_207_2070450,7,0,11.72000474196214
AXT1POST,patch,dpmm_p128_t20,dpmm,top5,0,file_brain_AXT1POST_210_6001790,8,0,13.909739567683292
AXT1POST,patch,dpmm_p128_t20,dpmm,top5,0,file_brain_AXT1POST_209_6001234,12,0,14.394717876727764
AXT1POST,patch,dpmm_p128_t20,dpmm,top5,0,file_brain_AXT1POST_208_2080392,12,0,13.779639610877403
AXT1POST,patch,dpmm_p128_t20,dpmm,top5,0,file_brain_AXT1POST_210_6001699,5,0,12.51932584322416
AXT1POST,patch,dpmm_p128_t20,dpmm,top5,0,file_brain_AXT1POST_208_2080393,4,0,12.215200570913462
AXT1POST,patch,dpmm_p128_t20,dpmm,top5,0,file_brain_AXT1POST_200_6002396,11,0,12.819359412560097
AXT1POST,patch,dpmm_p128_t20,dpmm,top5,0,file_brain_AXT1POST_207_2070804,10,0,13.895376352163462
AXT1POST,patch,dpmm_p128_t20,dpmm,top5,0,file_brain_AXT1POST_202_6000269,7,0,13.454876239483173
AXT1POST,patch,dpmm_p128_t20,dpmm,top5,0,file_brain_AXT1POST_207_2070809,7,0,11.773565439077524
AXT1POST,patch,dpmm_p128_t20,dpmm,top5,0,file_brain_AXT1POST_207_2070095,4,0,12.19311992938702
AXT1POST,patch,dpmm_p128_t20,dpmm,top5,0,file_brain_AXT1POST_210_6001787,11,0,12.18988271859976
AXT1POST,patch,dpmm_p128_t20,dpmm,top5,0,file_brain_AXT1POST_207_2070765,4,0,15.404381385216347
AXT1POST,patch,dpmm_p128_t20,dpmm,top5,0,file_brain_AXT1POST_207_2070095,11,0,13.118539663461538
AXT1POST,patch,dpmm_p128_t20,dpmm,top5,0,file_brain_AXT1POST_207_2070651,11,0,13.638718825120192
AXT1POST,patch,dpmm_p128_t20,dpmm,top5,0,file_brain_AXT1POST_208_2080422,12,0,12.883805495042067
AXT1POST,patch,dpmm_p128_t20,dpmm,top5,0,file_brain_AXT1POST_203_6000760,9,0,12.531309861403246
AXT1POST,patch,dpmm_p128_t20,dpmm,top5,0,file_brain_AXT1POST_201_6002814,6,0,12.699427678034855
AXT1POST,patch,dpmm_p128_t20,dpmm,top5,0,file_brain_AXT1POST_202_6000417,4,0,13.819840651292067
AXT1POST,patch,dpmm_p128_t20,dpmm,top5,0,file_brain_AXT1POST_207_2070259,5,0,12.71057598407452
AXT1POST,patch,dpmm_p128_t20,dpmm,top5,0,file_brain_AXT1POST_208_2080244,5,0,12.76840562086839
AXT1POST,patch,dpmm_p128_t20,dpmm,top5,0,file_brain_AXT1POST_203_6000877,11,0,13.794647216796875
AXT1POST,patch,dpmm_p128_t20,dpmm,top5,0,file_brain_AXT1POST_200_6001996,9,0,11.712605403019833
AXT1POST,patch,dpmm_p128_t20,dpmm,top5,0,file_brain_AXT1POST_210_6001735,4,0,12.786855844350962
AXT1POST,patch,dpmm_p128_t20,dpmm,top5,0,file_brain_AXT1POST_208_2080624,6,0,12.262219942533052
AXT1POST,patch,dpmm_p128_t20,dpmm,top5,0,file_brain_AXT1POST_205_2050146,5,0,13.23419658954327
AXT1POST,patch,dpmm_p128_t20,dpmm,top5,0,file_brain_AXT1POST_203_6000877,6,0,12.17055452786959
AXT1POST,patch,dpmm_p128_t20,dpmm,top5,0,file_brain_AXT1POST_201_6002795,12,0,13.870833176832933
AXT1POST,patch,dpmm_p128_t20,dpmm,top5,0,file_brain_AXT1POST_208_2080469,6,0,13.60054955115685
AXT1POST,patch,dpmm_p128_t20,dpmm,top5,0,file_brain_AXT1POST_210_6001797,5,0,13.523108849158653
AXT1POST,patch,dpmm_p128_t20,dpmm,top5,0,file_brain_AXT1POST_208_2080576,8,0,11.829920842097355
AXT1POST,patch,dpmm_p128_t20,dpmm,top5,0,file_brain_AXT1POST_205_6000148,6,0,12.168790377103365
AXT1POST,patch,dpmm_p128_t20,dpmm,top5,0,file_brain_AXT1POST_207_2070095,10,0,11.873733520507812
AXT1POST,patch,dpmm_p128_t20,dpmm,top5,0,file_brain_AXT1POST_201_6002731,10,0,13.431128868689903
AXT1POST,patch,dpmm_p128_t20,dpmm,top5,0,file_brain_AXT1POST_207_2070083,4,0,12.97552490234375
AXT1POST,patch,dpmm_p128_t20,dpmm,top5,0,file_brain_AXT1POST_208_2080704,4,0,12.83834721491887
AXT1POST,patch,dpmm_p128_t20,dpmm,top5,0,file_brain_AXT1POST_205_6000180,5,0,12.42957012469952
AXT1POST,patch,dpmm_p128_t20,dpmm,top5,0,file_brain_AXT1POST_201_6002920,6,0,14.177498450646034
AXT1POST,patch,dpmm_p128_t20,dpmm,top5,0,file_brain_AXT1POST_209_6001417,11,0,14.040399404672476
AXT1POST,patch,dpmm_p128_t20,dpmm,top5,0,file_brain_AXT1POST_203_6000774,4,0,13.383612999549278
AXT1POST,patch,dpmm_p128_t20,dpmm,top5,0,file_brain_AXT1POST_209_6001234,6,0,12.02771230844351
AXT1POST,patch,dpmm_p128_t20,dpmm,top5,0,file_brain_AXT1POST_208_2080154,9,0,12.3903562105619
AXT1POST,patch,dpmm_p128_t20,dpmm,top5,0,file_brain_AXT1POST_207_2070147,10,0,12.348832350510817
AXT1POST,patch,dpmm_p128_t20,dpmm,top5,0,file_brain_AXT1POST_205_2050102,9,0,13.40426987868089
AXT1POST,patch,dpmm_p128_t20,dpmm,top5,0,file_brain_AXT1POST_209_6001264,7,0,11.5159665621244
AXT1POST,patch,dpmm_p128_t20,dpmm,top5,0,file_brain_AXT1POST_207_2070034,7,0,12.19250723031851
AXT1POST,patch,dpmm_p128_t20,dpmm,top5,0,file_brain_AXT1POST_209_6001458,10,0,12.05908437875601
AXT1POST,patch,dpmm_p128_t20,dpmm,top5,0,file_brain_AXT1POST_206_6000235,10,0,14.271160419170673
AXT1POST,patch,dpmm_p128_t20,dpmm,top5,0,file_brain_AXT1POST_208_2080213,5,0,12.80529550405649
AXT1POST,patch,dpmm_p128_t20,dpmm,top5,0,file_brain_AXT1POST_200_6002396,9,0,11.756394606370192
AXT1POST,patch,dpmm_p128_t20,dpmm,top5,0,file_brain_AXT1POST_200_6002305,4,0,12.79958989070012
AXT1POST,patch,dpmm_p128_t20,dpmm,top5,0,file_brain_AXT1POST_207_2070651,12,0,13.906753540039062
AXT1POST,patch,dpmm_p128_t20,dpmm,top5,0,file_brain_AXT1POST_205_2050148,10,0,12.534926194411058
AXT1POST,patch,dpmm_p128_t20,dpmm,top5,0,file_brain_AXT1POST_208_2080469,4,0,14.33257587139423
AXT1POST,patch,dpmm_p128_t20,dpmm,top5,0,file_brain_AXT1POST_207_2070635,10,0,12.439220721905048
AXT1POST,patch,dpmm_p128_t20,dpmm,top5,0,file_brain_AXT1POST_207_2070133,8,0,11.434478759765625
AXT1POST,patch,dpmm_p128_t20,dpmm,top5,0,file_brain_AXT1POST_203_6000661,12,0,13.82149446927584
AXT1POST,patch,dpmm_p128_t20,dpmm,top5,0,file_brain_AXT1POST_203_6000760,6,0,12.480987548828125
AXT1POST,patch,dpmm_p128_t20,dpmm,top5,0,file_brain_AXT1POST_200_6002337,8,0,12.050540630634014
AXT1POST,patch,dpmm_p128_t20,dpmm,top5,0,file_brain_AXT1POST_208_2080393,12,0,14.54949716421274
AXT1POST,patch,dpmm_p128_t20,dpmm,top5,0,file_brain_AXT1POST_207_2070123,7,0,12.186445969801683
AXT1POST,patch,dpmm_p128_t20,dpmm,top5,0,file_brain_AXT1POST_201_6002772,8,0,13.240780170147236
AXT1POST,patch,dpmm_p128_t20,dpmm,top5,0,file_brain_AXT1POST_207_2070804,9,0,13.200432410606972
AXT1POST,patch,dpmm_p128_t20,dpmm,top5,0,file_brain_AXT1POST_208_2080469,12,0,14.22747567983774
AXT1POST,patch,dpmm_p128_t20,dpmm,top5,0,file_brain_AXT1POST_208_2080275,7,0,10.985542884239784
AXT1POST,patch,dpmm_p128_t20,dpmm,top5,0,file_brain_AXT1POST_209_6001264,4,0,12.68288362943209
AXT1POST,patch,dpmm_p128_t20,dpmm,top5,0,file_brain_AXT1POST_209_6001064,5,0,13.321395874023438
AXT1POST,patch,dpmm_p128_t20,dpmm,top5,0,file_brain_AXT1POST_201_6002920,4,0,13.573897141676683
AXT1POST,patch,dpmm_p128_t20,dpmm,top5,0,file_brain_AXT1POST_210_6001787,7,0,12.471388596754808
AXT1POST,patch,dpmm_p128_t20,dpmm,top5,0,file_brain_AXT1POST_203_6000661,4,0,14.99648695725661
AXT1POST,patch,dpmm_p128_t20,dpmm,top5,0,file_brain_AXT1POST_203_6000712,10,0,14.689370962289663
AXT1POST,patch,dpmm_p128_t20,dpmm,top5,0,file_brain_AXT1POST_210_6001797,4,0,14.591355543870192
AXT1POST,patch,dpmm_p128_t20,dpmm,top5,0,file_brain_AXT1POST_208_2080504,5,0,11.77368633563702
AXT1POST,patch,dpmm_p128_t20,dpmm,top5,0,file_brain_AXT1POST_208_2080421,4,0,15.286203237680288
AXT1POST,patch,dpmm_p128_t20,dpmm,top5,0,file_brain_AXT1POST_209_6001458,4,0,12.902456430288462
AXT1POST,patch,dpmm_p128_t20,dpmm,top5,0,file_brain_AXT1POST_207_2070133,6,0,13.28971158541166
AXT1POST,patch,dpmm_p128_t20,dpmm,top5,0,file_brain_AXT1POST_208_2080240,10,0,14.108680138221153
AXT1POST,patch,dpmm_p128_t20,dpmm,top5,0,file_brain_AXT1POST_208_2080493,9,0,13.226043701171875
AXT1POST,patch,dpmm_p128_t20,dpmm,top5,0,file_brain_AXT1POST_205_6000035,8,0,12.49902813251202
AXT1POST,patch,dpmm_p128_t20,dpmm,top5,0,file_brain_AXT1POST_208_2080393,7,0,11.880608191856972
AXT1POST,patch,dpmm_p128_t20,dpmm,top5,0,file_brain_AXT1POST_200_6002046,9,0,12.228440504807692
AXT1POST,patch,dpmm_p128_t20,dpmm,top5,0,file_brain_AXT1POST_206_6000235,8,0,12.892125056340145
AXT1POST,patch,dpmm_p128_t20,dpmm,top5,0,file_brain_AXT1POST_205_2050189,8,0,10.997010451096754
AXT1POST,patch,dpmm_p128_t20,dpmm,top5,0,file_brain_AXT1POST_210_6001771,11,0,13.58727557842548
AXT1POST,patch,dpmm_p128_t20,dpmm,top5,0,file_brain_AXT1POST_208_2120069,4,0,13.774214524489183
AXT1POST,patch,dpmm_p128_t20,dpmm,top5,0,file_brain_AXT1POST_201_6002862,11,0,13.297929030198317
AXT1POST,patch,dpmm_p128_t20,dpmm,top5,0,file_brain_AXT1POST_209_6001236,9,0,11.510728102463942
AXT1POST,patch,dpmm_p128_t20,dpmm,top5,0,file_brain_AXT1POST_200_6002349,12,0,13.984747079702524
AXT1POST,patch,dpmm_p128_t20,dpmm,top5,0,file_brain_AXT1POST_208_2080075,5,0,13.450655423677885
AXT1POST,patch,dpmm_p128_t20,dpmm,top5,0,file_brain_AXT1POST_210_6001735,9,0,12.29156494140625
AXT1POST,patch,dpmm_p128_t20,dpmm,top5,0,file_brain_AXT1POST_209_6001109,6,0,11.827201256385216
AXT1POST,patch,dpmm_p128_t20,dpmm,top5,0,file_brain_AXT1POST_203_6000869,8,0,12.246063232421875
AXT1POST,patch,dpmm_p128_t20,dpmm,top5,0,file_brain_AXT1POST_207_2070259,4,0,13.295156625600962
AXT1POST,patch,dpmm_p128_t20,dpmm,top5,0,file_brain_AXT1POST_203_6000712,9,0,13.897154587965746
AXT1POST,patch,dpmm_p128_t20,dpmm,top5,0,file_brain_AXT1POST_207_2070095,6,0,11.850725614107573
AXT1POST,patch,dpmm_p128_t20,dpmm,top5,0,file_brain_AXT1POST_200_6002413,11,0,12.665576641376202
AXT1POST,patch,dpmm_p128_t20,dpmm,top5,0,file_brain_AXT1POST_208_2080392,10,0,12.480842003455528
AXT1POST,patch,dpmm_p128_t20,dpmm,top5,0,file_brain_AXT1POST_203_6000661,5,0,13.852121206430288
AXT1POST,patch,dpmm_p128_t20,dpmm,top5,0,file_brain_AXT1POST_209_6001236,7,0,12.328806950495792
AXT1POST,patch,dpmm_p128_t20,dpmm,top5,0,file_brain_AXT1POST_207_2070809,10,0,12.349107008713942
AXT1POST,patch,dpmm_p128_t20,dpmm,top5,0,file_brain_AXT1POST_207_2070214,9,0,11.560955341045673
AXT1POST,patch,dpmm_p128_t20,dpmm,top5,0,file_brain_AXT1POST_208_2080704,10,0,12.5309084378756
AXT1POST,patch,dpmm_p128_t20,dpmm,top5,0,file_brain_AXT1POST_201_6002673,7,0,12.71383784367488
AXT1POST,patch,dpmm_p128_t20,dpmm,top5,0,file_brain_AXT1POST_203_6000657,4,0,11.936258169320913
AXT1POST,patch,dpmm_p128_t20,dpmm,top5,0,file_brain_AXT1POST_207_2070242,5,0,12.620118361253004
AXT1POST,patch,dpmm_p128_t20,dpmm,top5,0,file_brain_AXT1POST_208_2080493,11,0,12.563531728891226
AXT1POST,patch,dpmm_p128_t20,dpmm,top5,0,file_brain_AXT1POST_209_6001458,6,0,11.55694814828726
AXT1POST,patch,dpmm_p128_t20,dpmm,top5,0,file_brain_AXT1POST_208_2080421,6,0,12.362080500676083
AXT1POST,patch,dpmm_p128_t20,dpmm,top5,0,file_brain_AXT1POST_201_6002668,6,0,12.440345177283653
AXT1POST,patch,dpmm_p128_t20,dpmm,top5,0,file_brain_AXT1POST_200_6002349,4,0,12.509669377253605
AXT1POST,patch,dpmm_p128_t20,dpmm,top5,0,file_brain_AXT1POST_200_6002305,10,0,12.617302527794472
AXT1POST,patch,dpmm_p128_t20,dpmm,top5,0,file_brain_AXT1POST_207_2070651,6,0,13.748549241286058
AXT1POST,patch,dpmm_p128_t20,dpmm,top5,0,file_brain_AXT1POST_201_6002778,12,0,13.243821364182692
AXT1POST,patch,dpmm_p128_t20,dpmm,top5,0,file_brain_AXT1POST_200_6002349,11,0,12.973695021409254
AXT1POST,patch,dpmm_p128_t20,dpmm,top5,0,file_brain_AXT1POST_208_2080576,10,0,12.947775033804087
AXT1POST,patch,dpmm_p128_t20,dpmm,top5,0,file_brain_AXT1POST_207_2070765,8,0,12.009474534254808
AXT1POST,patch,dpmm_p128_t20,dpmm,top5,0,file_brain_AXT1POST_207_2070083,9,0,12.069380540114183
AXT1POST,patch,dpmm_p128_t20,dpmm,top5,0,file_brain_AXT1POST_207_2070547,10,0,12.206092247596153
AXT1POST,patch,dpmm_p128_t20,dpmm,top5,0,file_brain_AXT1POST_207_2070490,7,0,12.26611093374399
AXT1POST,patch,dpmm_p128_t20,dpmm,top5,0,file_brain_AXT1POST_207_2070553,4,0,12.319713885967548
AXT1POST,patch,dpmm_p128_t20,dpmm,top5,0,file_brain_AXT1POST_200_6002033,8,0,11.91266103891226
AXT1POST,patch,dpmm_p128_t20,dpmm,top5,0,file_brain_AXT1POST_208_2080345,8,0,12.32378915640024
AXT1POST,patch,dpmm_p128_t20,dpmm,top5,0,file_brain_AXT1POST_209_6001320,7,0,11.587152334359976
AXT1POST,patch,dpmm_p128_t20,dpmm,top5,0,file_brain_AXT1POST_207_2070357,4,0,15.059833233173077
AXT1POST,patch,dpmm_p128_t20,dpmm,top5,0,file_brain_AXT1POST_210_6001735,10,0,12.927733201246996
AXT1POST,patch,dpmm_p128_t20,dpmm,top5,0,file_brain_AXT1POST_207_2070127,7,0,12.020413912259615
AXT1POST,patch,dpmm_p128_t20,dpmm,top5,0,file_brain_AXT1POST_205_6000035,5,0,12.567859356219952
AXT1POST,patch,dpmm_p128_t20,dpmm,top5,0,file_brain_AXT1POST_202_6000269,5,0,15.182256845327524
AXT1POST,patch,dpmm_p128_t20,dpmm,top5,0,file_brain_AXT1POST_200_6002396,4,0,12.631034264197716
AXT1POST,patch,dpmm_p128_t20,dpmm,top5,0,file_brain_AXT1POST_200_6002392,10,0,12.73489027756911
AXT1POST,patch,dpmm_p128_t20,dpmm,top5,0,file_brain_AXT1POST_208_2080576,12,0,13.364433875450722
AXT1POST,patch,dpmm_p128_t20,dpmm,top5,0,file_brain_AXT1POST_201_6002731,4,0,15.25265855055589
AXT1POST,patch,dpmm_p128_t20,dpmm,top5,0,file_brain_AXT1POST_207_2070651,7,0,12.411358173076923
AXT1POST,patch,dpmm_p128_t20,dpmm,top5,0,file_brain_AXT1POST_207_2070327,9,0,12.020220243013823
AXT1POST,patch,dpmm_p128_t20,dpmm,top5,0,file_brain_AXT1POST_207_2070327,8,0,12.55755849984976
AXT1POST,patch,dpmm_p128_t20,dpmm,top5,0,file_brain_AXT1POST_205_6000035,4,0,12.658832256610577
AXT1POST,patch,dpmm_p128_t20,dpmm,top5,0,file_brain_AXT1POST_210_6001771,8,0,12.266707200270433
AXT1POST,patch,dpmm_p128_t20,dpmm,top5,0,file_brain_AXT1POST_205_2050259,4,0,13.580305833082933
AXT1POST,patch,dpmm_p128_t20,dpmm,top5,0,file_brain_AXT1POST_200_6002259,5,0,12.54434556227464
AXT1POST,patch,dpmm_p128_t20,dpmm,top5,0,file_brain_AXT1POST_207_2070251,11,0,12.864093487079327
AXT1POST,patch,dpmm_p128_t20,dpmm,top5,0,file_brain_AXT1POST_210_6001787,4,0,14.99362534743089
AXT1POST,patch,dpmm_p128_t20,dpmm,top5,0,file_brain_AXT1POST_203_6000861,5,0,14.537519014798677
AXT1POST,patch,dpmm_p128_t20,dpmm,top5,0,file_brain_AXT1POST_207_2070259,6,0,12.83559828538161
AXT1POST,patch,dpmm_p128_t20,dpmm,top5,0,file_brain_AXT1POST_208_2080352,5,0,12.354726938100962
AXT1POST,patch,dpmm_p128_t20,dpmm,top5,0,file_brain_AXT1POST_208_2080477,4,0,12.372374314528246
AXT1POST,patch,dpmm_p128_t20,dpmm,top5,0,file_brain_AXT1POST_208_2080422,5,0,14.156914344200722
AXT1POST,patch,dpmm_p128_t20,dpmm,top5,0,file_brain_AXT1POST_202_6000302,9,0,12.992755596454327
AXT1POST,patch,dpmm_p128_t20,dpmm,top5,0,file_brain_AXT1POST_207_2070365,10,0,13.60262474646935
AXT1POST,patch,dpmm_p128_t20,dpmm,top5,0,file_brain_AXT1POST_200_6002340,4,0,12.797115619365986
AXT1POST,patch,dpmm_p128_t20,dpmm,top5,0,file_brain_AXT1POST_208_2080075,4,0,14.109437208909254
AXT1POST,patch,dpmm_p128_t20,dpmm,top5,0,file_brain_AXT1POST_203_6000869,4,0,12.972508357121395
AXT1POST,patch,dpmm_p128_t20,dpmm,top5,0,file_brain_AXT1POST_207_2070479,4,0,13.902747521033653
AXT1POST,patch,dpmm_p128_t20,dpmm,top5,0,file_brain_AXT1POST_209_6001250,5,0,12.079866849459135
AXT1POST,patch,dpmm_p128_t20,dpmm,top5,0,file_brain_AXT1POST_207_2070009,12,0,13.419593224158653
AXT1POST,patch,dpmm_p128_t20,dpmm,top5,0,file_brain_AXT1POST_205_2050148,5,0,11.577985323392427
AXT1POST,patch,dpmm_p128_t20,dpmm,top5,0,file_brain_AXT1POST_203_6000597,7,0,12.263214111328125
AXT1POST,patch,dpmm_p128_t20,dpmm,top5,0,file_brain_AXT1POST_202_6000281,10,0,14.656732412484976
AXT1POST,patch,dpmm_p128_t20,dpmm,top5,0,file_brain_AXT1POST_203_6000827,10,0,14.198672954852764
AXT1POST,patch,dpmm_p128_t20,dpmm,top5,0,file_brain_AXT1POST_207_2070547,11,0,12.525606595552885
AXT1POST,patch,dpmm_p128_t20,dpmm,top5,0,file_brain_AXT1POST_209_6001458,7,0,11.668466421274038
AXT1POST,patch,dpmm_p128_t20,dpmm,top5,0,file_brain_AXT1POST_210_6001645,6,0,12.218165471003605
AXT1POST,patch,dpmm_p128_t20,dpmm,top5,0,file_brain_AXT1POST_207_2070099,12,0,12.861318734975962
AXT1POST,patch,dpmm_p128_t20,dpmm,top5,0,file_brain_AXT1POST_207_2070241,11,0,12.866607666015625
AXT1POST,patch,dpmm_p128_t20,dpmm,top5,0,file_brain_AXT1POST_207_2070786,7,0,12.140007605919472
AXT1POST,patch,dpmm_p128_t20,dpmm,top5,0,file_brain_AXT1POST_208_2080493,8,0,11.826778705303486
AXT1POST,patch,dpmm_p128_t20,dpmm,top5,0,file_brain_AXT1POST_208_2080082,7,0,12.075788057767427
AXT1POST,patch,dpmm_p128_t20,dpmm,top5,0,file_brain_AXT1POST_207_2070479,7,0,12.43612553523137
AXT1POST,patch,dpmm_p128_t20,dpmm,top5,0,file_brain_AXT1POST_210_6001735,12,0,13.788341815655048
AXT1POST,patch,dpmm_p128_t20,dpmm,top5,0,file_brain_AXT1POST_202_6000341,5,0,12.730391282301683
AXT1POST,patch,dpmm_p128_t20,dpmm,top5,0,file_brain_AXT1POST_203_6000657,10,0,13.246370755709135
AXT1POST,patch,dpmm_p128_t20,dpmm,top5,0,file_brain_AXT1POST_208_2080082,6,0,12.796302208533653
AXT1POST,patch,dpmm_p128_t20,dpmm,top5,0,file_brain_AXT1POST_205_2050189,6,0,12.811583298903246
AXT1POST,patch,dpmm_p128_t20,dpmm,top5,0,file_brain_AXT1POST_208_2080082,9,0,13.013439471905048
AXT1POST,patch,dpmm_p128_t20,dpmm,top5,0,file_brain_AXT1POST_207_2070357,8,0,12.949486365685097
AXT1POST,patch,dpmm_p128_t20,dpmm,top5,0,file_brain_AXT1POST_207_2070009,8,0,13.12573711688702
AXT1POST,patch,dpmm_p128_t20,dpmm,top5,0,file_brain_AXT1POST_203_6000774,5,0,12.308614877554087
AXT1POST,patch,dpmm_p128_t20,dpmm,top5,0,file_brain_AXT1POST_203_6000597,11,0,12.704495943509615
AXT1POST,patch,dpmm_p128_t20,dpmm,top5,0,file_brain_AXT1POST_207_2070786,6,0,12.814652663010817
AXT1POST,patch,dpmm_p128_t20,dpmm,top5,0,file_brain_AXT1POST_203_6000597,10,0,11.264937180739183
AXT1POST,patch,dpmm_p128_t20,dpmm,top5,0,file_brain_AXT1POST_203_6000877,9,0,13.139961829552284
AXT1POST,patch,dpmm_p128_t20,dpmm,top5,0,file_brain_AXT1POST_203_6000657,12,0,14.331589918870192
AXT1POST,patch,dpmm_p128_t20,dpmm,top5,0,file_brain_AXT1POST_208_2080352,10,0,12.036599966195913
AXT1POST,patch,dpmm_p128_t20,dpmm,top5,0,file_brain_AXT1POST_207_2070354,6,0,11.444669283353365
AXT1POST,patch,dpmm_p128_t20,dpmm,top5,0,file_brain_AXT1POST_201_6002920,12,0,12.95135498046875
AXT1POST,patch,dpmm_p128_t20,dpmm,top5,0,file_brain_AXT1POST_208_2080304,10,0,13.480811485877403
AXT1POST,patch,dpmm_p128_t20,dpmm,top5,0,file_brain_AXT1POST_209_6001320,10,0,13.364089965820312
AXT1POST,patch,dpmm_p128_t20,dpmm,top5,0,file_brain_AXT1POST_207_2070009,5,0,12.24359365609976
AXT1POST,patch,dpmm_p128_t20,dpmm,top5,0,file_brain_AXT1POST_207_2070034,6,0,12.213321392352764
AXT1POST,patch,dpmm_p128_t20,dpmm,top5,0,file_brain_AXT1POST_205_2050102,5,0,12.289461576021635
AXT1POST,patch,dpmm_p128_t20,dpmm,top5,0,file_brain_AXT1POST_207_2070490,5,0,12.128324068509615
AXT1POST,patch,dpmm_p128_t20,dpmm,top5,0,file_brain_AXT1POST_208_2080208,7,0,11.855844350961538
AXT1POST,patch,dpmm_p128_t20,dpmm,top5,0,file_brain_AXT1POST_205_2050102,7,0,11.899247389573317
AXT1POST,patch,dpmm_p128_t20,dpmm,top5,0,file_brain_AXT1POST_205_2050102,4,0,12.28753896859976
AXT1POST,patch,dpmm_p128_t20,dpmm,top5,0,file_brain_AXT1POST_203_6000827,4,0,12.166844294621395
AXT1POST,patch,dpmm_p128_t20,dpmm,top5,0,file_brain_AXT1POST_207_2070809,6,0,11.917626014122597
AXT1POST,patch,dpmm_p128_t20,dpmm,top5,0,file_brain_AXT1POST_200_6002340,6,0,12.005624624399038
AXT1POST,patch,dpmm_p128_t20,dpmm,top5,0,file_brain_AXT1POST_207_2070479,10,0,13.141444279597355
AXT1POST,patch,dpmm_p128_t20,dpmm,top5,0,file_brain_AXT1POST_201_6002862,6,0,12.983776385967548
AXT1POST,patch,dpmm_p128_t20,dpmm,top5,0,file_brain_AXT1POST_203_6000760,8,0,12.15844491811899
AXT1POST,patch,dpmm_p128_t20,dpmm,top5,0,file_brain_AXT1POST_207_2070251,7,0,12.247974102313702
AXT1POST,patch,dpmm_p128_t20,dpmm,top5,0,file_brain_AXT1POST_208_2080062,10,0,11.839153583233173
AXT1POST,patch,dpmm_p128_t20,dpmm,top5,0,file_brain_AXT1POST_207_2070786,11,0,12.186634944035458
AXT1POST,patch,dpmm_p128_t20,dpmm,top5,0,file_brain_AXT1POST_200_6001996,12,0,13.24745882474459
AXT1POST,patch,dpmm_p128_t20,dpmm,top5,0,file_brain_AXT1POST_209_6001109,8,0,11.732407789963942
AXT1POST,patch,dpmm_p128_t20,dpmm,top5,0,file_brain_AXT1POST_205_2050159,9,0,13.005484947791466
AXT1POST,patch,dpmm_p128_t20,dpmm,top5,0,file_brain_AXT1POST_203_6000760,5,0,12.549245981069712
AXT1POST,patch,dpmm_p128_t20,dpmm,top5,0,file_brain_AXT1POST_208_2080075,9,0,12.504075270432692
AXT1POST,patch,dpmm_p128_t20,dpmm,top5,0,file_brain_AXT1POST_200_6002305,12,0,16.000426072340744
AXT1POST,patch,dpmm_p128_t20,dpmm,top5,0,file_brain_AXT1POST_200_6002340,7,0,11.513195331280048
AXT1POST,patch,dpmm_p128_t20,dpmm,top5,0,file_brain_AXT1POST_203_6000848,8,0,11.978722205528847
AXT1POST,patch,dpmm_p128_t20,dpmm,top5,0,file_brain_AXT1POST_208_2080345,12,0,13.164803138146034
AXT1POST,patch,dpmm_p128_t20,dpmm,top5,0,file_brain_AXT1POST_201_6002749,10,0,13.94010221041166
AXT1POST,patch,dpmm_p128_t20,dpmm,top5,0,file_brain_AXT1POST_200_6001959,5,0,13.512519249549278
AXT1POST,patch,dpmm_p128_t20,dpmm,top5,0,file_brain_AXT1POST_208_2080477,8,0,12.508580134465145
AXT1POST,patch,dpmm_p128_t20,dpmm,top5,0,file_brain_AXT1POST_208_2080383,6,0,12.550548846905048
AXT1POST,patch,dpmm_p128_t20,dpmm,top5,0,file_brain_AXT1POST_201_6002707,7,0,13.782273512620192
AXT1POST,patch,dpmm_p128_t20,dpmm,top5,0,file_brain_AXT1POST_203_6000861,4,0,14.244256826547476
AXT1POST,patch,dpmm_p128_t20,dpmm,top5,0,file_brain_AXT1POST_209_6001109,7,0,12.663489708533653
AXT1POST,patch,dpmm_p128_t20,dpmm,top5,0,file_brain_AXT1POST_203_6000760,4,0,14.322272667518028
AXT1POST,patch,dpmm_p128_t20,dpmm,top5,0,file_brain_AXT1POST_208_2080154,6,0,12.86429419884315
AXT1POST,patch,dpmm_p128_t20,dpmm,top5,0,file_brain_AXT1POST_201_6002749,6,0,12.830728384164663
AXT1POST,patch,dpmm_p128_t20,dpmm,top5,0,file_brain_AXT1POST_203_6000597,5,0,13.874671349158653
AXT1POST,patch,dpmm_p128_t20,dpmm,top5,0,file_brain_AXT1POST_203_6000848,12,0,15.844583364633413
AXT1POST,patch,dpmm_p128_t20,dpmm,top5,0,file_brain_AXT1POST_207_2070809,12,0,13.701404278094952
AXT1POST,patch,dpmm_p128_t20,dpmm,top5,0,file_brain_AXT1POST_208_2120069,8,0,12.892822265625
AXT1POST,patch,dpmm_p128_t20,dpmm,top5,0,file_brain_AXT1POST_205_2050189,7,0,13.453414916992188
AXT1POST,patch,dpmm_p128_t20,dpmm,top5,0,file_brain_AXT1POST_200_6002337,12,0,13.367878840519833
AXT1POST,patch,dpmm_p128_t20,dpmm,top5,0,file_brain_AXT1POST_207_2070251,12,0,13.06106684758113
AXT1POST,patch,dpmm_p128_t20,dpmm,top5,0,file_brain_AXT1POST_207_2070635,6,0,12.84563739483173
AXT1POST,patch,dpmm_p128_t20,dpmm,top5,0,file_brain_AXT1POST_201_6002680,5,0,12.739274245042067
AXT1POST,patch,dpmm_p128_t20,dpmm,top5,0,file_brain_AXT1POST_208_2080213,7,0,11.963605440579927
AXT1POST,patch,dpmm_p128_t20,dpmm,top5,0,file_brain_AXT1POST_208_2080576,9,0,12.186384934645433
AXT1POST,patch,dpmm_p128_t20,dpmm,top5,0,file_brain_AXT1POST_208_2080275,6,0,12.37839566744291
AXT1POST,patch,dpmm_p128_t20,dpmm,top5,0,file_brain_AXT1POST_208_2080213,6,0,11.843611497145433
AXT1POST,patch,dpmm_p128_t20,dpmm,top5,0,file_brain_AXT1POST_208_2080213,12,0,14.440298227163462
AXT1POST,patch,dpmm_p128_t20,dpmm,top5,0,file_brain_AXT1POST_201_6002673,4,0,13.921438363882212
AXT1POST,patch,dpmm_p128_t20,dpmm,top5,0,file_brain_AXT1POST_210_6001771,4,0,13.000523493840145
AXT1POST,patch,dpmm_p128_t20,dpmm,top5,0,file_brain_AXT1POST_207_2070251,9,0,11.731763399564302
AXT1POST,patch,dpmm_p128_t20,dpmm,top5,0,file_brain_AXT1POST_201_6002703,0,1,15.649770883413462
AXT1POST,patch,dpmm_p128_t20,dpmm,top5,0,file_brain_AXT1POST_201_6002703,1,1,14.304525522085337
AXT1POST,patch,dpmm_p128_t20,dpmm,top5,0,file_brain_AXT1POST_201_6002703,2,1,13.556959885817308
AXT1POST,patch,dpmm_p128_t20,dpmm,top5,0,file_brain_AXT1POST_201_6002703,3,1,13.697762122521034
AXT1POST,patch,dpmm_p128_t20,dpmm,top5,0,file_brain_AXT1POST_201_6002703,4,1,13.13909912109375
AXT1POST,patch,dpmm_p128_t20,dpmm,top5,0,file_brain_AXT1POST_201_6002703,5,1,12.602987436147837
AXT1POST,patch,dpmm_p128_t20,dpmm,top5,0,file_brain_AXT1POST_201_6002703,6,1,13.30224139873798
AXT1POST,patch,dpmm_p128_t20,dpmm,top5,0,file_brain_AXT1POST_201_6002703,7,1,12.043505155123198
AXT1POST,patch,dpmm_p128_t20,dpmm,top5,0,file_brain_AXT1POST_201_6002703,8,1,12.46415006197416
AXT1POST,patch,dpmm_p128_t20,dpmm,top5,0,file_brain_AXT1POST_201_6002703,9,1,13.535645705003004
AXT1POST,patch,dpmm_p128_t20,dpmm,top5,0,file_brain_AXT1POST_201_6002703,10,1,12.354739849384014
AXT1POST,patch,dpmm_p128_t20,dpmm,top5,0,file_brain_AXT1POST_201_6002703,11,1,13.608994704026442
AXT1POST,patch,dpmm_p128_t20,dpmm,top5,0,file_brain_AXT1POST_201_6002703,12,1,13.738116924579327
AXT1POST,patch,dpmm_p128_t20,dpmm,top5,0,file_brain_AXT1POST_201_6002703,13,1,14.76132084773137
AXT1POST,patch,dpmm_p128_t20,dpmm,top5,0,file_brain_AXT1POST_201_6002703,14,1,14.699251615084135
AXT1POST,patch,dpmm_p128_t20,dpmm,top5,0,file_brain_AXT1POST_201_6002683,0,1,15.369098369891827
AXT1POST,patch,dpmm_p128_t20,dpmm,top5,0,file_brain_AXT1POST_201_6002683,1,1,14.745047936072716
AXT1POST,patch,dpmm_p128_t20,dpmm,top5,0,file_brain_AXT1POST_201_6002683,2,1,14.911416860727163
AXT1POST,patch,dpmm_p128_t20,dpmm,top5,0,file_brain_AXT1POST_201_6002683,3,1,13.999784029447115
AXT1POST,patch,dpmm_p128_t20,dpmm,top5,0,file_brain_AXT1POST_201_6002683,4,1,14.073710514948917
AXT1POST,patch,dpmm_p128_t20,dpmm,top5,0,file_brain_AXT1POST_201_6002683,5,1,14.202608548677885
AXT1POST,patch,dpmm_p128_t20,dpmm,top5,0,file_brain_AXT1POST_201_6002683,6,1,14.625250009390024
AXT1POST,patch,dpmm_p128_t20,dpmm,top5,0,file_brain_AXT1POST_201_6002683,7,1,13.966199434720552
AXT1POST,patch,dpmm_p128_t20,dpmm,top5,0,file_brain_AXT1POST_201_6002683,8,1,13.841327373798077
AXT1POST,patch,dpmm_p128_t20,dpmm,top5,0,file_brain_AXT1POST_201_6002683,9,1,14.523723895733173
AXT1POST,patch,dpmm_p128_t20,dpmm,top5,0,file_brain_AXT1POST_201_6002683,10,1,14.586336576021635
AXT1POST,patch,dpmm_p128_t20,dpmm,top5,0,file_brain_AXT1POST_201_6002683,11,1,14.401782696063702
AXT1POST,patch,dpmm_p128_t20,dpmm,top5,0,file_brain_AXT1POST_201_6002683,12,1,14.528319138746996
AXT1POST,patch,dpmm_p128_t20,dpmm,top5,0,file_brain_AXT1POST_201_6002683,13,1,15.871265117938702
AXT1POST,patch,dpmm_p128_t20,dpmm,top5,0,file_brain_AXT1POST_200_6002033,0,1,13.798014714167667
AXT1POST,patch,dpmm_p128_t20,dpmm,top5,0,file_brain_AXT1POST_200_6002033,1,1,14.145824725811298
AXT1POST,patch,dpmm_p128_t20,dpmm,top5,0,file_brain_AXT1POST_200_6002033,2,1,14.10293931227464
AXT1POST,patch,dpmm_p128_t20,dpmm,top5,0,file_brain_AXT1POST_200_6002033,3,1,13.237499530498798
AXT1POST,patch,dpmm_p128_t20,dpmm,top5,0,file_brain_AXT1POST_201_6002817,0,1,13.810265174278847
AXT1POST,patch,dpmm_p128_t20,dpmm,top5,0,file_brain_AXT1POST_200_6002188,0,1,14.449723463792067
AXT1POST,patch,dpmm_p128_t20,dpmm,top5,0,file_brain_AXT1POST_200_6002188,1,1,14.7298583984375
AXT1POST,patch,dpmm_p128_t20,dpmm,top5,0,file_brain_AXT1POST_200_6002188,2,1,13.519211989182692
AXT1POST,patch,dpmm_p128_t20,dpmm,top5,0,file_brain_AXT1POST_200_6002188,3,1,12.954121516301083
AXT1POST,patch,dpmm_p128_t20,dpmm,top5,0,file_brain_AXT1POST_200_6002188,4,1,12.517993633563702
AXT1POST,patch,dpmm_p128_t20,dpmm,top5,0,file_brain_AXT1POST_200_6002188,5,1,12.819042499248798
AXT1POST,patch,dpmm_p128_t20,dpmm,top5,0,file_brain_AXT1POST_200_6002188,6,1,13.26703350360577
AXT1POST,patch,dpmm_p128_t20,dpmm,top5,0,file_brain_AXT1POST_200_6002188,7,1,13.53067368727464
AXT1POST,patch,dpmm_p128_t20,dpmm,top5,0,file_brain_AXT1POST_200_6002188,8,1,13.357418353740986
AXT1POST,patch,dpmm_p128_t20,dpmm,top5,0,file_brain_AXT1POST_200_6002188,9,1,13.758493276742788
AXT1POST,patch,dpmm_p128_t20,dpmm,top5,0,file_brain_AXT1POST_200_6002188,10,1,15.09374765249399
AXT1POST,patch,dpmm_p128_t20,dpmm,top5,0,file_brain_AXT1POST_200_6002188,11,1,14.057295579176683
AXT1POST,patch,dpmm_p128_t20,dpmm,top5,0,file_brain_AXT1POST_200_6002188,12,1,13.321563720703125
AXT1POST,patch,dpmm_p128_t20,dpmm,top5,0,file_brain_AXT1POST_200_6002188,13,1,13.779702993539663
AXT1POST,patch,dpmm_p128_t20,dpmm,top5,0,file_brain_AXT1POST_200_6002188,14,1,15.03826904296875
AXT1POST,patch,dpmm_p128_t20,dpmm,top5,0,file_brain_AXT1POST_200_6002337,0,1,14.83401137131911
AXT1POST,patch,dpmm_p128_t20,dpmm,top5,0,file_brain_AXT1POST_200_6002337,1,1,14.25032982459435
AXT1POST,patch,dpmm_p128_t20,dpmm,top5,0,file_brain_AXT1POST_200_6002337,2,1,14.906536395733173
AXT1POST,patch,dpmm_p128_t20,dpmm,top5,0,file_brain_AXT1POST_200_6002337,3,1,13.702974759615385
AXT1POST,patch,dpmm_p128_t20,dpmm,top5,0,file_brain_AXT1POST_200_6002337,4,1,13.649051372821514
AXT1POST,patch,dpmm_p128_t20,dpmm,top5,0,file_brain_AXT1POST_201_6002735,0,1,14.719805203951323
AXT1POST,patch,dpmm_p128_t20,dpmm,top5,0,file_brain_AXT1POST_201_6002735,1,1,15.656872089092548
AXT1POST,patch,dpmm_p128_t20,dpmm,top5,0,file_brain_AXT1POST_201_6002735,2,1,15.21096449631911
AXT1POST,patch,dpmm_p128_t20,dpmm,top5,0,file_brain_AXT1POST_201_6002735,3,1,14.818800706129808
AXT1POST,patch,dpmm_p128_t20,dpmm,top5,0,file_brain_AXT1POST_201_6002735,4,1,14.722212571364183
AXT1POST,patch,dpmm_p128_t20,dpmm,top5,0,file_brain_AXT1POST_201_6002735,5,1,13.624422513521635
AXT1POST,patch,dpmm_p128_t20,dpmm,top5,0,file_brain_AXT1POST_201_6002735,6,1,13.040184607872597
AXT1POST,patch,dpmm_p128_t20,dpmm,top5,0,file_brain_AXT1POST_201_6002735,7,1,12.919798630934496
AXT1POST,patch,dpmm_p128_t20,dpmm,top5,0,file_brain_AXT1POST_201_6002735,8,1,12.842963585486778
AXT1POST,patch,dpmm_p128_t20,dpmm,top5,0,file_brain_AXT1POST_201_6002735,9,1,12.634745671198917
AXT1POST,patch,dpmm_p128_t20,dpmm,top5,0,file_brain_AXT1POST_201_6002735,10,1,12.97396498460036
AXT1POST,patch,dpmm_p128_t20,dpmm,top5,0,file_brain_AXT1POST_201_6002735,11,1,13.003959068885216
AXT1POST,patch,dpmm_p128_t20,dpmm,top5,0,file_brain_AXT1POST_200_6002089,4,1,13.361758892352764
AXT1POST,patch,dpmm_p128_t20,dpmm,top5,0,file_brain_AXT1POST_200_6002089,5,1,13.071094219501202
AXT1POST,patch,dpmm_p128_t20,dpmm,top5,0,file_brain_AXT1POST_200_6002089,6,1,13.220663217397837
AXT1POST,patch,dpmm_p128_t20,dpmm,top5,0,file_brain_AXT1POST_200_6002089,7,1,12.837762685922476
AXT1POST,patch,dpmm_p128_t20,dpmm,top5,0,file_brain_AXT1POST_200_6002089,8,1,12.762954711914062
AXT1POST,patch,dpmm_p128_t20,dpmm,top5,0,file_brain_AXT1POST_200_6002089,9,1,13.835284893329327
AXT1POST,patch,dpmm_p128_t20,dpmm,top5,0,file_brain_AXT1POST_200_6002089,10,1,15.4579831636869
AXT1POST,patch,dpmm_p128_t20,dpmm,top5,0,file_brain_AXT1POST_200_6002089,11,1,14.831930307241587
AXT1POST,patch,dpmm_p128_t20,dpmm,top5,0,file_brain_AXT1POST_200_6002089,12,1,15.6435546875
AXT1POST,patch,dpmm_p128_t20,dpmm,top5,0,file_brain_AXT1POST_200_6002089,13,1,15.287320650540865
AXT1POST,patch,dpmm_p128_t20,dpmm,top5,0,file_brain_AXT1POST_200_6002089,14,1,14.965084369365986
AXT1POST,patch,dpmm_p128_t20,dpmm,top5,0,file_brain_AXT1POST_200_6002089,15,1,14.612078153170073
AXT1POST,patch,dpmm_p128_t20,dpmm,top5,0,file_brain_AXT1POST_200_6002065,0,1,14.66745347243089
AXT1POST,patch,dpmm_p128_t20,dpmm,top5,0,file_brain_AXT1POST_200_6002065,1,1,14.775599553034855
AXT1POST,patch,dpmm_p128_t20,dpmm,top5,0,file_brain_AXT1POST_200_6002065,2,1,14.866649921123798
AXT1POST,patch,dpmm_p128_t20,dpmm,top5,0,file_brain_AXT1POST_200_6002065,3,1,15.142308161808895
AXT1POST,patch,dpmm_p128_t20,dpmm,top5,0,file_brain_AXT1POST_200_6002065,4,1,13.64636699969952
AXT1POST,patch,dpmm_p128_t20,dpmm,top5,0,file_brain_AXT1POST_200_6002065,5,1,13.258688119741587
AXT1POST,patch,dpmm_p128_t20,dpmm,top5,0,file_brain_AXT1POST_200_6002065,10,1,12.925065260667067
AXT1POST,patch,dpmm_p128_t20,dpmm,top5,0,file_brain_AXT1POST_200_6002396,0,1,14.378892164963942
AXT1POST,patch,dpmm_p128_t50,dpmm,top5,0,file_brain_AXT1POST_207_2070010,8,0,12.238872821514423
AXT1POST,patch,dpmm_p128_t50,dpmm,top5,0,file_brain_AXT1POST_208_2080493,5,0,12.987866915189302
AXT1POST,patch,dpmm_p128_t50,dpmm,top5,0,file_brain_AXT1POST_201_6002795,10,0,12.027950580303486
AXT1POST,patch,dpmm_p128_t50,dpmm,top5,0,file_brain_AXT1POST_207_2070214,6,0,13.623509333683895
AXT1POST,patch,dpmm_p128_t50,dpmm,top5,0,file_brain_AXT1POST_208_2080275,5,0,11.430311936598558
AXT1POST,patch,dpmm_p128_t50,dpmm,top5,0,file_brain_AXT1POST_201_6002760,10,0,12.50390390249399
AXT1POST,patch,dpmm_p128_t50,dpmm,top5,0,file_brain_AXT1POST_201_6002778,7,0,13.81588862492488
AXT1POST,patch,dpmm_p128_t50,dpmm,top5,0,file_brain_AXT1POST_207_2070418,12,0,12.89532470703125
AXT1POST,patch,dpmm_p128_t50,dpmm,top5,0,file_brain_AXT1POST_200_6002259,8,0,11.386971106896034
AXT1POST,patch,dpmm_p128_t50,dpmm,top5,0,file_brain_AXT1POST_207_2070251,10,0,12.9520510160006
AXT1POST,patch,dpmm_p128_t50,dpmm,top5,0,file_brain_AXT1POST_203_6000877,5,0,13.146864670973558
AXT1POST,patch,dpmm_p128_t50,dpmm,top5,0,file_brain_AXT1POST_200_6002337,5,0,13.143447875976562
AXT1POST,patch,dpmm_p128_t50,dpmm,top5,0,file_brain_AXT1POST_202_6000417,9,0,13.182304969200722
AXT1POST,patch,dpmm_p128_t50,dpmm,top5,0,file_brain_AXT1POST_203_6000712,6,0,13.30984379695012
AXT1POST,patch,dpmm_p128_t50,dpmm,top5,0,file_brain_AXT1POST_208_2080244,8,0,13.312693669245792
AXT1POST,patch,dpmm_p128_t50,dpmm,top5,0,file_brain_AXT1POST_210_6001735,5,0,13.22808603140024
AXT1POST,patch,dpmm_p128_t50,dpmm,top5,0,file_brain_AXT1POST_201_6002920,8,0,15.263099083533653
AXT1POST,patch,dpmm_p128_t50,dpmm,top5,0,file_brain_AXT1POST_205_2050255,6,0,12.308587881234976
AXT1POST,patch,dpmm_p128_t50,dpmm,top5,0,file_brain_AXT1POST_207_2070450,7,0,11.8211669921875
AXT1POST,patch,dpmm_p128_t50,dpmm,top5,0,file_brain_AXT1POST_210_6001790,8,0,13.927354079026442
AXT1POST,patch,dpmm_p128_t50,dpmm,top5,0,file_brain_AXT1POST_209_6001234,12,0,14.40249985914964
AXT1POST,patch,dpmm_p128_t50,dpmm,top5,0,file_brain_AXT1POST_208_2080392,12,0,13.820537860576923
AXT1POST,patch,dpmm_p128_t50,dpmm,top5,0,file_brain_AXT1POST_210_6001699,5,0,12.584460918719952
AXT1POST,patch,dpmm_p128_t50,dpmm,top5,0,file_brain_AXT1POST_208_2080393,4,0,12.280987079326923
AXT1POST,patch,dpmm_p128_t50,dpmm,top5,0,file_brain_AXT1POST_200_6002396,11,0,12.837740384615385
AXT1POST,patch,dpmm_p128_t50,dpmm,top5,0,file_brain_AXT1POST_207_2070804,10,0,13.942033034104567
AXT1POST,patch,dpmm_p128_t50,dpmm,top5,0,file_brain_AXT1POST_202_6000269,7,0,13.461745042067308
AXT1POST,patch,dpmm_p128_t50,dpmm,top5,0,file_brain_AXT1POST_207_2070809,7,0,11.881577711838942
AXT1POST,patch,dpmm_p128_t50,dpmm,top5,0,file_brain_AXT1POST_207_2070095,4,0,12.275050236628605
AXT1POST,patch,dpmm_p128_t50,dpmm,top5,0,file_brain_AXT1POST_210_6001787,11,0,12.266677856445312
AXT1POST,patch,dpmm_p128_t50,dpmm,top5,0,file_brain_AXT1POST_207_2070765,4,0,15.408805260291466
AXT1POST,patch,dpmm_p128_t50,dpmm,top5,0,file_brain_AXT1POST_207_2070095,11,0,13.123558631310097
AXT1POST,patch,dpmm_p128_t50,dpmm,top5,0,file_brain_AXT1POST_207_2070651,11,0,13.659165602463942
AXT1POST,patch,dpmm_p128_t50,dpmm,top5,0,file_brain_AXT1POST_208_2080422,12,0,12.970713688777042
AXT1POST,patch,dpmm_p128_t50,dpmm,top5,0,file_brain_AXT1POST_203_6000760,9,0,12.57361309344952
AXT1POST,patch,dpmm_p128_t50,dpmm,top5,0,file_brain_AXT1POST_201_6002814,6,0,12.797733013446514
AXT1POST,patch,dpmm_p128_t50,dpmm,top5,0,file_brain_AXT1POST_202_6000417,4,0,13.85775874211238
AXT1POST,patch,dpmm_p128_t50,dpmm,top5,0,file_brain_AXT1POST_207_2070259,5,0,12.77786137507512
AXT1POST,patch,dpmm_p128_t50,dpmm,top5,0,file_brain_AXT1POST_208_2080244,5,0,12.813350970928486
AXT1POST,patch,dpmm_p128_t50,dpmm,top5,0,file_brain_AXT1POST_203_6000877,11,0,13.80374967134916
AXT1POST,patch,dpmm_p128_t50,dpmm,top5,0,file_brain_AXT1POST_200_6001996,9,0,11.789124708909254
AXT1POST,patch,dpmm_p128_t50,dpmm,top5,0,file_brain_AXT1POST_210_6001735,4,0,12.854515662560097
AXT1POST,patch,dpmm_p128_t50,dpmm,top5,0,file_brain_AXT1POST_208_2080624,6,0,12.33905264047476
AXT1POST,patch,dpmm_p128_t50,dpmm,top5,0,file_brain_AXT1POST_205_2050146,5,0,13.277982271634615
AXT1POST,patch,dpmm_p128_t50,dpmm,top5,0,file_brain_AXT1POST_203_6000877,6,0,12.232506385216347
AXT1POST,patch,dpmm_p128_t50,dpmm,top5,0,file_brain_AXT1POST_201_6002795,12,0,13.892048762394833
AXT1POST,patch,dpmm_p128_t50,dpmm,top5,0,file_brain_AXT1POST_208_2080469,6,0,13.623814509465145
AXT1POST,patch,dpmm_p128_t50,dpmm,top5,0,file_brain_AXT1POST_210_6001797,5,0,13.565010657677284
AXT1POST,patch,dpmm_p128_t50,dpmm,top5,0,file_brain_AXT1POST_208_2080576,8,0,11.91178189791166
AXT1POST,patch,dpmm_p128_t50,dpmm,top5,0,file_brain_AXT1POST_205_6000148,6,0,12.237060546875
AXT1POST,patch,dpmm_p128_t50,dpmm,top5,0,file_brain_AXT1POST_207_2070095,10,0,11.927260178786058
AXT1POST,patch,dpmm_p128_t50,dpmm,top5,0,file_brain_AXT1POST_201_6002731,10,0,13.502293513371395
AXT1POST,patch,dpmm_p128_t50,dpmm,top5,0,file_brain_AXT1POST_207_2070083,4,0,13.017221304086538
AXT1POST,patch,dpmm_p128_t50,dpmm,top5,0,file_brain_AXT1POST_208_2080704,4,0,12.906292255108173
AXT1POST,patch,dpmm_p128_t50,dpmm,top5,0,file_brain_AXT1POST_205_6000180,5,0,12.510383019080528
AXT1POST,patch,dpmm_p128_t50,dpmm,top5,0,file_brain_AXT1POST_201_6002920,6,0,14.173600416917067
AXT1POST,patch,dpmm_p128_t50,dpmm,top5,0,file_brain_AXT1POST_209_6001417,11,0,14.057807335486778
AXT1POST,patch,dpmm_p128_t50,dpmm,top5,0,file_brain_AXT1POST_203_6000774,4,0,13.389608529897837
AXT1POST,patch,dpmm_p128_t50,dpmm,top5,0,file_brain_AXT1POST_209_6001234,6,0,12.094275841346153
AXT1POST,patch,dpmm_p128_t50,dpmm,top5,0,file_brain_AXT1POST_208_2080154,9,0,12.46963148850661
AXT1POST,patch,dpmm_p128_t50,dpmm,top5,0,file_brain_AXT1POST_207_2070147,10,0,12.425395085261417
AXT1POST,patch,dpmm_p128_t50,dpmm,top5,0,file_brain_AXT1POST_205_2050102,9,0,13.459465613731972
AXT1POST,patch,dpmm_p128_t50,dpmm,top5,0,file_brain_AXT1POST_209_6001264,7,0,11.590263953575722
AXT1POST,patch,dpmm_p128_t50,dpmm,top5,0,file_brain_AXT1POST_207_2070034,7,0,12.317521315354567
AXT1POST,patch,dpmm_p128_t50,dpmm,top5,0,file_brain_AXT1POST_209_6001458,10,0,12.130812424879808
AXT1POST,patch,dpmm_p128_t50,dpmm,top5,0,file_brain_AXT1POST_206_6000235,10,0,14.287825364332933
AXT1POST,patch,dpmm_p128_t50,dpmm,top5,0,file_brain_AXT1POST_208_2080213,5,0,12.868781456580528
AXT1POST,patch,dpmm_p128_t50,dpmm,top5,0,file_brain_AXT1POST_200_6002396,9,0,11.836141733022837
AXT1POST,patch,dpmm_p128_t50,dpmm,top5,0,file_brain_AXT1POST_200_6002305,4,0,12.852494459885817
AXT1POST,patch,dpmm_p128_t50,dpmm,top5,0,file_brain_AXT1POST_207_2070651,12,0,13.92480938251202
AXT1POST,patch,dpmm_p128_t50,dpmm,top5,0,file_brain_AXT1POST_205_2050148,10,0,12.5582275390625
AXT1POST,patch,dpmm_p128_t50,dpmm,top5,0,file_brain_AXT1POST_208_2080469,4,0,14.34154803936298
AXT1POST,patch,dpmm_p128_t50,dpmm,top5,0,file_brain_AXT1POST_207_2070635,10,0,12.530779325045073
AXT1POST,patch,dpmm_p128_t50,dpmm,top5,0,file_brain_AXT1POST_207_2070133,8,0,11.500684298001802
AXT1POST,patch,dpmm_p128_t50,dpmm,top5,0,file_brain_AXT1POST_203_6000661,12,0,13.836022010216347
AXT1POST,patch,dpmm_p128_t50,dpmm,top5,0,file_brain_AXT1POST_203_6000760,6,0,12.540298461914062
AXT1POST,patch,dpmm_p128_t50,dpmm,top5,0,file_brain_AXT1POST_200_6002337,8,0,12.122356708233173
AXT1POST,patch,dpmm_p128_t50,dpmm,top5,0,file_brain_AXT1POST_208_2080393,12,0,14.57718012883113
AXT1POST,patch,dpmm_p128_t50,dpmm,top5,0,file_brain_AXT1POST_207_2070123,7,0,12.24762197641226
AXT1POST,patch,dpmm_p128_t50,dpmm,top5,0,file_brain_AXT1POST_201_6002772,8,0,13.29694073016827
AXT1POST,patch,dpmm_p128_t50,dpmm,top5,0,file_brain_AXT1POST_207_2070804,9,0,13.22339336688702
AXT1POST,patch,dpmm_p128_t50,dpmm,top5,0,file_brain_AXT1POST_208_2080469,12,0,14.241652268629808
AXT1POST,patch,dpmm_p128_t50,dpmm,top5,0,file_brain_AXT1POST_208_2080275,7,0,11.05960669884315
AXT1POST,patch,dpmm_p128_t50,dpmm,top5,0,file_brain_AXT1POST_209_6001264,4,0,12.756871150090145
AXT1POST,patch,dpmm_p128_t50,dpmm,top5,0,file_brain_AXT1POST_209_6001064,5,0,13.389901968149038
AXT1POST,patch,dpmm_p128_t50,dpmm,top5,0,file_brain_AXT1POST_201_6002920,4,0,13.62643784743089
AXT1POST,patch,dpmm_p128_t50,dpmm,top5,0,file_brain_AXT1POST_210_6001787,7,0,12.57623291015625
AXT1POST,patch,dpmm_p128_t50,dpmm,top5,0,file_brain_AXT1POST_203_6000661,4,0,14.984100341796875
AXT1POST,patch,dpmm_p128_t50,dpmm,top5,0,file_brain_AXT1POST_203_6000712,10,0,14.752906212439903
AXT1POST,patch,dpmm_p128_t50,dpmm,top5,0,file_brain_AXT1POST_210_6001797,4,0,14.59469956618089
AXT1POST,patch,dpmm_p128_t50,dpmm,top5,0,file_brain_AXT1POST_208_2080504,5,0,11.83301016000601
AXT1POST,patch,dpmm_p128_t50,dpmm,top5,0,file_brain_AXT1POST_208_2080421,4,0,15.27672870342548
AXT1POST,patch,dpmm_p128_t50,dpmm,top5,0,file_brain_AXT1POST_209_6001458,4,0,13.00781015249399
AXT1POST,patch,dpmm_p128_t50,dpmm,top5,0,file_brain_AXT1POST_207_2070133,6,0,13.358832726111778
AXT1POST,patch,dpmm_p128_t50,dpmm,top5,0,file_brain_AXT1POST_208_2080240,10,0,14.110379732572115
AXT1POST,patch,dpmm_p128_t50,dpmm,top5,0,file_brain_AXT1POST_208_2080493,9,0,13.282215998722958
AXT1POST,patch,dpmm_p128_t50,dpmm,top5,0,file_brain_AXT1POST_205_6000035,8,0,12.588125375600962
AXT1POST,patch,dpmm_p128_t50,dpmm,top5,0,file_brain_AXT1POST_208_2080393,7,0,11.95654062124399
AXT1POST,patch,dpmm_p128_t50,dpmm,top5,0,file_brain_AXT1POST_200_6002046,9,0,12.327704796424278
AXT1POST,patch,dpmm_p128_t50,dpmm,top5,0,file_brain_AXT1POST_206_6000235,8,0,12.973880474384014
AXT1POST,patch,dpmm_p128_t50,dpmm,top5,0,file_brain_AXT1POST_205_2050189,8,0,11.086652315579927
AXT1POST,patch,dpmm_p128_t50,dpmm,top5,0,file_brain_AXT1POST_210_6001771,11,0,13.669506366436298
AXT1POST,patch,dpmm_p128_t50,dpmm,top5,0,file_brain_AXT1POST_208_2120069,4,0,13.810686551607573
AXT1POST,patch,dpmm_p128_t50,dpmm,top5,0,file_brain_AXT1POST_201_6002862,11,0,13.335186298076923
AXT1POST,patch,dpmm_p128_t50,dpmm,top5,0,file_brain_AXT1POST_209_6001236,9,0,11.575877262995792
AXT1POST,patch,dpmm_p128_t50,dpmm,top5,0,file_brain_AXT1POST_200_6002349,12,0,13.99215111365685
AXT1POST,patch,dpmm_p128_t50,dpmm,top5,0,file_brain_AXT1POST_208_2080075,5,0,13.476548414963942
AXT1POST,patch,dpmm_p128_t50,dpmm,top5,0,file_brain_AXT1POST_210_6001735,9,0,12.387261023888222
AXT1POST,patch,dpmm_p128_t50,dpmm,top5,0,file_brain_AXT1POST_209_6001109,6,0,11.933094904972958
AXT1POST,patch,dpmm_p128_t50,dpmm,top5,0,file_brain_AXT1POST_203_6000869,8,0,12.337383563701923
AXT1POST,patch,dpmm_p128_t50,dpmm,top5,0,file_brain_AXT1POST_207_2070259,4,0,13.323655348557692
AXT1POST,patch,dpmm_p128_t50,dpmm,top5,0,file_brain_AXT1POST_203_6000712,9,0,13.909464909480167
AXT1POST,patch,dpmm_p128_t50,dpmm,top5,0,file_brain_AXT1POST_207_2070095,6,0,11.914938119741587
AXT1POST,patch,dpmm_p128_t50,dpmm,top5,0,file_brain_AXT1POST_200_6002413,11,0,12.73111548790565
AXT1POST,patch,dpmm_p128_t50,dpmm,top5,0,file_brain_AXT1POST_208_2080392,10,0,12.498909583458534
AXT1POST,patch,dpmm_p128_t50,dpmm,top5,0,file_brain_AXT1POST_203_6000661,5,0,13.844302837665264
AXT1POST,patch,dpmm_p128_t50,dpmm,top5,0,file_brain_AXT1POST_209_6001236,7,0,12.416294978215145
AXT1POST,patch,dpmm_p128_t50,dpmm,top5,0,file_brain_AXT1POST_207_2070809,10,0,12.382583618164062
AXT1POST,patch,dpmm_p128_t50,dpmm,top5,0,file_brain_AXT1POST_207_2070214,9,0,11.640581571138823
AXT1POST,patch,dpmm_p128_t50,dpmm,top5,0,file_brain_AXT1POST_208_2080704,10,0,12.582754281850962
AXT1POST,patch,dpmm_p128_t50,dpmm,top5,0,file_brain_AXT1POST_201_6002673,7,0,12.774551391601562
AXT1POST,patch,dpmm_p128_t50,dpmm,top5,0,file_brain_AXT1POST_203_6000657,4,0,12.039992112379808
AXT1POST,patch,dpmm_p128_t50,dpmm,top5,0,file_brain_AXT1POST_207_2070242,5,0,12.657092754657452
AXT1POST,patch,dpmm_p128_t50,dpmm,top5,0,file_brain_AXT1POST_208_2080493,11,0,12.632693950946514
AXT1POST,patch,dpmm_p128_t50,dpmm,top5,0,file_brain_AXT1POST_209_6001458,6,0,11.643020629882812
AXT1POST,patch,dpmm_p128_t50,dpmm,top5,0,file_brain_AXT1POST_208_2080421,6,0,12.439431997445913
AXT1POST,patch,dpmm_p128_t50,dpmm,top5,0,file_brain_AXT1POST_201_6002668,6,0,12.52261235163762
AXT1POST,patch,dpmm_p128_t50,dpmm,top5,0,file_brain_AXT1POST_200_6002349,4,0,12.59527118389423
AXT1POST,patch,dpmm_p128_t50,dpmm,top5,0,file_brain_AXT1POST_200_6002305,10,0,12.647690993088942
AXT1POST,patch,dpmm_p128_t50,dpmm,top5,0,file_brain_AXT1POST_207_2070651,6,0,13.758033165564903
AXT1POST,patch,dpmm_p128_t50,dpmm,top5,0,file_brain_AXT1POST_201_6002778,12,0,13.263251671424278
AXT1POST,patch,dpmm_p128_t50,dpmm,top5,0,file_brain_AXT1POST_200_6002349,11,0,12.999603271484375
AXT1POST,patch,dpmm_p128_t50,dpmm,top5,0,file_brain_AXT1POST_208_2080576,10,0,13.003244253305288
AXT1POST,patch,dpmm_p128_t50,dpmm,top5,0,file_brain_AXT1POST_207_2070765,8,0,12.08379892202524
AXT1POST,patch,dpmm_p128_t50,dpmm,top5,0,file_brain_AXT1POST_207_2070083,9,0,12.162344125600962
AXT1POST,patch,dpmm_p128_t50,dpmm,top5,0,file_brain_AXT1POST_207_2070547,10,0,12.273357684795673
AXT1POST,patch,dpmm_p128_t50,dpmm,top5,0,file_brain_AXT1POST_207_2070490,7,0,12.3333740234375
AXT1POST,patch,dpmm_p128_t50,dpmm,top5,0,file_brain_AXT1POST_207_2070553,4,0,12.394855205829327
AXT1POST,patch,dpmm_p128_t50,dpmm,top5,0,file_brain_AXT1POST_200_6002033,8,0,11.995186438927284
AXT1POST,patch,dpmm_p128_t50,dpmm,top5,0,file_brain_AXT1POST_208_2080345,8,0,12.397078294020433
AXT1POST,patch,dpmm_p128_t50,dpmm,top5,0,file_brain_AXT1POST_209_6001320,7,0,11.65792025052584
AXT1POST,patch,dpmm_p128_t50,dpmm,top5,0,file_brain_AXT1POST_207_2070357,4,0,15.053452711838942
AXT1POST,patch,dpmm_p128_t50,dpmm,top5,0,file_brain_AXT1POST_210_6001735,10,0,13.030404897836538
AXT1POST,patch,dpmm_p128_t50,dpmm,top5,0,file_brain_AXT1POST_207_2070127,7,0,12.137861985426683
AXT1POST,patch,dpmm_p128_t50,dpmm,top5,0,file_brain_AXT1POST_205_6000035,5,0,12.641470102163462
AXT1POST,patch,dpmm_p128_t50,dpmm,top5,0,file_brain_AXT1POST_202_6000269,5,0,15.178466796875
AXT1POST,patch,dpmm_p128_t50,dpmm,top5,0,file_brain_AXT1POST_200_6002396,4,0,12.700570913461538
AXT1POST,patch,dpmm_p128_t50,dpmm,top5,0,file_brain_AXT1POST_200_6002392,10,0,12.73563208946815
AXT1POST,patch,dpmm_p128_t50,dpmm,top5,0,file_brain_AXT1POST_208_2080576,12,0,13.38225848858173
AXT1POST,patch,dpmm_p128_t50,dpmm,top5,0,file_brain_AXT1POST_201_6002731,4,0,15.254866379957933
AXT1POST,patch,dpmm_p128_t50,dpmm,top5,0,file_brain_AXT1POST_207_2070651,7,0,12.474639892578125
AXT1POST,patch,dpmm_p128_t50,dpmm,top5,0,file_brain_AXT1POST_207_2070327,9,0,12.077401968149038
AXT1POST,patch,dpmm_p128_t50,dpmm,top5,0,file_brain_AXT1POST_207_2070327,8,0,12.634569608248198
AXT1POST,patch,dpmm_p128_t50,dpmm,top5,0,file_brain_AXT1POST_205_6000035,4,0,12.770707350510817
AXT1POST,patch,dpmm_p128_t50,dpmm,top5,0,file_brain_AXT1POST_210_6001771,8,0,12.329998309795673
AXT1POST,patch,dpmm_p128_t50,dpmm,top5,0,file_brain_AXT1POST_205_2050259,4,0,13.589073768028847
AXT1POST,patch,dpmm_p128_t50,dpmm,top5,0,file_brain_AXT1POST_200_6002259,5,0,12.636725792518028
AXT1POST,patch,dpmm_p128_t50,dpmm,top5,0,file_brain_AXT1POST_207_2070251,11,0,12.865980881911058
AXT1POST,patch,dpmm_p128_t50,dpmm,top5,0,file_brain_AXT1POST_210_6001787,4,0,15.03219487116887
AXT1POST,patch,dpmm_p128_t50,dpmm,top5,0,file_brain_AXT1POST_203_6000861,5,0,14.5379638671875
AXT1POST,patch,dpmm_p128_t50,dpmm,top5,0,file_brain_AXT1POST_207_2070259,6,0,12.919912484975962
AXT1POST,patch,dpmm_p128_t50,dpmm,top5,0,file_brain_AXT1POST_208_2080352,5,0,12.43746830866887
AXT1POST,patch,dpmm_p128_t50,dpmm,top5,0,file_brain_AXT1POST_208_2080477,4,0,12.502939077524038
AXT1POST,patch,dpmm_p128_t50,dpmm,top5,0,file_brain_AXT1POST_208_2080422,5,0,14.166729266826923
AXT1POST,patch,dpmm_p128_t50,dpmm,top5,0,file_brain_AXT1POST_202_6000302,9,0,13.082773061899038
AXT1POST,patch,dpmm_p128_t50,dpmm,top5,0,file_brain_AXT1POST_207_2070365,10,0,13.628065842848558
AXT1POST,patch,dpmm_p128_t50,dpmm,top5,0,file_brain_AXT1POST_200_6002340,4,0,12.858588585486778
AXT1POST,patch,dpmm_p128_t50,dpmm,top5,0,file_brain_AXT1POST_208_2080075,4,0,14.137256328876202
AXT1POST,patch,dpmm_p128_t50,dpmm,top5,0,file_brain_AXT1POST_203_6000869,4,0,13.04748769906851
AXT1POST,patch,dpmm_p128_t50,dpmm,top5,0,file_brain_AXT1POST_207_2070479,4,0,13.97747333233173
AXT1POST,patch,dpmm_p128_t50,dpmm,top5,0,file_brain_AXT1POST_209_6001250,5,0,12.142812875600962
AXT1POST,patch,dpmm_p128_t50,dpmm,top5,0,file_brain_AXT1POST_207_2070009,12,0,13.42969219501202
AXT1POST,patch,dpmm_p128_t50,dpmm,top5,0,file_brain_AXT1POST_205_2050148,5,0,11.651343712439903
AXT1POST,patch,dpmm_p128_t50,dpmm,top5,0,file_brain_AXT1POST_203_6000597,7,0,12.34735576923077
AXT1POST,patch,dpmm_p128_t50,dpmm,top5,0,file_brain_AXT1POST_202_6000281,10,0,14.673941979041466
AXT1POST,patch,dpmm_p128_t50,dpmm,top5,0,file_brain_AXT1POST_203_6000827,10,0,14.222947340745192
AXT1POST,patch,dpmm_p128_t50,dpmm,top5,0,file_brain_AXT1POST_207_2070547,11,0,12.586713350736177
AXT1POST,patch,dpmm_p128_t50,dpmm,top5,0,file_brain_AXT1POST_209_6001458,7,0,11.776800302358774
AXT1POST,patch,dpmm_p128_t50,dpmm,top5,0,file_brain_AXT1POST_210_6001645,6,0,12.302748460036058
AXT1POST,patch,dpmm_p128_t50,dpmm,top5,0,file_brain_AXT1POST_207_2070099,12,0,12.900635939378004
AXT1POST,patch,dpmm_p128_t50,dpmm,top5,0,file_brain_AXT1POST_207_2070241,11,0,12.949170626126802
AXT1POST,patch,dpmm_p128_t50,dpmm,top5,0,file_brain_AXT1POST_207_2070786,7,0,12.22625967172476
AXT1POST,patch,dpmm_p128_t50,dpmm,top5,0,file_brain_AXT1POST_208_2080493,8,0,11.90820547250601
AXT1POST,patch,dpmm_p128_t50,dpmm,top5,0,file_brain_AXT1POST_208_2080082,7,0,12.130412175105167
AXT1POST,patch,dpmm_p128_t50,dpmm,top5,0,file_brain_AXT1POST_207_2070479,7,0,12.540001502403847
AXT1POST,patch,dpmm_p128_t50,dpmm,top5,0,file_brain_AXT1POST_210_6001735,12,0,13.809080857496996
AXT1POST,patch,dpmm_p128_t50,dpmm,top5,0,file_brain_AXT1POST_202_6000341,5,0,12.806868333082933
AXT1POST,patch,dpmm_p128_t50,dpmm,top5,0,file_brain_AXT1POST_203_6000657,10,0,13.260171743539663
AXT1POST,patch,dpmm_p128_t50,dpmm,top5,0,file_brain_AXT1POST_208_2080082,6,0,12.879802997295673
AXT1POST,patch,dpmm_p128_t50,dpmm,top5,0,file_brain_AXT1POST_205_2050189,6,0,12.900438748873198
AXT1POST,patch,dpmm_p128_t50,dpmm,top5,0,file_brain_AXT1POST_208_2080082,9,0,13.075304471529448
AXT1POST,patch,dpmm_p128_t50,dpmm,top5,0,file_brain_AXT1POST_207_2070357,8,0,13.055980975811298
AXT1POST,patch,dpmm_p128_t50,dpmm,top5,0,file_brain_AXT1POST_207_2070009,8,0,13.214216965895433
AXT1POST,patch,dpmm_p128_t50,dpmm,top5,0,file_brain_AXT1POST_203_6000774,5,0,12.390294001652645
AXT1POST,patch,dpmm_p128_t50,dpmm,top5,0,file_brain_AXT1POST_203_6000597,11,0,12.745884821965145
AXT1POST,patch,dpmm_p128_t50,dpmm,top5,0,file_brain_AXT1POST_207_2070786,6,0,12.902397742638222
AXT1POST,patch,dpmm_p128_t50,dpmm,top5,0,file_brain_AXT1POST_203_6000597,10,0,11.336411696213942
AXT1POST,patch,dpmm_p128_t50,dpmm,top5,0,file_brain_AXT1POST_203_6000877,9,0,13.20617441030649
AXT1POST,patch,dpmm_p128_t50,dpmm,top5,0,file_brain_AXT1POST_203_6000657,12,0,14.338449331430288
AXT1POST,patch,dpmm_p128_t50,dpmm,top5,0,file_brain_AXT1POST_208_2080352,10,0,12.10406024639423
AXT1POST,patch,dpmm_p128_t50,dpmm,top5,0,file_brain_AXT1POST_207_2070354,6,0,11.547992412860577
AXT1POST,patch,dpmm_p128_t50,dpmm,top5,0,file_brain_AXT1POST_201_6002920,12,0,12.998028094951923
AXT1POST,patch,dpmm_p128_t50,dpmm,top5,0,file_brain_AXT1POST_208_2080304,10,0,13.490771953876202
AXT1POST,patch,dpmm_p128_t50,dpmm,top5,0,file_brain_AXT1POST_209_6001320,10,0,13.392450185922476
AXT1POST,patch,dpmm_p128_t50,dpmm,top5,0,file_brain_AXT1POST_207_2070009,5,0,12.31792978140024
AXT1POST,patch,dpmm_p128_t50,dpmm,top5,0,file_brain_AXT1POST_207_2070034,6,0,12.276134784405048
AXT1POST,patch,dpmm_p128_t50,dpmm,top5,0,file_brain_AXT1POST_205_2050102,5,0,12.393411489633413
AXT1POST,patch,dpmm_p128_t50,dpmm,top5,0,file_brain_AXT1POST_207_2070490,5,0,12.195848905123198
AXT1POST,patch,dpmm_p128_t50,dpmm,top5,0,file_brain_AXT1POST_208_2080208,7,0,11.938181950495792
AXT1POST,patch,dpmm_p128_t50,dpmm,top5,0,file_brain_AXT1POST_205_2050102,7,0,11.981656588040865
AXT1POST,patch,dpmm_p128_t50,dpmm,top5,0,file_brain_AXT1POST_205_2050102,4,0,12.348557692307692
AXT1POST,patch,dpmm_p128_t50,dpmm,top5,0,file_brain_AXT1POST_203_6000827,4,0,12.22323491023137
AXT1POST,patch,dpmm_p128_t50,dpmm,top5,0,file_brain_AXT1POST_207_2070809,6,0,12.003342848557692
AXT1POST,patch,dpmm_p128_t50,dpmm,top5,0,file_brain_AXT1POST_200_6002340,6,0,12.11116966834435
AXT1POST,patch,dpmm_p128_t50,dpmm,top5,0,file_brain_AXT1POST_207_2070479,10,0,13.159839336688702
AXT1POST,patch,dpmm_p128_t50,dpmm,top5,0,file_brain_AXT1POST_201_6002862,6,0,13.065994262695312
AXT1POST,patch,dpmm_p128_t50,dpmm,top5,0,file_brain_AXT1POST_203_6000760,8,0,12.23958763709435
AXT1POST,patch,dpmm_p128_t50,dpmm,top5,0,file_brain_AXT1POST_207_2070251,7,0,12.315558800330528
AXT1POST,patch,dpmm_p128_t50,dpmm,top5,0,file_brain_AXT1POST_208_2080062,10,0,11.909043532151442
AXT1POST,patch,dpmm_p128_t50,dpmm,top5,0,file_brain_AXT1POST_207_2070786,11,0,12.245807354266827
AXT1POST,patch,dpmm_p128_t50,dpmm,top5,0,file_brain_AXT1POST_200_6001996,12,0,13.297008807842548
AXT1POST,patch,dpmm_p128_t50,dpmm,top5,0,file_brain_AXT1POST_209_6001109,8,0,11.801011305588942
AXT1POST,patch,dpmm_p128_t50,dpmm,top5,0,file_brain_AXT1POST_205_2050159,9,0,13.115450345552885
AXT1POST,patch,dpmm_p128_t50,dpmm,top5,0,file_brain_AXT1POST_203_6000760,5,0,12.633197490985577
AXT1POST,patch,dpmm_p128_t50,dpmm,top5,0,file_brain_AXT1POST_208_2080075,9,0,12.58096430851863
AXT1POST,patch,dpmm_p128_t50,dpmm,top5,0,file_brain_AXT1POST_200_6002305,12,0,16.0054203913762
AXT1POST,patch,dpmm_p128_t50,dpmm,top5,0,file_brain_AXT1POST_200_6002340,7,0,11.591906034029448
AXT1POST,patch,dpmm_p128_t50,dpmm,top5,0,file_brain_AXT1POST_203_6000848,8,0,12.067054161658653
AXT1POST,patch,dpmm_p128_t50,dpmm,top5,0,file_brain_AXT1POST_208_2080345,12,0,13.18640371469351
AXT1POST,patch,dpmm_p128_t50,dpmm,top5,0,file_brain_AXT1POST_201_6002749,10,0,13.95095473069411
AXT1POST,patch,dpmm_p128_t50,dpmm,top5,0,file_brain_AXT1POST_200_6001959,5,0,13.527100783128004
AXT1POST,patch,dpmm_p128_t50,dpmm,top5,0,file_brain_AXT1POST_208_2080477,8,0,12.590052678034855
AXT1POST,patch,dpmm_p128_t50,dpmm,top5,0,file_brain_AXT1POST_208_2080383,6,0,12.62804941030649
AXT1POST,patch,dpmm_p128_t50,dpmm,top5,0,file_brain_AXT1POST_201_6002707,7,0,13.80978745680589
AXT1POST,patch,dpmm_p128_t50,dpmm,top5,0,file_brain_AXT1POST_203_6000861,4,0,14.259258563701923
AXT1POST,patch,dpmm_p128_t50,dpmm,top5,0,file_brain_AXT1POST_209_6001109,7,0,12.74713134765625
AXT1POST,patch,dpmm_p128_t50,dpmm,top5,0,file_brain_AXT1POST_203_6000760,4,0,14.328121478740986
AXT1POST,patch,dpmm_p128_t50,dpmm,top5,0,file_brain_AXT1POST_208_2080154,6,0,12.927142803485577
AXT1POST,patch,dpmm_p128_t50,dpmm,top5,0,file_brain_AXT1POST_201_6002749,6,0,12.916175255408653
AXT1POST,patch,dpmm_p128_t50,dpmm,top5,0,file_brain_AXT1POST_203_6000597,5,0,13.90057373046875
AXT1POST,patch,dpmm_p128_t50,dpmm,top5,0,file_brain_AXT1POST_203_6000848,12,0,15.847879263070913
AXT1POST,patch,dpmm_p128_t50,dpmm,top5,0,file_brain_AXT1POST_207_2070809,12,0,13.716477614182692
AXT1POST,patch,dpmm_p128_t50,dpmm,top5,0,file_brain_AXT1POST_208_2120069,8,0,12.97122544508714
AXT1POST,patch,dpmm_p128_t50,dpmm,top5,0,file_brain_AXT1POST_205_2050189,7,0,13.563922588641827
AXT1POST,patch,dpmm_p128_t50,dpmm,top5,0,file_brain_AXT1POST_200_6002337,12,0,13.371079664963942
AXT1POST,patch,dpmm_p128_t50,dpmm,top5,0,file_brain_AXT1POST_207_2070251,12,0,13.121260422926683
AXT1POST,patch,dpmm_p128_t50,dpmm,top5,0,file_brain_AXT1POST_207_2070635,6,0,12.95068359375
AXT1POST,patch,dpmm_p128_t50,dpmm,top5,0,file_brain_AXT1POST_201_6002680,5,0,12.816570575420673
AXT1POST,patch,dpmm_p128_t50,dpmm,top5,0,file_brain_AXT1POST_208_2080213,7,0,12.032957810621996
AXT1POST,patch,dpmm_p128_t50,dpmm,top5,0,file_brain_AXT1POST_208_2080576,9,0,12.263671875
AXT1POST,patch,dpmm_p128_t50,dpmm,top5,0,file_brain_AXT1POST_208_2080275,6,0,12.488548865685097
AXT1POST,patch,dpmm_p128_t50,dpmm,top5,0,file_brain_AXT1POST_208_2080213,6,0,11.904566838191105
AXT1POST,patch,dpmm_p128_t50,dpmm,top5,0,file_brain_AXT1POST_208_2080213,12,0,14.440284142127403
AXT1POST,patch,dpmm_p128_t50,dpmm,top5,0,file_brain_AXT1POST_201_6002673,4,0,13.963941133939302
AXT1POST,patch,dpmm_p128_t50,dpmm,top5,0,file_brain_AXT1POST_210_6001771,4,0,13.046074500450722
AXT1POST,patch,dpmm_p128_t50,dpmm,top5,0,file_brain_AXT1POST_207_2070251,9,0,11.791588416466347
AXT1POST,patch,dpmm_p128_t50,dpmm,top5,0,file_brain_AXT1POST_201_6002703,0,1,15.642206045297476
AXT1POST,patch,dpmm_p128_t50,dpmm,top5,0,file_brain_AXT1POST_201_6002703,1,1,14.315317007211538
AXT1POST,patch,dpmm_p128_t50,dpmm,top5,0,file_brain_AXT1POST_201_6002703,2,1,13.56872793344351
AXT1POST,patch,dpmm_p128_t50,dpmm,top5,0,file_brain_AXT1POST_201_6002703,3,1,13.70099111703726
AXT1POST,patch,dpmm_p128_t50,dpmm,top5,0,file_brain_AXT1POST_201_6002703,4,1,13.214874267578125
AXT1POST,patch,dpmm_p128_t50,dpmm,top5,0,file_brain_AXT1POST_201_6002703,5,1,12.676565317007212
AXT1POST,patch,dpmm_p128_t50,dpmm,top5,0,file_brain_AXT1POST_201_6002703,6,1,13.357471172626202
AXT1POST,patch,dpmm_p128_t50,dpmm,top5,0,file_brain_AXT1POST_201_6002703,7,1,12.11574495755709
AXT1POST,patch,dpmm_p128_t50,dpmm,top5,0,file_brain_AXT1POST_201_6002703,8,1,12.53625018780048
AXT1POST,patch,dpmm_p128_t50,dpmm,top5,0,file_brain_AXT1POST_201_6002703,9,1,13.55819115271935
AXT1POST,patch,dpmm_p128_t50,dpmm,top5,0,file_brain_AXT1POST_201_6002703,10,1,12.428888174203726
AXT1POST,patch,dpmm_p128_t50,dpmm,top5,0,file_brain_AXT1POST_201_6002703,11,1,13.6173095703125
AXT1POST,patch,dpmm_p128_t50,dpmm,top5,0,file_brain_AXT1POST_201_6002703,12,1,13.74468524639423
AXT1POST,patch,dpmm_p128_t50,dpmm,top5,0,file_brain_AXT1POST_201_6002703,13,1,14.775066669170673
AXT1POST,patch,dpmm_p128_t50,dpmm,top5,0,file_brain_AXT1POST_201_6002703,14,1,14.710126436673677
AXT1POST,patch,dpmm_p128_t50,dpmm,top5,0,file_brain_AXT1POST_201_6002683,0,1,15.370044414813702
AXT1POST,patch,dpmm_p128_t50,dpmm,top5,0,file_brain_AXT1POST_201_6002683,1,1,14.743929349459135
AXT1POST,patch,dpmm_p128_t50,dpmm,top5,0,file_brain_AXT1POST_201_6002683,2,1,14.908477783203125
AXT1POST,patch,dpmm_p128_t50,dpmm,top5,0,file_brain_AXT1POST_201_6002683,3,1,14.003030630258413
AXT1POST,patch,dpmm_p128_t50,dpmm,top5,0,file_brain_AXT1POST_201_6002683,4,1,14.076862041766827
AXT1POST,patch,dpmm_p128_t50,dpmm,top5,0,file_brain_AXT1POST_201_6002683,5,1,14.19952862079327
AXT1POST,patch,dpmm_p128_t50,dpmm,top5,0,file_brain_AXT1POST_201_6002683,6,1,14.619093674879808
AXT1POST,patch,dpmm_p128_t50,dpmm,top5,0,file_brain_AXT1POST_201_6002683,7,1,13.966510479266827
AXT1POST,patch,dpmm_p128_t50,dpmm,top5,0,file_brain_AXT1POST_201_6002683,8,1,13.843153733473558
AXT1POST,patch,dpmm_p128_t50,dpmm,top5,0,file_brain_AXT1POST_201_6002683,9,1,14.521528977614183
AXT1POST,patch,dpmm_p128_t50,dpmm,top5,0,file_brain_AXT1POST_201_6002683,10,1,14.585707444411058
AXT1POST,patch,dpmm_p128_t50,dpmm,top5,0,file_brain_AXT1POST_201_6002683,11,1,14.405742938701923
AXT1POST,patch,dpmm_p128_t50,dpmm,top5,0,file_brain_AXT1POST_201_6002683,12,1,14.585557204026442
AXT1POST,patch,dpmm_p128_t50,dpmm,top5,0,file_brain_AXT1POST_201_6002683,13,1,15.87163837139423
AXT1POST,patch,dpmm_p128_t50,dpmm,top5,0,file_brain_AXT1POST_200_6002033,0,1,13.810157189002403
AXT1POST,patch,dpmm_p128_t50,dpmm,top5,0,file_brain_AXT1POST_200_6002033,1,1,14.169617872971754
AXT1POST,patch,dpmm_p128_t50,dpmm,top5,0,file_brain_AXT1POST_200_6002033,2,1,14.104931171123798
AXT1POST,patch,dpmm_p128_t50,dpmm,top5,0,file_brain_AXT1POST_200_6002033,3,1,13.29821307842548
AXT1POST,patch,dpmm_p128_t50,dpmm,top5,0,file_brain_AXT1POST_201_6002817,0,1,13.837540846604567
AXT1POST,patch,dpmm_p128_t50,dpmm,top5,0,file_brain_AXT1POST_200_6002188,0,1,14.448060255784254
AXT1POST,patch,dpmm_p128_t50,dpmm,top5,0,file_brain_AXT1POST_200_6002188,1,1,14.729344294621395
AXT1POST,patch,dpmm_p128_t50,dpmm,top5,0,file_brain_AXT1POST_200_6002188,2,1,13.52517582820012
AXT1POST,patch,dpmm_p128_t50,dpmm,top5,0,file_brain_AXT1POST_200_6002188,3,1,13.034380399263823
AXT1POST,patch,dpmm_p128_t50,dpmm,top5,0,file_brain_AXT1POST_200_6002188,4,1,12.549464299128605
AXT1POST,patch,dpmm_p128_t50,dpmm,top5,0,file_brain_AXT1POST_200_6002188,5,1,12.879868727463942
AXT1POST,patch,dpmm_p128_t50,dpmm,top5,0,file_brain_AXT1POST_200_6002188,6,1,13.336578369140625
AXT1POST,patch,dpmm_p128_t50,dpmm,top5,0,file_brain_AXT1POST_200_6002188,7,1,13.599929809570312
AXT1POST,patch,dpmm_p128_t50,dpmm,top5,0,file_brain_AXT1POST_200_6002188,8,1,13.402796818659855
AXT1POST,patch,dpmm_p128_t50,dpmm,top5,0,file_brain_AXT1POST_200_6002188,9,1,13.769277719350962
AXT1POST,patch,dpmm_p128_t50,dpmm,top5,0,file_brain_AXT1POST_200_6002188,10,1,15.108367919921875
AXT1POST,patch,dpmm_p128_t50,dpmm,top5,0,file_brain_AXT1POST_200_6002188,11,1,14.071922889122597
AXT1POST,patch,dpmm_p128_t50,dpmm,top5,0,file_brain_AXT1POST_200_6002188,12,1,13.406876784104567
AXT1POST,patch,dpmm_p128_t50,dpmm,top5,0,file_brain_AXT1POST_200_6002188,13,1,13.808902447040264
AXT1POST,patch,dpmm_p128_t50,dpmm,top5,0,file_brain_AXT1POST_200_6002188,14,1,15.054057194636417
AXT1POST,patch,dpmm_p128_t50,dpmm,top5,0,file_brain_AXT1POST_200_6002337,0,1,14.837279099684496
AXT1POST,patch,dpmm_p128_t50,dpmm,top5,0,file_brain_AXT1POST_200_6002337,1,1,14.284351055438702
AXT1POST,patch,dpmm_p128_t50,dpmm,top5,0,file_brain_AXT1POST_200_6002337,2,1,14.915836040790264
AXT1POST,patch,dpmm_p128_t50,dpmm,top5,0,file_brain_AXT1POST_200_6002337,3,1,13.702776395357573
AXT1POST,patch,dpmm_p128_t50,dpmm,top5,0,file_brain_AXT1POST_200_6002337,4,1,13.660851111778847
AXT1POST,patch,dpmm_p128_t50,dpmm,top5,0,file_brain_AXT1POST_201_6002735,0,1,14.71179433969351
AXT1POST,patch,dpmm_p128_t50,dpmm,top5,0,file_brain_AXT1POST_201_6002735,1,1,15.651135958158052
AXT1POST,patch,dpmm_p128_t50,dpmm,top5,0,file_brain_AXT1POST_201_6002735,2,1,15.207172100360577
AXT1POST,patch,dpmm_p128_t50,dpmm,top5,0,file_brain_AXT1POST_201_6002735,3,1,14.81957538311298
AXT1POST,patch,dpmm_p128_t50,dpmm,top5,0,file_brain_AXT1POST_201_6002735,4,1,14.77896000788762
AXT1POST,patch,dpmm_p128_t50,dpmm,top5,0,file_brain_AXT1POST_201_6002735,5,1,13.717023409329927
AXT1POST,patch,dpmm_p128_t50,dpmm,top5,0,file_brain_AXT1POST_201_6002735,6,1,13.124090341421274
AXT1POST,patch,dpmm_p128_t50,dpmm,top5,0,file_brain_AXT1POST_201_6002735,7,1,12.994402371920073
AXT1POST,patch,dpmm_p128_t50,dpmm,top5,0,file_brain_AXT1POST_201_6002735,8,1,12.923297588641827
AXT1POST,patch,dpmm_p128_t50,dpmm,top5,0,file_brain_AXT1POST_201_6002735,9,1,12.715256911057692
AXT1POST,patch,dpmm_p128_t50,dpmm,top5,0,file_brain_AXT1POST_201_6002735,10,1,13.053595909705528
AXT1POST,patch,dpmm_p128_t50,dpmm,top5,0,file_brain_AXT1POST_201_6002735,11,1,13.081136850210337
AXT1POST,patch,dpmm_p128_t50,dpmm,top5,0,file_brain_AXT1POST_200_6002089,4,1,13.412731464092548
AXT1POST,patch,dpmm_p128_t50,dpmm,top5,0,file_brain_AXT1POST_200_6002089,5,1,13.112419715294472
AXT1POST,patch,dpmm_p128_t50,dpmm,top5,0,file_brain_AXT1POST_200_6002089,6,1,13.270263671875
AXT1POST,patch,dpmm_p128_t50,dpmm,top5,0,file_brain_AXT1POST_200_6002089,7,1,12.941570575420673
AXT1POST,patch,dpmm_p128_t50,dpmm,top5,0,file_brain_AXT1POST_200_6002089,8,1,12.84340609036959
AXT1POST,patch,dpmm_p128_t50,dpmm,top5,0,file_brain_AXT1POST_200_6002089,9,1,13.83996347280649
AXT1POST,patch,dpmm_p128_t50,dpmm,top5,0,file_brain_AXT1POST_200_6002089,10,1,15.444348848783052
AXT1POST,patch,dpmm_p128_t50,dpmm,top5,0,file_brain_AXT1POST_200_6002089,11,1,14.82330791766827
AXT1POST,patch,dpmm_p128_t50,dpmm,top5,0,file_brain_AXT1POST_200_6002089,12,1,15.654104379507212
AXT1POST,patch,dpmm_p128_t50,dpmm,top5,0,file_brain_AXT1POST_200_6002089,13,1,15.284375704251802
AXT1POST,patch,dpmm_p128_t50,dpmm,top5,0,file_brain_AXT1POST_200_6002089,14,1,14.978360689603365
AXT1POST,patch,dpmm_p128_t50,dpmm,top5,0,file_brain_AXT1POST_200_6002089,15,1,14.62918442946214
AXT1POST,patch,dpmm_p128_t50,dpmm,top5,0,file_brain_AXT1POST_200_6002065,0,1,14.664400540865385
AXT1POST,patch,dpmm_p128_t50,dpmm,top5,0,file_brain_AXT1POST_200_6002065,1,1,14.766674335186298
AXT1POST,patch,dpmm_p128_t50,dpmm,top5,0,file_brain_AXT1POST_200_6002065,2,1,14.855309119591347
AXT1POST,patch,dpmm_p128_t50,dpmm,top5,0,file_brain_AXT1POST_200_6002065,3,1,15.13504615196815
AXT1POST,patch,dpmm_p128_t50,dpmm,top5,0,file_brain_AXT1POST_200_6002065,4,1,13.670239962064302
AXT1POST,patch,dpmm_p128_t50,dpmm,top5,0,file_brain_AXT1POST_200_6002065,5,1,13.351443950946514
AXT1POST,patch,dpmm_p128_t50,dpmm,top5,0,file_brain_AXT1POST_200_6002065,10,1,12.993401160606972
AXT1POST,patch,dpmm_p128_t50,dpmm,top5,0,file_brain_AXT1POST_200_6002396,0,1,14.370093712439903
AXT1POST,patch,dpmm_p128_t50,dpmm,top5,1,file_brain_AXT1POST_207_2070010,8,0,12.960809560922476
AXT1POST,patch,dpmm_p128_t50,dpmm,top5,1,file_brain_AXT1POST_208_2080493,5,0,13.488606379582333
AXT1POST,patch,dpmm_p128_t50,dpmm,top5,1,file_brain_AXT1POST_201_6002795,10,0,12.693048330453726
AXT1POST,patch,dpmm_p128_t50,dpmm,top5,1,file_brain_AXT1POST_207_2070214,6,0,14.07653339092548
AXT1POST,patch,dpmm_p128_t50,dpmm,top5,1,file_brain_AXT1POST_208_2080275,5,0,12.130535419170673
AXT1POST,patch,dpmm_p128_t50,dpmm,top5,1,file_brain_AXT1POST_201_6002760,10,0,12.882819542518028
AXT1POST,patch,dpmm_p128_t50,dpmm,top5,1,file_brain_AXT1POST_201_6002778,7,0,14.249127901517427
AXT1POST,patch,dpmm_p128_t50,dpmm,top5,1,file_brain_AXT1POST_207_2070418,12,0,13.334435096153847
AXT1POST,patch,dpmm_p128_t50,dpmm,top5,1,file_brain_AXT1POST_200_6002259,8,0,11.991912841796875
AXT1POST,patch,dpmm_p128_t50,dpmm,top5,1,file_brain_AXT1POST_207_2070251,10,0,13.782092754657452
AXT1POST,patch,dpmm_p128_t50,dpmm,top5,1,file_brain_AXT1POST_203_6000877,5,0,13.90954355093149
AXT1POST,patch,dpmm_p128_t50,dpmm,top5,1,file_brain_AXT1POST_200_6002337,5,0,13.479356032151442
AXT1POST,patch,dpmm_p128_t50,dpmm,top5,1,file_brain_AXT1POST_202_6000417,9,0,14.02569110576923
AXT1POST,patch,dpmm_p128_t50,dpmm,top5,1,file_brain_AXT1POST_203_6000712,6,0,13.78554476224459
AXT1POST,patch,dpmm_p128_t50,dpmm,top5,1,file_brain_AXT1POST_208_2080244,8,0,13.650925856370192
AXT1POST,patch,dpmm_p128_t50,dpmm,top5,1,file_brain_AXT1POST_210_6001735,5,0,13.693164532001202
AXT1POST,patch,dpmm_p128_t50,dpmm,top5,1,file_brain_AXT1POST_201_6002920,8,0,15.137674184945913
AXT1POST,patch,dpmm_p128_t50,dpmm,top5,1,file_brain_AXT1POST_205_2050255,6,0,12.810720590444712
AXT1POST,patch,dpmm_p128_t50,dpmm,top5,1,file_brain_AXT1POST_207_2070450,7,0,12.503894512469952
AXT1POST,patch,dpmm_p128_t50,dpmm,top5,1,file_brain_AXT1POST_210_6001790,8,0,14.564643272986778
AXT1POST,patch,dpmm_p128_t50,dpmm,top5,1,file_brain_AXT1POST_209_6001234,12,0,14.927032470703125
AXT1POST,patch,dpmm_p128_t50,dpmm,top5,1,file_brain_AXT1POST_208_2080392,12,0,14.27223909818209
AXT1POST,patch,dpmm_p128_t50,dpmm,top5,1,file_brain_AXT1POST_210_6001699,5,0,13.107847947340746
AXT1POST,patch,dpmm_p128_t50,dpmm,top5,1,file_brain_AXT1POST_208_2080393,4,0,12.9222658597506
AXT1POST,patch,dpmm_p128_t50,dpmm,top5,1,file_brain_AXT1POST_200_6002396,11,0,13.498798076923077
AXT1POST,patch,dpmm_p128_t50,dpmm,top5,1,file_brain_AXT1POST_207_2070804,10,0,14.402117215670073
AXT1POST,patch,dpmm_p128_t50,dpmm,top5,1,file_brain_AXT1POST_202_6000269,7,0,13.962848369891827
AXT1POST,patch,dpmm_p128_t50,dpmm,top5,1,file_brain_AXT1POST_207_2070809,7,0,12.612748366135817
AXT1POST,patch,dpmm_p128_t50,dpmm,top5,1,file_brain_AXT1POST_207_2070095,4,0,12.75339566744291
AXT1POST,patch,dpmm_p128_t50,dpmm,top5,1,file_brain_AXT1POST_210_6001787,11,0,12.832195575420673
AXT1POST,patch,dpmm_p128_t50,dpmm,top5,1,file_brain_AXT1POST_207_2070765,4,0,15.59997793344351
AXT1POST,patch,dpmm_p128_t50,dpmm,top5,1,file_brain_AXT1POST_207_2070095,11,0,13.731550950270433
AXT1POST,patch,dpmm_p128_t50,dpmm,top5,1,file_brain_AXT1POST_207_2070651,11,0,14.200371375450722
AXT1POST,patch,dpmm_p128_t50,dpmm,top5,1,file_brain_AXT1POST_208_2080422,12,0,13.422614464393028
AXT1POST,patch,dpmm_p128_t50,dpmm,top5,1,file_brain_AXT1POST_203_6000760,9,0,13.21969956618089
AXT1POST,patch,dpmm_p128_t50,dpmm,top5,1,file_brain_AXT1POST_201_6002814,6,0,13.305343627929688
AXT1POST,patch,dpmm_p128_t50,dpmm,top5,1,file_brain_AXT1POST_202_6000417,4,0,14.484478290264423
AXT1POST,patch,dpmm_p128_t50,dpmm,top5,1,file_brain_AXT1POST_207_2070259,5,0,13.480964073768028
AXT1POST,patch,dpmm_p128_t50,dpmm,top5,1,file_brain_AXT1POST_208_2080244,5,0,13.352589533879208
AXT1POST,patch,dpmm_p128_t50,dpmm,top5,1,file_brain_AXT1POST_203_6000877,11,0,14.404006958007812
AXT1POST,patch,dpmm_p128_t50,dpmm,top5,1,file_brain_AXT1POST_200_6001996,9,0,12.554894080528847
AXT1POST,patch,dpmm_p128_t50,dpmm,top5,1,file_brain_AXT1POST_210_6001735,4,0,13.454765906700722
AXT1POST,patch,dpmm_p128_t50,dpmm,top5,1,file_brain_AXT1POST_208_2080624,6,0,12.874159592848558
AXT1POST,patch,dpmm_p128_t50,dpmm,top5,1,file_brain_AXT1POST_205_2050146,5,0,13.82473637507512
AXT1POST,patch,dpmm_p128_t50,dpmm,top5,1,file_brain_AXT1POST_203_6000877,6,0,12.954230675330528
AXT1POST,patch,dpmm_p128_t50,dpmm,top5,1,file_brain_AXT1POST_201_6002795,12,0,14.539478008563702
AXT1POST,patch,dpmm_p128_t50,dpmm,top5,1,file_brain_AXT1POST_208_2080469,6,0,13.96942373422476
AXT1POST,patch,dpmm_p128_t50,dpmm,top5,1,file_brain_AXT1POST_210_6001797,5,0,14.295350294846754
AXT1POST,patch,dpmm_p128_t50,dpmm,top5,1,file_brain_AXT1POST_208_2080576,8,0,12.298497126652645
AXT1POST,patch,dpmm_p128_t50,dpmm,top5,1,file_brain_AXT1POST_205_6000148,6,0,12.968280498798077
AXT1POST,patch,dpmm_p128_t50,dpmm,top5,1,file_brain_AXT1POST_207_2070095,10,0,12.504925067608173
AXT1POST,patch,dpmm_p128_t50,dpmm,top5,1,file_brain_AXT1POST_201_6002731,10,0,13.796353853665865
AXT1POST,patch,dpmm_p128_t50,dpmm,top5,1,file_brain_AXT1POST_207_2070083,4,0,13.514644916240986
AXT1POST,patch,dpmm_p128_t50,dpmm,top5,1,file_brain_AXT1POST_208_2080704,4,0,13.395980834960938
AXT1POST,patch,dpmm_p128_t50,dpmm,top5,1,file_brain_AXT1POST_205_6000180,5,0,12.870776836688702
AXT1POST,patch,dpmm_p128_t50,dpmm,top5,1,file_brain_AXT1POST_201_6002920,6,0,14.853875967172476
AXT1POST,patch,dpmm_p128_t50,dpmm,top5,1,file_brain_AXT1POST_209_6001417,11,0,14.64520733173077
AXT1POST,patch,dpmm_p128_t50,dpmm,top5,1,file_brain_AXT1POST_203_6000774,4,0,13.964320256159855
AXT1POST,patch,dpmm_p128_t50,dpmm,top5,1,file_brain_AXT1POST_209_6001234,6,0,12.709349412184496
AXT1POST,patch,dpmm_p128_t50,dpmm,top5,1,file_brain_AXT1POST_208_2080154,9,0,13.014668391301083
AXT1POST,patch,dpmm_p128_t50,dpmm,top5,1,file_brain_AXT1POST_207_2070147,10,0,13.15844961313101
AXT1POST,patch,dpmm_p128_t50,dpmm,top5,1,file_brain_AXT1POST_205_2050102,9,0,14.108200073242188
AXT1POST,patch,dpmm_p128_t50,dpmm,top5,1,file_brain_AXT1POST_209_6001264,7,0,12.168853759765625
AXT1POST,patch,dpmm_p128_t50,dpmm,top5,1,file_brain_AXT1POST_207_2070034,7,0,12.695319542518028
AXT1POST,patch,dpmm_p128_t50,dpmm,top5,1,file_brain_AXT1POST_209_6001458,10,0,12.74377676156851
AXT1POST,patch,dpmm_p128_t50,dpmm,top5,1,file_brain_AXT1POST_206_6000235,10,0,14.820813692533052
AXT1POST,patch,dpmm_p128_t50,dpmm,top5,1,file_brain_AXT1POST_208_2080213,5,0,13.583324725811298
AXT1POST,patch,dpmm_p128_t50,dpmm,top5,1,file_brain_AXT1POST_200_6002396,9,0,12.281241783728966
AXT1POST,patch,dpmm_p128_t50,dpmm,top5,1,file_brain_AXT1POST_200_6002305,4,0,13.123006967397837
AXT1POST,patch,dpmm_p128_t50,dpmm,top5,1,file_brain_AXT1POST_207_2070651,12,0,14.517355111929087
AXT1POST,patch,dpmm_p128_t50,dpmm,top5,1,file_brain_AXT1POST_205_2050148,10,0,13.11986835186298
AXT1POST,patch,dpmm_p128_t50,dpmm,top5,1,file_brain_AXT1POST_208_2080469,4,0,14.76322232759916
AXT1POST,patch,dpmm_p128_t50,dpmm,top5,1,file_brain_AXT1POST_207_2070635,10,0,13.11477543757512
AXT1POST,patch,dpmm_p128_t50,dpmm,top5,1,file_brain_AXT1POST_207_2070133,8,0,11.985040517953726
AXT1POST,patch,dpmm_p128_t50,dpmm,top5,1,file_brain_AXT1POST_203_6000661,12,0,14.446168165940504
AXT1POST,patch,dpmm_p128_t50,dpmm,top5,1,file_brain_AXT1POST_203_6000760,6,0,13.059883704552284
AXT1POST,patch,dpmm_p128_t50,dpmm,top5,1,file_brain_AXT1POST_200_6002337,8,0,12.63833735539363
AXT1POST,patch,dpmm_p128_t50,dpmm,top5,1,file_brain_AXT1POST_208_2080393,12,0,15.260630680964542
AXT1POST,patch,dpmm_p128_t50,dpmm,top5,1,file_brain_AXT1POST_207_2070123,7,0,12.74145038311298
AXT1POST,patch,dpmm_p128_t50,dpmm,top5,1,file_brain_AXT1POST_201_6002772,8,0,13.647356473482573
AXT1POST,patch,dpmm_p128_t50,dpmm,top5,1,file_brain_AXT1POST_207_2070804,9,0,13.655043381911058
AXT1POST,patch,dpmm_p128_t50,dpmm,top5,1,file_brain_AXT1POST_208_2080469,12,0,14.556694617638222
AXT1POST,patch,dpmm_p128_t50,dpmm,top5,1,file_brain_AXT1POST_208_2080275,7,0,11.913288996769833
AXT1POST,patch,dpmm_p128_t50,dpmm,top5,1,file_brain_AXT1POST_209_6001264,4,0,13.262061485877403
AXT1POST,patch,dpmm_p128_t50,dpmm,top5,1,file_brain_AXT1POST_209_6001064,5,0,13.963016216571514
AXT1POST,patch,dpmm_p128_t50,dpmm,top5,1,file_brain_AXT1POST_201_6002920,4,0,14.503152700570913
AXT1POST,patch,dpmm_p128_t50,dpmm,top5,1,file_brain_AXT1POST_210_6001787,7,0,12.905860314002403
AXT1POST,patch,dpmm_p128_t50,dpmm,top5,1,file_brain_AXT1POST_203_6000661,4,0,15.22348844088041
AXT1POST,patch,dpmm_p128_t50,dpmm,top5,1,file_brain_AXT1POST_203_6000712,10,0,14.647174541766827
AXT1POST,patch,dpmm_p128_t50,dpmm,top5,1,file_brain_AXT1POST_210_6001797,4,0,15.059852013221153
AXT1POST,patch,dpmm_p128_t50,dpmm,top5,1,file_brain_AXT1POST_208_2080504,5,0,12.593705397385817
AXT1POST,patch,dpmm_p128_t50,dpmm,top5,1,file_brain_AXT1POST_208_2080421,4,0,15.406323946439302
AXT1POST,patch,dpmm_p128_t50,dpmm,top5,1,file_brain_AXT1POST_209_6001458,4,0,13.884461622971754
AXT1POST,patch,dpmm_p128_t50,dpmm,top5,1,file_brain_AXT1POST_207_2070133,6,0,13.914231520432692
AXT1POST,patch,dpmm_p128_t50,dpmm,top5,1,file_brain_AXT1POST_208_2080240,10,0,14.694258469801683
AXT1POST,patch,dpmm_p128_t50,dpmm,top5,1,file_brain_AXT1POST_208_2080493,9,0,13.694712712214542
AXT1POST,patch,dpmm_p128_t50,dpmm,top5,1,file_brain_AXT1POST_205_6000035,8,0,13.332194401667667
AXT1POST,patch,dpmm_p128_t50,dpmm,top5,1,file_brain_AXT1POST_208_2080393,7,0,12.650430532602163
AXT1POST,patch,dpmm_p128_t50,dpmm,top5,1,file_brain_AXT1POST_200_6002046,9,0,13.014031043419472
AXT1POST,patch,dpmm_p128_t50,dpmm,top5,1,file_brain_AXT1POST_206_6000235,8,0,13.52145737868089
AXT1POST,patch,dpmm_p128_t50,dpmm,top5,1,file_brain_AXT1POST_205_2050189,8,0,11.864588810847355
AXT1POST,patch,dpmm_p128_t50,dpmm,top5,1,file_brain_AXT1POST_210_6001771,11,0,14.001574002779448
AXT1POST,patch,dpmm_p128_t50,dpmm,top5,1,file_brain_AXT1POST_208_2120069,4,0,14.285799466646635
AXT1POST,patch,dpmm_p128_t50,dpmm,top5,1,file_brain_AXT1POST_201_6002862,11,0,14.017667330228365
AXT1POST,patch,dpmm_p128_t50,dpmm,top5,1,file_brain_AXT1POST_209_6001236,9,0,12.01131850022536
AXT1POST,patch,dpmm_p128_t50,dpmm,top5,1,file_brain_AXT1POST_200_6002349,12,0,14.40036128117488
AXT1POST,patch,dpmm_p128_t50,dpmm,top5,1,file_brain_AXT1POST_208_2080075,5,0,14.384354811448317
AXT1POST,patch,dpmm_p128_t50,dpmm,top5,1,file_brain_AXT1POST_210_6001735,9,0,12.91568345289964
AXT1POST,patch,dpmm_p128_t50,dpmm,top5,1,file_brain_AXT1POST_209_6001109,6,0,12.727503849909855
AXT1POST,patch,dpmm_p128_t50,dpmm,top5,1,file_brain_AXT1POST_203_6000869,8,0,12.636603722205528
AXT1POST,patch,dpmm_p128_t50,dpmm,top5,1,file_brain_AXT1POST_207_2070259,4,0,13.78493441068209
AXT1POST,patch,dpmm_p128_t50,dpmm,top5,1,file_brain_AXT1POST_203_6000712,9,0,14.464463454026442
AXT1POST,patch,dpmm_p128_t50,dpmm,top5,1,file_brain_AXT1POST_207_2070095,6,0,12.423940805288462
AXT1POST,patch,dpmm_p128_t50,dpmm,top5,1,file_brain_AXT1POST_200_6002413,11,0,13.43378155048077
AXT1POST,patch,dpmm_p128_t50,dpmm,top5,1,file_brain_AXT1POST_208_2080392,10,0,13.111783541165865
AXT1POST,patch,dpmm_p128_t50,dpmm,top5,1,file_brain_AXT1POST_203_6000661,5,0,14.352310180664062
AXT1POST,patch,dpmm_p128_t50,dpmm,top5,1,file_brain_AXT1POST_209_6001236,7,0,12.796536959134615
AXT1POST,patch,dpmm_p128_t50,dpmm,top5,1,file_brain_AXT1POST_207_2070809,10,0,13.034930889423077
AXT1POST,patch,dpmm_p128_t50,dpmm,top5,1,file_brain_AXT1POST_207_2070214,9,0,12.13311298076923
AXT1POST,patch,dpmm_p128_t50,dpmm,top5,1,file_brain_AXT1POST_208_2080704,10,0,13.166796170748198
AXT1POST,patch,dpmm_p128_t50,dpmm,top5,1,file_brain_AXT1POST_201_6002673,7,0,13.37188251201923
AXT1POST,patch,dpmm_p128_t50,dpmm,top5,1,file_brain_AXT1POST_203_6000657,4,0,12.614390446589542
AXT1POST,patch,dpmm_p128_t50,dpmm,top5,1,file_brain_AXT1POST_207_2070242,5,0,13.13552739070012
AXT1POST,patch,dpmm_p128_t50,dpmm,top5,1,file_brain_AXT1POST_208_2080493,11,0,13.181964580829327
AXT1POST,patch,dpmm_p128_t50,dpmm,top5,1,file_brain_AXT1POST_209_6001458,6,0,12.486134455754208
AXT1POST,patch,dpmm_p128_t50,dpmm,top5,1,file_brain_AXT1POST_208_2080421,6,0,12.897075946514423
AXT1POST,patch,dpmm_p128_t50,dpmm,top5,1,file_brain_AXT1POST_201_6002668,6,0,13.250561053936298
AXT1POST,patch,dpmm_p128_t50,dpmm,top5,1,file_brain_AXT1POST_200_6002349,4,0,13.492938701923077
AXT1POST,patch,dpmm_p128_t50,dpmm,top5,1,file_brain_AXT1POST_200_6002305,10,0,13.351524939903847
AXT1POST,patch,dpmm_p128_t50,dpmm,top5,1,file_brain_AXT1POST_207_2070651,6,0,14.145500769981972
AXT1POST,patch,dpmm_p128_t50,dpmm,top5,1,file_brain_AXT1POST_201_6002778,12,0,13.900888296274038
AXT1POST,patch,dpmm_p128_t50,dpmm,top5,1,file_brain_AXT1POST_200_6002349,11,0,13.635418231670673
AXT1POST,patch,dpmm_p128_t50,dpmm,top5,1,file_brain_AXT1POST_208_2080576,10,0,13.539332463191105
AXT1POST,patch,dpmm_p128_t50,dpmm,top5,1,file_brain_AXT1POST_207_2070765,8,0,12.543062650240385
AXT1POST,patch,dpmm_p128_t50,dpmm,top5,1,file_brain_AXT1POST_207_2070083,9,0,12.800513634314903
AXT1POST,patch,dpmm_p128_t50,dpmm,top5,1,file_brain_AXT1POST_207_2070547,10,0,13.108363224909855
AXT1POST,patch,dpmm_p128_t50,dpmm,top5,1,file_brain_AXT1POST_207_2070490,7,0,12.650963416466347
AXT1POST,patch,dpmm_p128_t50,dpmm,top5,1,file_brain_AXT1POST_207_2070553,4,0,13.109110905573917
AXT1POST,patch,dpmm_p128_t50,dpmm,top5,1,file_brain_AXT1POST_200_6002033,8,0,12.424805861253004
AXT1POST,patch,dpmm_p128_t50,dpmm,top5,1,file_brain_AXT1POST_208_2080345,8,0,12.97272198016827
AXT1POST,patch,dpmm_p128_t50,dpmm,top5,1,file_brain_AXT1POST_209_6001320,7,0,12.131063608022837
AXT1POST,patch,dpmm_p128_t50,dpmm,top5,1,file_brain_AXT1POST_207_2070357,4,0,15.541239811823917
AXT1POST,patch,dpmm_p128_t50,dpmm,top5,1,file_brain_AXT1POST_210_6001735,10,0,13.341226431039663
AXT1POST,patch,dpmm_p128_t50,dpmm,top5,1,file_brain_AXT1POST_207_2070127,7,0,12.657177264873798
AXT1POST,patch,dpmm_p128_t50,dpmm,top5,1,file_brain_AXT1POST_205_6000035,5,0,13.445260854867788
AXT1POST,patch,dpmm_p128_t50,dpmm,top5,1,file_brain_AXT1POST_202_6000269,5,0,15.733352661132812
AXT1POST,patch,dpmm_p128_t50,dpmm,top5,1,file_brain_AXT1POST_200_6002396,4,0,13.493246225210337
AXT1POST,patch,dpmm_p128_t50,dpmm,top5,1,file_brain_AXT1POST_200_6002392,10,0,13.32675288273738
AXT1POST,patch,dpmm_p128_t50,dpmm,top5,1,file_brain_AXT1POST_208_2080576,12,0,14.13843008188101
AXT1POST,patch,dpmm_p128_t50,dpmm,top5,1,file_brain_AXT1POST_201_6002731,4,0,15.653374305138222
AXT1POST,patch,dpmm_p128_t50,dpmm,top5,1,file_brain_AXT1POST_207_2070651,7,0,12.87176513671875
AXT1POST,patch,dpmm_p128_t50,dpmm,top5,1,file_brain_AXT1POST_207_2070327,9,0,12.579769427959736
AXT1POST,patch,dpmm_p128_t50,dpmm,top5,1,file_brain_AXT1POST_207_2070327,8,0,13.18558091383714
AXT1POST,patch,dpmm_p128_t50,dpmm,top5,1,file_brain_AXT1POST_205_6000035,4,0,13.286294790414663
AXT1POST,patch,dpmm_p128_t50,dpmm,top5,1,file_brain_AXT1POST_210_6001771,8,0,12.826326810396635
AXT1POST,patch,dpmm_p128_t50,dpmm,top5,1,file_brain_AXT1POST_205_2050259,4,0,14.047977154071514
AXT1POST,patch,dpmm_p128_t50,dpmm,top5,1,file_brain_AXT1POST_200_6002259,5,0,13.240167471078726
AXT1POST,patch,dpmm_p128_t50,dpmm,top5,1,file_brain_AXT1POST_207_2070251,11,0,13.363011286808895
AXT1POST,patch,dpmm_p128_t50,dpmm,top5,1,file_brain_AXT1POST_210_6001787,4,0,15.363011286808895
AXT1POST,patch,dpmm_p128_t50,dpmm,top5,1,file_brain_AXT1POST_203_6000861,5,0,14.927393986628605
AXT1POST,patch,dpmm_p128_t50,dpmm,top5,1,file_brain_AXT1POST_207_2070259,6,0,13.576435969426083
AXT1POST,patch,dpmm_p128_t50,dpmm,top5,1,file_brain_AXT1POST_208_2080352,5,0,12.746107835036058
AXT1POST,patch,dpmm_p128_t50,dpmm,top5,1,file_brain_AXT1POST_208_2080477,4,0,13.198182326096754
AXT1POST,patch,dpmm_p128_t50,dpmm,top5,1,file_brain_AXT1POST_208_2080422,5,0,14.582457322340746
AXT1POST,patch,dpmm_p128_t50,dpmm,top5,1,file_brain_AXT1POST_202_6000302,9,0,13.973785400390625
AXT1POST,patch,dpmm_p128_t50,dpmm,top5,1,file_brain_AXT1POST_207_2070365,10,0,14.065936748798077
AXT1POST,patch,dpmm_p128_t50,dpmm,top5,1,file_brain_AXT1POST_200_6002340,4,0,13.208486703725962
AXT1POST,patch,dpmm_p128_t50,dpmm,top5,1,file_brain_AXT1POST_208_2080075,4,0,14.67123765211839
AXT1POST,patch,dpmm_p128_t50,dpmm,top5,1,file_brain_AXT1POST_203_6000869,4,0,13.472259521484375
AXT1POST,patch,dpmm_p128_t50,dpmm,top5,1,file_brain_AXT1POST_207_2070479,4,0,14.621328500600962
AXT1POST,patch,dpmm_p128_t50,dpmm,top5,1,file_brain_AXT1POST_209_6001250,5,0,12.75467740572416
AXT1POST,patch,dpmm_p128_t50,dpmm,top5,1,file_brain_AXT1POST_207_2070009,12,0,13.717740572415865
AXT1POST,patch,dpmm_p128_t50,dpmm,top5,1,file_brain_AXT1POST_205_2050148,5,0,12.34159146822416
AXT1POST,patch,dpmm_p128_t50,dpmm,top5,1,file_brain_AXT1POST_203_6000597,7,0,13.22490985576923
AXT1POST,patch,dpmm_p128_t50,dpmm,top5,1,file_brain_AXT1POST_202_6000281,10,0,15.193614079402042
AXT1POST,patch,dpmm_p128_t50,dpmm,top5,1,file_brain_AXT1POST_203_6000827,10,0,14.537551879882812
AXT1POST,patch,dpmm_p128_t50,dpmm,top5,1,file_brain_AXT1POST_207_2070547,11,0,13.343426044170673
AXT1POST,patch,dpmm_p128_t50,dpmm,top5,1,file_brain_AXT1POST_209_6001458,7,0,12.45672607421875
AXT1POST,patch,dpmm_p128_t50,dpmm,top5,1,file_brain_AXT1POST_210_6001645,6,0,12.964614868164062
AXT1POST,patch,dpmm_p128_t50,dpmm,top5,1,file_brain_AXT1POST_207_2070099,12,0,13.437299288236177
AXT1POST,patch,dpmm_p128_t50,dpmm,top5,1,file_brain_AXT1POST_207_2070241,11,0,13.775016197791466
AXT1POST,patch,dpmm_p128_t50,dpmm,top5,1,file_brain_AXT1POST_207_2070786,7,0,12.84955303485577
AXT1POST,patch,dpmm_p128_t50,dpmm,top5,1,file_brain_AXT1POST_208_2080493,8,0,12.471976647010216
AXT1POST,patch,dpmm_p128_t50,dpmm,top5,1,file_brain_AXT1POST_208_2080082,7,0,12.621513953575722
AXT1POST,patch,dpmm_p128_t50,dpmm,top5,1,file_brain_AXT1POST_207_2070479,7,0,13.171440711388222
AXT1POST,patch,dpmm_p128_t50,dpmm,top5,1,file_brain_AXT1POST_210_6001735,12,0,14.413172795222355
AXT1POST,patch,dpmm_p128_t50,dpmm,top5,1,file_brain_AXT1POST_202_6000341,5,0,13.493558443509615
AXT1POST,patch,dpmm_p128_t50,dpmm,top5,1,file_brain_AXT1POST_203_6000657,10,0,13.87418189415565
AXT1POST,patch,dpmm_p128_t50,dpmm,top5,1,file_brain_AXT1POST_208_2080082,6,0,13.420072115384615
AXT1POST,patch,dpmm_p128_t50,dpmm,top5,1,file_brain_AXT1POST_205_2050189,6,0,13.45019766000601
AXT1POST,patch,dpmm_p128_t50,dpmm,top5,1,file_brain_AXT1POST_208_2080082,9,0,13.724405141977163
AXT1POST,patch,dpmm_p128_t50,dpmm,top5,1,file_brain_AXT1POST_207_2070357,8,0,13.417311448317308
AXT1POST,patch,dpmm_p128_t50,dpmm,top5,1,file_brain_AXT1POST_207_2070009,8,0,13.80597393329327
AXT1POST,patch,dpmm_p128_t50,dpmm,top5,1,file_brain_AXT1POST_203_6000774,5,0,13.057093693659855
AXT1POST,patch,dpmm_p128_t50,dpmm,top5,1,file_brain_AXT1POST_203_6000597,11,0,13.148627647986778
AXT1POST,patch,dpmm_p128_t50,dpmm,top5,1,file_brain_AXT1POST_207_2070786,6,0,13.309675950270433
AXT1POST,patch,dpmm_p128_t50,dpmm,top5,1,file_brain_AXT1POST_203_6000597,10,0,11.668565016526442
AXT1POST,patch,dpmm_p128_t50,dpmm,top5,1,file_brain_AXT1POST_203_6000877,9,0,13.993804931640625
AXT1POST,patch,dpmm_p128_t50,dpmm,top5,1,file_brain_AXT1POST_203_6000657,12,0,14.786190326397236
AXT1POST,patch,dpmm_p128_t50,dpmm,top5,1,file_brain_AXT1POST_208_2080352,10,0,12.732797475961538
AXT1POST,patch,dpmm_p128_t50,dpmm,top5,1,file_brain_AXT1POST_207_2070354,6,0,12.148321298452524
AXT1POST,patch,dpmm_p128_t50,dpmm,top5,1,file_brain_AXT1POST_201_6002920,12,0,13.610257662259615
AXT1POST,patch,dpmm_p128_t50,dpmm,top5,1,file_brain_AXT1POST_208_2080304,10,0,14.070335975060097
AXT1POST,patch,dpmm_p128_t50,dpmm,top5,1,file_brain_AXT1POST_209_6001320,10,0,13.901103093073917
AXT1POST,patch,dpmm_p128_t50,dpmm,top5,1,file_brain_AXT1POST_207_2070009,5,0,13.03271719125601
AXT1POST,patch,dpmm_p128_t50,dpmm,top5,1,file_brain_AXT1POST_207_2070034,6,0,13.059922438401442
AXT1POST,patch,dpmm_p128_t50,dpmm,top5,1,file_brain_AXT1POST_205_2050102,5,0,12.893296461838942
AXT1POST,patch,dpmm_p128_t50,dpmm,top5,1,file_brain_AXT1POST_207_2070490,5,0,12.689191378079927
AXT1POST,patch,dpmm_p128_t50,dpmm,top5,1,file_brain_AXT1POST_208_2080208,7,0,12.493963388296274
AXT1POST,patch,dpmm_p128_t50,dpmm,top5,1,file_brain_AXT1POST_205_2050102,7,0,12.449746938852163
AXT1POST,patch,dpmm_p128_t50,dpmm,top5,1,file_brain_AXT1POST_205_2050102,4,0,12.833263690655048
AXT1POST,patch,dpmm_p128_t50,dpmm,top5,1,file_brain_AXT1POST_203_6000827,4,0,12.964286217322716
AXT1POST,patch,dpmm_p128_t50,dpmm,top5,1,file_brain_AXT1POST_207_2070809,6,0,12.622265155498798
AXT1POST,patch,dpmm_p128_t50,dpmm,top5,1,file_brain_AXT1POST_200_6002340,6,0,12.414046067457933
AXT1POST,patch,dpmm_p128_t50,dpmm,top5,1,file_brain_AXT1POST_207_2070479,10,0,13.74133770282452
AXT1POST,patch,dpmm_p128_t50,dpmm,top5,1,file_brain_AXT1POST_201_6002862,6,0,13.832532442533052
AXT1POST,patch,dpmm_p128_t50,dpmm,top5,1,file_brain_AXT1POST_203_6000760,8,0,12.995330810546875
AXT1POST,patch,dpmm_p128_t50,dpmm,top5,1,file_brain_AXT1POST_207_2070251,7,0,12.673025277944712
AXT1POST,patch,dpmm_p128_t50,dpmm,top5,1,file_brain_AXT1POST_208_2080062,10,0,12.527233417217548
AXT1POST,patch,dpmm_p128_t50,dpmm,top5,1,file_brain_AXT1POST_207_2070786,11,0,12.95093008188101
AXT1POST,patch,dpmm_p128_t50,dpmm,top5,1,file_brain_AXT1POST_200_6001996,12,0,13.835723876953125
AXT1POST,patch,dpmm_p128_t50,dpmm,top5,1,file_brain_AXT1POST_209_6001109,8,0,12.345538799579327
AXT1POST,patch,dpmm_p128_t50,dpmm,top5,1,file_brain_AXT1POST_205_2050159,9,0,13.597484882061298
AXT1POST,patch,dpmm_p128_t50,dpmm,top5,1,file_brain_AXT1POST_203_6000760,5,0,13.236849271334135
AXT1POST,patch,dpmm_p128_t50,dpmm,top5,1,file_brain_AXT1POST_208_2080075,9,0,13.219192504882812
AXT1POST,patch,dpmm_p128_t50,dpmm,top5,1,file_brain_AXT1POST_200_6002305,12,0,16.04174569936899
AXT1POST,patch,dpmm_p128_t50,dpmm,top5,1,file_brain_AXT1POST_200_6002340,7,0,12.029437725360577
AXT1POST,patch,dpmm_p128_t50,dpmm,top5,1,file_brain_AXT1POST_203_6000848,8,0,12.695448655348558
AXT1POST,patch,dpmm_p128_t50,dpmm,top5,1,file_brain_AXT1POST_208_2080345,12,0,13.880094088040865
AXT1POST,patch,dpmm_p128_t50,dpmm,top5,1,file_brain_AXT1POST_201_6002749,10,0,14.717949500450722
AXT1POST,patch,dpmm_p128_t50,dpmm,top5,1,file_brain_AXT1POST_200_6001959,5,0,14.018026498647837
AXT1POST,patch,dpmm_p128_t50,dpmm,top5,1,file_brain_AXT1POST_208_2080477,8,0,13.141636775090145
AXT1POST,patch,dpmm_p128_t50,dpmm,top5,1,file_brain_AXT1POST_208_2080383,6,0,13.298284677358774
AXT1POST,patch,dpmm_p128_t50,dpmm,top5,1,file_brain_AXT1POST_201_6002707,7,0,14.152937669020433
AXT1POST,patch,dpmm_p128_t50,dpmm,top5,1,file_brain_AXT1POST_203_6000861,4,0,14.694169264573317
AXT1POST,patch,dpmm_p128_t50,dpmm,top5,1,file_brain_AXT1POST_209_6001109,7,0,13.219041090745192
AXT1POST,patch,dpmm_p128_t50,dpmm,top5,1,file_brain_AXT1POST_203_6000760,4,0,15.1943359375
AXT1POST,patch,dpmm_p128_t50,dpmm,top5,1,file_brain_AXT1POST_208_2080154,6,0,13.538351205679087
AXT1POST,patch,dpmm_p128_t50,dpmm,top5,1,file_brain_AXT1POST_201_6002749,6,0,13.47900860126202
AXT1POST,patch,dpmm_p128_t50,dpmm,top5,1,file_brain_AXT1POST_203_6000597,5,0,14.597447321965145
AXT1POST,patch,dpmm_p128_t50,dpmm,top5,1,file_brain_AXT1POST_203_6000848,12,0,16.37381098820613
AXT1POST,patch,dpmm_p128_t50,dpmm,top5,1,file_brain_AXT1POST_207_2070809,12,0,14.12166536771334
AXT1POST,patch,dpmm_p128_t50,dpmm,top5,1,file_brain_AXT1POST_208_2120069,8,0,13.702391404371996
AXT1POST,patch,dpmm_p128_t50,dpmm,top5,1,file_brain_AXT1POST_205_2050189,7,0,14.33490224984976
AXT1POST,patch,dpmm_p128_t50,dpmm,top5,1,file_brain_AXT1POST_200_6002337,12,0,13.836365919846754
AXT1POST,patch,dpmm_p128_t50,dpmm,top5,1,file_brain_AXT1POST_207_2070251,12,0,13.7654055081881
AXT1POST,patch,dpmm_p128_t50,dpmm,top5,1,file_brain_AXT1POST_207_2070635,6,0,13.627616295447716
AXT1POST,patch,dpmm_p128_t50,dpmm,top5,1,file_brain_AXT1POST_201_6002680,5,0,13.28446256197416
AXT1POST,patch,dpmm_p128_t50,dpmm,top5,1,file_brain_AXT1POST_208_2080213,7,0,12.428180401141827
AXT1POST,patch,dpmm_p128_t50,dpmm,top5,1,file_brain_AXT1POST_208_2080576,9,0,12.84790273813101
AXT1POST,patch,dpmm_p128_t50,dpmm,top5,1,file_brain_AXT1POST_208_2080275,6,0,12.894795344426083
AXT1POST,patch,dpmm_p128_t50,dpmm,top5,1,file_brain_AXT1POST_208_2080213,6,0,12.337559626652645
AXT1POST,patch,dpmm_p128_t50,dpmm,top5,1,file_brain_AXT1POST_208_2080213,12,0,14.874058650090145
AXT1POST,patch,dpmm_p128_t50,dpmm,top5,1,file_brain_AXT1POST_201_6002673,4,0,14.588085467998798
AXT1POST,patch,dpmm_p128_t50,dpmm,top5,1,file_brain_AXT1POST_210_6001771,4,0,13.627476618840145
AXT1POST,patch,dpmm_p128_t50,dpmm,top5,1,file_brain_AXT1POST_207_2070251,9,0,12.322711651141827
AXT1POST,patch,dpmm_p128_t50,dpmm,top5,1,file_brain_AXT1POST_201_6002703,0,1,16.02294921875
AXT1POST,patch,dpmm_p128_t50,dpmm,top5,1,file_brain_AXT1POST_201_6002703,1,1,15.024144099308895
AXT1POST,patch,dpmm_p128_t50,dpmm,top5,1,file_brain_AXT1POST_201_6002703,2,1,14.032743013822115
AXT1POST,patch,dpmm_p128_t50,dpmm,top5,1,file_brain_AXT1POST_201_6002703,3,1,14.21721942608173
AXT1POST,patch,dpmm_p128_t50,dpmm,top5,1,file_brain_AXT1POST_201_6002703,4,1,13.643388014573317
AXT1POST,patch,dpmm_p128_t50,dpmm,top5,1,file_brain_AXT1POST_201_6002703,5,1,12.97384291428786
AXT1POST,patch,dpmm_p128_t50,dpmm,top5,1,file_brain_AXT1POST_201_6002703,6,1,13.887655404897837
AXT1POST,patch,dpmm_p128_t50,dpmm,top5,1,file_brain_AXT1POST_201_6002703,7,1,12.52770526592548
AXT1POST,patch,dpmm_p128_t50,dpmm,top5,1,file_brain_AXT1POST_201_6002703,8,1,12.667748084435097
AXT1POST,patch,dpmm_p128_t50,dpmm,top5,1,file_brain_AXT1POST_201_6002703,9,1,13.932853111853966
AXT1POST,patch,dpmm_p128_t50,dpmm,top5,1,file_brain_AXT1POST_201_6002703,10,1,12.790377103365385
AXT1POST,patch,dpmm_p128_t50,dpmm,top5,1,file_brain_AXT1POST_201_6002703,11,1,14.07800762469952
AXT1POST,patch,dpmm_p128_t50,dpmm,top5,1,file_brain_AXT1POST_201_6002703,12,1,14.442096416766827
AXT1POST,patch,dpmm_p128_t50,dpmm,top5,1,file_brain_AXT1POST_201_6002703,13,1,15.28955547626202
AXT1POST,patch,dpmm_p128_t50,dpmm,top5,1,file_brain_AXT1POST_201_6002703,14,1,15.29873305100661
AXT1POST,patch,dpmm_p128_t50,dpmm,top5,1,file_brain_AXT1POST_201_6002683,0,1,15.847713763897236
AXT1POST,patch,dpmm_p128_t50,dpmm,top5,1,file_brain_AXT1POST_201_6002683,1,1,15.470173762394833
AXT1POST,patch,dpmm_p128_t50,dpmm,top5,1,file_brain_AXT1POST_201_6002683,2,1,15.624647874098558
AXT1POST,patch,dpmm_p128_t50,dpmm,top5,1,file_brain_AXT1POST_201_6002683,3,1,14.63503910945012
AXT1POST,patch,dpmm_p128_t50,dpmm,top5,1,file_brain_AXT1POST_201_6002683,4,1,14.94791471041166
AXT1POST,patch,dpmm_p128_t50,dpmm,top5,1,file_brain_AXT1POST_201_6002683,5,1,14.657996544471153
AXT1POST,patch,dpmm_p128_t50,dpmm,top5,1,file_brain_AXT1POST_201_6002683,6,1,15.27941425030048
AXT1POST,patch,dpmm_p128_t50,dpmm,top5,1,file_brain_AXT1POST_201_6002683,7,1,14.510113055889423
AXT1POST,patch,dpmm_p128_t50,dpmm,top5,1,file_brain_AXT1POST_201_6002683,8,1,14.40978534405048
AXT1POST,patch,dpmm_p128_t50,dpmm,top5,1,file_brain_AXT1POST_201_6002683,9,1,14.94467045710637
AXT1POST,patch,dpmm_p128_t50,dpmm,top5,1,file_brain_AXT1POST_201_6002683,10,1,15.06671612079327
AXT1POST,patch,dpmm_p128_t50,dpmm,top5,1,file_brain_AXT1POST_201_6002683,11,1,14.828416090745192
AXT1POST,patch,dpmm_p128_t50,dpmm,top5,1,file_brain_AXT1POST_201_6002683,12,1,15.255480252779448
AXT1POST,patch,dpmm_p128_t50,dpmm,top5,1,file_brain_AXT1POST_201_6002683,13,1,15.994851919320913
AXT1POST,patch,dpmm_p128_t50,dpmm,top5,1,file_brain_AXT1POST_200_6002033,0,1,14.1686037503756
AXT1POST,patch,dpmm_p128_t50,dpmm,top5,1,file_brain_AXT1POST_200_6002033,1,1,14.789564866286058
AXT1POST,patch,dpmm_p128_t50,dpmm,top5,1,file_brain_AXT1POST_200_6002033,2,1,14.52194331242488
AXT1POST,patch,dpmm_p128_t50,dpmm,top5,1,file_brain_AXT1POST_200_6002033,3,1,14.027982271634615
AXT1POST,patch,dpmm_p128_t50,dpmm,top5,1,file_brain_AXT1POST_201_6002817,0,1,14.07178203876202
AXT1POST,patch,dpmm_p128_t50,dpmm,top5,1,file_brain_AXT1POST_200_6002188,0,1,14.64981431227464
AXT1POST,patch,dpmm_p128_t50,dpmm,top5,1,file_brain_AXT1POST_200_6002188,1,1,15.092573899489183
AXT1POST,patch,dpmm_p128_t50,dpmm,top5,1,file_brain_AXT1POST_200_6002188,2,1,14.080524151141827
AXT1POST,patch,dpmm_p128_t50,dpmm,top5,1,file_brain_AXT1POST_200_6002188,3,1,13.597723153921274
AXT1POST,patch,dpmm_p128_t50,dpmm,top5,1,file_brain_AXT1POST_200_6002188,4,1,13.071359487680288
AXT1POST,patch,dpmm_p128_t50,dpmm,top5,1,file_brain_AXT1POST_200_6002188,5,1,13.255596454326923
AXT1POST,patch,dpmm_p128_t50,dpmm,top5,1,file_brain_AXT1POST_200_6002188,6,1,13.79709214430589
AXT1POST,patch,dpmm_p128_t50,dpmm,top5,1,file_brain_AXT1POST_200_6002188,7,1,14.281997680664062
AXT1POST,patch,dpmm_p128_t50,dpmm,top5,1,file_brain_AXT1POST_200_6002188,8,1,13.869988074669472
AXT1POST,patch,dpmm_p128_t50,dpmm,top5,1,file_brain_AXT1POST_200_6002188,9,1,14.16547100360577
AXT1POST,patch,dpmm_p128_t50,dpmm,top5,1,file_brain_AXT1POST_200_6002188,10,1,15.650763878455528
AXT1POST,patch,dpmm_p128_t50,dpmm,top5,1,file_brain_AXT1POST_200_6002188,11,1,14.60930926983173
AXT1POST,patch,dpmm_p128_t50,dpmm,top5,1,file_brain_AXT1POST_200_6002188,12,1,14.135486309344952
AXT1POST,patch,dpmm_p128_t50,dpmm,top5,1,file_brain_AXT1POST_200_6002188,13,1,14.349008413461538
AXT1POST,patch,dpmm_p128_t50,dpmm,top5,1,file_brain_AXT1POST_200_6002188,14,1,15.75360342172476
AXT1POST,patch,dpmm_p128_t50,dpmm,top5,1,file_brain_AXT1POST_200_6002337,0,1,15.170579176682692
AXT1POST,patch,dpmm_p128_t50,dpmm,top5,1,file_brain_AXT1POST_200_6002337,1,1,14.845548189603365
AXT1POST,patch,dpmm_p128_t50,dpmm,top5,1,file_brain_AXT1POST_200_6002337,2,1,15.524779099684496
AXT1POST,patch,dpmm_p128_t50,dpmm,top5,1,file_brain_AXT1POST_200_6002337,3,1,14.239330585186298
AXT1POST,patch,dpmm_p128_t50,dpmm,top5,1,file_brain_AXT1POST_200_6002337,4,1,14.063477736253004
AXT1POST,patch,dpmm_p128_t50,dpmm,top5,1,file_brain_AXT1POST_201_6002735,0,1,15.16641117976262
AXT1POST,patch,dpmm_p128_t50,dpmm,top5,1,file_brain_AXT1POST_201_6002735,1,1,15.877159705528847
AXT1POST,patch,dpmm_p128_t50,dpmm,top5,1,file_brain_AXT1POST_201_6002735,2,1,15.572924100435698
AXT1POST,patch,dpmm_p128_t50,dpmm,top5,1,file_brain_AXT1POST_201_6002735,3,1,15.40896489070012
AXT1POST,patch,dpmm_p128_t50,dpmm,top5,1,file_brain_AXT1POST_201_6002735,4,1,15.271415123572716
AXT1POST,patch,dpmm_p128_t50,dpmm,top5,1,file_brain_AXT1POST_201_6002735,5,1,14.421088585486778
AXT1POST,patch,dpmm_p128_t50,dpmm,top5,1,file_brain_AXT1POST_201_6002735,6,1,13.803844745342548
AXT1POST,patch,dpmm_p128_t50,dpmm,top5,1,file_brain_AXT1POST_201_6002735,7,1,13.351311316856972
AXT1POST,patch,dpmm_p128_t50,dpmm,top5,1,file_brain_AXT1POST_201_6002735,8,1,13.364553598257212
AXT1POST,patch,dpmm_p128_t50,dpmm,top5,1,file_brain_AXT1POST_201_6002735,9,1,12.993438720703125
AXT1POST,patch,dpmm_p128_t50,dpmm,top5,1,file_brain_AXT1POST_201_6002735,10,1,13.622751089242788
AXT1POST,patch,dpmm_p128_t50,dpmm,top5,1,file_brain_AXT1POST_201_6002735,11,1,13.4815920316256
AXT1POST,patch,dpmm_p128_t50,dpmm,top5,1,file_brain_AXT1POST_200_6002089,4,1,13.9387453519381
AXT1POST,patch,dpmm_p128_t50,dpmm,top5,1,file_brain_AXT1POST_200_6002089,5,1,13.68993905874399
AXT1POST,patch,dpmm_p128_t50,dpmm,top5,1,file_brain_AXT1POST_200_6002089,6,1,13.89499722994291
AXT1POST,patch,dpmm_p128_t50,dpmm,top5,1,file_brain_AXT1POST_200_6002089,7,1,13.418187068058895
AXT1POST,patch,dpmm_p128_t50,dpmm,top5,1,file_brain_AXT1POST_200_6002089,8,1,13.16791240985577
AXT1POST,patch,dpmm_p128_t50,dpmm,top5,1,file_brain_AXT1POST_200_6002089,9,1,14.279768723707933
AXT1POST,patch,dpmm_p128_t50,dpmm,top5,1,file_brain_AXT1POST_200_6002089,10,1,15.756904015174278
AXT1POST,patch,dpmm_p128_t50,dpmm,top5,1,file_brain_AXT1POST_200_6002089,11,1,15.326246995192308
AXT1POST,patch,dpmm_p128_t50,dpmm,top5,1,file_brain_AXT1POST_200_6002089,12,1,16.11212392953726
AXT1POST,patch,dpmm_p128_t50,dpmm,top5,1,file_brain_AXT1POST_200_6002089,13,1,15.7774411714994
AXT1POST,patch,dpmm_p128_t50,dpmm,top5,1,file_brain_AXT1POST_200_6002089,14,1,15.603078988882212
AXT1POST,patch,dpmm_p128_t50,dpmm,top5,1,file_brain_AXT1POST_200_6002089,15,1,15.217041015625
AXT1POST,patch,dpmm_p128_t50,dpmm,top5,1,file_brain_AXT1POST_200_6002065,0,1,15.013815072866587
AXT1POST,patch,dpmm_p128_t50,dpmm,top5,1,file_brain_AXT1POST_200_6002065,1,1,15.18585439828726
AXT1POST,patch,dpmm_p128_t50,dpmm,top5,1,file_brain_AXT1POST_200_6002065,2,1,15.299468994140625
AXT1POST,patch,dpmm_p128_t50,dpmm,top5,1,file_brain_AXT1POST_200_6002065,3,1,15.803653423602764
AXT1POST,patch,dpmm_p128_t50,dpmm,top5,1,file_brain_AXT1POST_200_6002065,4,1,14.396747295673077
AXT1POST,patch,dpmm_p128_t50,dpmm,top5,1,file_brain_AXT1POST_200_6002065,5,1,14.05462176983173
AXT1POST,patch,dpmm_p128_t50,dpmm,top5,1,file_brain_AXT1POST_200_6002065,10,1,13.277839073768028
AXT1POST,patch,dpmm_p128_t50,dpmm,top5,1,file_brain_AXT1POST_200_6002396,0,1,14.73459214430589
AXT1POST,patch,dpmm_p128_t50,dpmm,top5,2,file_brain_AXT1POST_207_2070010,8,0,12.623488206129808
AXT1POST,patch,dpmm_p128_t50,dpmm,top5,2,file_brain_AXT1POST_208_2080493,5,0,13.19561298076923
AXT1POST,patch,dpmm_p128_t50,dpmm,top5,2,file_brain_AXT1POST_201_6002795,10,0,12.366178072415865
AXT1POST,patch,dpmm_p128_t50,dpmm,top5,2,file_brain_AXT1POST_207_2070214,6,0,13.907581035907452
AXT1POST,patch,dpmm_p128_t50,dpmm,top5,2,file_brain_AXT1POST_208_2080275,5,0,11.832850529597355
AXT1POST,patch,dpmm_p128_t50,dpmm,top5,2,file_brain_AXT1POST_201_6002760,10,0,12.787710336538462
AXT1POST,patch,dpmm_p128_t50,dpmm,top5,2,file_brain_AXT1POST_201_6002778,7,0,14.313277024489183
AXT1POST,patch,dpmm_p128_t50,dpmm,top5,2,file_brain_AXT1POST_207_2070418,12,0,13.053148709810698
AXT1POST,patch,dpmm_p128_t50,dpmm,top5,2,file_brain_AXT1POST_200_6002259,8,0,11.655105590820312
AXT1POST,patch,dpmm_p128_t50,dpmm,top5,2,file_brain_AXT1POST_207_2070251,10,0,13.319230299729567
AXT1POST,patch,dpmm_p128_t50,dpmm,top5,2,file_brain_AXT1POST_203_6000877,5,0,13.432430560772236
AXT1POST,patch,dpmm_p128_t50,dpmm,top5,2,file_brain_AXT1POST_200_6002337,5,0,13.377569345327524
AXT1POST,patch,dpmm_p128_t50,dpmm,top5,2,file_brain_AXT1POST_202_6000417,9,0,13.40844961313101
AXT1POST,patch,dpmm_p128_t50,dpmm,top5,2,file_brain_AXT1POST_203_6000712,6,0,13.501699594350962
AXT1POST,patch,dpmm_p128_t50,dpmm,top5,2,file_brain_AXT1POST_208_2080244,8,0,13.551775418795073
AXT1POST,patch,dpmm_p128_t50,dpmm,top5,2,file_brain_AXT1POST_210_6001735,5,0,13.549554678109976
AXT1POST,patch,dpmm_p128_t50,dpmm,top5,2,file_brain_AXT1POST_201_6002920,8,0,15.391159057617188
AXT1POST,patch,dpmm_p128_t50,dpmm,top5,2,file_brain_AXT1POST_205_2050255,6,0,12.534613976111778
AXT1POST,patch,dpmm_p128_t50,dpmm,top5,2,file_brain_AXT1POST_207_2070450,7,0,12.238537128155048
AXT1POST,patch,dpmm_p128_t50,dpmm,top5,2,file_brain_AXT1POST_210_6001790,8,0,14.230029766376202
AXT1POST,patch,dpmm_p128_t50,dpmm,top5,2,file_brain_AXT1POST_209_6001234,12,0,14.504589374248798
AXT1POST,patch,dpmm_p128_t50,dpmm,top5,2,file_brain_AXT1POST_208_2080392,12,0,14.132716252253605
AXT1POST,patch,dpmm_p128_t50,dpmm,top5,2,file_brain_AXT1POST_210_6001699,5,0,12.948131854717548
AXT1POST,patch,dpmm_p128_t50,dpmm,top5,2,file_brain_AXT1POST_208_2080393,4,0,12.54944317157452
AXT1POST,patch,dpmm_p128_t50,dpmm,top5,2,file_brain_AXT1POST_200_6002396,11,0,13.01349111703726
AXT1POST,patch,dpmm_p128_t50,dpmm,top5,2,file_brain_AXT1POST_207_2070804,10,0,14.406461275540865
AXT1POST,patch,dpmm_p128_t50,dpmm,top5,2,file_brain_AXT1POST_202_6000269,7,0,13.712218064528246
AXT1POST,patch,dpmm_p128_t50,dpmm,top5,2,file_brain_AXT1POST_207_2070809,7,0,12.201188307542067
AXT1POST,patch,dpmm_p128_t50,dpmm,top5,2,file_brain_AXT1POST_207_2070095,4,0,12.49956805889423
AXT1POST,patch,dpmm_p128_t50,dpmm,top5,2,file_brain_AXT1POST_210_6001787,11,0,12.575205876277042
AXT1POST,patch,dpmm_p128_t50,dpmm,top5,2,file_brain_AXT1POST_207_2070765,4,0,15.916454608623798
AXT1POST,patch,dpmm_p128_t50,dpmm,top5,2,file_brain_AXT1POST_207_2070095,11,0,13.489579420823317
AXT1POST,patch,dpmm_p128_t50,dpmm,top5,2,file_brain_AXT1POST_207_2070651,11,0,14.168435903695913
AXT1POST,patch,dpmm_p128_t50,dpmm,top5,2,file_brain_AXT1POST_208_2080422,12,0,13.18823711688702
AXT1POST,patch,dpmm_p128_t50,dpmm,top5,2,file_brain_AXT1POST_203_6000760,9,0,12.916988666240986
AXT1POST,patch,dpmm_p128_t50,dpmm,top5,2,file_brain_AXT1POST_201_6002814,6,0,13.17745150052584
AXT1POST,patch,dpmm_p128_t50,dpmm,top5,2,file_brain_AXT1POST_202_6000417,4,0,14.206092247596153
AXT1POST,patch,dpmm_p128_t50,dpmm,top5,2,file_brain_AXT1POST_207_2070259,5,0,13.190680870643028
AXT1POST,patch,dpmm_p128_t50,dpmm,top5,2,file_brain_AXT1POST_208_2080244,5,0,13.182478684645433
AXT1POST,patch,dpmm_p128_t50,dpmm,top5,2,file_brain_AXT1POST_203_6000877,11,0,14.213868361253004
AXT1POST,patch,dpmm_p128_t50,dpmm,top5,2,file_brain_AXT1POST_200_6001996,9,0,12.051163893479567
AXT1POST,patch,dpmm_p128_t50,dpmm,top5,2,file_brain_AXT1POST_210_6001735,4,0,13.054281381460337
AXT1POST,patch,dpmm_p128_t50,dpmm,top5,2,file_brain_AXT1POST_208_2080624,6,0,12.590019812950722
AXT1POST,patch,dpmm_p128_t50,dpmm,top5,2,file_brain_AXT1POST_205_2050146,5,0,13.79300513634315
AXT1POST,patch,dpmm_p128_t50,dpmm,top5,2,file_brain_AXT1POST_203_6000877,6,0,12.50064908541166
AXT1POST,patch,dpmm_p128_t50,dpmm,top5,2,file_brain_AXT1POST_201_6002795,12,0,14.291553203876202
AXT1POST,patch,dpmm_p128_t50,dpmm,top5,2,file_brain_AXT1POST_208_2080469,6,0,13.986341036283052
AXT1POST,patch,dpmm_p128_t50,dpmm,top5,2,file_brain_AXT1POST_210_6001797,5,0,13.9854982816256
AXT1POST,patch,dpmm_p128_t50,dpmm,top5,2,file_brain_AXT1POST_208_2080576,8,0,12.194530780498798
AXT1POST,patch,dpmm_p128_t50,dpmm,top5,2,file_brain_AXT1POST_205_6000148,6,0,12.59029799241286
AXT1POST,patch,dpmm_p128_t50,dpmm,top5,2,file_brain_AXT1POST_207_2070095,10,0,12.150796743539663
AXT1POST,patch,dpmm_p128_t50,dpmm,top5,2,file_brain_AXT1POST_201_6002731,10,0,13.83502666766827
AXT1POST,patch,dpmm_p128_t50,dpmm,top5,2,file_brain_AXT1POST_207_2070083,4,0,13.50750732421875
AXT1POST,patch,dpmm_p128_t50,dpmm,top5,2,file_brain_AXT1POST_208_2080704,4,0,13.344822810246395
AXT1POST,patch,dpmm_p128_t50,dpmm,top5,2,file_brain_AXT1POST_205_6000180,5,0,12.814422607421875
AXT1POST,patch,dpmm_p128_t50,dpmm,top5,2,file_brain_AXT1POST_201_6002920,6,0,14.40964566744291
AXT1POST,patch,dpmm_p128_t50,dpmm,top5,2,file_brain_AXT1POST_209_6001417,11,0,14.43130845289964
AXT1POST,patch,dpmm_p128_t50,dpmm,top5,2,file_brain_AXT1POST_203_6000774,4,0,13.71985332782452
AXT1POST,patch,dpmm_p128_t50,dpmm,top5,2,file_brain_AXT1POST_209_6001234,6,0,12.238211998572716
AXT1POST,patch,dpmm_p128_t50,dpmm,top5,2,file_brain_AXT1POST_208_2080154,9,0,12.65566899226262
AXT1POST,patch,dpmm_p128_t50,dpmm,top5,2,file_brain_AXT1POST_207_2070147,10,0,12.749461247370792
AXT1POST,patch,dpmm_p128_t50,dpmm,top5,2,file_brain_AXT1POST_205_2050102,9,0,14.0330810546875
AXT1POST,patch,dpmm_p128_t50,dpmm,top5,2,file_brain_AXT1POST_209_6001264,7,0,11.94925278883714
AXT1POST,patch,dpmm_p128_t50,dpmm,top5,2,file_brain_AXT1POST_207_2070034,7,0,12.54061068021334
AXT1POST,patch,dpmm_p128_t50,dpmm,top5,2,file_brain_AXT1POST_209_6001458,10,0,12.328497079702524
AXT1POST,patch,dpmm_p128_t50,dpmm,top5,2,file_brain_AXT1POST_206_6000235,10,0,14.547434880183292
AXT1POST,patch,dpmm_p128_t50,dpmm,top5,2,file_brain_AXT1POST_208_2080213,5,0,13.365031315730167
AXT1POST,patch,dpmm_p128_t50,dpmm,top5,2,file_brain_AXT1POST_200_6002396,9,0,12.01229741023137
AXT1POST,patch,dpmm_p128_t50,dpmm,top5,2,file_brain_AXT1POST_200_6002305,4,0,13.038128192608173
AXT1POST,patch,dpmm_p128_t50,dpmm,top5,2,file_brain_AXT1POST_207_2070651,12,0,14.30652090219351
AXT1POST,patch,dpmm_p128_t50,dpmm,top5,2,file_brain_AXT1POST_205_2050148,10,0,12.822965181790865
AXT1POST,patch,dpmm_p128_t50,dpmm,top5,2,file_brain_AXT1POST_208_2080469,4,0,14.557423518254208
AXT1POST,patch,dpmm_p128_t50,dpmm,top5,2,file_brain_AXT1POST_207_2070635,10,0,12.86986835186298
AXT1POST,patch,dpmm_p128_t50,dpmm,top5,2,file_brain_AXT1POST_207_2070133,8,0,11.808270967923677
AXT1POST,patch,dpmm_p128_t50,dpmm,top5,2,file_brain_AXT1POST_203_6000661,12,0,14.13027132474459
AXT1POST,patch,dpmm_p128_t50,dpmm,top5,2,file_brain_AXT1POST_203_6000760,6,0,12.859046349158653
AXT1POST,patch,dpmm_p128_t50,dpmm,top5,2,file_brain_AXT1POST_200_6002337,8,0,12.465137188251202
AXT1POST,patch,dpmm_p128_t50,dpmm,top5,2,file_brain_AXT1POST_208_2080393,12,0,14.924149733323317
AXT1POST,patch,dpmm_p128_t50,dpmm,top5,2,file_brain_AXT1POST_207_2070123,7,0,12.657734797551083
AXT1POST,patch,dpmm_p128_t50,dpmm,top5,2,file_brain_AXT1POST_201_6002772,8,0,13.560349684495192
AXT1POST,patch,dpmm_p128_t50,dpmm,top5,2,file_brain_AXT1POST_207_2070804,9,0,13.36818636380709
AXT1POST,patch,dpmm_p128_t50,dpmm,top5,2,file_brain_AXT1POST_208_2080469,12,0,14.749593881460337
AXT1POST,patch,dpmm_p128_t50,dpmm,top5,2,file_brain_AXT1POST_208_2080275,7,0,11.427195622370792
AXT1POST,patch,dpmm_p128_t50,dpmm,top5,2,file_brain_AXT1POST_209_6001264,4,0,13.007438072791466
AXT1POST,patch,dpmm_p128_t50,dpmm,top5,2,file_brain_AXT1POST_209_6001064,5,0,13.695596548227163
AXT1POST,patch,dpmm_p128_t50,dpmm,top5,2,file_brain_AXT1POST_201_6002920,4,0,13.983289278470552
AXT1POST,patch,dpmm_p128_t50,dpmm,top5,2,file_brain_AXT1POST_210_6001787,7,0,12.842111440805288
AXT1POST,patch,dpmm_p128_t50,dpmm,top5,2,file_brain_AXT1POST_203_6000661,4,0,15.08333528958834
AXT1POST,patch,dpmm_p128_t50,dpmm,top5,2,file_brain_AXT1POST_203_6000712,10,0,14.961799034705528
AXT1POST,patch,dpmm_p128_t50,dpmm,top5,2,file_brain_AXT1POST_210_6001797,4,0,14.824106069711538
AXT1POST,patch,dpmm_p128_t50,dpmm,top5,2,file_brain_AXT1POST_208_2080504,5,0,12.129479041466347
AXT1POST,patch,dpmm_p128_t50,dpmm,top5,2,file_brain_AXT1POST_208_2080421,4,0,15.463134765625
AXT1POST,patch,dpmm_p128_t50,dpmm,top5,2,file_brain_AXT1POST_209_6001458,4,0,13.508374727689302
AXT1POST,patch,dpmm_p128_t50,dpmm,top5,2,file_brain_AXT1POST_207_2070133,6,0,13.721590482271635
AXT1POST,patch,dpmm_p128_t50,dpmm,top5,2,file_brain_AXT1POST_208_2080240,10,0,14.863208477313702
AXT1POST,patch,dpmm_p128_t50,dpmm,top5,2,file_brain_AXT1POST_208_2080493,9,0,13.314409696138823
AXT1POST,patch,dpmm_p128_t50,dpmm,top5,2,file_brain_AXT1POST_205_6000035,8,0,12.985630915715145
AXT1POST,patch,dpmm_p128_t50,dpmm,top5,2,file_brain_AXT1POST_208_2080393,7,0,12.363257774939903
AXT1POST,patch,dpmm_p128_t50,dpmm,top5,2,file_brain_AXT1POST_200_6002046,9,0,12.555233295147236
AXT1POST,patch,dpmm_p128_t50,dpmm,top5,2,file_brain_AXT1POST_206_6000235,8,0,13.190082256610577
AXT1POST,patch,dpmm_p128_t50,dpmm,top5,2,file_brain_AXT1POST_205_2050189,8,0,11.496808565579927
AXT1POST,patch,dpmm_p128_t50,dpmm,top5,2,file_brain_AXT1POST_210_6001771,11,0,13.7419680081881
AXT1POST,patch,dpmm_p128_t50,dpmm,top5,2,file_brain_AXT1POST_208_2120069,4,0,14.197244497445913
AXT1POST,patch,dpmm_p128_t50,dpmm,top5,2,file_brain_AXT1POST_201_6002862,11,0,13.817646906926083
AXT1POST,patch,dpmm_p128_t50,dpmm,top5,2,file_brain_AXT1POST_209_6001236,9,0,11.84122525728666
AXT1POST,patch,dpmm_p128_t50,dpmm,top5,2,file_brain_AXT1POST_200_6002349,12,0,14.090186485877403
AXT1POST,patch,dpmm_p128_t50,dpmm,top5,2,file_brain_AXT1POST_208_2080075,5,0,13.818394587590145
AXT1POST,patch,dpmm_p128_t50,dpmm,top5,2,file_brain_AXT1POST_210_6001735,9,0,12.570974496694712
AXT1POST,patch,dpmm_p128_t50,dpmm,top5,2,file_brain_AXT1POST_209_6001109,6,0,12.372206467848558
AXT1POST,patch,dpmm_p128_t50,dpmm,top5,2,file_brain_AXT1POST_203_6000869,8,0,12.53198476938101
AXT1POST,patch,dpmm_p128_t50,dpmm,top5,2,file_brain_AXT1POST_207_2070259,4,0,13.524178138146034
AXT1POST,patch,dpmm_p128_t50,dpmm,top5,2,file_brain_AXT1POST_203_6000712,9,0,14.280448326697716
AXT1POST,patch,dpmm_p128_t50,dpmm,top5,2,file_brain_AXT1POST_207_2070095,6,0,12.224749051607573
AXT1POST,patch,dpmm_p128_t50,dpmm,top5,2,file_brain_AXT1POST_200_6002413,11,0,13.005828857421875
AXT1POST,patch,dpmm_p128_t50,dpmm,top5,2,file_brain_AXT1POST_208_2080392,10,0,12.66005648099459
AXT1POST,patch,dpmm_p128_t50,dpmm,top5,2,file_brain_AXT1POST_203_6000661,5,0,14.402300321138823
AXT1POST,patch,dpmm_p128_t50,dpmm,top5,2,file_brain_AXT1POST_209_6001236,7,0,12.626422588641827
AXT1POST,patch,dpmm_p128_t50,dpmm,top5,2,file_brain_AXT1POST_207_2070809,10,0,12.777173555814302
AXT1POST,patch,dpmm_p128_t50,dpmm,top5,2,file_brain_AXT1POST_207_2070214,9,0,11.849849994365986
AXT1POST,patch,dpmm_p128_t50,dpmm,top5,2,file_brain_AXT1POST_208_2080704,10,0,12.808920053335337
AXT1POST,patch,dpmm_p128_t50,dpmm,top5,2,file_brain_AXT1POST_201_6002673,7,0,13.033799391526442
AXT1POST,patch,dpmm_p128_t50,dpmm,top5,2,file_brain_AXT1POST_203_6000657,4,0,12.445125873272236
AXT1POST,patch,dpmm_p128_t50,dpmm,top5,2,file_brain_AXT1POST_207_2070242,5,0,12.940655048076923
AXT1POST,patch,dpmm_p128_t50,dpmm,top5,2,file_brain_AXT1POST_208_2080493,11,0,12.90763150728666
AXT1POST,patch,dpmm_p128_t50,dpmm,top5,2,file_brain_AXT1POST_209_6001458,6,0,12.119799100435698
AXT1POST,patch,dpmm_p128_t50,dpmm,top5,2,file_brain_AXT1POST_208_2080421,6,0,12.783672626201923
AXT1POST,patch,dpmm_p128_t50,dpmm,top5,2,file_brain_AXT1POST_201_6002668,6,0,12.839654775766226
AXT1POST,patch,dpmm_p128_t50,dpmm,top5,2,file_brain_AXT1POST_200_6002349,4,0,13.023911696213942
AXT1POST,patch,dpmm_p128_t50,dpmm,top5,2,file_brain_AXT1POST_200_6002305,10,0,13.065042349008413
AXT1POST,patch,dpmm_p128_t50,dpmm,top5,2,file_brain_AXT1POST_207_2070651,6,0,14.203048706054688
AXT1POST,patch,dpmm_p128_t50,dpmm,top5,2,file_brain_AXT1POST_201_6002778,12,0,13.509364201472355
AXT1POST,patch,dpmm_p128_t50,dpmm,top5,2,file_brain_AXT1POST_200_6002349,11,0,13.330363346980167
AXT1POST,patch,dpmm_p128_t50,dpmm,top5,2,file_brain_AXT1POST_208_2080576,10,0,13.185355553260216
AXT1POST,patch,dpmm_p128_t50,dpmm,top5,2,file_brain_AXT1POST_207_2070765,8,0,12.398843618539663
AXT1POST,patch,dpmm_p128_t50,dpmm,top5,2,file_brain_AXT1POST_207_2070083,9,0,12.475338275615986
AXT1POST,patch,dpmm_p128_t50,dpmm,top5,2,file_brain_AXT1POST_207_2070547,10,0,12.707410372220552
AXT1POST,patch,dpmm_p128_t50,dpmm,top5,2,file_brain_AXT1POST_207_2070490,7,0,12.558303833007812
AXT1POST,patch,dpmm_p128_t50,dpmm,top5,2,file_brain_AXT1POST_207_2070553,4,0,12.80325434758113
AXT1POST,patch,dpmm_p128_t50,dpmm,top5,2,file_brain_AXT1POST_200_6002033,8,0,12.271273099459135
AXT1POST,patch,dpmm_p128_t50,dpmm,top5,2,file_brain_AXT1POST_208_2080345,8,0,12.733182466947115
AXT1POST,patch,dpmm_p128_t50,dpmm,top5,2,file_brain_AXT1POST_209_6001320,7,0,11.813915546123798
AXT1POST,patch,dpmm_p128_t50,dpmm,top5,2,file_brain_AXT1POST_207_2070357,4,0,15.03045889047476
AXT1POST,patch,dpmm_p128_t50,dpmm,top5,2,file_brain_AXT1POST_210_6001735,10,0,13.374009352463942
AXT1POST,patch,dpmm_p128_t50,dpmm,top5,2,file_brain_AXT1POST_207_2070127,7,0,12.601529634915865
AXT1POST,patch,dpmm_p128_t50,dpmm,top5,2,file_brain_AXT1POST_205_6000035,5,0,13.124809852013222
AXT1POST,patch,dpmm_p128_t50,dpmm,top5,2,file_brain_AXT1POST_202_6000269,5,0,15.393944373497597
AXT1POST,patch,dpmm_p128_t50,dpmm,top5,2,file_brain_AXT1POST_200_6002396,4,0,13.186185396634615
AXT1POST,patch,dpmm_p128_t50,dpmm,top5,2,file_brain_AXT1POST_200_6002392,10,0,12.994621863731972
AXT1POST,patch,dpmm_p128_t50,dpmm,top5,2,file_brain_AXT1POST_208_2080576,12,0,13.742037259615385
AXT1POST,patch,dpmm_p128_t50,dpmm,top5,2,file_brain_AXT1POST_201_6002731,4,0,15.470073993389423
AXT1POST,patch,dpmm_p128_t50,dpmm,top5,2,file_brain_AXT1POST_207_2070651,7,0,12.809429462139423
AXT1POST,patch,dpmm_p128_t50,dpmm,top5,2,file_brain_AXT1POST_207_2070327,9,0,12.36291269155649
AXT1POST,patch,dpmm_p128_t50,dpmm,top5,2,file_brain_AXT1POST_207_2070327,8,0,12.884228046123798
AXT1POST,patch,dpmm_p128_t50,dpmm,top5,2,file_brain_AXT1POST_205_6000035,4,0,13.22735595703125
AXT1POST,patch,dpmm_p128_t50,dpmm,top5,2,file_brain_AXT1POST_210_6001771,8,0,12.753717275766226
AXT1POST,patch,dpmm_p128_t50,dpmm,top5,2,file_brain_AXT1POST_205_2050259,4,0,13.866156944861778
AXT1POST,patch,dpmm_p128_t50,dpmm,top5,2,file_brain_AXT1POST_200_6002259,5,0,12.975804255558895
AXT1POST,patch,dpmm_p128_t50,dpmm,top5,2,file_brain_AXT1POST_207_2070251,11,0,13.145559457632212
AXT1POST,patch,dpmm_p128_t50,dpmm,top5,2,file_brain_AXT1POST_210_6001787,4,0,15.038947472205528
AXT1POST,patch,dpmm_p128_t50,dpmm,top5,2,file_brain_AXT1POST_203_6000861,5,0,14.690502460186298
AXT1POST,patch,dpmm_p128_t50,dpmm,top5,2,file_brain_AXT1POST_207_2070259,6,0,13.13663541353666
AXT1POST,patch,dpmm_p128_t50,dpmm,top5,2,file_brain_AXT1POST_208_2080352,5,0,12.774057241586538
AXT1POST,patch,dpmm_p128_t50,dpmm,top5,2,file_brain_AXT1POST_208_2080477,4,0,12.844197199894833
AXT1POST,patch,dpmm_p128_t50,dpmm,top5,2,file_brain_AXT1POST_208_2080422,5,0,14.406275822566105
AXT1POST,patch,dpmm_p128_t50,dpmm,top5,2,file_brain_AXT1POST_202_6000302,9,0,13.478081336388222
AXT1POST,patch,dpmm_p128_t50,dpmm,top5,2,file_brain_AXT1POST_207_2070365,10,0,14.045196533203125
AXT1POST,patch,dpmm_p128_t50,dpmm,top5,2,file_brain_AXT1POST_200_6002340,4,0,13.244657076322115
AXT1POST,patch,dpmm_p128_t50,dpmm,top5,2,file_brain_AXT1POST_208_2080075,4,0,14.620204045222355
AXT1POST,patch,dpmm_p128_t50,dpmm,top5,2,file_brain_AXT1POST_203_6000869,4,0,13.309393075796274
AXT1POST,patch,dpmm_p128_t50,dpmm,top5,2,file_brain_AXT1POST_207_2070479,4,0,14.290684626652645
AXT1POST,patch,dpmm_p128_t50,dpmm,top5,2,file_brain_AXT1POST_209_6001250,5,0,12.406714806189903
AXT1POST,patch,dpmm_p128_t50,dpmm,top5,2,file_brain_AXT1POST_207_2070009,12,0,13.735980694110577
AXT1POST,patch,dpmm_p128_t50,dpmm,top5,2,file_brain_AXT1POST_205_2050148,5,0,12.032966026893028
AXT1POST,patch,dpmm_p128_t50,dpmm,top5,2,file_brain_AXT1POST_203_6000597,7,0,12.820480346679688
AXT1POST,patch,dpmm_p128_t50,dpmm,top5,2,file_brain_AXT1POST_202_6000281,10,0,15.066234882061298
AXT1POST,patch,dpmm_p128_t50,dpmm,top5,2,file_brain_AXT1POST_203_6000827,10,0,14.473443838266226
AXT1POST,patch,dpmm_p128_t50,dpmm,top5,2,file_brain_AXT1POST_207_2070547,11,0,12.928945688100962
AXT1POST,patch,dpmm_p128_t50,dpmm,top5,2,file_brain_AXT1POST_209_6001458,7,0,12.120448185847355
AXT1POST,patch,dpmm_p128_t50,dpmm,top5,2,file_brain_AXT1POST_210_6001645,6,0,12.726934579702524
AXT1POST,patch,dpmm_p128_t50,dpmm,top5,2,file_brain_AXT1POST_207_2070099,12,0,13.078575721153847
AXT1POST,patch,dpmm_p128_t50,dpmm,top5,2,file_brain_AXT1POST_207_2070241,11,0,13.333730844350962
AXT1POST,patch,dpmm_p128_t50,dpmm,top5,2,file_brain_AXT1POST_207_2070786,7,0,12.46890376164363
AXT1POST,patch,dpmm_p128_t50,dpmm,top5,2,file_brain_AXT1POST_208_2080493,8,0,12.133500319260817
AXT1POST,patch,dpmm_p128_t50,dpmm,top5,2,file_brain_AXT1POST_208_2080082,7,0,12.280672513521635
AXT1POST,patch,dpmm_p128_t50,dpmm,top5,2,file_brain_AXT1POST_207_2070479,7,0,12.843484731820913
AXT1POST,patch,dpmm_p128_t50,dpmm,top5,2,file_brain_AXT1POST_210_6001735,12,0,14.092698317307692
AXT1POST,patch,dpmm_p128_t50,dpmm,top5,2,file_brain_AXT1POST_202_6000341,5,0,13.058380126953125
AXT1POST,patch,dpmm_p128_t50,dpmm,top5,2,file_brain_AXT1POST_203_6000657,10,0,13.531390850360577
AXT1POST,patch,dpmm_p128_t50,dpmm,top5,2,file_brain_AXT1POST_208_2080082,6,0,13.170626126802885
AXT1POST,patch,dpmm_p128_t50,dpmm,top5,2,file_brain_AXT1POST_205_2050189,6,0,13.344978919396034
AXT1POST,patch,dpmm_p128_t50,dpmm,top5,2,file_brain_AXT1POST_208_2080082,9,0,13.35213881272536
AXT1POST,patch,dpmm_p128_t50,dpmm,top5,2,file_brain_AXT1POST_207_2070357,8,0,13.019912719726562
AXT1POST,patch,dpmm_p128_t50,dpmm,top5,2,file_brain_AXT1POST_207_2070009,8,0,13.469535240760216
AXT1POST,patch,dpmm_p128_t50,dpmm,top5,2,file_brain_AXT1POST_203_6000774,5,0,12.797515869140625
AXT1POST,patch,dpmm_p128_t50,dpmm,top5,2,file_brain_AXT1POST_203_6000597,11,0,12.841970590444712
AXT1POST,patch,dpmm_p128_t50,dpmm,top5,2,file_brain_AXT1POST_207_2070786,6,0,13.142805833082933
AXT1POST,patch,dpmm_p128_t50,dpmm,top5,2,file_brain_AXT1POST_203_6000597,10,0,11.520093477689302
AXT1POST,patch,dpmm_p128_t50,dpmm,top5,2,file_brain_AXT1POST_203_6000877,9,0,13.63055185171274
AXT1POST,patch,dpmm_p128_t50,dpmm,top5,2,file_brain_AXT1POST_203_6000657,12,0,14.429328331580528
AXT1POST,patch,dpmm_p128_t50,dpmm,top5,2,file_brain_AXT1POST_208_2080352,10,0,12.506213848407452
AXT1POST,patch,dpmm_p128_t50,dpmm,top5,2,file_brain_AXT1POST_207_2070354,6,0,11.830103947566105
AXT1POST,patch,dpmm_p128_t50,dpmm,top5,2,file_brain_AXT1POST_201_6002920,12,0,13.31756122295673
AXT1POST,patch,dpmm_p128_t50,dpmm,top5,2,file_brain_AXT1POST_208_2080304,10,0,13.84796612079327
AXT1POST,patch,dpmm_p128_t50,dpmm,top5,2,file_brain_AXT1POST_209_6001320,10,0,13.705707256610577
AXT1POST,patch,dpmm_p128_t50,dpmm,top5,2,file_brain_AXT1POST_207_2070009,5,0,12.696068396935097
AXT1POST,patch,dpmm_p128_t50,dpmm,top5,2,file_brain_AXT1POST_207_2070034,6,0,12.687523475060097
AXT1POST,patch,dpmm_p128_t50,dpmm,top5,2,file_brain_AXT1POST_205_2050102,5,0,12.661968524639423
AXT1POST,patch,dpmm_p128_t50,dpmm,top5,2,file_brain_AXT1POST_207_2070490,5,0,12.52126957820012
AXT1POST,patch,dpmm_p128_t50,dpmm,top5,2,file_brain_AXT1POST_208_2080208,7,0,12.302720289963942
AXT1POST,patch,dpmm_p128_t50,dpmm,top5,2,file_brain_AXT1POST_205_2050102,7,0,12.143049973707933
AXT1POST,patch,dpmm_p128_t50,dpmm,top5,2,file_brain_AXT1POST_205_2050102,4,0,12.638964139498198
AXT1POST,patch,dpmm_p128_t50,dpmm,top5,2,file_brain_AXT1POST_203_6000827,4,0,12.727655264047476
AXT1POST,patch,dpmm_p128_t50,dpmm,top5,2,file_brain_AXT1POST_207_2070809,6,0,12.275064321664663
AXT1POST,patch,dpmm_p128_t50,dpmm,top5,2,file_brain_AXT1POST_200_6002340,6,0,12.226245586688702
AXT1POST,patch,dpmm_p128_t50,dpmm,top5,2,file_brain_AXT1POST_207_2070479,10,0,13.590111365685097
AXT1POST,patch,dpmm_p128_t50,dpmm,top5,2,file_brain_AXT1POST_201_6002862,6,0,13.59978778545673
AXT1POST,patch,dpmm_p128_t50,dpmm,top5,2,file_brain_AXT1POST_203_6000760,8,0,12.56469961313101
AXT1POST,patch,dpmm_p128_t50,dpmm,top5,2,file_brain_AXT1POST_207_2070251,7,0,12.486044076772837
AXT1POST,patch,dpmm_p128_t50,dpmm,top5,2,file_brain_AXT1POST_208_2080062,10,0,12.220839280348558
AXT1POST,patch,dpmm_p128_t50,dpmm,top5,2,file_brain_AXT1POST_207_2070786,11,0,12.47745103102464
AXT1POST,patch,dpmm_p128_t50,dpmm,top5,2,file_brain_AXT1POST_200_6001996,12,0,13.695427527794472
AXT1POST,patch,dpmm_p128_t50,dpmm,top5,2,file_brain_AXT1POST_209_6001109,8,0,12.131317138671875
AXT1POST,patch,dpmm_p128_t50,dpmm,top5,2,file_brain_AXT1POST_205_2050159,9,0,13.387613149789663
AXT1POST,patch,dpmm_p128_t50,dpmm,top5,2,file_brain_AXT1POST_203_6000760,5,0,13.133297259990986
AXT1POST,patch,dpmm_p128_t50,dpmm,top5,2,file_brain_AXT1POST_208_2080075,9,0,12.944260817307692
AXT1POST,patch,dpmm_p128_t50,dpmm,top5,2,file_brain_AXT1POST_200_6002305,12,0,16.17077871469351
AXT1POST,patch,dpmm_p128_t50,dpmm,top5,2,file_brain_AXT1POST_200_6002340,7,0,11.757805457481972
AXT1POST,patch,dpmm_p128_t50,dpmm,top5,2,file_brain_AXT1POST_203_6000848,8,0,12.378425011268028
AXT1POST,patch,dpmm_p128_t50,dpmm,top5,2,file_brain_AXT1POST_208_2080345,12,0,13.431712223933292
AXT1POST,patch,dpmm_p128_t50,dpmm,top5,2,file_brain_AXT1POST_201_6002749,10,0,14.228719858022837
AXT1POST,patch,dpmm_p128_t50,dpmm,top5,2,file_brain_AXT1POST_200_6001959,5,0,13.83051006610577
AXT1POST,patch,dpmm_p128_t50,dpmm,top5,2,file_brain_AXT1POST_208_2080477,8,0,12.860954871544472
AXT1POST,patch,dpmm_p128_t50,dpmm,top5,2,file_brain_AXT1POST_208_2080383,6,0,13.003828782301683
AXT1POST,patch,dpmm_p128_t50,dpmm,top5,2,file_brain_AXT1POST_201_6002707,7,0,14.201177743765024
AXT1POST,patch,dpmm_p128_t50,dpmm,top5,2,file_brain_AXT1POST_203_6000861,4,0,14.448329045222355
AXT1POST,patch,dpmm_p128_t50,dpmm,top5,2,file_brain_AXT1POST_209_6001109,7,0,12.975315974308895
AXT1POST,patch,dpmm_p128_t50,dpmm,top5,2,file_brain_AXT1POST_203_6000760,4,0,14.890371469350962
AXT1POST,patch,dpmm_p128_t50,dpmm,top5,2,file_brain_AXT1POST_208_2080154,6,0,13.241560715895433
AXT1POST,patch,dpmm_p128_t50,dpmm,top5,2,file_brain_AXT1POST_201_6002749,6,0,13.126007080078125
AXT1POST,patch,dpmm_p128_t50,dpmm,top5,2,file_brain_AXT1POST_203_6000597,5,0,14.529444767878605
AXT1POST,patch,dpmm_p128_t50,dpmm,top5,2,file_brain_AXT1POST_203_6000848,12,0,16.151949368990383
AXT1POST,patch,dpmm_p128_t50,dpmm,top5,2,file_brain_AXT1POST_207_2070809,12,0,13.883726853590746
AXT1POST,patch,dpmm_p128_t50,dpmm,top5,2,file_brain_AXT1POST_208_2120069,8,0,13.425196721003605
AXT1POST,patch,dpmm_p128_t50,dpmm,top5,2,file_brain_AXT1POST_205_2050189,7,0,13.920708289513222
AXT1POST,patch,dpmm_p128_t50,dpmm,top5,2,file_brain_AXT1POST_200_6002337,12,0,13.447567279522236
AXT1POST,patch,dpmm_p128_t50,dpmm,top5,2,file_brain_AXT1POST_207_2070251,12,0,13.49117455115685
AXT1POST,patch,dpmm_p128_t50,dpmm,top5,2,file_brain_AXT1POST_207_2070635,6,0,13.231371366060698
AXT1POST,patch,dpmm_p128_t50,dpmm,top5,2,file_brain_AXT1POST_201_6002680,5,0,13.15277334359976
AXT1POST,patch,dpmm_p128_t50,dpmm,top5,2,file_brain_AXT1POST_208_2080213,7,0,12.317625779371996
AXT1POST,patch,dpmm_p128_t50,dpmm,top5,2,file_brain_AXT1POST_208_2080576,9,0,12.448248056265024
AXT1POST,patch,dpmm_p128_t50,dpmm,top5,2,file_brain_AXT1POST_208_2080275,6,0,12.604093111478365
AXT1POST,patch,dpmm_p128_t50,dpmm,top5,2,file_brain_AXT1POST_208_2080213,6,0,12.003595205453726
AXT1POST,patch,dpmm_p128_t50,dpmm,top5,2,file_brain_AXT1POST_208_2080213,12,0,14.692697378305288
AXT1POST,patch,dpmm_p128_t50,dpmm,top5,2,file_brain_AXT1POST_201_6002673,4,0,14.263316227839542
AXT1POST,patch,dpmm_p128_t50,dpmm,top5,2,file_brain_AXT1POST_210_6001771,4,0,13.278663048377403
AXT1POST,patch,dpmm_p128_t50,dpmm,top5,2,file_brain_AXT1POST_207_2070251,9,0,12.229248046875
AXT1POST,patch,dpmm_p128_t50,dpmm,top5,2,file_brain_AXT1POST_201_6002703,0,1,16.20183387169471
AXT1POST,patch,dpmm_p128_t50,dpmm,top5,2,file_brain_AXT1POST_201_6002703,1,1,14.68402334359976
AXT1POST,patch,dpmm_p128_t50,dpmm,top5,2,file_brain_AXT1POST_201_6002703,2,1,13.846231313852163
AXT1POST,patch,dpmm_p128_t50,dpmm,top5,2,file_brain_AXT1POST_201_6002703,3,1,13.949678861177885
AXT1POST,patch,dpmm_p128_t50,dpmm,top5,2,file_brain_AXT1POST_201_6002703,4,1,13.4684084378756
AXT1POST,patch,dpmm_p128_t50,dpmm,top5,2,file_brain_AXT1POST_201_6002703,5,1,12.846905048076923
AXT1POST,patch,dpmm_p128_t50,dpmm,top5,2,file_brain_AXT1POST_201_6002703,6,1,13.644950279822716
AXT1POST,patch,dpmm_p128_t50,dpmm,top5,2,file_brain_AXT1POST_201_6002703,7,1,12.50391094501202
AXT1POST,patch,dpmm_p128_t50,dpmm,top5,2,file_brain_AXT1POST_201_6002703,8,1,12.68951650766226
AXT1POST,patch,dpmm_p128_t50,dpmm,top5,2,file_brain_AXT1POST_201_6002703,9,1,13.688004713792067
AXT1POST,patch,dpmm_p128_t50,dpmm,top5,2,file_brain_AXT1POST_201_6002703,10,1,12.64562518780048
AXT1POST,patch,dpmm_p128_t50,dpmm,top5,2,file_brain_AXT1POST_201_6002703,11,1,13.881205632136417
AXT1POST,patch,dpmm_p128_t50,dpmm,top5,2,file_brain_AXT1POST_201_6002703,12,1,14.26596186711238
AXT1POST,patch,dpmm_p128_t50,dpmm,top5,2,file_brain_AXT1POST_201_6002703,13,1,15.318473229041466
AXT1POST,patch,dpmm_p128_t50,dpmm,top5,2,file_brain_AXT1POST_201_6002703,14,1,14.843941321739784
AXT1POST,patch,dpmm_p128_t50,dpmm,top5,2,file_brain_AXT1POST_201_6002683,0,1,15.678748497596153
AXT1POST,patch,dpmm_p128_t50,dpmm,top5,2,file_brain_AXT1POST_201_6002683,1,1,15.292259803185097
AXT1POST,patch,dpmm_p128_t50,dpmm,top5,2,file_brain_AXT1POST_201_6002683,2,1,15.449549748347355
AXT1POST,patch,dpmm_p128_t50,dpmm,top5,2,file_brain_AXT1POST_201_6002683,3,1,14.380077655498798
AXT1POST,patch,dpmm_p128_t50,dpmm,top5,2,file_brain_AXT1POST_201_6002683,4,1,14.492050170898438
AXT1POST,patch,dpmm_p128_t50,dpmm,top5,2,file_brain_AXT1POST_201_6002683,5,1,14.621894249549278
AXT1POST,patch,dpmm_p128_t50,dpmm,top5,2,file_brain_AXT1POST_201_6002683,6,1,15.294809194711538
AXT1POST,patch,dpmm_p128_t50,dpmm,top5,2,file_brain_AXT1POST_201_6002683,7,1,14.344361525315504
AXT1POST,patch,dpmm_p128_t50,dpmm,top5,2,file_brain_AXT1POST_201_6002683,8,1,14.07989736703726
AXT1POST,patch,dpmm_p128_t50,dpmm,top5,2,file_brain_AXT1POST_201_6002683,9,1,14.784761868990385
AXT1POST,patch,dpmm_p128_t50,dpmm,top5,2,file_brain_AXT1POST_201_6002683,10,1,14.980951162484976
AXT1POST,patch,dpmm_p128_t50,dpmm,top5,2,file_brain_AXT1POST_201_6002683,11,1,14.961590106670673
AXT1POST,patch,dpmm_p128_t50,dpmm,top5,2,file_brain_AXT1POST_201_6002683,12,1,14.837658221905048
AXT1POST,patch,dpmm_p128_t50,dpmm,top5,2,file_brain_AXT1POST_201_6002683,13,1,15.89053227351262
AXT1POST,patch,dpmm_p128_t50,dpmm,top5,2,file_brain_AXT1POST_200_6002033,0,1,14.158623328575722
AXT1POST,patch,dpmm_p128_t50,dpmm,top5,2,file_brain_AXT1POST_200_6002033,1,1,14.57092050405649
AXT1POST,patch,dpmm_p128_t50,dpmm,top5,2,file_brain_AXT1POST_200_6002033,2,1,14.33190683218149
AXT1POST,patch,dpmm_p128_t50,dpmm,top5,2,file_brain_AXT1POST_200_6002033,3,1,13.622925978440504
AXT1POST,patch,dpmm_p128_t50,dpmm,top5,2,file_brain_AXT1POST_201_6002817,0,1,13.843043400691105
AXT1POST,patch,dpmm_p128_t50,dpmm,top5,2,file_brain_AXT1POST_200_6002188,0,1,14.638270451472355
AXT1POST,patch,dpmm_p128_t50,dpmm,top5,2,file_brain_AXT1POST_200_6002188,1,1,15.111464280348558
AXT1POST,patch,dpmm_p128_t50,dpmm,top5,2,file_brain_AXT1POST_200_6002188,2,1,13.899857741135817
AXT1POST,patch,dpmm_p128_t50,dpmm,top5,2,file_brain_AXT1POST_200_6002188,3,1,13.369250957782452
AXT1POST,patch,dpmm_p128_t50,dpmm,top5,2,file_brain_AXT1POST_200_6002188,4,1,13.008798452524038
AXT1POST,patch,dpmm_p128_t50,dpmm,top5,2,file_brain_AXT1POST_200_6002188,5,1,13.026695838341347
AXT1POST,patch,dpmm_p128_t50,dpmm,top5,2,file_brain_AXT1POST_200_6002188,6,1,13.496113703801083
AXT1POST,patch,dpmm_p128_t50,dpmm,top5,2,file_brain_AXT1POST_200_6002188,7,1,13.938831035907452
AXT1POST,patch,dpmm_p128_t50,dpmm,top5,2,file_brain_AXT1POST_200_6002188,8,1,13.547139094426083
AXT1POST,patch,dpmm_p128_t50,dpmm,top5,2,file_brain_AXT1POST_200_6002188,9,1,13.996492826021635
AXT1POST,patch,dpmm_p128_t50,dpmm,top5,2,file_brain_AXT1POST_200_6002188,10,1,15.478710467998798
AXT1POST,patch,dpmm_p128_t50,dpmm,top5,2,file_brain_AXT1POST_200_6002188,11,1,14.315934401292067
AXT1POST,patch,dpmm_p128_t50,dpmm,top5,2,file_brain_AXT1POST_200_6002188,12,1,13.728555532602163
AXT1POST,patch,dpmm_p128_t50,dpmm,top5,2,file_brain_AXT1POST_200_6002188,13,1,14.08081524188702
AXT1POST,patch,dpmm_p128_t50,dpmm,top5,2,file_brain_AXT1POST_200_6002188,14,1,15.370657113882212
AXT1POST,patch,dpmm_p128_t50,dpmm,top5,2,file_brain_AXT1POST_200_6002337,0,1,15.078689575195312
AXT1POST,patch,dpmm_p128_t50,dpmm,top5,2,file_brain_AXT1POST_200_6002337,1,1,14.69903799203726
AXT1POST,patch,dpmm_p128_t50,dpmm,top5,2,file_brain_AXT1POST_200_6002337,2,1,15.077764657827524
AXT1POST,patch,dpmm_p128_t50,dpmm,top5,2,file_brain_AXT1POST_200_6002337,3,1,14.011066143329327
AXT1POST,patch,dpmm_p128_t50,dpmm,top5,2,file_brain_AXT1POST_200_6002337,4,1,13.80066152719351
AXT1POST,patch,dpmm_p128_t50,dpmm,top5,2,file_brain_AXT1POST_201_6002735,0,1,15.361973689152645
AXT1POST,patch,dpmm_p128_t50,dpmm,top5,2,file_brain_AXT1POST_201_6002735,1,1,16.26229741023137
AXT1POST,patch,dpmm_p128_t50,dpmm,top5,2,file_brain_AXT1POST_201_6002735,2,1,15.514752901517427
AXT1POST,patch,dpmm_p128_t50,dpmm,top5,2,file_brain_AXT1POST_201_6002735,3,1,15.111382117638222
AXT1POST,patch,dpmm_p128_t50,dpmm,top5,2,file_brain_AXT1POST_201_6002735,4,1,14.94191683255709
AXT1POST,patch,dpmm_p128_t50,dpmm,top5,2,file_brain_AXT1POST_201_6002735,5,1,14.118173452524038
AXT1POST,patch,dpmm_p128_t50,dpmm,top5,2,file_brain_AXT1POST_201_6002735,6,1,13.47195786696214
AXT1POST,patch,dpmm_p128_t50,dpmm,top5,2,file_brain_AXT1POST_201_6002735,7,1,13.315892146183895
AXT1POST,patch,dpmm_p128_t50,dpmm,top5,2,file_brain_AXT1POST_201_6002735,8,1,13.230878389798677
AXT1POST,patch,dpmm_p128_t50,dpmm,top5,2,file_brain_AXT1POST_201_6002735,9,1,12.99371572641226
AXT1POST,patch,dpmm_p128_t50,dpmm,top5,2,file_brain_AXT1POST_201_6002735,10,1,13.460864727313702
AXT1POST,patch,dpmm_p128_t50,dpmm,top5,2,file_brain_AXT1POST_201_6002735,11,1,13.492174588716948
AXT1POST,patch,dpmm_p128_t50,dpmm,top5,2,file_brain_AXT1POST_200_6002089,4,1,13.69833256648137
AXT1POST,patch,dpmm_p128_t50,dpmm,top5,2,file_brain_AXT1POST_200_6002089,5,1,13.61697739821214
AXT1POST,patch,dpmm_p128_t50,dpmm,top5,2,file_brain_AXT1POST_200_6002089,6,1,13.744869525615986
AXT1POST,patch,dpmm_p128_t50,dpmm,top5,2,file_brain_AXT1POST_200_6002089,7,1,13.362450232872597
AXT1POST,patch,dpmm_p128_t50,dpmm,top5,2,file_brain_AXT1POST_200_6002089,8,1,13.081910353440504
AXT1POST,patch,dpmm_p128_t50,dpmm,top5,2,file_brain_AXT1POST_200_6002089,9,1,14.01586444561298
AXT1POST,patch,dpmm_p128_t50,dpmm,top5,2,file_brain_AXT1POST_200_6002089,10,1,15.549849290114183
AXT1POST,patch,dpmm_p128_t50,dpmm,top5,2,file_brain_AXT1POST_200_6002089,11,1,15.208239041841948
AXT1POST,patch,dpmm_p128_t50,dpmm,top5,2,file_brain_AXT1POST_200_6002089,12,1,16.06409630408654
AXT1POST,patch,dpmm_p128_t50,dpmm,top5,2,file_brain_AXT1POST_200_6002089,13,1,15.501985990084135
AXT1POST,patch,dpmm_p128_t50,dpmm,top5,2,file_brain_AXT1POST_200_6002089,14,1,15.445136437049278
AXT1POST,patch,dpmm_p128_t50,dpmm,top5,2,file_brain_AXT1POST_200_6002089,15,1,15.174365703876202
AXT1POST,patch,dpmm_p128_t50,dpmm,top5,2,file_brain_AXT1POST_200_6002065,0,1,14.778268667367788
AXT1POST,patch,dpmm_p128_t50,dpmm,top5,2,file_brain_AXT1POST_200_6002065,1,1,14.95459453876202
AXT1POST,patch,dpmm_p128_t50,dpmm,top5,2,file_brain_AXT1POST_200_6002065,2,1,15.053392850435698
AXT1POST,patch,dpmm_p128_t50,dpmm,top5,2,file_brain_AXT1POST_200_6002065,3,1,15.56702129657452
AXT1POST,patch,dpmm_p128_t50,dpmm,top5,2,file_brain_AXT1POST_200_6002065,4,1,14.021566537710337
AXT1POST,patch,dpmm_p128_t50,dpmm,top5,2,file_brain_AXT1POST_200_6002065,5,1,13.727422860952524
AXT1POST,patch,dpmm_p128_t50,dpmm,top5,2,file_brain_AXT1POST_200_6002065,10,1,13.282334547776442
AXT1POST,patch,dpmm_p128_t50,dpmm,top5,2,file_brain_AXT1POST_200_6002396,0,1,14.694700974684496
AXT1POST,patch,dpmm_p128_t100,dpmm,top5,0,file_brain_AXT1POST_207_2070010,8,0,12.136278592623198
AXT1POST,patch,dpmm_p128_t100,dpmm,top5,0,file_brain_AXT1POST_208_2080493,5,0,12.787815974308895
AXT1POST,patch,dpmm_p128_t100,dpmm,top5,0,file_brain_AXT1POST_201_6002795,10,0,12.03377709021935
AXT1POST,patch,dpmm_p128_t100,dpmm,top5,0,file_brain_AXT1POST_207_2070214,6,0,13.452660193810097
AXT1POST,patch,dpmm_p128_t100,dpmm,top5,0,file_brain_AXT1POST_208_2080275,5,0,11.399630033052885
AXT1POST,patch,dpmm_p128_t100,dpmm,top5,0,file_brain_AXT1POST_201_6002760,10,0,12.306531465970552
AXT1POST,patch,dpmm_p128_t100,dpmm,top5,0,file_brain_AXT1POST_201_6002778,7,0,13.531537569486177
AXT1POST,patch,dpmm_p128_t100,dpmm,top5,0,file_brain_AXT1POST_207_2070418,12,0,12.666609544020433
AXT1POST,patch,dpmm_p128_t100,dpmm,top5,0,file_brain_AXT1POST_200_6002259,8,0,11.341562124399038
AXT1POST,patch,dpmm_p128_t100,dpmm,top5,0,file_brain_AXT1POST_207_2070251,10,0,12.76950894869291
AXT1POST,patch,dpmm_p128_t100,dpmm,top5,0,file_brain_AXT1POST_203_6000877,5,0,13.113203782301683
AXT1POST,patch,dpmm_p128_t100,dpmm,top5,0,file_brain_AXT1POST_200_6002337,5,0,12.933011568509615
AXT1POST,patch,dpmm_p128_t100,dpmm,top5,0,file_brain_AXT1POST_202_6000417,9,0,13.176898662860577
AXT1POST,patch,dpmm_p128_t100,dpmm,top5,0,file_brain_AXT1POST_203_6000712,6,0,13.125609177809496
AXT1POST,patch,dpmm_p128_t100,dpmm,top5,0,file_brain_AXT1POST_208_2080244,8,0,13.079627403846153
AXT1POST,patch,dpmm_p128_t100,dpmm,top5,0,file_brain_AXT1POST_210_6001735,5,0,13.114708533653847
AXT1POST,patch,dpmm_p128_t100,dpmm,top5,0,file_brain_AXT1POST_201_6002920,8,0,14.910196157602163
AXT1POST,patch,dpmm_p128_t100,dpmm,top5,0,file_brain_AXT1POST_205_2050255,6,0,12.14034447303185
AXT1POST,patch,dpmm_p128_t100,dpmm,top5,0,file_brain_AXT1POST_207_2070450,7,0,11.801764855018028
AXT1POST,patch,dpmm_p128_t100,dpmm,top5,0,file_brain_AXT1POST_210_6001790,8,0,13.624684260441708
AXT1POST,patch,dpmm_p128_t100,dpmm,top5,0,file_brain_AXT1POST_209_6001234,12,0,14.096299391526442
AXT1POST,patch,dpmm_p128_t100,dpmm,top5,0,file_brain_AXT1POST_208_2080392,12,0,13.60873765211839
AXT1POST,patch,dpmm_p128_t100,dpmm,top5,0,file_brain_AXT1POST_210_6001699,5,0,12.307227501502403
AXT1POST,patch,dpmm_p128_t100,dpmm,top5,0,file_brain_AXT1POST_208_2080393,4,0,12.203641451322115
AXT1POST,patch,dpmm_p128_t100,dpmm,top5,0,file_brain_AXT1POST_200_6002396,11,0,12.627826397235577
AXT1POST,patch,dpmm_p128_t100,dpmm,top5,0,file_brain_AXT1POST_207_2070804,10,0,13.660386305588942
AXT1POST,patch,dpmm_p128_t100,dpmm,top5,0,file_brain_AXT1POST_202_6000269,7,0,13.152724045973558
AXT1POST,patch,dpmm_p128_t100,dpmm,top5,0,file_brain_AXT1POST_207_2070809,7,0,11.820671668419472
AXT1POST,patch,dpmm_p128_t100,dpmm,top5,0,file_brain_AXT1POST_207_2070095,4,0,12.13442875788762
AXT1POST,patch,dpmm_p128_t100,dpmm,top5,0,file_brain_AXT1POST_210_6001787,11,0,12.208997286283052
AXT1POST,patch,dpmm_p128_t100,dpmm,top5,0,file_brain_AXT1POST_207_2070765,4,0,15.028025700495792
AXT1POST,patch,dpmm_p128_t100,dpmm,top5,0,file_brain_AXT1POST_207_2070095,11,0,12.887156559870792
AXT1POST,patch,dpmm_p128_t100,dpmm,top5,0,file_brain_AXT1POST_207_2070651,11,0,13.366494985727163
AXT1POST,patch,dpmm_p128_t100,dpmm,top5,0,file_brain_AXT1POST_208_2080422,12,0,12.7440185546875
AXT1POST,patch,dpmm_p128_t100,dpmm,top5,0,file_brain_AXT1POST_203_6000760,9,0,12.357825646033653
AXT1POST,patch,dpmm_p128_t100,dpmm,top5,0,file_brain_AXT1POST_201_6002814,6,0,12.59759051983173
AXT1POST,patch,dpmm_p128_t100,dpmm,top5,0,file_brain_AXT1POST_202_6000417,4,0,13.599571814903847
AXT1POST,patch,dpmm_p128_t100,dpmm,top5,0,file_brain_AXT1POST_207_2070259,5,0,12.765374990609976
AXT1POST,patch,dpmm_p128_t100,dpmm,top5,0,file_brain_AXT1POST_208_2080244,5,0,12.686949509840746
AXT1POST,patch,dpmm_p128_t100,dpmm,top5,0,file_brain_AXT1POST_203_6000877,11,0,13.544243445763222
AXT1POST,patch,dpmm_p128_t100,dpmm,top5,0,file_brain_AXT1POST_200_6001996,9,0,11.859244713416466
AXT1POST,patch,dpmm_p128_t100,dpmm,top5,0,file_brain_AXT1POST_210_6001735,4,0,12.720765333909254
AXT1POST,patch,dpmm_p128_t100,dpmm,top5,0,file_brain_AXT1POST_208_2080624,6,0,12.27087637094351
AXT1POST,patch,dpmm_p128_t100,dpmm,top5,0,file_brain_AXT1POST_205_2050146,5,0,13.053841224083534
AXT1POST,patch,dpmm_p128_t100,dpmm,top5,0,file_brain_AXT1POST_203_6000877,6,0,12.179919903094952
AXT1POST,patch,dpmm_p128_t100,dpmm,top5,0,file_brain_AXT1POST_201_6002795,12,0,13.622715876652645
AXT1POST,patch,dpmm_p128_t100,dpmm,top5,0,file_brain_AXT1POST_208_2080469,6,0,13.38464590219351
AXT1POST,patch,dpmm_p128_t100,dpmm,top5,0,file_brain_AXT1POST_210_6001797,5,0,13.480543870192308
AXT1POST,patch,dpmm_p128_t100,dpmm,top5,0,file_brain_AXT1POST_208_2080576,8,0,11.674560546875
AXT1POST,patch,dpmm_p128_t100,dpmm,top5,0,file_brain_AXT1POST_205_6000148,6,0,12.168934748722958
AXT1POST,patch,dpmm_p128_t100,dpmm,top5,0,file_brain_AXT1POST_207_2070095,10,0,11.812091533954327
AXT1POST,patch,dpmm_p128_t100,dpmm,top5,0,file_brain_AXT1POST_201_6002731,10,0,13.23091829740084
AXT1POST,patch,dpmm_p128_t100,dpmm,top5,0,file_brain_AXT1POST_207_2070083,4,0,12.758321908804087
AXT1POST,patch,dpmm_p128_t100,dpmm,top5,0,file_brain_AXT1POST_208_2080704,4,0,12.61444091796875
AXT1POST,patch,dpmm_p128_t100,dpmm,top5,0,file_brain_AXT1POST_205_6000180,5,0,12.366429255558895
AXT1POST,patch,dpmm_p128_t100,dpmm,top5,0,file_brain_AXT1POST_201_6002920,6,0,13.967846210186298
AXT1POST,patch,dpmm_p128_t100,dpmm,top5,0,file_brain_AXT1POST_209_6001417,11,0,13.711578369140625
AXT1POST,patch,dpmm_p128_t100,dpmm,top5,0,file_brain_AXT1POST_203_6000774,4,0,13.098968505859375
AXT1POST,patch,dpmm_p128_t100,dpmm,top5,0,file_brain_AXT1POST_209_6001234,6,0,12.03461162860577
AXT1POST,patch,dpmm_p128_t100,dpmm,top5,0,file_brain_AXT1POST_208_2080154,9,0,12.286121074969952
AXT1POST,patch,dpmm_p128_t100,dpmm,top5,0,file_brain_AXT1POST_207_2070147,10,0,12.358465341421274
AXT1POST,patch,dpmm_p128_t100,dpmm,top5,0,file_brain_AXT1POST_205_2050102,9,0,13.227879450871395
AXT1POST,patch,dpmm_p128_t100,dpmm,top5,0,file_brain_AXT1POST_209_6001264,7,0,11.501685509314903
AXT1POST,patch,dpmm_p128_t100,dpmm,top5,0,file_brain_AXT1POST_207_2070034,7,0,12.161680955153246
AXT1POST,patch,dpmm_p128_t100,dpmm,top5,0,file_brain_AXT1POST_209_6001458,10,0,12.018913855919472
AXT1POST,patch,dpmm_p128_t100,dpmm,top5,0,file_brain_AXT1POST_206_6000235,10,0,13.93793194110577
AXT1POST,patch,dpmm_p128_t100,dpmm,top5,0,file_brain_AXT1POST_208_2080213,5,0,12.71527334359976
AXT1POST,patch,dpmm_p128_t100,dpmm,top5,0,file_brain_AXT1POST_200_6002396,9,0,11.74789311335637
AXT1POST,patch,dpmm_p128_t100,dpmm,top5,0,file_brain_AXT1POST_200_6002305,4,0,12.605628380408653
AXT1POST,patch,dpmm_p128_t100,dpmm,top5,0,file_brain_AXT1POST_207_2070651,12,0,13.61963360126202
AXT1POST,patch,dpmm_p128_t100,dpmm,top5,0,file_brain_AXT1POST_205_2050148,10,0,12.34051748422476
AXT1POST,patch,dpmm_p128_t100,dpmm,top5,0,file_brain_AXT1POST_208_2080469,4,0,14.0228271484375
AXT1POST,patch,dpmm_p128_t100,dpmm,top5,0,file_brain_AXT1POST_207_2070635,10,0,12.396740253155048
AXT1POST,patch,dpmm_p128_t100,dpmm,top5,0,file_brain_AXT1POST_207_2070133,8,0,11.40874774639423
AXT1POST,patch,dpmm_p128_t100,dpmm,top5,0,file_brain_AXT1POST_203_6000661,12,0,13.534874549278847
AXT1POST,patch,dpmm_p128_t100,dpmm,top5,0,file_brain_AXT1POST_203_6000760,6,0,12.356390146108774
AXT1POST,patch,dpmm_p128_t100,dpmm,top5,0,file_brain_AXT1POST_200_6002337,8,0,11.972825270432692
AXT1POST,patch,dpmm_p128_t100,dpmm,top5,0,file_brain_AXT1POST_208_2080393,12,0,14.342381403996395
AXT1POST,patch,dpmm_p128_t100,dpmm,top5,0,file_brain_AXT1POST_207_2070123,7,0,12.007476806640625
AXT1POST,patch,dpmm_p128_t100,dpmm,top5,0,file_brain_AXT1POST_201_6002772,8,0,13.075515747070312
AXT1POST,patch,dpmm_p128_t100,dpmm,top5,0,file_brain_AXT1POST_207_2070804,9,0,12.95367901141827
AXT1POST,patch,dpmm_p128_t100,dpmm,top5,0,file_brain_AXT1POST_208_2080469,12,0,13.927734375
AXT1POST,patch,dpmm_p128_t100,dpmm,top5,0,file_brain_AXT1POST_208_2080275,7,0,11.234475942758413
AXT1POST,patch,dpmm_p128_t100,dpmm,top5,0,file_brain_AXT1POST_209_6001264,4,0,12.543180025540865
AXT1POST,patch,dpmm_p128_t100,dpmm,top5,0,file_brain_AXT1POST_209_6001064,5,0,13.181450477013222
AXT1POST,patch,dpmm_p128_t100,dpmm,top5,0,file_brain_AXT1POST_201_6002920,4,0,13.587344829852764
AXT1POST,patch,dpmm_p128_t100,dpmm,top5,0,file_brain_AXT1POST_210_6001787,7,0,12.431530292217548
AXT1POST,patch,dpmm_p128_t100,dpmm,top5,0,file_brain_AXT1POST_203_6000661,4,0,14.602154071514423
AXT1POST,patch,dpmm_p128_t100,dpmm,top5,0,file_brain_AXT1POST_203_6000712,10,0,14.419246967022236
AXT1POST,patch,dpmm_p128_t100,dpmm,top5,0,file_brain_AXT1POST_210_6001797,4,0,14.206927959735577
AXT1POST,patch,dpmm_p128_t100,dpmm,top5,0,file_brain_AXT1POST_208_2080504,5,0,11.915515606219952
AXT1POST,patch,dpmm_p128_t100,dpmm,top5,0,file_brain_AXT1POST_208_2080421,4,0,14.864301241361177
AXT1POST,patch,dpmm_p128_t100,dpmm,top5,0,file_brain_AXT1POST_209_6001458,4,0,13.047706017127403
AXT1POST,patch,dpmm_p128_t100,dpmm,top5,0,file_brain_AXT1POST_207_2070133,6,0,13.251272348257212
AXT1POST,patch,dpmm_p128_t100,dpmm,top5,0,file_brain_AXT1POST_208_2080240,10,0,13.878592857947716
AXT1POST,patch,dpmm_p128_t100,dpmm,top5,0,file_brain_AXT1POST_208_2080493,9,0,13.1749267578125
AXT1POST,patch,dpmm_p128_t100,dpmm,top5,0,file_brain_AXT1POST_205_6000035,8,0,12.5670412503756
AXT1POST,patch,dpmm_p128_t100,dpmm,top5,0,file_brain_AXT1POST_208_2080393,7,0,11.913259652944712
AXT1POST,patch,dpmm_p128_t100,dpmm,top5,0,file_brain_AXT1POST_200_6002046,9,0,12.263142512394833
AXT1POST,patch,dpmm_p128_t100,dpmm,top5,0,file_brain_AXT1POST_206_6000235,8,0,12.738322331355167
AXT1POST,patch,dpmm_p128_t100,dpmm,top5,0,file_brain_AXT1POST_205_2050189,8,0,11.326587383563702
AXT1POST,patch,dpmm_p128_t100,dpmm,top5,0,file_brain_AXT1POST_210_6001771,11,0,13.36950918344351
AXT1POST,patch,dpmm_p128_t100,dpmm,top5,0,file_brain_AXT1POST_208_2120069,4,0,13.539911123422476
AXT1POST,patch,dpmm_p128_t100,dpmm,top5,0,file_brain_AXT1POST_201_6002862,11,0,13.07345228928786
AXT1POST,patch,dpmm_p128_t100,dpmm,top5,0,file_brain_AXT1POST_209_6001236,9,0,11.4793701171875
AXT1POST,patch,dpmm_p128_t100,dpmm,top5,0,file_brain_AXT1POST_200_6002349,12,0,13.646668654221754
AXT1POST,patch,dpmm_p128_t100,dpmm,top5,0,file_brain_AXT1POST_208_2080075,5,0,13.450614342322716
AXT1POST,patch,dpmm_p128_t100,dpmm,top5,0,file_brain_AXT1POST_210_6001735,9,0,12.282711322490986
AXT1POST,patch,dpmm_p128_t100,dpmm,top5,0,file_brain_AXT1POST_209_6001109,6,0,12.099496694711538
AXT1POST,patch,dpmm_p128_t100,dpmm,top5,0,file_brain_AXT1POST_203_6000869,8,0,12.20824725811298
AXT1POST,patch,dpmm_p128_t100,dpmm,top5,0,file_brain_AXT1POST_207_2070259,4,0,13.044135460486778
AXT1POST,patch,dpmm_p128_t100,dpmm,top5,0,file_brain_AXT1POST_203_6000712,9,0,13.558850801908052
AXT1POST,patch,dpmm_p128_t100,dpmm,top5,0,file_brain_AXT1POST_207_2070095,6,0,11.819504957932692
AXT1POST,patch,dpmm_p128_t100,dpmm,top5,0,file_brain_AXT1POST_200_6002413,11,0,12.560382549579327
AXT1POST,patch,dpmm_p128_t100,dpmm,top5,0,file_brain_AXT1POST_208_2080392,10,0,12.316165630634014
AXT1POST,patch,dpmm_p128_t100,dpmm,top5,0,file_brain_AXT1POST_203_6000661,5,0,13.519918588491587
AXT1POST,patch,dpmm_p128_t100,dpmm,top5,0,file_brain_AXT1POST_209_6001236,7,0,12.252967247596153
AXT1POST,patch,dpmm_p128_t100,dpmm,top5,0,file_brain_AXT1POST_207_2070809,10,0,12.29800767164964
AXT1POST,patch,dpmm_p128_t100,dpmm,top5,0,file_brain_AXT1POST_207_2070214,9,0,11.607593242938702
AXT1POST,patch,dpmm_p128_t100,dpmm,top5,0,file_brain_AXT1POST_208_2080704,10,0,12.348283034104567
AXT1POST,patch,dpmm_p128_t100,dpmm,top5,0,file_brain_AXT1POST_201_6002673,7,0,12.642449012169472
AXT1POST,patch,dpmm_p128_t100,dpmm,top5,0,file_brain_AXT1POST_203_6000657,4,0,12.07366943359375
AXT1POST,patch,dpmm_p128_t100,dpmm,top5,0,file_brain_AXT1POST_207_2070242,5,0,12.439886239858774
AXT1POST,patch,dpmm_p128_t100,dpmm,top5,0,file_brain_AXT1POST_208_2080493,11,0,12.458489051231972
AXT1POST,patch,dpmm_p128_t100,dpmm,top5,0,file_brain_AXT1POST_209_6001458,6,0,11.817149235652042
AXT1POST,patch,dpmm_p128_t100,dpmm,top5,0,file_brain_AXT1POST_208_2080421,6,0,12.248048048753004
AXT1POST,patch,dpmm_p128_t100,dpmm,top5,0,file_brain_AXT1POST_201_6002668,6,0,12.455830500676083
AXT1POST,patch,dpmm_p128_t100,dpmm,top5,0,file_brain_AXT1POST_200_6002349,4,0,12.71905282827524
AXT1POST,patch,dpmm_p128_t100,dpmm,top5,0,file_brain_AXT1POST_200_6002305,10,0,12.493585439828726
AXT1POST,patch,dpmm_p128_t100,dpmm,top5,0,file_brain_AXT1POST_207_2070651,6,0,13.50851557804988
AXT1POST,patch,dpmm_p128_t100,dpmm,top5,0,file_brain_AXT1POST_201_6002778,12,0,13.093102088341347
AXT1POST,patch,dpmm_p128_t100,dpmm,top5,0,file_brain_AXT1POST_200_6002349,11,0,12.77142333984375
AXT1POST,patch,dpmm_p128_t100,dpmm,top5,0,file_brain_AXT1POST_208_2080576,10,0,12.763722346379208
AXT1POST,patch,dpmm_p128_t100,dpmm,top5,0,file_brain_AXT1POST_207_2070765,8,0,11.933495154747597
AXT1POST,patch,dpmm_p128_t100,dpmm,top5,0,file_brain_AXT1POST_207_2070083,9,0,12.007549579326923
AXT1POST,patch,dpmm_p128_t100,dpmm,top5,0,file_brain_AXT1POST_207_2070547,10,0,12.21059828538161
AXT1POST,patch,dpmm_p128_t100,dpmm,top5,0,file_brain_AXT1POST_207_2070490,7,0,12.072863065279448
AXT1POST,patch,dpmm_p128_t100,dpmm,top5,0,file_brain_AXT1POST_207_2070553,4,0,12.36248544546274
AXT1POST,patch,dpmm_p128_t100,dpmm,top5,0,file_brain_AXT1POST_200_6002033,8,0,11.78747323843149
AXT1POST,patch,dpmm_p128_t100,dpmm,top5,0,file_brain_AXT1POST_208_2080345,8,0,12.171863262469952
AXT1POST,patch,dpmm_p128_t100,dpmm,top5,0,file_brain_AXT1POST_209_6001320,7,0,11.499582143930288
AXT1POST,patch,dpmm_p128_t100,dpmm,top5,0,file_brain_AXT1POST_207_2070357,4,0,14.740838857797476
AXT1POST,patch,dpmm_p128_t100,dpmm,top5,0,file_brain_AXT1POST_210_6001735,10,0,12.797682542067308
AXT1POST,patch,dpmm_p128_t100,dpmm,top5,0,file_brain_AXT1POST_207_2070127,7,0,11.98839862530048
AXT1POST,patch,dpmm_p128_t100,dpmm,top5,0,file_brain_AXT1POST_205_6000035,5,0,12.484697782076323
AXT1POST,patch,dpmm_p128_t100,dpmm,top5,0,file_brain_AXT1POST_202_6000269,5,0,14.790293766902042
AXT1POST,patch,dpmm_p128_t100,dpmm,top5,0,file_brain_AXT1POST_200_6002396,4,0,12.649552565354567
AXT1POST,patch,dpmm_p128_t100,dpmm,top5,0,file_brain_AXT1POST_200_6002392,10,0,12.56564448429988
AXT1POST,patch,dpmm_p128_t100,dpmm,top5,0,file_brain_AXT1POST_208_2080576,12,0,13.214984600360577
AXT1POST,patch,dpmm_p128_t100,dpmm,top5,0,file_brain_AXT1POST_201_6002731,4,0,14.853807889498198
AXT1POST,patch,dpmm_p128_t100,dpmm,top5,0,file_brain_AXT1POST_207_2070651,7,0,12.22711416391226
AXT1POST,patch,dpmm_p128_t100,dpmm,top5,0,file_brain_AXT1POST_207_2070327,9,0,11.900134746844952
AXT1POST,patch,dpmm_p128_t100,dpmm,top5,0,file_brain_AXT1POST_207_2070327,8,0,12.52881094125601
AXT1POST,patch,dpmm_p128_t100,dpmm,top5,0,file_brain_AXT1POST_205_6000035,4,0,12.544565054086538
AXT1POST,patch,dpmm_p128_t100,dpmm,top5,0,file_brain_AXT1POST_210_6001771,8,0,12.056650015024038
AXT1POST,patch,dpmm_p128_t100,dpmm,top5,0,file_brain_AXT1POST_205_2050259,4,0,13.293896014873798
AXT1POST,patch,dpmm_p128_t100,dpmm,top5,0,file_brain_AXT1POST_200_6002259,5,0,12.476824246920073
AXT1POST,patch,dpmm_p128_t100,dpmm,top5,0,file_brain_AXT1POST_207_2070251,11,0,12.614425659179688
AXT1POST,patch,dpmm_p128_t100,dpmm,top5,0,file_brain_AXT1POST_210_6001787,4,0,14.671973595252403
AXT1POST,patch,dpmm_p128_t100,dpmm,top5,0,file_brain_AXT1POST_203_6000861,5,0,14.165961632361778
AXT1POST,patch,dpmm_p128_t100,dpmm,top5,0,file_brain_AXT1POST_207_2070259,6,0,12.90488023024339
AXT1POST,patch,dpmm_p128_t100,dpmm,top5,0,file_brain_AXT1POST_208_2080352,5,0,12.236876267653246
AXT1POST,patch,dpmm_p128_t100,dpmm,top5,0,file_brain_AXT1POST_208_2080477,4,0,12.533832256610577
AXT1POST,patch,dpmm_p128_t100,dpmm,top5,0,file_brain_AXT1POST_208_2080422,5,0,13.840869610126202
AXT1POST,patch,dpmm_p128_t100,dpmm,top5,0,file_brain_AXT1POST_202_6000302,9,0,12.974530733548677
AXT1POST,patch,dpmm_p128_t100,dpmm,top5,0,file_brain_AXT1POST_207_2070365,10,0,13.329559326171875
AXT1POST,patch,dpmm_p128_t100,dpmm,top5,0,file_brain_AXT1POST_200_6002340,4,0,12.621503389798677
AXT1POST,patch,dpmm_p128_t100,dpmm,top5,0,file_brain_AXT1POST_208_2080075,4,0,13.845765333909254
AXT1POST,patch,dpmm_p128_t100,dpmm,top5,0,file_brain_AXT1POST_203_6000869,4,0,12.839678250826323
AXT1POST,patch,dpmm_p128_t100,dpmm,top5,0,file_brain_AXT1POST_207_2070479,4,0,13.679566603440504
AXT1POST,patch,dpmm_p128_t100,dpmm,top5,0,file_brain_AXT1POST_209_6001250,5,0,12.107289240910458
AXT1POST,patch,dpmm_p128_t100,dpmm,top5,0,file_brain_AXT1POST_207_2070009,12,0,13.118438720703125
AXT1POST,patch,dpmm_p128_t100,dpmm,top5,0,file_brain_AXT1POST_205_2050148,5,0,11.597980205829327
AXT1POST,patch,dpmm_p128_t100,dpmm,top5,0,file_brain_AXT1POST_203_6000597,7,0,12.442429762620192
AXT1POST,patch,dpmm_p128_t100,dpmm,top5,0,file_brain_AXT1POST_202_6000281,10,0,14.377214871920073
AXT1POST,patch,dpmm_p128_t100,dpmm,top5,0,file_brain_AXT1POST_203_6000827,10,0,13.923532339242788
AXT1POST,patch,dpmm_p128_t100,dpmm,top5,0,file_brain_AXT1POST_207_2070547,11,0,12.498082087590145
AXT1POST,patch,dpmm_p128_t100,dpmm,top5,0,file_brain_AXT1POST_209_6001458,7,0,11.820568378155048
AXT1POST,patch,dpmm_p128_t100,dpmm,top5,0,file_brain_AXT1POST_210_6001645,6,0,12.272547795222355
AXT1POST,patch,dpmm_p128_t100,dpmm,top5,0,file_brain_AXT1POST_207_2070099,12,0,12.743844839242788
AXT1POST,patch,dpmm_p128_t100,dpmm,top5,0,file_brain_AXT1POST_207_2070241,11,0,12.862048809344952
AXT1POST,patch,dpmm_p128_t100,dpmm,top5,0,file_brain_AXT1POST_207_2070786,7,0,12.204331618088942
AXT1POST,patch,dpmm_p128_t100,dpmm,top5,0,file_brain_AXT1POST_208_2080493,8,0,11.91626211313101
AXT1POST,patch,dpmm_p128_t100,dpmm,top5,0,file_brain_AXT1POST_208_2080082,7,0,11.990094698392427
AXT1POST,patch,dpmm_p128_t100,dpmm,top5,0,file_brain_AXT1POST_207_2070479,7,0,12.430970412034254
AXT1POST,patch,dpmm_p128_t100,dpmm,top5,0,file_brain_AXT1POST_210_6001735,12,0,13.586422259990986
AXT1POST,patch,dpmm_p128_t100,dpmm,top5,0,file_brain_AXT1POST_202_6000341,5,0,12.582593477689302
AXT1POST,patch,dpmm_p128_t100,dpmm,top5,0,file_brain_AXT1POST_203_6000657,10,0,13.078292846679688
AXT1POST,patch,dpmm_p128_t100,dpmm,top5,0,file_brain_AXT1POST_208_2080082,6,0,12.71291292630709
AXT1POST,patch,dpmm_p128_t100,dpmm,top5,0,file_brain_AXT1POST_205_2050189,6,0,12.729762150691105
AXT1POST,patch,dpmm_p128_t100,dpmm,top5,0,file_brain_AXT1POST_208_2080082,9,0,12.942422720102163
AXT1POST,patch,dpmm_p128_t100,dpmm,top5,0,file_brain_AXT1POST_207_2070357,8,0,12.877379197340746
AXT1POST,patch,dpmm_p128_t100,dpmm,top5,0,file_brain_AXT1POST_207_2070009,8,0,13.132952176607573
AXT1POST,patch,dpmm_p128_t100,dpmm,top5,0,file_brain_AXT1POST_203_6000774,5,0,12.301910400390625
AXT1POST,patch,dpmm_p128_t100,dpmm,top5,0,file_brain_AXT1POST_203_6000597,11,0,12.456993689903847
AXT1POST,patch,dpmm_p128_t100,dpmm,top5,0,file_brain_AXT1POST_207_2070786,6,0,12.71774174616887
AXT1POST,patch,dpmm_p128_t100,dpmm,top5,0,file_brain_AXT1POST_203_6000597,10,0,11.27816655085637
AXT1POST,patch,dpmm_p128_t100,dpmm,top5,0,file_brain_AXT1POST_203_6000877,9,0,13.033651498647837
AXT1POST,patch,dpmm_p128_t100,dpmm,top5,0,file_brain_AXT1POST_203_6000657,12,0,14.016066331129808
AXT1POST,patch,dpmm_p128_t100,dpmm,top5,0,file_brain_AXT1POST_208_2080352,10,0,11.96817368727464
AXT1POST,patch,dpmm_p128_t100,dpmm,top5,0,file_brain_AXT1POST_207_2070354,6,0,11.677699162409855
AXT1POST,patch,dpmm_p128_t100,dpmm,top5,0,file_brain_AXT1POST_201_6002920,12,0,12.831257746769833
AXT1POST,patch,dpmm_p128_t100,dpmm,top5,0,file_brain_AXT1POST_208_2080304,10,0,13.172730665940504
AXT1POST,patch,dpmm_p128_t100,dpmm,top5,0,file_brain_AXT1POST_209_6001320,10,0,13.05218975360577
AXT1POST,patch,dpmm_p128_t100,dpmm,top5,0,file_brain_AXT1POST_207_2070009,5,0,12.416393573467548
AXT1POST,patch,dpmm_p128_t100,dpmm,top5,0,file_brain_AXT1POST_207_2070034,6,0,12.279334435096153
AXT1POST,patch,dpmm_p128_t100,dpmm,top5,0,file_brain_AXT1POST_205_2050102,5,0,12.311746450570913
AXT1POST,patch,dpmm_p128_t100,dpmm,top5,0,file_brain_AXT1POST_207_2070490,5,0,11.966357891376202
AXT1POST,patch,dpmm_p128_t100,dpmm,top5,0,file_brain_AXT1POST_208_2080208,7,0,11.810350858248198
AXT1POST,patch,dpmm_p128_t100,dpmm,top5,0,file_brain_AXT1POST_205_2050102,7,0,11.781200702373798
AXT1POST,patch,dpmm_p128_t100,dpmm,top5,0,file_brain_AXT1POST_205_2050102,4,0,12.153335571289062
AXT1POST,patch,dpmm_p128_t100,dpmm,top5,0,file_brain_AXT1POST_203_6000827,4,0,12.17462392953726
AXT1POST,patch,dpmm_p128_t100,dpmm,top5,0,file_brain_AXT1POST_207_2070809,6,0,11.878220778245192
AXT1POST,patch,dpmm_p128_t100,dpmm,top5,0,file_brain_AXT1POST_200_6002340,6,0,11.948849017803486
AXT1POST,patch,dpmm_p128_t100,dpmm,top5,0,file_brain_AXT1POST_207_2070479,10,0,12.923149695763222
AXT1POST,patch,dpmm_p128_t100,dpmm,top5,0,file_brain_AXT1POST_201_6002862,6,0,12.837918795072115
AXT1POST,patch,dpmm_p128_t100,dpmm,top5,0,file_brain_AXT1POST_203_6000760,8,0,12.149637075570913
AXT1POST,patch,dpmm_p128_t100,dpmm,top5,0,file_brain_AXT1POST_207_2070251,7,0,12.160786555363583
AXT1POST,patch,dpmm_p128_t100,dpmm,top5,0,file_brain_AXT1POST_208_2080062,10,0,11.83544687124399
AXT1POST,patch,dpmm_p128_t100,dpmm,top5,0,file_brain_AXT1POST_207_2070786,11,0,12.080979567307692
AXT1POST,patch,dpmm_p128_t100,dpmm,top5,0,file_brain_AXT1POST_200_6001996,12,0,13.071825467623198
AXT1POST,patch,dpmm_p128_t100,dpmm,top5,0,file_brain_AXT1POST_209_6001109,8,0,11.763880803034855
AXT1POST,patch,dpmm_p128_t100,dpmm,top5,0,file_brain_AXT1POST_205_2050159,9,0,12.907578688401442
AXT1POST,patch,dpmm_p128_t100,dpmm,top5,0,file_brain_AXT1POST_203_6000760,5,0,12.379479041466347
AXT1POST,patch,dpmm_p128_t100,dpmm,top5,0,file_brain_AXT1POST_208_2080075,9,0,12.510762141301083
AXT1POST,patch,dpmm_p128_t100,dpmm,top5,0,file_brain_AXT1POST_200_6002305,12,0,15.55887662447416
AXT1POST,patch,dpmm_p128_t100,dpmm,top5,0,file_brain_AXT1POST_200_6002340,7,0,11.544569749098558
AXT1POST,patch,dpmm_p128_t100,dpmm,top5,0,file_brain_AXT1POST_203_6000848,8,0,12.003810002253605
AXT1POST,patch,dpmm_p128_t100,dpmm,top5,0,file_brain_AXT1POST_208_2080345,12,0,12.985745943509615
AXT1POST,patch,dpmm_p128_t100,dpmm,top5,0,file_brain_AXT1POST_201_6002749,10,0,13.707620474008413
AXT1POST,patch,dpmm_p128_t100,dpmm,top5,0,file_brain_AXT1POST_200_6001959,5,0,13.32415771484375
AXT1POST,patch,dpmm_p128_t100,dpmm,top5,0,file_brain_AXT1POST_208_2080477,8,0,12.447237454927885
AXT1POST,patch,dpmm_p128_t100,dpmm,top5,0,file_brain_AXT1POST_208_2080383,6,0,12.471299391526442
AXT1POST,patch,dpmm_p128_t100,dpmm,top5,0,file_brain_AXT1POST_201_6002707,7,0,13.504319411057692
AXT1POST,patch,dpmm_p128_t100,dpmm,top5,0,file_brain_AXT1POST_203_6000861,4,0,13.921276385967548
AXT1POST,patch,dpmm_p128_t100,dpmm,top5,0,file_brain_AXT1POST_209_6001109,7,0,12.624497633713942
AXT1POST,patch,dpmm_p128_t100,dpmm,top5,0,file_brain_AXT1POST_203_6000760,4,0,14.00641338641827
AXT1POST,patch,dpmm_p128_t100,dpmm,top5,0,file_brain_AXT1POST_208_2080154,6,0,12.72167733999399
AXT1POST,patch,dpmm_p128_t100,dpmm,top5,0,file_brain_AXT1POST_201_6002749,6,0,12.846694946289062
AXT1POST,patch,dpmm_p128_t100,dpmm,top5,0,file_brain_AXT1POST_203_6000597,5,0,13.731148352989784
AXT1POST,patch,dpmm_p128_t100,dpmm,top5,0,file_brain_AXT1POST_203_6000848,12,0,15.477540236253004
AXT1POST,patch,dpmm_p128_t100,dpmm,top5,0,file_brain_AXT1POST_207_2070809,12,0,13.418426513671875
AXT1POST,patch,dpmm_p128_t100,dpmm,top5,0,file_brain_AXT1POST_208_2120069,8,0,12.829061654897837
AXT1POST,patch,dpmm_p128_t100,dpmm,top5,0,file_brain_AXT1POST_205_2050189,7,0,13.391893826998198
AXT1POST,patch,dpmm_p128_t100,dpmm,top5,0,file_brain_AXT1POST_200_6002337,12,0,13.032966026893028
AXT1POST,patch,dpmm_p128_t100,dpmm,top5,0,file_brain_AXT1POST_207_2070251,12,0,13.011894812950722
AXT1POST,patch,dpmm_p128_t100,dpmm,top5,0,file_brain_AXT1POST_207_2070635,6,0,12.878450833834135
AXT1POST,patch,dpmm_p128_t100,dpmm,top5,0,file_brain_AXT1POST_201_6002680,5,0,12.603292611929087
AXT1POST,patch,dpmm_p128_t100,dpmm,top5,0,file_brain_AXT1POST_208_2080213,7,0,11.92267080453726
AXT1POST,patch,dpmm_p128_t100,dpmm,top5,0,file_brain_AXT1POST_208_2080576,9,0,12.105557955228365
AXT1POST,patch,dpmm_p128_t100,dpmm,top5,0,file_brain_AXT1POST_208_2080275,6,0,12.376910869891827
AXT1POST,patch,dpmm_p128_t100,dpmm,top5,0,file_brain_AXT1POST_208_2080213,6,0,11.803572434645433
AXT1POST,patch,dpmm_p128_t100,dpmm,top5,0,file_brain_AXT1POST_208_2080213,12,0,14.15692138671875
AXT1POST,patch,dpmm_p128_t100,dpmm,top5,0,file_brain_AXT1POST_201_6002673,4,0,13.699174147385817
AXT1POST,patch,dpmm_p128_t100,dpmm,top5,0,file_brain_AXT1POST_210_6001771,4,0,12.821641188401442
AXT1POST,patch,dpmm_p128_t100,dpmm,top5,0,file_brain_AXT1POST_207_2070251,9,0,11.692369901216948
AXT1POST,patch,dpmm_p128_t100,dpmm,top5,0,file_brain_AXT1POST_201_6002703,0,1,15.268042931189903
AXT1POST,patch,dpmm_p128_t100,dpmm,top5,0,file_brain_AXT1POST_201_6002703,1,1,14.036038912259615
AXT1POST,patch,dpmm_p128_t100,dpmm,top5,0,file_brain_AXT1POST_201_6002703,2,1,13.282791137695312
AXT1POST,patch,dpmm_p128_t100,dpmm,top5,0,file_brain_AXT1POST_201_6002703,3,1,13.42087144118089
AXT1POST,patch,dpmm_p128_t100,dpmm,top5,0,file_brain_AXT1POST_201_6002703,4,1,12.973324115459736
AXT1POST,patch,dpmm_p128_t100,dpmm,top5,0,file_brain_AXT1POST_201_6002703,5,1,12.420015775240385
AXT1POST,patch,dpmm_p128_t100,dpmm,top5,0,file_brain_AXT1POST_201_6002703,6,1,13.239212036132812
AXT1POST,patch,dpmm_p128_t100,dpmm,top5,0,file_brain_AXT1POST_201_6002703,7,1,11.899522047776442
AXT1POST,patch,dpmm_p128_t100,dpmm,top5,0,file_brain_AXT1POST_201_6002703,8,1,12.264228233924278
AXT1POST,patch,dpmm_p128_t100,dpmm,top5,0,file_brain_AXT1POST_201_6002703,9,1,13.31942631648137
AXT1POST,patch,dpmm_p128_t100,dpmm,top5,0,file_brain_AXT1POST_201_6002703,10,1,12.214547964242788
AXT1POST,patch,dpmm_p128_t100,dpmm,top5,0,file_brain_AXT1POST_201_6002703,11,1,13.285403911884014
AXT1POST,patch,dpmm_p128_t100,dpmm,top5,0,file_brain_AXT1POST_201_6002703,12,1,13.559722900390625
AXT1POST,patch,dpmm_p128_t100,dpmm,top5,0,file_brain_AXT1POST_201_6002703,13,1,14.433043259840746
AXT1POST,patch,dpmm_p128_t100,dpmm,top5,0,file_brain_AXT1POST_201_6002703,14,1,14.382098858173077
AXT1POST,patch,dpmm_p128_t100,dpmm,top5,0,file_brain_AXT1POST_201_6002683,0,1,14.987869262695312
AXT1POST,patch,dpmm_p128_t100,dpmm,top5,0,file_brain_AXT1POST_201_6002683,1,1,14.468157254732573
AXT1POST,patch,dpmm_p128_t100,dpmm,top5,0,file_brain_AXT1POST_201_6002683,2,1,14.534414438100962
AXT1POST,patch,dpmm_p128_t100,dpmm,top5,0,file_brain_AXT1POST_201_6002683,3,1,13.686874389648438
AXT1POST,patch,dpmm_p128_t100,dpmm,top5,0,file_brain_AXT1POST_201_6002683,4,1,13.751409677358774
AXT1POST,patch,dpmm_p128_t100,dpmm,top5,0,file_brain_AXT1POST_201_6002683,5,1,13.845386211688702
AXT1POST,patch,dpmm_p128_t100,dpmm,top5,0,file_brain_AXT1POST_201_6002683,6,1,14.2852783203125
AXT1POST,patch,dpmm_p128_t100,dpmm,top5,0,file_brain_AXT1POST_201_6002683,7,1,13.615692138671875
AXT1POST,patch,dpmm_p128_t100,dpmm,top5,0,file_brain_AXT1POST_201_6002683,8,1,13.488140399639423
AXT1POST,patch,dpmm_p128_t100,dpmm,top5,0,file_brain_AXT1POST_201_6002683,9,1,14.16693349984976
AXT1POST,patch,dpmm_p128_t100,dpmm,top5,0,file_brain_AXT1POST_201_6002683,10,1,14.206902137169472
AXT1POST,patch,dpmm_p128_t100,dpmm,top5,0,file_brain_AXT1POST_201_6002683,11,1,14.039297250600962
AXT1POST,patch,dpmm_p128_t100,dpmm,top5,0,file_brain_AXT1POST_201_6002683,12,1,14.32814730130709
AXT1POST,patch,dpmm_p128_t100,dpmm,top5,0,file_brain_AXT1POST_201_6002683,13,1,15.421727107121395
AXT1POST,patch,dpmm_p128_t100,dpmm,top5,0,file_brain_AXT1POST_200_6002033,0,1,13.474691537710337
AXT1POST,patch,dpmm_p128_t100,dpmm,top5,0,file_brain_AXT1POST_200_6002033,1,1,13.911914532001202
AXT1POST,patch,dpmm_p128_t100,dpmm,top5,0,file_brain_AXT1POST_200_6002033,2,1,13.78894512469952
AXT1POST,patch,dpmm_p128_t100,dpmm,top5,0,file_brain_AXT1POST_200_6002033,3,1,13.232041579026442
AXT1POST,patch,dpmm_p128_t100,dpmm,top5,0,file_brain_AXT1POST_201_6002817,0,1,13.551199106069712
AXT1POST,patch,dpmm_p128_t100,dpmm,top5,0,file_brain_AXT1POST_200_6002188,0,1,14.07519296499399
AXT1POST,patch,dpmm_p128_t100,dpmm,top5,0,file_brain_AXT1POST_200_6002188,1,1,14.373833289513222
AXT1POST,patch,dpmm_p128_t100,dpmm,top5,0,file_brain_AXT1POST_200_6002188,2,1,13.258586003230167
AXT1POST,patch,dpmm_p128_t100,dpmm,top5,0,file_brain_AXT1POST_200_6002188,3,1,12.888150728665865
AXT1POST,patch,dpmm_p128_t100,dpmm,top5,0,file_brain_AXT1POST_200_6002188,4,1,12.271735558143028
AXT1POST,patch,dpmm_p128_t100,dpmm,top5,0,file_brain_AXT1POST_200_6002188,5,1,12.61096660907452
AXT1POST,patch,dpmm_p128_t100,dpmm,top5,0,file_brain_AXT1POST_200_6002188,6,1,13.070125873272236
AXT1POST,patch,dpmm_p128_t100,dpmm,top5,0,file_brain_AXT1POST_200_6002188,7,1,13.415047278771034
AXT1POST,patch,dpmm_p128_t100,dpmm,top5,0,file_brain_AXT1POST_200_6002188,8,1,13.134068415715145
AXT1POST,patch,dpmm_p128_t100,dpmm,top5,0,file_brain_AXT1POST_200_6002188,9,1,13.452995887169472
AXT1POST,patch,dpmm_p128_t100,dpmm,top5,0,file_brain_AXT1POST_200_6002188,10,1,14.783217210036058
AXT1POST,patch,dpmm_p128_t100,dpmm,top5,0,file_brain_AXT1POST_200_6002188,11,1,13.822982788085938
AXT1POST,patch,dpmm_p128_t100,dpmm,top5,0,file_brain_AXT1POST_200_6002188,12,1,13.370704064002403
AXT1POST,patch,dpmm_p128_t100,dpmm,top5,0,file_brain_AXT1POST_200_6002188,13,1,13.614078228290264
AXT1POST,patch,dpmm_p128_t100,dpmm,top5,0,file_brain_AXT1POST_200_6002188,14,1,14.750548142653246
AXT1POST,patch,dpmm_p128_t100,dpmm,top5,0,file_brain_AXT1POST_200_6002337,0,1,14.46292466383714
AXT1POST,patch,dpmm_p128_t100,dpmm,top5,0,file_brain_AXT1POST_200_6002337,1,1,13.99713369516226
AXT1POST,patch,dpmm_p128_t100,dpmm,top5,0,file_brain_AXT1POST_200_6002337,2,1,14.566746638371395
AXT1POST,patch,dpmm_p128_t100,dpmm,top5,0,file_brain_AXT1POST_200_6002337,3,1,13.359999436598558
AXT1POST,patch,dpmm_p128_t100,dpmm,top5,0,file_brain_AXT1POST_200_6002337,4,1,13.373670137845552
AXT1POST,patch,dpmm_p128_t100,dpmm,top5,0,file_brain_AXT1POST_201_6002735,0,1,14.35018568772536
AXT1POST,patch,dpmm_p128_t100,dpmm,top5,0,file_brain_AXT1POST_201_6002735,1,1,15.234315138596754
AXT1POST,patch,dpmm_p128_t100,dpmm,top5,0,file_brain_AXT1POST_201_6002735,2,1,14.812845083383413
AXT1POST,patch,dpmm_p128_t100,dpmm,top5,0,file_brain_AXT1POST_201_6002735,3,1,14.480296208308292
AXT1POST,patch,dpmm_p128_t100,dpmm,top5,0,file_brain_AXT1POST_201_6002735,4,1,14.439117431640625
AXT1POST,patch,dpmm_p128_t100,dpmm,top5,0,file_brain_AXT1POST_201_6002735,5,1,13.507630568284254
AXT1POST,patch,dpmm_p128_t100,dpmm,top5,0,file_brain_AXT1POST_201_6002735,6,1,12.954791729266827
AXT1POST,patch,dpmm_p128_t100,dpmm,top5,0,file_brain_AXT1POST_201_6002735,7,1,12.728609525240385
AXT1POST,patch,dpmm_p128_t100,dpmm,top5,0,file_brain_AXT1POST_201_6002735,8,1,12.702016977163462
AXT1POST,patch,dpmm_p128_t100,dpmm,top5,0,file_brain_AXT1POST_201_6002735,9,1,12.480512178861177
AXT1POST,patch,dpmm_p128_t100,dpmm,top5,0,file_brain_AXT1POST_201_6002735,10,1,12.904148982121395
AXT1POST,patch,dpmm_p128_t100,dpmm,top5,0,file_brain_AXT1POST_201_6002735,11,1,12.814842810997597
AXT1POST,patch,dpmm_p128_t100,dpmm,top5,0,file_brain_AXT1POST_200_6002089,4,1,13.168428861177885
AXT1POST,patch,dpmm_p128_t100,dpmm,top5,0,file_brain_AXT1POST_200_6002089,5,1,12.903672438401442
AXT1POST,patch,dpmm_p128_t100,dpmm,top5,0,file_brain_AXT1POST_200_6002089,6,1,13.006202110877403
AXT1POST,patch,dpmm_p128_t100,dpmm,top5,0,file_brain_AXT1POST_200_6002089,7,1,12.765047513521635
AXT1POST,patch,dpmm_p128_t100,dpmm,top5,0,file_brain_AXT1POST_200_6002089,8,1,12.584315373347355
AXT1POST,patch,dpmm_p128_t100,dpmm,top5,0,file_brain_AXT1POST_200_6002089,9,1,13.510645939753605
AXT1POST,patch,dpmm_p128_t100,dpmm,top5,0,file_brain_AXT1POST_200_6002089,10,1,15.04488783616286
AXT1POST,patch,dpmm_p128_t100,dpmm,top5,0,file_brain_AXT1POST_200_6002089,11,1,14.492272010216347
AXT1POST,patch,dpmm_p128_t100,dpmm,top5,0,file_brain_AXT1POST_200_6002089,12,1,15.250260573167067
AXT1POST,patch,dpmm_p128_t100,dpmm,top5,0,file_brain_AXT1POST_200_6002089,13,1,14.93212655874399
AXT1POST,patch,dpmm_p128_t100,dpmm,top5,0,file_brain_AXT1POST_200_6002089,14,1,14.62439199594351
AXT1POST,patch,dpmm_p128_t100,dpmm,top5,0,file_brain_AXT1POST_200_6002089,15,1,14.372984666090746
AXT1POST,patch,dpmm_p128_t100,dpmm,top5,0,file_brain_AXT1POST_200_6002065,0,1,14.318256084735577
AXT1POST,patch,dpmm_p128_t100,dpmm,top5,0,file_brain_AXT1POST_200_6002065,1,1,14.416553203876202
AXT1POST,patch,dpmm_p128_t100,dpmm,top5,0,file_brain_AXT1POST_200_6002065,2,1,14.48431161733774
AXT1POST,patch,dpmm_p128_t100,dpmm,top5,0,file_brain_AXT1POST_200_6002065,3,1,14.82950415978065
AXT1POST,patch,dpmm_p128_t100,dpmm,top5,0,file_brain_AXT1POST_200_6002065,4,1,13.368333082932692
AXT1POST,patch,dpmm_p128_t100,dpmm,top5,0,file_brain_AXT1POST_200_6002065,5,1,13.228311391977163
AXT1POST,patch,dpmm_p128_t100,dpmm,top5,0,file_brain_AXT1POST_200_6002065,10,1,12.737059373121996
AXT1POST,patch,dpmm_p128_t100,dpmm,top5,0,file_brain_AXT1POST_200_6002396,0,1,14.033609243539663
AXT1POST,patch,dpmm_p256_t20,dpmm,top5,0,file_brain_AXT1POST_207_2070010,8,0,17.347693810096153
AXT1POST,patch,dpmm_p256_t20,dpmm,top5,0,file_brain_AXT1POST_208_2080493,5,0,19.15877943772536
AXT1POST,patch,dpmm_p256_t20,dpmm,top5,0,file_brain_AXT1POST_201_6002795,10,0,17.424012404221756
AXT1POST,patch,dpmm_p256_t20,dpmm,top5,0,file_brain_AXT1POST_207_2070214,6,0,22.161968524639423
AXT1POST,patch,dpmm_p256_t20,dpmm,top5,0,file_brain_AXT1POST_208_2080275,5,0,16.146036001352165
AXT1POST,patch,dpmm_p256_t20,dpmm,top5,0,file_brain_AXT1POST_201_6002760,10,0,18.696364182692307
AXT1POST,patch,dpmm_p256_t20,dpmm,top5,0,file_brain_AXT1POST_201_6002778,7,0,21.322472205528847
AXT1POST,patch,dpmm_p256_t20,dpmm,top5,0,file_brain_AXT1POST_207_2070418,12,0,18.8033447265625
AXT1POST,patch,dpmm_p256_t20,dpmm,top5,0,file_brain_AXT1POST_200_6002259,8,0,16.19962956355168
AXT1POST,patch,dpmm_p256_t20,dpmm,top5,0,file_brain_AXT1POST_207_2070251,10,0,20.542010967548077
AXT1POST,patch,dpmm_p256_t20,dpmm,top5,0,file_brain_AXT1POST_203_6000877,5,0,18.48066828801082
AXT1POST,patch,dpmm_p256_t20,dpmm,top5,0,file_brain_AXT1POST_200_6002337,5,0,19.380634014423077
AXT1POST,patch,dpmm_p256_t20,dpmm,top5,0,file_brain_AXT1POST_202_6000417,9,0,19.432745126577522
AXT1POST,patch,dpmm_p256_t20,dpmm,top5,0,file_brain_AXT1POST_203_6000712,6,0,19.216478787935696
AXT1POST,patch,dpmm_p256_t20,dpmm,top5,0,file_brain_AXT1POST_208_2080244,8,0,19.80718524639423
AXT1POST,patch,dpmm_p256_t20,dpmm,top5,0,file_brain_AXT1POST_210_6001735,5,0,20.153414212740383
AXT1POST,patch,dpmm_p256_t20,dpmm,top5,0,file_brain_AXT1POST_201_6002920,8,0,24.716097318209133
AXT1POST,patch,dpmm_p256_t20,dpmm,top5,0,file_brain_AXT1POST_205_2050255,6,0,17.1094477726863
AXT1POST,patch,dpmm_p256_t20,dpmm,top5,0,file_brain_AXT1POST_207_2070450,7,0,17.68328857421875
AXT1POST,patch,dpmm_p256_t20,dpmm,top5,0,file_brain_AXT1POST_210_6001790,8,0,20.89153817983774
AXT1POST,patch,dpmm_p256_t20,dpmm,top5,0,file_brain_AXT1POST_209_6001234,12,0,21.60255080003005
AXT1POST,patch,dpmm_p256_t20,dpmm,top5,0,file_brain_AXT1POST_208_2080392,12,0,20.719581017127403
AXT1POST,patch,dpmm_p256_t20,dpmm,top5,0,file_brain_AXT1POST_210_6001699,5,0,19.194439227764423
AXT1POST,patch,dpmm_p256_t20,dpmm,top5,0,file_brain_AXT1POST_208_2080393,4,0,17.9080082820012
AXT1POST,patch,dpmm_p256_t20,dpmm,top5,0,file_brain_AXT1POST_200_6002396,11,0,18.871170043945312
AXT1POST,patch,dpmm_p256_t20,dpmm,top5,0,file_brain_AXT1POST_207_2070804,10,0,22.39508291391226
AXT1POST,patch,dpmm_p256_t20,dpmm,top5,0,file_brain_AXT1POST_202_6000269,7,0,20.860492412860577
AXT1POST,patch,dpmm_p256_t20,dpmm,top5,0,file_brain_AXT1POST_207_2070809,7,0,18.11016610952524
AXT1POST,patch,dpmm_p256_t20,dpmm,top5,0,file_brain_AXT1POST_207_2070095,4,0,18.03436748798077
AXT1POST,patch,dpmm_p256_t20,dpmm,top5,0,file_brain_AXT1POST_210_6001787,11,0,18.691604614257812
AXT1POST,patch,dpmm_p256_t20,dpmm,top5,0,file_brain_AXT1POST_207_2070765,4,0,23.220914400540867
AXT1POST,patch,dpmm_p256_t20,dpmm,top5,0,file_brain_AXT1POST_207_2070095,11,0,21.173849252554085
AXT1POST,patch,dpmm_p256_t20,dpmm,top5,0,file_brain_AXT1POST_207_2070651,11,0,20.733229417067307
AXT1POST,patch,dpmm_p256_t20,dpmm,top5,0,file_brain_AXT1POST_208_2080422,12,0,19.176805936373196
AXT1POST,patch,dpmm_p256_t20,dpmm,top5,0,file_brain_AXT1POST_203_6000760,9,0,19.15975130521334
AXT1POST,patch,dpmm_p256_t20,dpmm,top5,0,file_brain_AXT1POST_201_6002814,6,0,18.718133779672478
AXT1POST,patch,dpmm_p256_t20,dpmm,top5,0,file_brain_AXT1POST_202_6000417,4,0,21.73987285907452
AXT1POST,patch,dpmm_p256_t20,dpmm,top5,0,file_brain_AXT1POST_207_2070259,5,0,18.93505859375
AXT1POST,patch,dpmm_p256_t20,dpmm,top5,0,file_brain_AXT1POST_208_2080244,5,0,18.867934006911057
AXT1POST,patch,dpmm_p256_t20,dpmm,top5,0,file_brain_AXT1POST_203_6000877,11,0,21.5430908203125
AXT1POST,patch,dpmm_p256_t20,dpmm,top5,0,file_brain_AXT1POST_200_6001996,9,0,16.616487943209133
AXT1POST,patch,dpmm_p256_t20,dpmm,top5,0,file_brain_AXT1POST_210_6001735,4,0,19.280884962815506
AXT1POST,patch,dpmm_p256_t20,dpmm,top5,0,file_brain_AXT1POST_208_2080624,6,0,17.97608126126803
AXT1POST,patch,dpmm_p256_t20,dpmm,top5,0,file_brain_AXT1POST_205_2050146,5,0,19.380157470703125
AXT1POST,patch,dpmm_p256_t20,dpmm,top5,0,file_brain_AXT1POST_203_6000877,6,0,17.67791513296274
AXT1POST,patch,dpmm_p256_t20,dpmm,top5,0,file_brain_AXT1POST_201_6002795,12,0,21.44664823091947
AXT1POST,patch,dpmm_p256_t20,dpmm,top5,0,file_brain_AXT1POST_208_2080469,6,0,21.27527090219351
AXT1POST,patch,dpmm_p256_t20,dpmm,top5,0,file_brain_AXT1POST_210_6001797,5,0,20.24884972205529
AXT1POST,patch,dpmm_p256_t20,dpmm,top5,0,file_brain_AXT1POST_208_2080576,8,0,17.99994600736178
AXT1POST,patch,dpmm_p256_t20,dpmm,top5,0,file_brain_AXT1POST_205_6000148,6,0,17.929412841796875
AXT1POST,patch,dpmm_p256_t20,dpmm,top5,0,file_brain_AXT1POST_207_2070095,10,0,17.487473707932693
AXT1POST,patch,dpmm_p256_t20,dpmm,top5,0,file_brain_AXT1POST_201_6002731,10,0,19.511161217322716
AXT1POST,patch,dpmm_p256_t20,dpmm,top5,0,file_brain_AXT1POST_207_2070083,4,0,19.98028564453125
AXT1POST,patch,dpmm_p256_t20,dpmm,top5,0,file_brain_AXT1POST_208_2080704,4,0,19.17262972318209
AXT1POST,patch,dpmm_p256_t20,dpmm,top5,0,file_brain_AXT1POST_205_6000180,5,0,17.51055673452524
AXT1POST,patch,dpmm_p256_t20,dpmm,top5,0,file_brain_AXT1POST_201_6002920,6,0,21.902367225060097
AXT1POST,patch,dpmm_p256_t20,dpmm,top5,0,file_brain_AXT1POST_209_6001417,11,0,21.44976806640625
AXT1POST,patch,dpmm_p256_t20,dpmm,top5,0,file_brain_AXT1POST_203_6000774,4,0,20.23370596078726
AXT1POST,patch,dpmm_p256_t20,dpmm,top5,0,file_brain_AXT1POST_209_6001234,6,0,17.469529371995193
AXT1POST,patch,dpmm_p256_t20,dpmm,top5,0,file_brain_AXT1POST_208_2080154,9,0,17.696568415715145
AXT1POST,patch,dpmm_p256_t20,dpmm,top5,0,file_brain_AXT1POST_207_2070147,10,0,19.125746506911057
AXT1POST,patch,dpmm_p256_t20,dpmm,top5,0,file_brain_AXT1POST_205_2050102,9,0,20.08302424504207
AXT1POST,patch,dpmm_p256_t20,dpmm,top5,0,file_brain_AXT1POST_209_6001264,7,0,16.76433387169471
AXT1POST,patch,dpmm_p256_t20,dpmm,top5,0,file_brain_AXT1POST_207_2070034,7,0,17.06500478891226
AXT1POST,patch,dpmm_p256_t20,dpmm,top5,0,file_brain_AXT1POST_209_6001458,10,0,18.573683518629807
AXT1POST,patch,dpmm_p256_t20,dpmm,top5,0,file_brain_AXT1POST_206_6000235,10,0,21.25749089167668
AXT1POST,patch,dpmm_p256_t20,dpmm,top5,0,file_brain_AXT1POST_208_2080213,5,0,19.32521761380709
AXT1POST,patch,dpmm_p256_t20,dpmm,top5,0,file_brain_AXT1POST_200_6002396,9,0,16.304612379807693
AXT1POST,patch,dpmm_p256_t20,dpmm,top5,0,file_brain_AXT1POST_200_6002305,4,0,19.236912653996395
AXT1POST,patch,dpmm_p256_t20,dpmm,top5,0,file_brain_AXT1POST_207_2070651,12,0,21.16493342472957
AXT1POST,patch,dpmm_p256_t20,dpmm,top5,0,file_brain_AXT1POST_205_2050148,10,0,18.20012723482572
AXT1POST,patch,dpmm_p256_t20,dpmm,top5,0,file_brain_AXT1POST_208_2080469,4,0,22.29847130408654
AXT1POST,patch,dpmm_p256_t20,dpmm,top5,0,file_brain_AXT1POST_207_2070635,10,0,18.148431631234978
AXT1POST,patch,dpmm_p256_t20,dpmm,top5,0,file_brain_AXT1POST_207_2070133,8,0,17.099268986628605
AXT1POST,patch,dpmm_p256_t20,dpmm,top5,0,file_brain_AXT1POST_203_6000661,12,0,20.93914325420673
AXT1POST,patch,dpmm_p256_t20,dpmm,top5,0,file_brain_AXT1POST_203_6000760,6,0,18.66645226111779
AXT1POST,patch,dpmm_p256_t20,dpmm,top5,0,file_brain_AXT1POST_200_6002337,8,0,17.847320556640625
AXT1POST,patch,dpmm_p256_t20,dpmm,top5,0,file_brain_AXT1POST_208_2080393,12,0,23.30452082707332
AXT1POST,patch,dpmm_p256_t20,dpmm,top5,0,file_brain_AXT1POST_207_2070123,7,0,18.640899658203125
AXT1POST,patch,dpmm_p256_t20,dpmm,top5,0,file_brain_AXT1POST_201_6002772,8,0,20.463097205528847
AXT1POST,patch,dpmm_p256_t20,dpmm,top5,0,file_brain_AXT1POST_207_2070804,9,0,21.21355731670673
AXT1POST,patch,dpmm_p256_t20,dpmm,top5,0,file_brain_AXT1POST_208_2080469,12,0,21.939671443058895
AXT1POST,patch,dpmm_p256_t20,dpmm,top5,0,file_brain_AXT1POST_208_2080275,7,0,15.932211068960337
AXT1POST,patch,dpmm_p256_t20,dpmm,top5,0,file_brain_AXT1POST_209_6001264,4,0,18.71106426532452
AXT1POST,patch,dpmm_p256_t20,dpmm,top5,0,file_brain_AXT1POST_209_6001064,5,0,20.468717134915867
AXT1POST,patch,dpmm_p256_t20,dpmm,top5,0,file_brain_AXT1POST_201_6002920,4,0,21.204747126652645
AXT1POST,patch,dpmm_p256_t20,dpmm,top5,0,file_brain_AXT1POST_210_6001787,7,0,18.657552865835335
AXT1POST,patch,dpmm_p256_t20,dpmm,top5,0,file_brain_AXT1POST_203_6000661,4,0,23.095372126652645
AXT1POST,patch,dpmm_p256_t20,dpmm,top5,0,file_brain_AXT1POST_203_6000712,10,0,24.80671105018029
AXT1POST,patch,dpmm_p256_t20,dpmm,top5,0,file_brain_AXT1POST_210_6001797,4,0,22.256685697115383
AXT1POST,patch,dpmm_p256_t20,dpmm,top5,0,file_brain_AXT1POST_208_2080504,5,0,16.45694791353666
AXT1POST,patch,dpmm_p256_t20,dpmm,top5,0,file_brain_AXT1POST_208_2080421,4,0,23.50347430889423
AXT1POST,patch,dpmm_p256_t20,dpmm,top5,0,file_brain_AXT1POST_209_6001458,4,0,18.857068575345554
AXT1POST,patch,dpmm_p256_t20,dpmm,top5,0,file_brain_AXT1POST_207_2070133,6,0,20.848679762620193
AXT1POST,patch,dpmm_p256_t20,dpmm,top5,0,file_brain_AXT1POST_208_2080240,10,0,22.30717350886418
AXT1POST,patch,dpmm_p256_t20,dpmm,top5,0,file_brain_AXT1POST_208_2080493,9,0,19.870013897235577
AXT1POST,patch,dpmm_p256_t20,dpmm,top5,0,file_brain_AXT1POST_205_6000035,8,0,17.570831298828125
AXT1POST,patch,dpmm_p256_t20,dpmm,top5,0,file_brain_AXT1POST_208_2080393,7,0,17.001488318810097
AXT1POST,patch,dpmm_p256_t20,dpmm,top5,0,file_brain_AXT1POST_200_6002046,9,0,17.937298114483173
AXT1POST,patch,dpmm_p256_t20,dpmm,top5,0,file_brain_AXT1POST_206_6000235,8,0,18.670391376201923
AXT1POST,patch,dpmm_p256_t20,dpmm,top5,0,file_brain_AXT1POST_205_2050189,8,0,15.953542856069712
AXT1POST,patch,dpmm_p256_t20,dpmm,top5,0,file_brain_AXT1POST_210_6001771,11,0,22.149090106670673
AXT1POST,patch,dpmm_p256_t20,dpmm,top5,0,file_brain_AXT1POST_208_2120069,4,0,20.727262056790867
AXT1POST,patch,dpmm_p256_t20,dpmm,top5,0,file_brain_AXT1POST_201_6002862,11,0,21.06318077674279
AXT1POST,patch,dpmm_p256_t20,dpmm,top5,0,file_brain_AXT1POST_209_6001236,9,0,16.8388178898738
AXT1POST,patch,dpmm_p256_t20,dpmm,top5,0,file_brain_AXT1POST_200_6002349,12,0,21.036785419170673
AXT1POST,patch,dpmm_p256_t20,dpmm,top5,0,file_brain_AXT1POST_208_2080075,5,0,21.71979229266827
AXT1POST,patch,dpmm_p256_t20,dpmm,top5,0,file_brain_AXT1POST_210_6001735,9,0,17.667459341195915
AXT1POST,patch,dpmm_p256_t20,dpmm,top5,0,file_brain_AXT1POST_209_6001109,6,0,16.98886225773738
AXT1POST,patch,dpmm_p256_t20,dpmm,top5,0,file_brain_AXT1POST_203_6000869,8,0,18.0192143366887
AXT1POST,patch,dpmm_p256_t20,dpmm,top5,0,file_brain_AXT1POST_207_2070259,4,0,19.833040677584133
AXT1POST,patch,dpmm_p256_t20,dpmm,top5,0,file_brain_AXT1POST_203_6000712,9,0,21.330106295072117
AXT1POST,patch,dpmm_p256_t20,dpmm,top5,0,file_brain_AXT1POST_207_2070095,6,0,17.311431884765625
AXT1POST,patch,dpmm_p256_t20,dpmm,top5,0,file_brain_AXT1POST_200_6002413,11,0,18.79824946476863
AXT1POST,patch,dpmm_p256_t20,dpmm,top5,0,file_brain_AXT1POST_208_2080392,10,0,18.933369563176083
AXT1POST,patch,dpmm_p256_t20,dpmm,top5,0,file_brain_AXT1POST_203_6000661,5,0,20.22455772986779
AXT1POST,patch,dpmm_p256_t20,dpmm,top5,0,file_brain_AXT1POST_209_6001236,7,0,17.76178213266226
AXT1POST,patch,dpmm_p256_t20,dpmm,top5,0,file_brain_AXT1POST_207_2070809,10,0,19.00681950495793
AXT1POST,patch,dpmm_p256_t20,dpmm,top5,0,file_brain_AXT1POST_207_2070214,9,0,17.104054377629208
AXT1POST,patch,dpmm_p256_t20,dpmm,top5,0,file_brain_AXT1POST_208_2080704,10,0,20.03589571439303
AXT1POST,patch,dpmm_p256_t20,dpmm,top5,0,file_brain_AXT1POST_201_6002673,7,0,18.97919405423678
AXT1POST,patch,dpmm_p256_t20,dpmm,top5,0,file_brain_AXT1POST_203_6000657,4,0,17.86450430063101
AXT1POST,patch,dpmm_p256_t20,dpmm,top5,0,file_brain_AXT1POST_207_2070242,5,0,19.080994826096756
AXT1POST,patch,dpmm_p256_t20,dpmm,top5,0,file_brain_AXT1POST_208_2080493,11,0,18.27275907076322
AXT1POST,patch,dpmm_p256_t20,dpmm,top5,0,file_brain_AXT1POST_209_6001458,6,0,16.641612126277042
AXT1POST,patch,dpmm_p256_t20,dpmm,top5,0,file_brain_AXT1POST_208_2080421,6,0,17.50840641902043
AXT1POST,patch,dpmm_p256_t20,dpmm,top5,0,file_brain_AXT1POST_201_6002668,6,0,18.562157264122597
AXT1POST,patch,dpmm_p256_t20,dpmm,top5,0,file_brain_AXT1POST_200_6002349,4,0,18.51501230093149
AXT1POST,patch,dpmm_p256_t20,dpmm,top5,0,file_brain_AXT1POST_200_6002305,10,0,19.066976693960335
AXT1POST,patch,dpmm_p256_t20,dpmm,top5,0,file_brain_AXT1POST_207_2070651,6,0,22.54852529672476
AXT1POST,patch,dpmm_p256_t20,dpmm,top5,0,file_brain_AXT1POST_201_6002778,12,0,20.053363506610577
AXT1POST,patch,dpmm_p256_t20,dpmm,top5,0,file_brain_AXT1POST_200_6002349,11,0,20.45252169095553
AXT1POST,patch,dpmm_p256_t20,dpmm,top5,0,file_brain_AXT1POST_208_2080576,10,0,20.4038578913762
AXT1POST,patch,dpmm_p256_t20,dpmm,top5,0,file_brain_AXT1POST_207_2070765,8,0,18.103590745192307
AXT1POST,patch,dpmm_p256_t20,dpmm,top5,0,file_brain_AXT1POST_207_2070083,9,0,18.004591721754807
AXT1POST,patch,dpmm_p256_t20,dpmm,top5,0,file_brain_AXT1POST_207_2070547,10,0,18.266372680664062
AXT1POST,patch,dpmm_p256_t20,dpmm,top5,0,file_brain_AXT1POST_207_2070490,7,0,18.38020559457632
AXT1POST,patch,dpmm_p256_t20,dpmm,top5,0,file_brain_AXT1POST_207_2070553,4,0,18.486473670372597
AXT1POST,patch,dpmm_p256_t20,dpmm,top5,0,file_brain_AXT1POST_200_6002033,8,0,17.3356440617488
AXT1POST,patch,dpmm_p256_t20,dpmm,top5,0,file_brain_AXT1POST_208_2080345,8,0,18.646014873798077
AXT1POST,patch,dpmm_p256_t20,dpmm,top5,0,file_brain_AXT1POST_209_6001320,7,0,17.82487253042368
AXT1POST,patch,dpmm_p256_t20,dpmm,top5,0,file_brain_AXT1POST_207_2070357,4,0,24.191180889423077
AXT1POST,patch,dpmm_p256_t20,dpmm,top5,0,file_brain_AXT1POST_210_6001735,10,0,19.2916752741887
AXT1POST,patch,dpmm_p256_t20,dpmm,top5,0,file_brain_AXT1POST_207_2070127,7,0,17.845289963942307
AXT1POST,patch,dpmm_p256_t20,dpmm,top5,0,file_brain_AXT1POST_205_6000035,5,0,19.62188016451322
AXT1POST,patch,dpmm_p256_t20,dpmm,top5,0,file_brain_AXT1POST_202_6000269,5,0,24.498680701622597
AXT1POST,patch,dpmm_p256_t20,dpmm,top5,0,file_brain_AXT1POST_200_6002396,4,0,18.3905757023738
AXT1POST,patch,dpmm_p256_t20,dpmm,top5,0,file_brain_AXT1POST_200_6002392,10,0,19.7139399601863
AXT1POST,patch,dpmm_p256_t20,dpmm,top5,0,file_brain_AXT1POST_208_2080576,12,0,20.73326697716346
AXT1POST,patch,dpmm_p256_t20,dpmm,top5,0,file_brain_AXT1POST_201_6002731,4,0,24.412754939152645
AXT1POST,patch,dpmm_p256_t20,dpmm,top5,0,file_brain_AXT1POST_207_2070651,7,0,19.01826594426082
AXT1POST,patch,dpmm_p256_t20,dpmm,top5,0,file_brain_AXT1POST_207_2070327,9,0,18.263277493990383
AXT1POST,patch,dpmm_p256_t20,dpmm,top5,0,file_brain_AXT1POST_207_2070327,8,0,18.701330331655647
AXT1POST,patch,dpmm_p256_t20,dpmm,top5,0,file_brain_AXT1POST_205_6000035,4,0,20.115997314453125
AXT1POST,patch,dpmm_p256_t20,dpmm,top5,0,file_brain_AXT1POST_210_6001771,8,0,18.965353158804085
AXT1POST,patch,dpmm_p256_t20,dpmm,top5,0,file_brain_AXT1POST_205_2050259,4,0,20.45915104792668
AXT1POST,patch,dpmm_p256_t20,dpmm,top5,0,file_brain_AXT1POST_200_6002259,5,0,19.402200552133415
AXT1POST,patch,dpmm_p256_t20,dpmm,top5,0,file_brain_AXT1POST_207_2070251,11,0,20.79893376277043
AXT1POST,patch,dpmm_p256_t20,dpmm,top5,0,file_brain_AXT1POST_210_6001787,4,0,21.795128455528847
AXT1POST,patch,dpmm_p256_t20,dpmm,top5,0,file_brain_AXT1POST_203_6000861,5,0,21.985821063701923
AXT1POST,patch,dpmm_p256_t20,dpmm,top5,0,file_brain_AXT1POST_207_2070259,6,0,19.06034733698918
AXT1POST,patch,dpmm_p256_t20,dpmm,top5,0,file_brain_AXT1POST_208_2080352,5,0,18.786344088040867
AXT1POST,patch,dpmm_p256_t20,dpmm,top5,0,file_brain_AXT1POST_208_2080477,4,0,18.437365018404446
AXT1POST,patch,dpmm_p256_t20,dpmm,top5,0,file_brain_AXT1POST_208_2080422,5,0,20.941697340745193
AXT1POST,patch,dpmm_p256_t20,dpmm,top5,0,file_brain_AXT1POST_202_6000302,9,0,19.89123065655048
AXT1POST,patch,dpmm_p256_t20,dpmm,top5,0,file_brain_AXT1POST_207_2070365,10,0,20.54949481670673
AXT1POST,patch,dpmm_p256_t20,dpmm,top5,0,file_brain_AXT1POST_200_6002340,4,0,18.785736083984375
AXT1POST,patch,dpmm_p256_t20,dpmm,top5,0,file_brain_AXT1POST_208_2080075,4,0,21.01588087815505
AXT1POST,patch,dpmm_p256_t20,dpmm,top5,0,file_brain_AXT1POST_203_6000869,4,0,18.881103515625
AXT1POST,patch,dpmm_p256_t20,dpmm,top5,0,file_brain_AXT1POST_207_2070479,4,0,21.177903395432693
AXT1POST,patch,dpmm_p256_t20,dpmm,top5,0,file_brain_AXT1POST_209_6001250,5,0,17.821152907151443
AXT1POST,patch,dpmm_p256_t20,dpmm,top5,0,file_brain_AXT1POST_207_2070009,12,0,20.72575261042668
AXT1POST,patch,dpmm_p256_t20,dpmm,top5,0,file_brain_AXT1POST_205_2050148,5,0,17.257101205679085
AXT1POST,patch,dpmm_p256_t20,dpmm,top5,0,file_brain_AXT1POST_203_6000597,7,0,18.35749934269832
AXT1POST,patch,dpmm_p256_t20,dpmm,top5,0,file_brain_AXT1POST_202_6000281,10,0,23.02044912484976
AXT1POST,patch,dpmm_p256_t20,dpmm,top5,0,file_brain_AXT1POST_203_6000827,10,0,22.18603280874399
AXT1POST,patch,dpmm_p256_t20,dpmm,top5,0,file_brain_AXT1POST_207_2070547,11,0,18.091402493990383
AXT1POST,patch,dpmm_p256_t20,dpmm,top5,0,file_brain_AXT1POST_209_6001458,7,0,16.9351806640625
AXT1POST,patch,dpmm_p256_t20,dpmm,top5,0,file_brain_AXT1POST_210_6001645,6,0,17.85119863656851
AXT1POST,patch,dpmm_p256_t20,dpmm,top5,0,file_brain_AXT1POST_207_2070099,12,0,19.724468524639423
AXT1POST,patch,dpmm_p256_t20,dpmm,top5,0,file_brain_AXT1POST_207_2070241,11,0,19.01807110126202
AXT1POST,patch,dpmm_p256_t20,dpmm,top5,0,file_brain_AXT1POST_207_2070786,7,0,17.82965792142428
AXT1POST,patch,dpmm_p256_t20,dpmm,top5,0,file_brain_AXT1POST_208_2080493,8,0,17.70096177321214
AXT1POST,patch,dpmm_p256_t20,dpmm,top5,0,file_brain_AXT1POST_208_2080082,7,0,17.90742610051082
AXT1POST,patch,dpmm_p256_t20,dpmm,top5,0,file_brain_AXT1POST_207_2070479,7,0,18.88448275052584
AXT1POST,patch,dpmm_p256_t20,dpmm,top5,0,file_brain_AXT1POST_210_6001735,12,0,21.2554203913762
AXT1POST,patch,dpmm_p256_t20,dpmm,top5,0,file_brain_AXT1POST_202_6000341,5,0,19.179161658653847
AXT1POST,patch,dpmm_p256_t20,dpmm,top5,0,file_brain_AXT1POST_203_6000657,10,0,19.843534029447117
AXT1POST,patch,dpmm_p256_t20,dpmm,top5,0,file_brain_AXT1POST_208_2080082,6,0,18.72101534329928
AXT1POST,patch,dpmm_p256_t20,dpmm,top5,0,file_brain_AXT1POST_205_2050189,6,0,18.65881112905649
AXT1POST,patch,dpmm_p256_t20,dpmm,top5,0,file_brain_AXT1POST_208_2080082,9,0,19.979588435246395
AXT1POST,patch,dpmm_p256_t20,dpmm,top5,0,file_brain_AXT1POST_207_2070357,8,0,19.036273662860577
AXT1POST,patch,dpmm_p256_t20,dpmm,top5,0,file_brain_AXT1POST_207_2070009,8,0,19.124849759615383
AXT1POST,patch,dpmm_p256_t20,dpmm,top5,0,file_brain_AXT1POST_203_6000774,5,0,19.453646146334133
AXT1POST,patch,dpmm_p256_t20,dpmm,top5,0,file_brain_AXT1POST_203_6000597,11,0,18.49371337890625
AXT1POST,patch,dpmm_p256_t20,dpmm,top5,0,file_brain_AXT1POST_207_2070786,6,0,19.132004957932693
AXT1POST,patch,dpmm_p256_t20,dpmm,top5,0,file_brain_AXT1POST_203_6000597,10,0,16.810907217172478
AXT1POST,patch,dpmm_p256_t20,dpmm,top5,0,file_brain_AXT1POST_203_6000877,9,0,18.908538818359375
AXT1POST,patch,dpmm_p256_t20,dpmm,top5,0,file_brain_AXT1POST_203_6000657,12,0,22.88098614032452
AXT1POST,patch,dpmm_p256_t20,dpmm,top5,0,file_brain_AXT1POST_208_2080352,10,0,18.47229942908654
AXT1POST,patch,dpmm_p256_t20,dpmm,top5,0,file_brain_AXT1POST_207_2070354,6,0,17.285455557016228
AXT1POST,patch,dpmm_p256_t20,dpmm,top5,0,file_brain_AXT1POST_201_6002920,12,0,20.21659733698918
AXT1POST,patch,dpmm_p256_t20,dpmm,top5,0,file_brain_AXT1POST_208_2080304,10,0,21.23474355844351
AXT1POST,patch,dpmm_p256_t20,dpmm,top5,0,file_brain_AXT1POST_209_6001320,10,0,21.22435584435096
AXT1POST,patch,dpmm_p256_t20,dpmm,top5,0,file_brain_AXT1POST_207_2070009,5,0,17.65761976975661
AXT1POST,patch,dpmm_p256_t20,dpmm,top5,0,file_brain_AXT1POST_207_2070034,6,0,17.797344501201923
AXT1POST,patch,dpmm_p256_t20,dpmm,top5,0,file_brain_AXT1POST_205_2050102,5,0,18.196787907527042
AXT1POST,patch,dpmm_p256_t20,dpmm,top5,0,file_brain_AXT1POST_207_2070490,5,0,17.614297720102165
AXT1POST,patch,dpmm_p256_t20,dpmm,top5,0,file_brain_AXT1POST_208_2080208,7,0,17.92510282076322
AXT1POST,patch,dpmm_p256_t20,dpmm,top5,0,file_brain_AXT1POST_205_2050102,7,0,17.310337946965145
AXT1POST,patch,dpmm_p256_t20,dpmm,top5,0,file_brain_AXT1POST_205_2050102,4,0,18.435812143179085
AXT1POST,patch,dpmm_p256_t20,dpmm,top5,0,file_brain_AXT1POST_203_6000827,4,0,17.83465106670673
AXT1POST,patch,dpmm_p256_t20,dpmm,top5,0,file_brain_AXT1POST_207_2070809,6,0,17.628437922551083
AXT1POST,patch,dpmm_p256_t20,dpmm,top5,0,file_brain_AXT1POST_200_6002340,6,0,17.01098867563101
AXT1POST,patch,dpmm_p256_t20,dpmm,top5,0,file_brain_AXT1POST_207_2070479,10,0,20.204148512620193
AXT1POST,patch,dpmm_p256_t20,dpmm,top5,0,file_brain_AXT1POST_201_6002862,6,0,21.6687504695012
AXT1POST,patch,dpmm_p256_t20,dpmm,top5,0,file_brain_AXT1POST_203_6000760,8,0,18.510728102463943
AXT1POST,patch,dpmm_p256_t20,dpmm,top5,0,file_brain_AXT1POST_207_2070251,7,0,18.29132314828726
AXT1POST,patch,dpmm_p256_t20,dpmm,top5,0,file_brain_AXT1POST_208_2080062,10,0,18.428040724534256
AXT1POST,patch,dpmm_p256_t20,dpmm,top5,0,file_brain_AXT1POST_207_2070786,11,0,17.681793212890625
AXT1POST,patch,dpmm_p256_t20,dpmm,top5,0,file_brain_AXT1POST_200_6001996,12,0,20.38873056265024
AXT1POST,patch,dpmm_p256_t20,dpmm,top5,0,file_brain_AXT1POST_209_6001109,8,0,16.308324960561897
AXT1POST,patch,dpmm_p256_t20,dpmm,top5,0,file_brain_AXT1POST_205_2050159,9,0,19.15514197716346
AXT1POST,patch,dpmm_p256_t20,dpmm,top5,0,file_brain_AXT1POST_203_6000760,5,0,18.40636268028846
AXT1POST,patch,dpmm_p256_t20,dpmm,top5,0,file_brain_AXT1POST_208_2080075,9,0,18.440577580378605
AXT1POST,patch,dpmm_p256_t20,dpmm,top5,0,file_brain_AXT1POST_200_6002305,12,0,25.24506084735577
AXT1POST,patch,dpmm_p256_t20,dpmm,top5,0,file_brain_AXT1POST_200_6002340,7,0,16.8258549616887
AXT1POST,patch,dpmm_p256_t20,dpmm,top5,0,file_brain_AXT1POST_203_6000848,8,0,18.06117952786959
AXT1POST,patch,dpmm_p256_t20,dpmm,top5,0,file_brain_AXT1POST_208_2080345,12,0,20.224935678335335
AXT1POST,patch,dpmm_p256_t20,dpmm,top5,0,file_brain_AXT1POST_201_6002749,10,0,20.734656700721153
AXT1POST,patch,dpmm_p256_t20,dpmm,top5,0,file_brain_AXT1POST_200_6001959,5,0,20.508030818058895
AXT1POST,patch,dpmm_p256_t20,dpmm,top5,0,file_brain_AXT1POST_208_2080477,8,0,19.289041372445915
AXT1POST,patch,dpmm_p256_t20,dpmm,top5,0,file_brain_AXT1POST_208_2080383,6,0,18.68408672626202
AXT1POST,patch,dpmm_p256_t20,dpmm,top5,0,file_brain_AXT1POST_201_6002707,7,0,21.75950505183293
AXT1POST,patch,dpmm_p256_t20,dpmm,top5,0,file_brain_AXT1POST_203_6000861,4,0,22.29168231670673
AXT1POST,patch,dpmm_p256_t20,dpmm,top5,0,file_brain_AXT1POST_209_6001109,7,0,18.63953575721154
AXT1POST,patch,dpmm_p256_t20,dpmm,top5,0,file_brain_AXT1POST_203_6000760,4,0,21.209261380709133
AXT1POST,patch,dpmm_p256_t20,dpmm,top5,0,file_brain_AXT1POST_208_2080154,6,0,18.43722416804387
AXT1POST,patch,dpmm_p256_t20,dpmm,top5,0,file_brain_AXT1POST_201_6002749,6,0,18.740899892953728
AXT1POST,patch,dpmm_p256_t20,dpmm,top5,0,file_brain_AXT1POST_203_6000597,5,0,20.56872089092548
AXT1POST,patch,dpmm_p256_t20,dpmm,top5,0,file_brain_AXT1POST_203_6000848,12,0,25.91014451246995
AXT1POST,patch,dpmm_p256_t20,dpmm,top5,0,file_brain_AXT1POST_207_2070809,12,0,22.007521409254807
AXT1POST,patch,dpmm_p256_t20,dpmm,top5,0,file_brain_AXT1POST_208_2120069,8,0,19.204787034254807
AXT1POST,patch,dpmm_p256_t20,dpmm,top5,0,file_brain_AXT1POST_205_2050189,7,0,20.414647028996395
AXT1POST,patch,dpmm_p256_t20,dpmm,top5,0,file_brain_AXT1POST_200_6002337,12,0,20.290935809795673
AXT1POST,patch,dpmm_p256_t20,dpmm,top5,0,file_brain_AXT1POST_207_2070251,12,0,20.5791508601262
AXT1POST,patch,dpmm_p256_t20,dpmm,top5,0,file_brain_AXT1POST_207_2070635,6,0,18.724830040564903
AXT1POST,patch,dpmm_p256_t20,dpmm,top5,0,file_brain_AXT1POST_201_6002680,5,0,18.629562377929688
AXT1POST,patch,dpmm_p256_t20,dpmm,top5,0,file_brain_AXT1POST_208_2080213,7,0,17.674356313852165
AXT1POST,patch,dpmm_p256_t20,dpmm,top5,0,file_brain_AXT1POST_208_2080576,9,0,18.36204411433293
AXT1POST,patch,dpmm_p256_t20,dpmm,top5,0,file_brain_AXT1POST_208_2080275,6,0,17.42099116398738
AXT1POST,patch,dpmm_p256_t20,dpmm,top5,0,file_brain_AXT1POST_208_2080213,6,0,16.992941049429085
AXT1POST,patch,dpmm_p256_t20,dpmm,top5,0,file_brain_AXT1POST_208_2080213,12,0,23.840285081129807
AXT1POST,patch,dpmm_p256_t20,dpmm,top5,0,file_brain_AXT1POST_201_6002673,4,0,22.25529362605168
AXT1POST,patch,dpmm_p256_t20,dpmm,top5,0,file_brain_AXT1POST_210_6001771,4,0,19.29480919471154
AXT1POST,patch,dpmm_p256_t20,dpmm,top5,0,file_brain_AXT1POST_207_2070251,9,0,18.243793194110577
AXT1POST,patch,dpmm_p256_t20,dpmm,top5,0,file_brain_AXT1POST_201_6002703,0,1,25.423971322866585
AXT1POST,patch,dpmm_p256_t20,dpmm,top5,0,file_brain_AXT1POST_201_6002703,1,1,24.12311025766226
AXT1POST,patch,dpmm_p256_t20,dpmm,top5,0,file_brain_AXT1POST_201_6002703,2,1,21.695458045372597
AXT1POST,patch,dpmm_p256_t20,dpmm,top5,0,file_brain_AXT1POST_201_6002703,3,1,22.315279447115383
AXT1POST,patch,dpmm_p256_t20,dpmm,top5,0,file_brain_AXT1POST_201_6002703,4,1,19.49781447190505
AXT1POST,patch,dpmm_p256_t20,dpmm,top5,0,file_brain_AXT1POST_201_6002703,5,1,19.31682645357572
AXT1POST,patch,dpmm_p256_t20,dpmm,top5,0,file_brain_AXT1POST_201_6002703,6,1,19.24262178861178
AXT1POST,patch,dpmm_p256_t20,dpmm,top5,0,file_brain_AXT1POST_201_6002703,7,1,18.10388653094952
AXT1POST,patch,dpmm_p256_t20,dpmm,top5,0,file_brain_AXT1POST_201_6002703,8,1,18.766560481144833
AXT1POST,patch,dpmm_p256_t20,dpmm,top5,0,file_brain_AXT1POST_201_6002703,9,1,20.175084040715145
AXT1POST,patch,dpmm_p256_t20,dpmm,top5,0,file_brain_AXT1POST_201_6002703,10,1,18.668259840745193
AXT1POST,patch,dpmm_p256_t20,dpmm,top5,0,file_brain_AXT1POST_201_6002703,11,1,21.219829852764423
AXT1POST,patch,dpmm_p256_t20,dpmm,top5,0,file_brain_AXT1POST_201_6002703,12,1,21.89563927283654
AXT1POST,patch,dpmm_p256_t20,dpmm,top5,0,file_brain_AXT1POST_201_6002703,13,1,23.327735314002403
AXT1POST,patch,dpmm_p256_t20,dpmm,top5,0,file_brain_AXT1POST_201_6002703,14,1,22.96339533879207
AXT1POST,patch,dpmm_p256_t20,dpmm,top5,0,file_brain_AXT1POST_201_6002683,0,1,24.490624060997597
AXT1POST,patch,dpmm_p256_t20,dpmm,top5,0,file_brain_AXT1POST_201_6002683,1,1,23.72400371844952
AXT1POST,patch,dpmm_p256_t20,dpmm,top5,0,file_brain_AXT1POST_201_6002683,2,1,23.928912823016827
AXT1POST,patch,dpmm_p256_t20,dpmm,top5,0,file_brain_AXT1POST_201_6002683,3,1,21.775853083683895
AXT1POST,patch,dpmm_p256_t20,dpmm,top5,0,file_brain_AXT1POST_201_6002683,4,1,22.74786611703726
AXT1POST,patch,dpmm_p256_t20,dpmm,top5,0,file_brain_AXT1POST_201_6002683,5,1,23.018411489633415
AXT1POST,patch,dpmm_p256_t20,dpmm,top5,0,file_brain_AXT1POST_201_6002683,6,1,24.276569073016827
AXT1POST,patch,dpmm_p256_t20,dpmm,top5,0,file_brain_AXT1POST_201_6002683,7,1,22.620652418870193
AXT1POST,patch,dpmm_p256_t20,dpmm,top5,0,file_brain_AXT1POST_201_6002683,8,1,22.484454815204327
AXT1POST,patch,dpmm_p256_t20,dpmm,top5,0,file_brain_AXT1POST_201_6002683,9,1,22.74006065955529
AXT1POST,patch,dpmm_p256_t20,dpmm,top5,0,file_brain_AXT1POST_201_6002683,10,1,23.163975642277645
AXT1POST,patch,dpmm_p256_t20,dpmm,top5,0,file_brain_AXT1POST_201_6002683,11,1,24.63537832406851
AXT1POST,patch,dpmm_p256_t20,dpmm,top5,0,file_brain_AXT1POST_201_6002683,12,1,22.603473369891827
AXT1POST,patch,dpmm_p256_t20,dpmm,top5,0,file_brain_AXT1POST_201_6002683,13,1,24.780489408052883
AXT1POST,patch,dpmm_p256_t20,dpmm,top5,0,file_brain_AXT1POST_200_6002033,0,1,22.79021277794471
AXT1POST,patch,dpmm_p256_t20,dpmm,top5,0,file_brain_AXT1POST_200_6002033,1,1,22.00457294170673
AXT1POST,patch,dpmm_p256_t20,dpmm,top5,0,file_brain_AXT1POST_200_6002033,2,1,23.18113591120793
AXT1POST,patch,dpmm_p256_t20,dpmm,top5,0,file_brain_AXT1POST_200_6002033,3,1,19.696918194110577
AXT1POST,patch,dpmm_p256_t20,dpmm,top5,0,file_brain_AXT1POST_201_6002817,0,1,21.907447228064903
AXT1POST,patch,dpmm_p256_t20,dpmm,top5,0,file_brain_AXT1POST_200_6002188,0,1,22.319547213040867
AXT1POST,patch,dpmm_p256_t20,dpmm,top5,0,file_brain_AXT1POST_200_6002188,1,1,22.964205228365383
AXT1POST,patch,dpmm_p256_t20,dpmm,top5,0,file_brain_AXT1POST_200_6002188,2,1,21.6497802734375
AXT1POST,patch,dpmm_p256_t20,dpmm,top5,0,file_brain_AXT1POST_200_6002188,3,1,19.784588153545673
AXT1POST,patch,dpmm_p256_t20,dpmm,top5,0,file_brain_AXT1POST_200_6002188,4,1,20.405299260066105
AXT1POST,patch,dpmm_p256_t20,dpmm,top5,0,file_brain_AXT1POST_200_6002188,5,1,19.48443134014423
AXT1POST,patch,dpmm_p256_t20,dpmm,top5,0,file_brain_AXT1POST_200_6002188,6,1,19.763944185697117
AXT1POST,patch,dpmm_p256_t20,dpmm,top5,0,file_brain_AXT1POST_200_6002188,7,1,21.31962468073918
AXT1POST,patch,dpmm_p256_t20,dpmm,top5,0,file_brain_AXT1POST_200_6002188,8,1,19.93157019981971
AXT1POST,patch,dpmm_p256_t20,dpmm,top5,0,file_brain_AXT1POST_200_6002188,9,1,21.480712890625
AXT1POST,patch,dpmm_p256_t20,dpmm,top5,0,file_brain_AXT1POST_200_6002188,10,1,23.7062260554387
AXT1POST,patch,dpmm_p256_t20,dpmm,top5,0,file_brain_AXT1POST_200_6002188,11,1,22.193115234375
AXT1POST,patch,dpmm_p256_t20,dpmm,top5,0,file_brain_AXT1POST_200_6002188,12,1,20.995361328125
AXT1POST,patch,dpmm_p256_t20,dpmm,top5,0,file_brain_AXT1POST_200_6002188,13,1,22.404888446514423
AXT1POST,patch,dpmm_p256_t20,dpmm,top5,0,file_brain_AXT1POST_200_6002188,14,1,23.89302180363582
AXT1POST,patch,dpmm_p256_t20,dpmm,top5,0,file_brain_AXT1POST_200_6002337,0,1,23.439537635216347
AXT1POST,patch,dpmm_p256_t20,dpmm,top5,0,file_brain_AXT1POST_200_6002337,1,1,23.548325758713943
AXT1POST,patch,dpmm_p256_t20,dpmm,top5,0,file_brain_AXT1POST_200_6002337,2,1,24.300574669471153
AXT1POST,patch,dpmm_p256_t20,dpmm,top5,0,file_brain_AXT1POST_200_6002337,3,1,20.57593008188101
AXT1POST,patch,dpmm_p256_t20,dpmm,top5,0,file_brain_AXT1POST_200_6002337,4,1,20.433070256159855
AXT1POST,patch,dpmm_p256_t20,dpmm,top5,0,file_brain_AXT1POST_201_6002735,0,1,24.275127704326923
AXT1POST,patch,dpmm_p256_t20,dpmm,top5,0,file_brain_AXT1POST_201_6002735,1,1,27.29106022761418
AXT1POST,patch,dpmm_p256_t20,dpmm,top5,0,file_brain_AXT1POST_201_6002735,2,1,26.286466158353367
AXT1POST,patch,dpmm_p256_t20,dpmm,top5,0,file_brain_AXT1POST_201_6002735,3,1,23.74127666766827
AXT1POST,patch,dpmm_p256_t20,dpmm,top5,0,file_brain_AXT1POST_201_6002735,4,1,22.205791766826923
AXT1POST,patch,dpmm_p256_t20,dpmm,top5,0,file_brain_AXT1POST_201_6002735,5,1,20.366652268629807
AXT1POST,patch,dpmm_p256_t20,dpmm,top5,0,file_brain_AXT1POST_201_6002735,6,1,19.91715886042668
AXT1POST,patch,dpmm_p256_t20,dpmm,top5,0,file_brain_AXT1POST_201_6002735,7,1,20.258951040414665
AXT1POST,patch,dpmm_p256_t20,dpmm,top5,0,file_brain_AXT1POST_201_6002735,8,1,19.12912808931791
AXT1POST,patch,dpmm_p256_t20,dpmm,top5,0,file_brain_AXT1POST_201_6002735,9,1,19.363078190730167
AXT1POST,patch,dpmm_p256_t20,dpmm,top5,0,file_brain_AXT1POST_201_6002735,10,1,19.44583247258113
AXT1POST,patch,dpmm_p256_t20,dpmm,top5,0,file_brain_AXT1POST_201_6002735,11,1,19.388523982121395
AXT1POST,patch,dpmm_p256_t20,dpmm,top5,0,file_brain_AXT1POST_200_6002089,4,1,20.23394305889423
AXT1POST,patch,dpmm_p256_t20,dpmm,top5,0,file_brain_AXT1POST_200_6002089,5,1,20.46370051457332
AXT1POST,patch,dpmm_p256_t20,dpmm,top5,0,file_brain_AXT1POST_200_6002089,6,1,21.096876878004807
AXT1POST,patch,dpmm_p256_t20,dpmm,top5,0,file_brain_AXT1POST_200_6002089,7,1,19.63050490159255
AXT1POST,patch,dpmm_p256_t20,dpmm,top5,0,file_brain_AXT1POST_200_6002089,8,1,19.612345768855167
AXT1POST,patch,dpmm_p256_t20,dpmm,top5,0,file_brain_AXT1POST_200_6002089,9,1,21.81237323467548
AXT1POST,patch,dpmm_p256_t20,dpmm,top5,0,file_brain_AXT1POST_200_6002089,10,1,24.777252197265625
AXT1POST,patch,dpmm_p256_t20,dpmm,top5,0,file_brain_AXT1POST_200_6002089,11,1,25.442035381610577
AXT1POST,patch,dpmm_p256_t20,dpmm,top5,0,file_brain_AXT1POST_200_6002089,12,1,26.68615253155048
AXT1POST,patch,dpmm_p256_t20,dpmm,top5,0,file_brain_AXT1POST_200_6002089,13,1,25.883197490985577
AXT1POST,patch,dpmm_p256_t20,dpmm,top5,0,file_brain_AXT1POST_200_6002089,14,1,26.904710036057693
AXT1POST,patch,dpmm_p256_t20,dpmm,top5,0,file_brain_AXT1POST_200_6002089,15,1,26.11358642578125
AXT1POST,patch,dpmm_p256_t20,dpmm,top5,0,file_brain_AXT1POST_200_6002065,0,1,25.08746337890625
AXT1POST,patch,dpmm_p256_t20,dpmm,top5,0,file_brain_AXT1POST_200_6002065,1,1,24.96973125751202
AXT1POST,patch,dpmm_p256_t20,dpmm,top5,0,file_brain_AXT1POST_200_6002065,2,1,24.473482572115383
AXT1POST,patch,dpmm_p256_t20,dpmm,top5,0,file_brain_AXT1POST_200_6002065,3,1,24.563809908353367
AXT1POST,patch,dpmm_p256_t20,dpmm,top5,0,file_brain_AXT1POST_200_6002065,4,1,21.07966026893029
AXT1POST,patch,dpmm_p256_t20,dpmm,top5,0,file_brain_AXT1POST_200_6002065,5,1,19.55210641714243
AXT1POST,patch,dpmm_p256_t20,dpmm,top5,0,file_brain_AXT1POST_200_6002065,10,1,19.293790377103367
AXT1POST,patch,dpmm_p256_t20,dpmm,top5,0,file_brain_AXT1POST_200_6002396,0,1,23.540316068209133
AXT1POST,patch,dpmm_p256_t50,dpmm,top5,0,file_brain_AXT1POST_207_2070010,8,0,17.34705763596755
AXT1POST,patch,dpmm_p256_t50,dpmm,top5,0,file_brain_AXT1POST_208_2080493,5,0,19.158038799579327
AXT1POST,patch,dpmm_p256_t50,dpmm,top5,0,file_brain_AXT1POST_201_6002795,10,0,17.423379751352165
AXT1POST,patch,dpmm_p256_t50,dpmm,top5,0,file_brain_AXT1POST_207_2070214,6,0,22.161102294921875
AXT1POST,patch,dpmm_p256_t50,dpmm,top5,0,file_brain_AXT1POST_208_2080275,5,0,16.14543973482572
AXT1POST,patch,dpmm_p256_t50,dpmm,top5,0,file_brain_AXT1POST_201_6002760,10,0,18.695663452148438
AXT1POST,patch,dpmm_p256_t50,dpmm,top5,0,file_brain_AXT1POST_201_6002778,7,0,21.321613018329327
AXT1POST,patch,dpmm_p256_t50,dpmm,top5,0,file_brain_AXT1POST_207_2070418,12,0,18.80261699969952
AXT1POST,patch,dpmm_p256_t50,dpmm,top5,0,file_brain_AXT1POST_200_6002259,8,0,16.199077899639423
AXT1POST,patch,dpmm_p256_t50,dpmm,top5,0,file_brain_AXT1POST_207_2070251,10,0,20.541224553034855
AXT1POST,patch,dpmm_p256_t50,dpmm,top5,0,file_brain_AXT1POST_203_6000877,5,0,18.479972252478966
AXT1POST,patch,dpmm_p256_t50,dpmm,top5,0,file_brain_AXT1POST_200_6002337,5,0,19.379913330078125
AXT1POST,patch,dpmm_p256_t50,dpmm,top5,0,file_brain_AXT1POST_202_6000417,9,0,19.43199040339543
AXT1POST,patch,dpmm_p256_t50,dpmm,top5,0,file_brain_AXT1POST_203_6000712,6,0,19.21574284480168
AXT1POST,patch,dpmm_p256_t50,dpmm,top5,0,file_brain_AXT1POST_208_2080244,8,0,19.806424654447117
AXT1POST,patch,dpmm_p256_t50,dpmm,top5,0,file_brain_AXT1POST_210_6001735,5,0,20.15266535832332
AXT1POST,patch,dpmm_p256_t50,dpmm,top5,0,file_brain_AXT1POST_201_6002920,8,0,24.715116060697117
AXT1POST,patch,dpmm_p256_t50,dpmm,top5,0,file_brain_AXT1POST_205_2050255,6,0,17.108839768629807
AXT1POST,patch,dpmm_p256_t50,dpmm,top5,0,file_brain_AXT1POST_207_2070450,7,0,17.68263948880709
AXT1POST,patch,dpmm_p256_t50,dpmm,top5,0,file_brain_AXT1POST_210_6001790,8,0,20.890718900240383
AXT1POST,patch,dpmm_p256_t50,dpmm,top5,0,file_brain_AXT1POST_209_6001234,12,0,21.60169396033654
AXT1POST,patch,dpmm_p256_t50,dpmm,top5,0,file_brain_AXT1POST_208_2080392,12,0,20.718778170072117
AXT1POST,patch,dpmm_p256_t50,dpmm,top5,0,file_brain_AXT1POST_210_6001699,5,0,19.193695068359375
AXT1POST,patch,dpmm_p256_t50,dpmm,top5,0,file_brain_AXT1POST_208_2080393,4,0,17.907347459059494
AXT1POST,patch,dpmm_p256_t50,dpmm,top5,0,file_brain_AXT1POST_200_6002396,11,0,18.87043879582332
AXT1POST,patch,dpmm_p256_t50,dpmm,top5,0,file_brain_AXT1POST_207_2070804,10,0,22.394202599158653
AXT1POST,patch,dpmm_p256_t50,dpmm,top5,0,file_brain_AXT1POST_202_6000269,7,0,20.85968017578125
AXT1POST,patch,dpmm_p256_t50,dpmm,top5,0,file_brain_AXT1POST_207_2070809,7,0,18.10948063777043
AXT1POST,patch,dpmm_p256_t50,dpmm,top5,0,file_brain_AXT1POST_207_2070095,4,0,18.033677321213943
AXT1POST,patch,dpmm_p256_t50,dpmm,top5,0,file_brain_AXT1POST_210_6001787,11,0,18.690880408653847
AXT1POST,patch,dpmm_p256_t50,dpmm,top5,0,file_brain_AXT1POST_207_2070765,4,0,23.219994178185097
AXT1POST,patch,dpmm_p256_t50,dpmm,top5,0,file_brain_AXT1POST_207_2070095,11,0,21.173006497896633
AXT1POST,patch,dpmm_p256_t50,dpmm,top5,0,file_brain_AXT1POST_207_2070651,11,0,20.732407789963943
AXT1POST,patch,dpmm_p256_t50,dpmm,top5,0,file_brain_AXT1POST_208_2080422,12,0,19.176072340745193
AXT1POST,patch,dpmm_p256_t50,dpmm,top5,0,file_brain_AXT1POST_203_6000760,9,0,19.15900127704327
AXT1POST,patch,dpmm_p256_t50,dpmm,top5,0,file_brain_AXT1POST_201_6002814,6,0,18.71741426908053
AXT1POST,patch,dpmm_p256_t50,dpmm,top5,0,file_brain_AXT1POST_202_6000417,4,0,21.739013671875
AXT1POST,patch,dpmm_p256_t50,dpmm,top5,0,file_brain_AXT1POST_207_2070259,5,0,18.934332040640022
AXT1POST,patch,dpmm_p256_t50,dpmm,top5,0,file_brain_AXT1POST_208_2080244,5,0,18.86722153883714
AXT1POST,patch,dpmm_p256_t50,dpmm,top5,0,file_brain_AXT1POST_203_6000877,11,0,21.54223398061899
AXT1POST,patch,dpmm_p256_t50,dpmm,top5,0,file_brain_AXT1POST_200_6001996,9,0,16.61589637169471
AXT1POST,patch,dpmm_p256_t50,dpmm,top5,0,file_brain_AXT1POST_210_6001735,4,0,19.28017366849459
AXT1POST,patch,dpmm_p256_t50,dpmm,top5,0,file_brain_AXT1POST_208_2080624,6,0,17.975392268254208
AXT1POST,patch,dpmm_p256_t50,dpmm,top5,0,file_brain_AXT1POST_205_2050146,5,0,19.379418006310097
AXT1POST,patch,dpmm_p256_t50,dpmm,top5,0,file_brain_AXT1POST_203_6000877,6,0,17.67724374624399
AXT1POST,patch,dpmm_p256_t50,dpmm,top5,0,file_brain_AXT1POST_201_6002795,12,0,21.445786696213943
AXT1POST,patch,dpmm_p256_t50,dpmm,top5,0,file_brain_AXT1POST_208_2080469,6,0,21.274451622596153
AXT1POST,patch,dpmm_p256_t50,dpmm,top5,0,file_brain_AXT1POST_210_6001797,5,0,20.248086782602165
AXT1POST,patch,dpmm_p256_t50,dpmm,top5,0,file_brain_AXT1POST_208_2080576,8,0,17.999253493088943
AXT1POST,patch,dpmm_p256_t50,dpmm,top5,0,file_brain_AXT1POST_205_6000148,6,0,17.92875436636118
AXT1POST,patch,dpmm_p256_t50,dpmm,top5,0,file_brain_AXT1POST_207_2070095,10,0,17.48680936373197
AXT1POST,patch,dpmm_p256_t50,dpmm,top5,0,file_brain_AXT1POST_201_6002731,10,0,19.510399451622597
AXT1POST,patch,dpmm_p256_t50,dpmm,top5,0,file_brain_AXT1POST_207_2070083,4,0,19.979515662560097
AXT1POST,patch,dpmm_p256_t50,dpmm,top5,0,file_brain_AXT1POST_208_2080704,4,0,19.17188439002404
AXT1POST,patch,dpmm_p256_t50,dpmm,top5,0,file_brain_AXT1POST_205_6000180,5,0,17.50992642916166
AXT1POST,patch,dpmm_p256_t50,dpmm,top5,0,file_brain_AXT1POST_201_6002920,6,0,21.901508037860577
AXT1POST,patch,dpmm_p256_t50,dpmm,top5,0,file_brain_AXT1POST_209_6001417,11,0,21.44892296424279
AXT1POST,patch,dpmm_p256_t50,dpmm,top5,0,file_brain_AXT1POST_203_6000774,4,0,20.23290076622596
AXT1POST,patch,dpmm_p256_t50,dpmm,top5,0,file_brain_AXT1POST_209_6001234,6,0,17.46891549917368
AXT1POST,patch,dpmm_p256_t50,dpmm,top5,0,file_brain_AXT1POST_208_2080154,9,0,17.695907592773438
AXT1POST,patch,dpmm_p256_t50,dpmm,top5,0,file_brain_AXT1POST_207_2070147,10,0,19.125014085036057
AXT1POST,patch,dpmm_p256_t50,dpmm,top5,0,file_brain_AXT1POST_205_2050102,9,0,20.082235483022835
AXT1POST,patch,dpmm_p256_t50,dpmm,top5,0,file_brain_AXT1POST_209_6001264,7,0,16.763711782602165
AXT1POST,patch,dpmm_p256_t50,dpmm,top5,0,file_brain_AXT1POST_207_2070034,7,0,17.06438739483173
AXT1POST,patch,dpmm_p256_t50,dpmm,top5,0,file_brain_AXT1POST_209_6001458,10,0,18.572969876802883
AXT1POST,patch,dpmm_p256_t50,dpmm,top5,0,file_brain_AXT1POST_206_6000235,10,0,21.25664813701923
AXT1POST,patch,dpmm_p256_t50,dpmm,top5,0,file_brain_AXT1POST_208_2080213,5,0,19.32446523813101
AXT1POST,patch,dpmm_p256_t50,dpmm,top5,0,file_brain_AXT1POST_200_6002396,9,0,16.30402080829327
AXT1POST,patch,dpmm_p256_t50,dpmm,top5,0,file_brain_AXT1POST_200_6002305,4,0,19.236164973332333
AXT1POST,patch,dpmm_p256_t50,dpmm,top5,0,file_brain_AXT1POST_207_2070651,12,0,21.164109450120193
AXT1POST,patch,dpmm_p256_t50,dpmm,top5,0,file_brain_AXT1POST_205_2050148,10,0,18.199426504281853
AXT1POST,patch,dpmm_p256_t50,dpmm,top5,0,file_brain_AXT1POST_208_2080469,4,0,22.29759803185096
AXT1POST,patch,dpmm_p256_t50,dpmm,top5,0,file_brain_AXT1POST_207_2070635,10,0,18.14776846078726
AXT1POST,patch,dpmm_p256_t50,dpmm,top5,0,file_brain_AXT1POST_207_2070133,8,0,17.0986328125
AXT1POST,patch,dpmm_p256_t50,dpmm,top5,0,file_brain_AXT1POST_203_6000661,12,0,20.938321627103367
AXT1POST,patch,dpmm_p256_t50,dpmm,top5,0,file_brain_AXT1POST_203_6000760,6,0,18.6657221867488
AXT1POST,patch,dpmm_p256_t50,dpmm,top5,0,file_brain_AXT1POST_200_6002337,8,0,17.846658559945915
AXT1POST,patch,dpmm_p256_t50,dpmm,top5,0,file_brain_AXT1POST_208_2080393,12,0,23.3035888671875
AXT1POST,patch,dpmm_p256_t50,dpmm,top5,0,file_brain_AXT1POST_207_2070123,7,0,18.640187190129208
AXT1POST,patch,dpmm_p256_t50,dpmm,top5,0,file_brain_AXT1POST_201_6002772,8,0,20.462299053485577
AXT1POST,patch,dpmm_p256_t50,dpmm,top5,0,file_brain_AXT1POST_207_2070804,9,0,21.21271221454327
AXT1POST,patch,dpmm_p256_t50,dpmm,top5,0,file_brain_AXT1POST_208_2080469,12,0,21.938828688401443
AXT1POST,patch,dpmm_p256_t50,dpmm,top5,0,file_brain_AXT1POST_208_2080275,7,0,15.931640625
AXT1POST,patch,dpmm_p256_t50,dpmm,top5,0,file_brain_AXT1POST_209_6001264,4,0,18.7103271484375
AXT1POST,patch,dpmm_p256_t50,dpmm,top5,0,file_brain_AXT1POST_209_6001064,5,0,20.467930720402645
AXT1POST,patch,dpmm_p256_t50,dpmm,top5,0,file_brain_AXT1POST_201_6002920,4,0,21.20392784705529
AXT1POST,patch,dpmm_p256_t50,dpmm,top5,0,file_brain_AXT1POST_210_6001787,7,0,18.65685565655048
AXT1POST,patch,dpmm_p256_t50,dpmm,top5,0,file_brain_AXT1POST_203_6000661,4,0,23.094447209284855
AXT1POST,patch,dpmm_p256_t50,dpmm,top5,0,file_brain_AXT1POST_203_6000712,10,0,24.80572040264423
AXT1POST,patch,dpmm_p256_t50,dpmm,top5,0,file_brain_AXT1POST_210_6001797,4,0,22.25580772986779
AXT1POST,patch,dpmm_p256_t50,dpmm,top5,0,file_brain_AXT1POST_208_2080504,5,0,16.4563481257512
AXT1POST,patch,dpmm_p256_t50,dpmm,top5,0,file_brain_AXT1POST_208_2080421,4,0,23.502532958984375
AXT1POST,patch,dpmm_p256_t50,dpmm,top5,0,file_brain_AXT1POST_209_6001458,4,0,18.85636784480168
AXT1POST,patch,dpmm_p256_t50,dpmm,top5,0,file_brain_AXT1POST_207_2070133,6,0,20.847900390625
AXT1POST,patch,dpmm_p256_t50,dpmm,top5,0,file_brain_AXT1POST_208_2080240,10,0,22.306307279146633
AXT1POST,patch,dpmm_p256_t50,dpmm,top5,0,file_brain_AXT1POST_208_2080493,9,0,19.8692626953125
AXT1POST,patch,dpmm_p256_t50,dpmm,top5,0,file_brain_AXT1POST_205_6000035,8,0,17.570216252253605
AXT1POST,patch,dpmm_p256_t50,dpmm,top5,0,file_brain_AXT1POST_208_2080393,7,0,17.00084744966947
AXT1POST,patch,dpmm_p256_t50,dpmm,top5,0,file_brain_AXT1POST_200_6002046,9,0,17.936619685246395
AXT1POST,patch,dpmm_p256_t50,dpmm,top5,0,file_brain_AXT1POST_206_6000235,8,0,18.669669518103966
AXT1POST,patch,dpmm_p256_t50,dpmm,top5,0,file_brain_AXT1POST_205_2050189,8,0,15.9530029296875
AXT1POST,patch,dpmm_p256_t50,dpmm,top5,0,file_brain_AXT1POST_210_6001771,11,0,22.148221529447117
AXT1POST,patch,dpmm_p256_t50,dpmm,top5,0,file_brain_AXT1POST_208_2120069,4,0,20.72645686222957
AXT1POST,patch,dpmm_p256_t50,dpmm,top5,0,file_brain_AXT1POST_201_6002862,11,0,21.062356802133415
AXT1POST,patch,dpmm_p256_t50,dpmm,top5,0,file_brain_AXT1POST_209_6001236,9,0,16.8381840632512
AXT1POST,patch,dpmm_p256_t50,dpmm,top5,0,file_brain_AXT1POST_200_6002349,12,0,21.03594970703125
AXT1POST,patch,dpmm_p256_t50,dpmm,top5,0,file_brain_AXT1POST_208_2080075,5,0,21.718968318058895
AXT1POST,patch,dpmm_p256_t50,dpmm,top5,0,file_brain_AXT1POST_210_6001735,9,0,17.666798518254208
AXT1POST,patch,dpmm_p256_t50,dpmm,top5,0,file_brain_AXT1POST_209_6001109,6,0,16.98827420748197
AXT1POST,patch,dpmm_p256_t50,dpmm,top5,0,file_brain_AXT1POST_203_6000869,8,0,18.018540602463943
AXT1POST,patch,dpmm_p256_t50,dpmm,top5,0,file_brain_AXT1POST_207_2070259,4,0,19.832247220552883
AXT1POST,patch,dpmm_p256_t50,dpmm,top5,0,file_brain_AXT1POST_203_6000712,9,0,21.329251802884617
AXT1POST,patch,dpmm_p256_t50,dpmm,top5,0,file_brain_AXT1POST_207_2070095,6,0,17.310794536884014
AXT1POST,patch,dpmm_p256_t50,dpmm,top5,0,file_brain_AXT1POST_200_6002413,11,0,18.79754169170673
AXT1POST,patch,dpmm_p256_t50,dpmm,top5,0,file_brain_AXT1POST_208_2080392,10,0,18.93263948880709
AXT1POST,patch,dpmm_p256_t50,dpmm,top5,0,file_brain_AXT1POST_203_6000661,5,0,20.22374784029447
AXT1POST,patch,dpmm_p256_t50,dpmm,top5,0,file_brain_AXT1POST_209_6001236,7,0,17.761104877178486
AXT1POST,patch,dpmm_p256_t50,dpmm,top5,0,file_brain_AXT1POST_207_2070809,10,0,19.006126990685097
AXT1POST,patch,dpmm_p256_t50,dpmm,top5,0,file_brain_AXT1POST_207_2070214,9,0,17.103458111102764
AXT1POST,patch,dpmm_p256_t50,dpmm,top5,0,file_brain_AXT1POST_208_2080704,10,0,20.0351069523738
AXT1POST,patch,dpmm_p256_t50,dpmm,top5,0,file_brain_AXT1POST_201_6002673,7,0,18.97847102238582
AXT1POST,patch,dpmm_p256_t50,dpmm,top5,0,file_brain_AXT1POST_203_6000657,4,0,17.86383760892428
AXT1POST,patch,dpmm_p256_t50,dpmm,top5,0,file_brain_AXT1POST_207_2070242,5,0,19.08025418795072
AXT1POST,patch,dpmm_p256_t50,dpmm,top5,0,file_brain_AXT1POST_208_2080493,11,0,18.272073599008415
AXT1POST,patch,dpmm_p256_t50,dpmm,top5,0,file_brain_AXT1POST_209_6001458,6,0,16.64102524977464
AXT1POST,patch,dpmm_p256_t50,dpmm,top5,0,file_brain_AXT1POST_208_2080421,6,0,17.507747943584736
AXT1POST,patch,dpmm_p256_t50,dpmm,top5,0,file_brain_AXT1POST_201_6002668,6,0,18.561490572415867
AXT1POST,patch,dpmm_p256_t50,dpmm,top5,0,file_brain_AXT1POST_200_6002349,4,0,18.514319786658653
AXT1POST,patch,dpmm_p256_t50,dpmm,top5,0,file_brain_AXT1POST_200_6002305,10,0,19.066231360802284
AXT1POST,patch,dpmm_p256_t50,dpmm,top5,0,file_brain_AXT1POST_207_2070651,6,0,22.547642634465145
AXT1POST,patch,dpmm_p256_t50,dpmm,top5,0,file_brain_AXT1POST_201_6002778,12,0,20.05260056715745
AXT1POST,patch,dpmm_p256_t50,dpmm,top5,0,file_brain_AXT1POST_200_6002349,11,0,20.45171884390024
AXT1POST,patch,dpmm_p256_t50,dpmm,top5,0,file_brain_AXT1POST_208_2080576,10,0,20.403057391826923
AXT1POST,patch,dpmm_p256_t50,dpmm,top5,0,file_brain_AXT1POST_207_2070765,8,0,18.10292287973257
AXT1POST,patch,dpmm_p256_t50,dpmm,top5,0,file_brain_AXT1POST_207_2070083,9,0,18.00391329251803
AXT1POST,patch,dpmm_p256_t50,dpmm,top5,0,file_brain_AXT1POST_207_2070547,10,0,18.2656742976262
AXT1POST,patch,dpmm_p256_t50,dpmm,top5,0,file_brain_AXT1POST_207_2070490,7,0,18.379501342773438
AXT1POST,patch,dpmm_p256_t50,dpmm,top5,0,file_brain_AXT1POST_207_2070553,4,0,18.48574476975661
AXT1POST,patch,dpmm_p256_t50,dpmm,top5,0,file_brain_AXT1POST_200_6002033,8,0,17.3350102351262
AXT1POST,patch,dpmm_p256_t50,dpmm,top5,0,file_brain_AXT1POST_208_2080345,8,0,18.645301231971153
AXT1POST,patch,dpmm_p256_t50,dpmm,top5,0,file_brain_AXT1POST_209_6001320,7,0,17.824192927433895
AXT1POST,patch,dpmm_p256_t50,dpmm,top5,0,file_brain_AXT1POST_207_2070357,4,0,24.19023719200721
AXT1POST,patch,dpmm_p256_t50,dpmm,top5,0,file_brain_AXT1POST_210_6001735,10,0,19.290931114783653
AXT1POST,patch,dpmm_p256_t50,dpmm,top5,0,file_brain_AXT1POST_207_2070127,7,0,17.844630314753605
AXT1POST,patch,dpmm_p256_t50,dpmm,top5,0,file_brain_AXT1POST_205_6000035,5,0,19.621160653921272
AXT1POST,patch,dpmm_p256_t50,dpmm,top5,0,file_brain_AXT1POST_202_6000269,5,0,24.497713529146633
AXT1POST,patch,dpmm_p256_t50,dpmm,top5,0,file_brain_AXT1POST_200_6002396,4,0,18.38986558180589
AXT1POST,patch,dpmm_p256_t50,dpmm,top5,0,file_brain_AXT1POST_200_6002392,10,0,19.713172325721153
AXT1POST,patch,dpmm_p256_t50,dpmm,top5,0,file_brain_AXT1POST_208_2080576,12,0,20.732452392578125
AXT1POST,patch,dpmm_p256_t50,dpmm,top5,0,file_brain_AXT1POST_201_6002731,4,0,24.411768986628605
AXT1POST,patch,dpmm_p256_t50,dpmm,top5,0,file_brain_AXT1POST_207_2070651,7,0,19.017540564903847
AXT1POST,patch,dpmm_p256_t50,dpmm,top5,0,file_brain_AXT1POST_207_2070327,9,0,18.262594369741585
AXT1POST,patch,dpmm_p256_t50,dpmm,top5,0,file_brain_AXT1POST_207_2070327,8,0,18.70062255859375
AXT1POST,patch,dpmm_p256_t50,dpmm,top5,0,file_brain_AXT1POST_205_6000035,4,0,20.11523202749399
AXT1POST,patch,dpmm_p256_t50,dpmm,top5,0,file_brain_AXT1POST_210_6001771,8,0,18.964612520658054
AXT1POST,patch,dpmm_p256_t50,dpmm,top5,0,file_brain_AXT1POST_205_2050259,4,0,20.4583247258113
AXT1POST,patch,dpmm_p256_t50,dpmm,top5,0,file_brain_AXT1POST_200_6002259,5,0,19.401468130258415
AXT1POST,patch,dpmm_p256_t50,dpmm,top5,0,file_brain_AXT1POST_207_2070251,11,0,20.798116830679085
AXT1POST,patch,dpmm_p256_t50,dpmm,top5,0,file_brain_AXT1POST_210_6001787,4,0,21.79424344576322
AXT1POST,patch,dpmm_p256_t50,dpmm,top5,0,file_brain_AXT1POST_203_6000861,5,0,21.98494074894832
AXT1POST,patch,dpmm_p256_t50,dpmm,top5,0,file_brain_AXT1POST_207_2070259,6,0,19.05968064528245
AXT1POST,patch,dpmm_p256_t50,dpmm,top5,0,file_brain_AXT1POST_208_2080352,5,0,18.785621056189903
AXT1POST,patch,dpmm_p256_t50,dpmm,top5,0,file_brain_AXT1POST_208_2080477,4,0,18.436673677884617
AXT1POST,patch,dpmm_p256_t50,dpmm,top5,0,file_brain_AXT1POST_208_2080422,5,0,20.94086162860577
AXT1POST,patch,dpmm_p256_t50,dpmm,top5,0,file_brain_AXT1POST_202_6000302,9,0,19.890479454627403
AXT1POST,patch,dpmm_p256_t50,dpmm,top5,0,file_brain_AXT1POST_207_2070365,10,0,20.54870135967548
AXT1POST,patch,dpmm_p256_t50,dpmm,top5,0,file_brain_AXT1POST_200_6002340,4,0,18.78502244215745
AXT1POST,patch,dpmm_p256_t50,dpmm,top5,0,file_brain_AXT1POST_208_2080075,4,0,21.015045166015625
AXT1POST,patch,dpmm_p256_t50,dpmm,top5,0,file_brain_AXT1POST_203_6000869,4,0,18.88038048377404
AXT1POST,patch,dpmm_p256_t50,dpmm,top5,0,file_brain_AXT1POST_207_2070479,4,0,21.177077073317307
AXT1POST,patch,dpmm_p256_t50,dpmm,top5,0,file_brain_AXT1POST_209_6001250,5,0,17.820510864257812
AXT1POST,patch,dpmm_p256_t50,dpmm,top5,0,file_brain_AXT1POST_207_2070009,12,0,20.724942720853367
AXT1POST,patch,dpmm_p256_t50,dpmm,top5,0,file_brain_AXT1POST_205_2050148,5,0,17.256459162785458
AXT1POST,patch,dpmm_p256_t50,dpmm,top5,0,file_brain_AXT1POST_203_6000597,7,0,18.35682912973257
AXT1POST,patch,dpmm_p256_t50,dpmm,top5,0,file_brain_AXT1POST_202_6000281,10,0,23.01951481745793
AXT1POST,patch,dpmm_p256_t50,dpmm,top5,0,file_brain_AXT1POST_203_6000827,10,0,22.185159536508415
AXT1POST,patch,dpmm_p256_t50,dpmm,top5,0,file_brain_AXT1POST_207_2070547,11,0,18.090719369741585
AXT1POST,patch,dpmm_p256_t50,dpmm,top5,0,file_brain_AXT1POST_209_6001458,7,0,16.934600830078125
AXT1POST,patch,dpmm_p256_t50,dpmm,top5,0,file_brain_AXT1POST_210_6001645,6,0,17.85052724984976
AXT1POST,patch,dpmm_p256_t50,dpmm,top5,0,file_brain_AXT1POST_207_2070099,12,0,19.723717322716347
AXT1POST,patch,dpmm_p256_t50,dpmm,top5,0,file_brain_AXT1POST_207_2070241,11,0,19.017359806941105
AXT1POST,patch,dpmm_p256_t50,dpmm,top5,0,file_brain_AXT1POST_207_2070786,7,0,17.828983013446514
AXT1POST,patch,dpmm_p256_t50,dpmm,top5,0,file_brain_AXT1POST_208_2080493,8,0,17.70031034029447
AXT1POST,patch,dpmm_p256_t50,dpmm,top5,0,file_brain_AXT1POST_208_2080082,7,0,17.90675001878005
AXT1POST,patch,dpmm_p256_t50,dpmm,top5,0,file_brain_AXT1POST_207_2070479,7,0,18.88375737116887
AXT1POST,patch,dpmm_p256_t50,dpmm,top5,0,file_brain_AXT1POST_210_6001735,12,0,21.25457763671875
AXT1POST,patch,dpmm_p256_t50,dpmm,top5,0,file_brain_AXT1POST_202_6000341,5,0,19.178426889272835
AXT1POST,patch,dpmm_p256_t50,dpmm,top5,0,file_brain_AXT1POST_203_6000657,10,0,19.84277813251202
AXT1POST,patch,dpmm_p256_t50,dpmm,top5,0,file_brain_AXT1POST_208_2080082,6,0,18.72030991774339
AXT1POST,patch,dpmm_p256_t50,dpmm,top5,0,file_brain_AXT1POST_205_2050189,6,0,18.658106877253605
AXT1POST,patch,dpmm_p256_t50,dpmm,top5,0,file_brain_AXT1POST_208_2080082,9,0,19.9788325383113
AXT1POST,patch,dpmm_p256_t50,dpmm,top5,0,file_brain_AXT1POST_207_2070357,8,0,19.035542414738583
AXT1POST,patch,dpmm_p256_t50,dpmm,top5,0,file_brain_AXT1POST_207_2070009,8,0,19.124149029071514
AXT1POST,patch,dpmm_p256_t50,dpmm,top5,0,file_brain_AXT1POST_203_6000774,5,0,19.45291489821214
AXT1POST,patch,dpmm_p256_t50,dpmm,top5,0,file_brain_AXT1POST_203_6000597,11,0,18.49298799954928
AXT1POST,patch,dpmm_p256_t50,dpmm,top5,0,file_brain_AXT1POST_207_2070786,6,0,19.13127957857572
AXT1POST,patch,dpmm_p256_t50,dpmm,top5,0,file_brain_AXT1POST_203_6000597,10,0,16.810272216796875
AXT1POST,patch,dpmm_p256_t50,dpmm,top5,0,file_brain_AXT1POST_203_6000877,9,0,18.907806396484375
AXT1POST,patch,dpmm_p256_t50,dpmm,top5,0,file_brain_AXT1POST_203_6000657,12,0,22.88006826547476
AXT1POST,patch,dpmm_p256_t50,dpmm,top5,0,file_brain_AXT1POST_208_2080352,10,0,18.471585787259617
AXT1POST,patch,dpmm_p256_t50,dpmm,top5,0,file_brain_AXT1POST_207_2070354,6,0,17.28482173039363
AXT1POST,patch,dpmm_p256_t50,dpmm,top5,0,file_brain_AXT1POST_201_6002920,12,0,20.2158203125
AXT1POST,patch,dpmm_p256_t50,dpmm,top5,0,file_brain_AXT1POST_208_2080304,10,0,21.23389610877404
AXT1POST,patch,dpmm_p256_t50,dpmm,top5,0,file_brain_AXT1POST_209_6001320,10,0,21.2235107421875
AXT1POST,patch,dpmm_p256_t50,dpmm,top5,0,file_brain_AXT1POST_207_2070009,5,0,17.65698007436899
AXT1POST,patch,dpmm_p256_t50,dpmm,top5,0,file_brain_AXT1POST_207_2070034,6,0,17.79668485201322
AXT1POST,patch,dpmm_p256_t50,dpmm,top5,0,file_brain_AXT1POST_205_2050102,5,0,18.196120042067307
AXT1POST,patch,dpmm_p256_t50,dpmm,top5,0,file_brain_AXT1POST_207_2070490,5,0,17.613619290865383
AXT1POST,patch,dpmm_p256_t50,dpmm,top5,0,file_brain_AXT1POST_208_2080208,7,0,17.924415001502403
AXT1POST,patch,dpmm_p256_t50,dpmm,top5,0,file_brain_AXT1POST_205_2050102,7,0,17.309688861553486
AXT1POST,patch,dpmm_p256_t50,dpmm,top5,0,file_brain_AXT1POST_205_2050102,4,0,18.435116107647236
AXT1POST,patch,dpmm_p256_t50,dpmm,top5,0,file_brain_AXT1POST_203_6000827,4,0,17.833965594951923
AXT1POST,patch,dpmm_p256_t50,dpmm,top5,0,file_brain_AXT1POST_207_2070809,6,0,17.627782968374397
AXT1POST,patch,dpmm_p256_t50,dpmm,top5,0,file_brain_AXT1POST_200_6002340,6,0,17.0103759765625
AXT1POST,patch,dpmm_p256_t50,dpmm,top5,0,file_brain_AXT1POST_207_2070479,10,0,20.20336444561298
AXT1POST,patch,dpmm_p256_t50,dpmm,top5,0,file_brain_AXT1POST_201_6002862,6,0,21.66790771484375
AXT1POST,patch,dpmm_p256_t50,dpmm,top5,0,file_brain_AXT1POST_203_6000760,8,0,18.510010939378006
AXT1POST,patch,dpmm_p256_t50,dpmm,top5,0,file_brain_AXT1POST_207_2070251,7,0,18.29063767653245
AXT1POST,patch,dpmm_p256_t50,dpmm,top5,0,file_brain_AXT1POST_208_2080062,10,0,18.42733882023738
AXT1POST,patch,dpmm_p256_t50,dpmm,top5,0,file_brain_AXT1POST_207_2070786,11,0,17.681121826171875
AXT1POST,patch,dpmm_p256_t50,dpmm,top5,0,file_brain_AXT1POST_200_6001996,12,0,20.38793241060697
AXT1POST,patch,dpmm_p256_t50,dpmm,top5,0,file_brain_AXT1POST_209_6001109,8,0,16.307765080378605
AXT1POST,patch,dpmm_p256_t50,dpmm,top5,0,file_brain_AXT1POST_205_2050159,9,0,19.154404860276443
AXT1POST,patch,dpmm_p256_t50,dpmm,top5,0,file_brain_AXT1POST_203_6000760,5,0,18.40565138596755
AXT1POST,patch,dpmm_p256_t50,dpmm,top5,0,file_brain_AXT1POST_208_2080075,9,0,18.439855722280647
AXT1POST,patch,dpmm_p256_t50,dpmm,top5,0,file_brain_AXT1POST_200_6002305,12,0,25.244053767277645
AXT1POST,patch,dpmm_p256_t50,dpmm,top5,0,file_brain_AXT1POST_200_6002340,7,0,16.825221135066105
AXT1POST,patch,dpmm_p256_t50,dpmm,top5,0,file_brain_AXT1POST_203_6000848,8,0,18.060504619891827
AXT1POST,patch,dpmm_p256_t50,dpmm,top5,0,file_brain_AXT1POST_208_2080345,12,0,20.224149263822117
AXT1POST,patch,dpmm_p256_t50,dpmm,top5,0,file_brain_AXT1POST_201_6002749,10,0,20.733849158653847
AXT1POST,patch,dpmm_p256_t50,dpmm,top5,0,file_brain_AXT1POST_200_6001959,5,0,20.50725848858173
AXT1POST,patch,dpmm_p256_t50,dpmm,top5,0,file_brain_AXT1POST_208_2080477,8,0,19.288293691781853
AXT1POST,patch,dpmm_p256_t50,dpmm,top5,0,file_brain_AXT1POST_208_2080383,6,0,18.68336721567007
AXT1POST,patch,dpmm_p256_t50,dpmm,top5,0,file_brain_AXT1POST_201_6002707,7,0,21.758645864633415
AXT1POST,patch,dpmm_p256_t50,dpmm,top5,0,file_brain_AXT1POST_203_6000861,4,0,22.290797306941105
AXT1POST,patch,dpmm_p256_t50,dpmm,top5,0,file_brain_AXT1POST_209_6001109,7,0,18.63886202298678
AXT1POST,patch,dpmm_p256_t50,dpmm,top5,0,file_brain_AXT1POST_203_6000760,4,0,21.208411583533653
AXT1POST,patch,dpmm_p256_t50,dpmm,top5,0,file_brain_AXT1POST_208_2080154,6,0,18.43652578500601
AXT1POST,patch,dpmm_p256_t50,dpmm,top5,0,file_brain_AXT1POST_201_6002749,6,0,18.740213247445915
AXT1POST,patch,dpmm_p256_t50,dpmm,top5,0,file_brain_AXT1POST_203_6000597,5,0,20.5679203913762
AXT1POST,patch,dpmm_p256_t50,dpmm,top5,0,file_brain_AXT1POST_203_6000848,12,0,25.90911865234375
AXT1POST,patch,dpmm_p256_t50,dpmm,top5,0,file_brain_AXT1POST_207_2070809,12,0,22.00664578951322
AXT1POST,patch,dpmm_p256_t50,dpmm,top5,0,file_brain_AXT1POST_208_2120069,8,0,19.20404756986178
AXT1POST,patch,dpmm_p256_t50,dpmm,top5,0,file_brain_AXT1POST_205_2050189,7,0,20.41387469951923
AXT1POST,patch,dpmm_p256_t50,dpmm,top5,0,file_brain_AXT1POST_200_6002337,12,0,20.290137657752403
AXT1POST,patch,dpmm_p256_t50,dpmm,top5,0,file_brain_AXT1POST_207_2070251,12,0,20.57835975060096
AXT1POST,patch,dpmm_p256_t50,dpmm,top5,0,file_brain_AXT1POST_207_2070635,6,0,18.72412813626803
AXT1POST,patch,dpmm_p256_t50,dpmm,top5,0,file_brain_AXT1POST_201_6002680,5,0,18.628860473632812
AXT1POST,patch,dpmm_p256_t50,dpmm,top5,0,file_brain_AXT1POST_208_2080213,7,0,17.673702533428486
AXT1POST,patch,dpmm_p256_t50,dpmm,top5,0,file_brain_AXT1POST_208_2080576,9,0,18.36133986253005
AXT1POST,patch,dpmm_p256_t50,dpmm,top5,0,file_brain_AXT1POST_208_2080275,6,0,17.420367901141827
AXT1POST,patch,dpmm_p256_t50,dpmm,top5,0,file_brain_AXT1POST_208_2080213,6,0,16.992317786583534
AXT1POST,patch,dpmm_p256_t50,dpmm,top5,0,file_brain_AXT1POST_208_2080213,12,0,23.839327298677883
AXT1POST,patch,dpmm_p256_t50,dpmm,top5,0,file_brain_AXT1POST_201_6002673,4,0,22.254425048828125
AXT1POST,patch,dpmm_p256_t50,dpmm,top5,0,file_brain_AXT1POST_210_6001771,4,0,19.29405095027043
AXT1POST,patch,dpmm_p256_t50,dpmm,top5,0,file_brain_AXT1POST_207_2070251,9,0,18.24310067983774
AXT1POST,patch,dpmm_p256_t50,dpmm,top5,0,file_brain_AXT1POST_201_6002703,0,1,25.422954852764423
AXT1POST,patch,dpmm_p256_t50,dpmm,top5,0,file_brain_AXT1POST_201_6002703,1,1,24.12213604266827
AXT1POST,patch,dpmm_p256_t50,dpmm,top5,0,file_brain_AXT1POST_201_6002703,2,1,21.69458946814904
AXT1POST,patch,dpmm_p256_t50,dpmm,top5,0,file_brain_AXT1POST_201_6002703,3,1,22.31438739483173
AXT1POST,patch,dpmm_p256_t50,dpmm,top5,0,file_brain_AXT1POST_201_6002703,4,1,19.497042142427883
AXT1POST,patch,dpmm_p256_t50,dpmm,top5,0,file_brain_AXT1POST_201_6002703,5,1,19.316075251652645
AXT1POST,patch,dpmm_p256_t50,dpmm,top5,0,file_brain_AXT1POST_201_6002703,6,1,19.241918710561897
AXT1POST,patch,dpmm_p256_t50,dpmm,top5,0,file_brain_AXT1POST_201_6002703,7,1,18.10318345289964
AXT1POST,patch,dpmm_p256_t50,dpmm,top5,0,file_brain_AXT1POST_201_6002703,8,1,18.765838623046875
AXT1POST,patch,dpmm_p256_t50,dpmm,top5,0,file_brain_AXT1POST_201_6002703,9,1,20.17431171123798
AXT1POST,patch,dpmm_p256_t50,dpmm,top5,0,file_brain_AXT1POST_201_6002703,10,1,18.66753211388221
AXT1POST,patch,dpmm_p256_t50,dpmm,top5,0,file_brain_AXT1POST_201_6002703,11,1,21.21898709810697
AXT1POST,patch,dpmm_p256_t50,dpmm,top5,0,file_brain_AXT1POST_201_6002703,12,1,21.89476600060096
AXT1POST,patch,dpmm_p256_t50,dpmm,top5,0,file_brain_AXT1POST_201_6002703,13,1,23.326801006610577
AXT1POST,patch,dpmm_p256_t50,dpmm,top5,0,file_brain_AXT1POST_201_6002703,14,1,22.962482158954327
AXT1POST,patch,dpmm_p256_t50,dpmm,top5,0,file_brain_AXT1POST_201_6002683,0,1,24.489652193509617
AXT1POST,patch,dpmm_p256_t50,dpmm,top5,0,file_brain_AXT1POST_201_6002683,1,1,23.723069411057693
AXT1POST,patch,dpmm_p256_t50,dpmm,top5,0,file_brain_AXT1POST_201_6002683,2,1,23.927950345552883
AXT1POST,patch,dpmm_p256_t50,dpmm,top5,0,file_brain_AXT1POST_201_6002683,3,1,21.774993896484375
AXT1POST,patch,dpmm_p256_t50,dpmm,top5,0,file_brain_AXT1POST_201_6002683,4,1,22.74696467472957
AXT1POST,patch,dpmm_p256_t50,dpmm,top5,0,file_brain_AXT1POST_201_6002683,5,1,23.01750065730168
AXT1POST,patch,dpmm_p256_t50,dpmm,top5,0,file_brain_AXT1POST_201_6002683,6,1,24.27559016301082
AXT1POST,patch,dpmm_p256_t50,dpmm,top5,0,file_brain_AXT1POST_201_6002683,7,1,22.6197509765625
AXT1POST,patch,dpmm_p256_t50,dpmm,top5,0,file_brain_AXT1POST_201_6002683,8,1,22.483562762920673
AXT1POST,patch,dpmm_p256_t50,dpmm,top5,0,file_brain_AXT1POST_201_6002683,9,1,22.739163912259617
AXT1POST,patch,dpmm_p256_t50,dpmm,top5,0,file_brain_AXT1POST_201_6002683,10,1,23.163048377403847
AXT1POST,patch,dpmm_p256_t50,dpmm,top5,0,file_brain_AXT1POST_201_6002683,11,1,24.63438767653245
AXT1POST,patch,dpmm_p256_t50,dpmm,top5,0,file_brain_AXT1POST_201_6002683,12,1,22.602581317608173
AXT1POST,patch,dpmm_p256_t50,dpmm,top5,0,file_brain_AXT1POST_201_6002683,13,1,24.77948937049279
AXT1POST,patch,dpmm_p256_t50,dpmm,top5,0,file_brain_AXT1POST_200_6002033,0,1,22.78930429311899
AXT1POST,patch,dpmm_p256_t50,dpmm,top5,0,file_brain_AXT1POST_200_6002033,1,1,22.003697321965145
AXT1POST,patch,dpmm_p256_t50,dpmm,top5,0,file_brain_AXT1POST_200_6002033,2,1,23.180213341346153
AXT1POST,patch,dpmm_p256_t50,dpmm,top5,0,file_brain_AXT1POST_200_6002033,3,1,19.6961669921875
AXT1POST,patch,dpmm_p256_t50,dpmm,top5,0,file_brain_AXT1POST_201_6002817,0,1,21.90655517578125
AXT1POST,patch,dpmm_p256_t50,dpmm,top5,0,file_brain_AXT1POST_200_6002188,0,1,22.31866220327524
AXT1POST,patch,dpmm_p256_t50,dpmm,top5,0,file_brain_AXT1POST_200_6002188,1,1,22.963303786057693
AXT1POST,patch,dpmm_p256_t50,dpmm,top5,0,file_brain_AXT1POST_200_6002188,2,1,21.64892578125
AXT1POST,patch,dpmm_p256_t50,dpmm,top5,0,file_brain_AXT1POST_200_6002188,3,1,19.783832256610577
AXT1POST,patch,dpmm_p256_t50,dpmm,top5,0,file_brain_AXT1POST_200_6002188,4,1,20.404517540564903
AXT1POST,patch,dpmm_p256_t50,dpmm,top5,0,file_brain_AXT1POST_200_6002188,5,1,19.483693049504208
AXT1POST,patch,dpmm_p256_t50,dpmm,top5,0,file_brain_AXT1POST_200_6002188,6,1,19.76318828876202
AXT1POST,patch,dpmm_p256_t50,dpmm,top5,0,file_brain_AXT1POST_200_6002188,7,1,21.318814791165867
AXT1POST,patch,dpmm_p256_t50,dpmm,top5,0,file_brain_AXT1POST_200_6002188,8,1,19.930804912860577
AXT1POST,patch,dpmm_p256_t50,dpmm,top5,0,file_brain_AXT1POST_200_6002188,9,1,21.479877178485577
AXT1POST,patch,dpmm_p256_t50,dpmm,top5,0,file_brain_AXT1POST_200_6002188,10,1,23.705287053034855
AXT1POST,patch,dpmm_p256_t50,dpmm,top5,0,file_brain_AXT1POST_200_6002188,11,1,22.192237267127403
AXT1POST,patch,dpmm_p256_t50,dpmm,top5,0,file_brain_AXT1POST_200_6002188,12,1,20.99451622596154
AXT1POST,patch,dpmm_p256_t50,dpmm,top5,0,file_brain_AXT1POST_200_6002188,13,1,22.4040034367488
AXT1POST,patch,dpmm_p256_t50,dpmm,top5,0,file_brain_AXT1POST_200_6002188,14,1,23.89209453876202
AXT1POST,patch,dpmm_p256_t50,dpmm,top5,0,file_brain_AXT1POST_200_6002337,0,1,23.43861037034255
AXT1POST,patch,dpmm_p256_t50,dpmm,top5,0,file_brain_AXT1POST_200_6002337,1,1,23.547391451322117
AXT1POST,patch,dpmm_p256_t50,dpmm,top5,0,file_brain_AXT1POST_200_6002337,2,1,24.29961219200721
AXT1POST,patch,dpmm_p256_t50,dpmm,top5,0,file_brain_AXT1POST_200_6002337,3,1,20.57514366736779
AXT1POST,patch,dpmm_p256_t50,dpmm,top5,0,file_brain_AXT1POST_200_6002337,4,1,20.432293231670673
AXT1POST,patch,dpmm_p256_t50,dpmm,top5,0,file_brain_AXT1POST_201_6002735,0,1,24.27416757436899
AXT1POST,patch,dpmm_p256_t50,dpmm,top5,0,file_brain_AXT1POST_201_6002735,1,1,27.2899662898137
AXT1POST,patch,dpmm_p256_t50,dpmm,top5,0,file_brain_AXT1POST_201_6002735,2,1,26.285423865685097
AXT1POST,patch,dpmm_p256_t50,dpmm,top5,0,file_brain_AXT1POST_201_6002735,3,1,23.740318885216347
AXT1POST,patch,dpmm_p256_t50,dpmm,top5,0,file_brain_AXT1POST_201_6002735,4,1,22.20490440955529
AXT1POST,patch,dpmm_p256_t50,dpmm,top5,0,file_brain_AXT1POST_201_6002735,5,1,20.365868201622597
AXT1POST,patch,dpmm_p256_t50,dpmm,top5,0,file_brain_AXT1POST_201_6002735,6,1,19.91639357346755
AXT1POST,patch,dpmm_p256_t50,dpmm,top5,0,file_brain_AXT1POST_201_6002735,7,1,20.258159930889423
AXT1POST,patch,dpmm_p256_t50,dpmm,top5,0,file_brain_AXT1POST_201_6002735,8,1,19.12840623121995
AXT1POST,patch,dpmm_p256_t50,dpmm,top5,0,file_brain_AXT1POST_201_6002735,9,1,19.362332857572117
AXT1POST,patch,dpmm_p256_t50,dpmm,top5,0,file_brain_AXT1POST_201_6002735,10,1,19.445087139423077
AXT1POST,patch,dpmm_p256_t50,dpmm,top5,0,file_brain_AXT1POST_201_6002735,11,1,19.387771606445312
AXT1POST,patch,dpmm_p256_t50,dpmm,top5,0,file_brain_AXT1POST_200_6002089,4,1,20.23316133939303
AXT1POST,patch,dpmm_p256_t50,dpmm,top5,0,file_brain_AXT1POST_200_6002089,5,1,20.46290705754207
AXT1POST,patch,dpmm_p256_t50,dpmm,top5,0,file_brain_AXT1POST_200_6002089,6,1,21.09606229341947
AXT1POST,patch,dpmm_p256_t50,dpmm,top5,0,file_brain_AXT1POST_200_6002089,7,1,19.62976778470553
AXT1POST,patch,dpmm_p256_t50,dpmm,top5,0,file_brain_AXT1POST_200_6002089,8,1,19.611575786884014
AXT1POST,patch,dpmm_p256_t50,dpmm,top5,0,file_brain_AXT1POST_200_6002089,9,1,21.81151639498197
AXT1POST,patch,dpmm_p256_t50,dpmm,top5,0,file_brain_AXT1POST_200_6002089,10,1,24.776268592247597
AXT1POST,patch,dpmm_p256_t50,dpmm,top5,0,file_brain_AXT1POST_200_6002089,11,1,25.441011868990383
AXT1POST,patch,dpmm_p256_t50,dpmm,top5,0,file_brain_AXT1POST_200_6002089,12,1,26.685079721304085
AXT1POST,patch,dpmm_p256_t50,dpmm,top5,0,file_brain_AXT1POST_200_6002089,13,1,25.88214815579928
AXT1POST,patch,dpmm_p256_t50,dpmm,top5,0,file_brain_AXT1POST_200_6002089,14,1,26.90361609825721
AXT1POST,patch,dpmm_p256_t50,dpmm,top5,0,file_brain_AXT1POST_200_6002089,15,1,26.112513615534855
AXT1POST,patch,dpmm_p256_t50,dpmm,top5,0,file_brain_AXT1POST_200_6002065,0,1,25.086465688852165
AXT1POST,patch,dpmm_p256_t50,dpmm,top5,0,file_brain_AXT1POST_200_6002065,1,1,24.96874060997596
AXT1POST,patch,dpmm_p256_t50,dpmm,top5,0,file_brain_AXT1POST_200_6002065,2,1,24.472510704627403
AXT1POST,patch,dpmm_p256_t50,dpmm,top5,0,file_brain_AXT1POST_200_6002065,3,1,24.562852125901443
AXT1POST,patch,dpmm_p256_t50,dpmm,top5,0,file_brain_AXT1POST_200_6002065,4,1,21.078829251802883
AXT1POST,patch,dpmm_p256_t50,dpmm,top5,0,file_brain_AXT1POST_200_6002065,5,1,19.55135286771334
AXT1POST,patch,dpmm_p256_t50,dpmm,top5,0,file_brain_AXT1POST_200_6002065,10,1,19.293048565204327
AXT1POST,patch,dpmm_p256_t50,dpmm,top5,0,file_brain_AXT1POST_200_6002396,0,1,23.53937002328726
AXT1POST,patch,dpmm_p256_t100,dpmm,top5,0,file_brain_AXT1POST_207_2070010,8,0,17.348922729492188
AXT1POST,patch,dpmm_p256_t100,dpmm,top5,0,file_brain_AXT1POST_208_2080493,5,0,19.16021024263822
AXT1POST,patch,dpmm_p256_t100,dpmm,top5,0,file_brain_AXT1POST_201_6002795,10,0,17.425235454852764
AXT1POST,patch,dpmm_p256_t100,dpmm,top5,0,file_brain_AXT1POST_207_2070214,6,0,22.16364229642428
AXT1POST,patch,dpmm_p256_t100,dpmm,top5,0,file_brain_AXT1POST_208_2080275,5,0,16.147192148061897
AXT1POST,patch,dpmm_p256_t100,dpmm,top5,0,file_brain_AXT1POST_201_6002760,10,0,18.697721041165867
AXT1POST,patch,dpmm_p256_t100,dpmm,top5,0,file_brain_AXT1POST_201_6002778,7,0,21.324129544771633
AXT1POST,patch,dpmm_p256_t100,dpmm,top5,0,file_brain_AXT1POST_207_2070418,12,0,18.804749708909256
AXT1POST,patch,dpmm_p256_t100,dpmm,top5,0,file_brain_AXT1POST_200_6002259,8,0,16.20069298377404
AXT1POST,patch,dpmm_p256_t100,dpmm,top5,0,file_brain_AXT1POST_207_2070251,10,0,20.543536846454327
AXT1POST,patch,dpmm_p256_t100,dpmm,top5,0,file_brain_AXT1POST_203_6000877,5,0,18.48201106144832
AXT1POST,patch,dpmm_p256_t100,dpmm,top5,0,file_brain_AXT1POST_200_6002337,5,0,19.3820307804988
AXT1POST,patch,dpmm_p256_t100,dpmm,top5,0,file_brain_AXT1POST_202_6000417,9,0,19.4342041015625
AXT1POST,patch,dpmm_p256_t100,dpmm,top5,0,file_brain_AXT1POST_203_6000712,6,0,19.21790020282452
AXT1POST,patch,dpmm_p256_t100,dpmm,top5,0,file_brain_AXT1POST_208_2080244,8,0,19.80865713266226
AXT1POST,patch,dpmm_p256_t100,dpmm,top5,0,file_brain_AXT1POST_210_6001735,5,0,20.154860276442307
AXT1POST,patch,dpmm_p256_t100,dpmm,top5,0,file_brain_AXT1POST_201_6002920,8,0,24.717996450570915
AXT1POST,patch,dpmm_p256_t100,dpmm,top5,0,file_brain_AXT1POST_205_2050255,6,0,17.110623873197117
AXT1POST,patch,dpmm_p256_t100,dpmm,top5,0,file_brain_AXT1POST_207_2070450,7,0,17.684542142427883
AXT1POST,patch,dpmm_p256_t100,dpmm,top5,0,file_brain_AXT1POST_210_6001790,8,0,20.89312274639423
AXT1POST,patch,dpmm_p256_t100,dpmm,top5,0,file_brain_AXT1POST_209_6001234,12,0,21.604205791766827
AXT1POST,patch,dpmm_p256_t100,dpmm,top5,0,file_brain_AXT1POST_208_2080392,12,0,20.72112567608173
AXT1POST,patch,dpmm_p256_t100,dpmm,top5,0,file_brain_AXT1POST_210_6001699,5,0,19.19587824894832
AXT1POST,patch,dpmm_p256_t100,dpmm,top5,0,file_brain_AXT1POST_208_2080393,4,0,17.909287672776443
AXT1POST,patch,dpmm_p256_t100,dpmm,top5,0,file_brain_AXT1POST_200_6002396,11,0,18.872583242563103
AXT1POST,patch,dpmm_p256_t100,dpmm,top5,0,file_brain_AXT1POST_207_2070804,10,0,22.39678485576923
AXT1POST,patch,dpmm_p256_t100,dpmm,top5,0,file_brain_AXT1POST_202_6000269,7,0,20.862060546875
AXT1POST,patch,dpmm_p256_t100,dpmm,top5,0,file_brain_AXT1POST_207_2070809,7,0,18.111485407902645
AXT1POST,patch,dpmm_p256_t100,dpmm,top5,0,file_brain_AXT1POST_207_2070095,4,0,18.03569617638221
AXT1POST,patch,dpmm_p256_t100,dpmm,top5,0,file_brain_AXT1POST_210_6001787,11,0,18.693001380333534
AXT1POST,patch,dpmm_p256_t100,dpmm,top5,0,file_brain_AXT1POST_207_2070765,4,0,23.222698505108173
AXT1POST,patch,dpmm_p256_t100,dpmm,top5,0,file_brain_AXT1POST_207_2070095,11,0,21.17547372671274
AXT1POST,patch,dpmm_p256_t100,dpmm,top5,0,file_brain_AXT1POST_207_2070651,11,0,20.734821026141827
AXT1POST,patch,dpmm_p256_t100,dpmm,top5,0,file_brain_AXT1POST_208_2080422,12,0,19.178226177509014
AXT1POST,patch,dpmm_p256_t100,dpmm,top5,0,file_brain_AXT1POST_203_6000760,9,0,19.16120089017428
AXT1POST,patch,dpmm_p256_t100,dpmm,top5,0,file_brain_AXT1POST_201_6002814,6,0,18.719522329477165
AXT1POST,patch,dpmm_p256_t100,dpmm,top5,0,file_brain_AXT1POST_202_6000417,4,0,21.74153254582332
AXT1POST,patch,dpmm_p256_t100,dpmm,top5,0,file_brain_AXT1POST_207_2070259,5,0,18.93646240234375
AXT1POST,patch,dpmm_p256_t100,dpmm,top5,0,file_brain_AXT1POST_208_2080244,5,0,18.8693119929387
AXT1POST,patch,dpmm_p256_t100,dpmm,top5,0,file_brain_AXT1POST_203_6000877,11,0,21.54474815955529
AXT1POST,patch,dpmm_p256_t100,dpmm,top5,0,file_brain_AXT1POST_200_6001996,9,0,16.617630004882812
AXT1POST,patch,dpmm_p256_t100,dpmm,top5,0,file_brain_AXT1POST_210_6001735,4,0,19.282259427584133
AXT1POST,patch,dpmm_p256_t100,dpmm,top5,0,file_brain_AXT1POST_208_2080624,6,0,17.97740760216346
AXT1POST,patch,dpmm_p256_t100,dpmm,top5,0,file_brain_AXT1POST_205_2050146,5,0,19.381583580603966
AXT1POST,patch,dpmm_p256_t100,dpmm,top5,0,file_brain_AXT1POST_203_6000877,6,0,17.67921565129207
AXT1POST,patch,dpmm_p256_t100,dpmm,top5,0,file_brain_AXT1POST_201_6002795,12,0,21.44831261268029
AXT1POST,patch,dpmm_p256_t100,dpmm,top5,0,file_brain_AXT1POST_208_2080469,6,0,21.27686016376202
AXT1POST,patch,dpmm_p256_t100,dpmm,top5,0,file_brain_AXT1POST_210_6001797,5,0,20.250319260817307
AXT1POST,patch,dpmm_p256_t100,dpmm,top5,0,file_brain_AXT1POST_208_2080576,8,0,18.00128408578726
AXT1POST,patch,dpmm_p256_t100,dpmm,top5,0,file_brain_AXT1POST_205_6000148,6,0,17.930687537560097
AXT1POST,patch,dpmm_p256_t100,dpmm,top5,0,file_brain_AXT1POST_207_2070095,10,0,17.48875779371995
AXT1POST,patch,dpmm_p256_t100,dpmm,top5,0,file_brain_AXT1POST_201_6002731,10,0,19.512635451096756
AXT1POST,patch,dpmm_p256_t100,dpmm,top5,0,file_brain_AXT1POST_207_2070083,4,0,19.981771615835335
AXT1POST,patch,dpmm_p256_t100,dpmm,top5,0,file_brain_AXT1POST_208_2080704,4,0,19.17406991811899
AXT1POST,patch,dpmm_p256_t100,dpmm,top5,0,file_brain_AXT1POST_205_6000180,5,0,17.51177509014423
AXT1POST,patch,dpmm_p256_t100,dpmm,top5,0,file_brain_AXT1POST_201_6002920,6,0,21.904026911808895
AXT1POST,patch,dpmm_p256_t100,dpmm,top5,0,file_brain_AXT1POST_209_6001417,11,0,21.45139958308293
AXT1POST,patch,dpmm_p256_t100,dpmm,top5,0,file_brain_AXT1POST_203_6000774,4,0,20.235262357271633
AXT1POST,patch,dpmm_p256_t100,dpmm,top5,0,file_brain_AXT1POST_209_6001234,6,0,17.47071251502404
AXT1POST,patch,dpmm_p256_t100,dpmm,top5,0,file_brain_AXT1POST_208_2080154,9,0,17.697838416466347
AXT1POST,patch,dpmm_p256_t100,dpmm,top5,0,file_brain_AXT1POST_207_2070147,10,0,19.127157358022835
AXT1POST,patch,dpmm_p256_t100,dpmm,top5,0,file_brain_AXT1POST_205_2050102,9,0,20.084552471454327
AXT1POST,patch,dpmm_p256_t100,dpmm,top5,0,file_brain_AXT1POST_209_6001264,7,0,16.765528752253605
AXT1POST,patch,dpmm_p256_t100,dpmm,top5,0,file_brain_AXT1POST_207_2070034,7,0,17.066198495718147
AXT1POST,patch,dpmm_p256_t100,dpmm,top5,0,file_brain_AXT1POST_209_6001458,10,0,18.575062678410458
AXT1POST,patch,dpmm_p256_t100,dpmm,top5,0,file_brain_AXT1POST_206_6000235,10,0,21.259117713341347
AXT1POST,patch,dpmm_p256_t100,dpmm,top5,0,file_brain_AXT1POST_208_2080213,5,0,19.32667189378005
AXT1POST,patch,dpmm_p256_t100,dpmm,top5,0,file_brain_AXT1POST_200_6002396,9,0,16.305753267728367
AXT1POST,patch,dpmm_p256_t100,dpmm,top5,0,file_brain_AXT1POST_200_6002305,4,0,19.238361065204327
AXT1POST,patch,dpmm_p256_t100,dpmm,top5,0,file_brain_AXT1POST_207_2070651,12,0,21.166522686298077
AXT1POST,patch,dpmm_p256_t100,dpmm,top5,0,file_brain_AXT1POST_205_2050148,10,0,18.20147939828726
AXT1POST,patch,dpmm_p256_t100,dpmm,top5,0,file_brain_AXT1POST_208_2080469,4,0,22.300156813401443
AXT1POST,patch,dpmm_p256_t100,dpmm,top5,0,file_brain_AXT1POST_207_2070635,10,0,18.14971454326923
AXT1POST,patch,dpmm_p256_t100,dpmm,top5,0,file_brain_AXT1POST_207_2070133,8,0,17.100499079777645
AXT1POST,patch,dpmm_p256_t100,dpmm,top5,0,file_brain_AXT1POST_203_6000661,12,0,20.94072782076322
AXT1POST,patch,dpmm_p256_t100,dpmm,top5,0,file_brain_AXT1POST_203_6000760,6,0,18.667861938476562
AXT1POST,patch,dpmm_p256_t100,dpmm,top5,0,file_brain_AXT1POST_200_6002337,8,0,17.848595252403847
AXT1POST,patch,dpmm_p256_t100,dpmm,top5,0,file_brain_AXT1POST_208_2080393,12,0,23.30631901667668
AXT1POST,patch,dpmm_p256_t100,dpmm,top5,0,file_brain_AXT1POST_207_2070123,7,0,18.64227529672476
AXT1POST,patch,dpmm_p256_t100,dpmm,top5,0,file_brain_AXT1POST_201_6002772,8,0,20.464634821965145
AXT1POST,patch,dpmm_p256_t100,dpmm,top5,0,file_brain_AXT1POST_207_2070804,9,0,21.215186485877403
AXT1POST,patch,dpmm_p256_t100,dpmm,top5,0,file_brain_AXT1POST_208_2080469,12,0,21.941302959735577
AXT1POST,patch,dpmm_p256_t100,dpmm,top5,0,file_brain_AXT1POST_208_2080275,7,0,15.933316744290865
AXT1POST,patch,dpmm_p256_t100,dpmm,top5,0,file_brain_AXT1POST_209_6001264,4,0,18.712489201472355
AXT1POST,patch,dpmm_p256_t100,dpmm,top5,0,file_brain_AXT1POST_209_6001064,5,0,20.470235971304085
AXT1POST,patch,dpmm_p256_t100,dpmm,top5,0,file_brain_AXT1POST_201_6002920,4,0,21.206331693209133
AXT1POST,patch,dpmm_p256_t100,dpmm,top5,0,file_brain_AXT1POST_210_6001787,7,0,18.658905029296875
AXT1POST,patch,dpmm_p256_t100,dpmm,top5,0,file_brain_AXT1POST_203_6000661,4,0,23.09716092623197
AXT1POST,patch,dpmm_p256_t100,dpmm,top5,0,file_brain_AXT1POST_203_6000712,10,0,24.808626615084133
AXT1POST,patch,dpmm_p256_t100,dpmm,top5,0,file_brain_AXT1POST_210_6001797,4,0,22.258389986478367
AXT1POST,patch,dpmm_p256_t100,dpmm,top5,0,file_brain_AXT1POST_208_2080504,5,0,16.458104060246395
AXT1POST,patch,dpmm_p256_t100,dpmm,top5,0,file_brain_AXT1POST_208_2080421,4,0,23.505291278545673
AXT1POST,patch,dpmm_p256_t100,dpmm,top5,0,file_brain_AXT1POST_209_6001458,4,0,18.858421912560097
AXT1POST,patch,dpmm_p256_t100,dpmm,top5,0,file_brain_AXT1POST_207_2070133,6,0,20.850186861478367
AXT1POST,patch,dpmm_p256_t100,dpmm,top5,0,file_brain_AXT1POST_208_2080240,10,0,22.308851975661057
AXT1POST,patch,dpmm_p256_t100,dpmm,top5,0,file_brain_AXT1POST_208_2080493,9,0,19.87146935096154
AXT1POST,patch,dpmm_p256_t100,dpmm,top5,0,file_brain_AXT1POST_205_6000035,8,0,17.57201678936298
AXT1POST,patch,dpmm_p256_t100,dpmm,top5,0,file_brain_AXT1POST_208_2080393,7,0,17.002727801983173
AXT1POST,patch,dpmm_p256_t100,dpmm,top5,0,file_brain_AXT1POST_200_6002046,9,0,17.93860802283654
AXT1POST,patch,dpmm_p256_t100,dpmm,top5,0,file_brain_AXT1POST_206_6000235,8,0,18.671781099759617
AXT1POST,patch,dpmm_p256_t100,dpmm,top5,0,file_brain_AXT1POST_205_2050189,8,0,15.954583974984976
AXT1POST,patch,dpmm_p256_t100,dpmm,top5,0,file_brain_AXT1POST_210_6001771,11,0,22.150770920973557
AXT1POST,patch,dpmm_p256_t100,dpmm,top5,0,file_brain_AXT1POST_208_2120069,4,0,20.72882314828726
AXT1POST,patch,dpmm_p256_t100,dpmm,top5,0,file_brain_AXT1POST_201_6002862,11,0,21.064772385817307
AXT1POST,patch,dpmm_p256_t100,dpmm,top5,0,file_brain_AXT1POST_209_6001236,9,0,16.840046809269833
AXT1POST,patch,dpmm_p256_t100,dpmm,top5,0,file_brain_AXT1POST_200_6002349,12,0,21.038405198317307
AXT1POST,patch,dpmm_p256_t100,dpmm,top5,0,file_brain_AXT1POST_208_2080075,5,0,21.7213862492488
AXT1POST,patch,dpmm_p256_t100,dpmm,top5,0,file_brain_AXT1POST_210_6001735,9,0,17.668741079477165
AXT1POST,patch,dpmm_p256_t100,dpmm,top5,0,file_brain_AXT1POST_209_6001109,6,0,16.98999492938702
AXT1POST,patch,dpmm_p256_t100,dpmm,top5,0,file_brain_AXT1POST_203_6000869,8,0,18.020516028771034
AXT1POST,patch,dpmm_p256_t100,dpmm,top5,0,file_brain_AXT1POST_207_2070259,4,0,19.83457829402043
AXT1POST,patch,dpmm_p256_t100,dpmm,top5,0,file_brain_AXT1POST_203_6000712,9,0,21.331756591796875
AXT1POST,patch,dpmm_p256_t100,dpmm,top5,0,file_brain_AXT1POST_207_2070095,6,0,17.312661977914665
AXT1POST,patch,dpmm_p256_t100,dpmm,top5,0,file_brain_AXT1POST_200_6002413,11,0,18.79961923452524
AXT1POST,patch,dpmm_p256_t100,dpmm,top5,0,file_brain_AXT1POST_208_2080392,10,0,18.934783935546875
AXT1POST,patch,dpmm_p256_t100,dpmm,top5,0,file_brain_AXT1POST_203_6000661,5,0,20.22612586388221
AXT1POST,patch,dpmm_p256_t100,dpmm,top5,0,file_brain_AXT1POST_209_6001236,7,0,17.763092041015625
AXT1POST,patch,dpmm_p256_t100,dpmm,top5,0,file_brain_AXT1POST_207_2070809,10,0,19.008159930889423
AXT1POST,patch,dpmm_p256_t100,dpmm,top5,0,file_brain_AXT1POST_207_2070214,9,0,17.105203481820915
AXT1POST,patch,dpmm_p256_t100,dpmm,top5,0,file_brain_AXT1POST_208_2080704,10,0,20.03741455078125
AXT1POST,patch,dpmm_p256_t100,dpmm,top5,0,file_brain_AXT1POST_201_6002673,7,0,18.9805908203125
AXT1POST,patch,dpmm_p256_t100,dpmm,top5,0,file_brain_AXT1POST_203_6000657,4,0,17.865794255183292
AXT1POST,patch,dpmm_p256_t100,dpmm,top5,0,file_brain_AXT1POST_207_2070242,5,0,19.082423283503605
AXT1POST,patch,dpmm_p256_t100,dpmm,top5,0,file_brain_AXT1POST_208_2080493,11,0,18.274080716646633
AXT1POST,patch,dpmm_p256_t100,dpmm,top5,0,file_brain_AXT1POST_209_6001458,6,0,16.642748319185696
AXT1POST,patch,dpmm_p256_t100,dpmm,top5,0,file_brain_AXT1POST_208_2080421,6,0,17.509681114783653
AXT1POST,patch,dpmm_p256_t100,dpmm,top5,0,file_brain_AXT1POST_201_6002668,6,0,18.563448392427883
AXT1POST,patch,dpmm_p256_t100,dpmm,top5,0,file_brain_AXT1POST_200_6002349,4,0,18.51635037935697
AXT1POST,patch,dpmm_p256_t100,dpmm,top5,0,file_brain_AXT1POST_200_6002305,10,0,19.06842041015625
AXT1POST,patch,dpmm_p256_t100,dpmm,top5,0,file_brain_AXT1POST_207_2070651,6,0,22.55023662860577
AXT1POST,patch,dpmm_p256_t100,dpmm,top5,0,file_brain_AXT1POST_201_6002778,12,0,20.054837740384617
AXT1POST,patch,dpmm_p256_t100,dpmm,top5,0,file_brain_AXT1POST_200_6002349,11,0,20.454071044921875
AXT1POST,patch,dpmm_p256_t100,dpmm,top5,0,file_brain_AXT1POST_208_2080576,10,0,20.40540489783654
AXT1POST,patch,dpmm_p256_t100,dpmm,top5,0,file_brain_AXT1POST_207_2070765,8,0,18.104881873497597
AXT1POST,patch,dpmm_p256_t100,dpmm,top5,0,file_brain_AXT1POST_207_2070083,9,0,18.00590397761418
AXT1POST,patch,dpmm_p256_t100,dpmm,top5,0,file_brain_AXT1POST_207_2070547,10,0,18.267724844125603
AXT1POST,patch,dpmm_p256_t100,dpmm,top5,0,file_brain_AXT1POST_207_2070490,7,0,18.381567148061897
AXT1POST,patch,dpmm_p256_t100,dpmm,top5,0,file_brain_AXT1POST_207_2070553,4,0,18.48788100022536
AXT1POST,patch,dpmm_p256_t100,dpmm,top5,0,file_brain_AXT1POST_200_6002033,8,0,17.33687063363882
AXT1POST,patch,dpmm_p256_t100,dpmm,top5,0,file_brain_AXT1POST_208_2080345,8,0,18.64739520733173
AXT1POST,patch,dpmm_p256_t100,dpmm,top5,0,file_brain_AXT1POST_209_6001320,7,0,17.826187133789062
AXT1POST,patch,dpmm_p256_t100,dpmm,top5,0,file_brain_AXT1POST_207_2070357,4,0,24.193007249098557
AXT1POST,patch,dpmm_p256_t100,dpmm,top5,0,file_brain_AXT1POST_210_6001735,10,0,19.293114295372597
AXT1POST,patch,dpmm_p256_t100,dpmm,top5,0,file_brain_AXT1POST_207_2070127,7,0,17.84656465970553
AXT1POST,patch,dpmm_p256_t100,dpmm,top5,0,file_brain_AXT1POST_205_6000035,5,0,19.623271061823917
AXT1POST,patch,dpmm_p256_t100,dpmm,top5,0,file_brain_AXT1POST_202_6000269,5,0,24.50055401141827
AXT1POST,patch,dpmm_p256_t100,dpmm,top5,0,file_brain_AXT1POST_200_6002396,4,0,18.391948993389423
AXT1POST,patch,dpmm_p256_t100,dpmm,top5,0,file_brain_AXT1POST_200_6002392,10,0,19.715416541466347
AXT1POST,patch,dpmm_p256_t100,dpmm,top5,0,file_brain_AXT1POST_208_2080576,12,0,20.734839806189903
AXT1POST,patch,dpmm_p256_t100,dpmm,top5,0,file_brain_AXT1POST_201_6002731,4,0,24.414658766526443
AXT1POST,patch,dpmm_p256_t100,dpmm,top5,0,file_brain_AXT1POST_207_2070651,7,0,19.019663884089542
AXT1POST,patch,dpmm_p256_t100,dpmm,top5,0,file_brain_AXT1POST_207_2070327,9,0,18.264595618614784
AXT1POST,patch,dpmm_p256_t100,dpmm,top5,0,file_brain_AXT1POST_207_2070327,8,0,18.702701275165264
AXT1POST,patch,dpmm_p256_t100,dpmm,top5,0,file_brain_AXT1POST_205_6000035,4,0,20.117478590745193
AXT1POST,patch,dpmm_p256_t100,dpmm,top5,0,file_brain_AXT1POST_210_6001771,8,0,18.966782789963943
AXT1POST,patch,dpmm_p256_t100,dpmm,top5,0,file_brain_AXT1POST_205_2050259,4,0,20.46074500450721
AXT1POST,patch,dpmm_p256_t100,dpmm,top5,0,file_brain_AXT1POST_200_6002259,5,0,19.403614924504208
AXT1POST,patch,dpmm_p256_t100,dpmm,top5,0,file_brain_AXT1POST_207_2070251,11,0,20.800511286808895
AXT1POST,patch,dpmm_p256_t100,dpmm,top5,0,file_brain_AXT1POST_210_6001787,4,0,21.796839787409855
AXT1POST,patch,dpmm_p256_t100,dpmm,top5,0,file_brain_AXT1POST_203_6000861,5,0,21.987525353064903
AXT1POST,patch,dpmm_p256_t100,dpmm,top5,0,file_brain_AXT1POST_207_2070259,6,0,19.06163377028245
AXT1POST,patch,dpmm_p256_t100,dpmm,top5,0,file_brain_AXT1POST_208_2080352,5,0,18.787745549128605
AXT1POST,patch,dpmm_p256_t100,dpmm,top5,0,file_brain_AXT1POST_208_2080477,4,0,18.438699575570915
AXT1POST,patch,dpmm_p256_t100,dpmm,top5,0,file_brain_AXT1POST_208_2080422,5,0,20.943312424879807
AXT1POST,patch,dpmm_p256_t100,dpmm,top5,0,file_brain_AXT1POST_202_6000302,9,0,19.89268376277043
AXT1POST,patch,dpmm_p256_t100,dpmm,top5,0,file_brain_AXT1POST_207_2070365,10,0,20.551025390625
AXT1POST,patch,dpmm_p256_t100,dpmm,top5,0,file_brain_AXT1POST_200_6002340,4,0,18.78711641751803
AXT1POST,patch,dpmm_p256_t100,dpmm,top5,0,file_brain_AXT1POST_208_2080075,4,0,21.017493614783653
AXT1POST,patch,dpmm_p256_t100,dpmm,top5,0,file_brain_AXT1POST_203_6000869,4,0,18.882506150465744
AXT1POST,patch,dpmm_p256_t100,dpmm,top5,0,file_brain_AXT1POST_207_2070479,4,0,21.17949969951923
AXT1POST,patch,dpmm_p256_t100,dpmm,top5,0,file_brain_AXT1POST_209_6001250,5,0,17.82239473783053
AXT1POST,patch,dpmm_p256_t100,dpmm,top5,0,file_brain_AXT1POST_207_2070009,12,0,20.727320744441105
AXT1POST,patch,dpmm_p256_t100,dpmm,top5,0,file_brain_AXT1POST_205_2050148,5,0,17.258343036358173
AXT1POST,patch,dpmm_p256_t100,dpmm,top5,0,file_brain_AXT1POST_203_6000597,7,0,18.358790471003605
AXT1POST,patch,dpmm_p256_t100,dpmm,top5,0,file_brain_AXT1POST_202_6000281,10,0,23.022254356971153
AXT1POST,patch,dpmm_p256_t100,dpmm,top5,0,file_brain_AXT1POST_203_6000827,10,0,22.187720665564903
AXT1POST,patch,dpmm_p256_t100,dpmm,top5,0,file_brain_AXT1POST_207_2070547,11,0,18.09272883488582
AXT1POST,patch,dpmm_p256_t100,dpmm,top5,0,file_brain_AXT1POST_209_6001458,7,0,16.93630159818209
AXT1POST,patch,dpmm_p256_t100,dpmm,top5,0,file_brain_AXT1POST_210_6001645,6,0,17.85249445988582
AXT1POST,patch,dpmm_p256_t100,dpmm,top5,0,file_brain_AXT1POST_207_2070099,12,0,19.725921630859375
AXT1POST,patch,dpmm_p256_t100,dpmm,top5,0,file_brain_AXT1POST_207_2070241,11,0,19.019444392277645
AXT1POST,patch,dpmm_p256_t100,dpmm,top5,0,file_brain_AXT1POST_207_2070786,7,0,17.83096196101262
AXT1POST,patch,dpmm_p256_t100,dpmm,top5,0,file_brain_AXT1POST_208_2080493,8,0,17.702222383939304
AXT1POST,patch,dpmm_p256_t100,dpmm,top5,0,file_brain_AXT1POST_208_2080082,7,0,17.908732487605167
AXT1POST,patch,dpmm_p256_t100,dpmm,top5,0,file_brain_AXT1POST_207_2070479,7,0,18.885883037860577
AXT1POST,patch,dpmm_p256_t100,dpmm,top5,0,file_brain_AXT1POST_210_6001735,12,0,21.257051908052883
AXT1POST,patch,dpmm_p256_t100,dpmm,top5,0,file_brain_AXT1POST_202_6000341,5,0,19.18058072603666
AXT1POST,patch,dpmm_p256_t100,dpmm,top5,0,file_brain_AXT1POST_203_6000657,10,0,19.844994178185097
AXT1POST,patch,dpmm_p256_t100,dpmm,top5,0,file_brain_AXT1POST_208_2080082,6,0,18.72237807053786
AXT1POST,patch,dpmm_p256_t100,dpmm,top5,0,file_brain_AXT1POST_205_2050189,6,0,18.660175030048077
AXT1POST,patch,dpmm_p256_t100,dpmm,top5,0,file_brain_AXT1POST_208_2080082,9,0,19.981048583984375
AXT1POST,patch,dpmm_p256_t100,dpmm,top5,0,file_brain_AXT1POST_207_2070357,8,0,19.037684513972355
AXT1POST,patch,dpmm_p256_t100,dpmm,top5,0,file_brain_AXT1POST_207_2070009,8,0,19.126205444335938
AXT1POST,patch,dpmm_p256_t100,dpmm,top5,0,file_brain_AXT1POST_203_6000774,5,0,19.455056997445915
AXT1POST,patch,dpmm_p256_t100,dpmm,top5,0,file_brain_AXT1POST_203_6000597,11,0,18.49511953500601
AXT1POST,patch,dpmm_p256_t100,dpmm,top5,0,file_brain_AXT1POST_207_2070786,6,0,19.133407592773438
AXT1POST,patch,dpmm_p256_t100,dpmm,top5,0,file_brain_AXT1POST_203_6000597,10,0,16.81213144155649
AXT1POST,patch,dpmm_p256_t100,dpmm,top5,0,file_brain_AXT1POST_203_6000877,9,0,18.909952016977165
AXT1POST,patch,dpmm_p256_t100,dpmm,top5,0,file_brain_AXT1POST_203_6000657,12,0,22.88275615985577
AXT1POST,patch,dpmm_p256_t100,dpmm,top5,0,file_brain_AXT1POST_208_2080352,10,0,18.47367741511418
AXT1POST,patch,dpmm_p256_t100,dpmm,top5,0,file_brain_AXT1POST_207_2070354,6,0,17.28667978140024
AXT1POST,patch,dpmm_p256_t100,dpmm,top5,0,file_brain_AXT1POST_201_6002920,12,0,20.218097393329327
AXT1POST,patch,dpmm_p256_t100,dpmm,top5,0,file_brain_AXT1POST_208_2080304,10,0,21.23637977013221
AXT1POST,patch,dpmm_p256_t100,dpmm,top5,0,file_brain_AXT1POST_209_6001320,10,0,21.225994403545673
AXT1POST,patch,dpmm_p256_t100,dpmm,top5,0,file_brain_AXT1POST_207_2070009,5,0,17.658853384164665
AXT1POST,patch,dpmm_p256_t100,dpmm,top5,0,file_brain_AXT1POST_207_2070034,6,0,17.798620370718147
AXT1POST,patch,dpmm_p256_t100,dpmm,top5,0,file_brain_AXT1POST_205_2050102,5,0,18.19807668832632
AXT1POST,patch,dpmm_p256_t100,dpmm,top5,0,file_brain_AXT1POST_207_2070490,5,0,17.61560997596154
AXT1POST,patch,dpmm_p256_t100,dpmm,top5,0,file_brain_AXT1POST_208_2080208,7,0,17.92643033541166
AXT1POST,patch,dpmm_p256_t100,dpmm,top5,0,file_brain_AXT1POST_205_2050102,7,0,17.31159151517428
AXT1POST,patch,dpmm_p256_t100,dpmm,top5,0,file_brain_AXT1POST_205_2050102,4,0,18.437157264122597
AXT1POST,patch,dpmm_p256_t100,dpmm,top5,0,file_brain_AXT1POST_203_6000827,4,0,17.835972712590145
AXT1POST,patch,dpmm_p256_t100,dpmm,top5,0,file_brain_AXT1POST_207_2070809,6,0,17.62970440204327
AXT1POST,patch,dpmm_p256_t100,dpmm,top5,0,file_brain_AXT1POST_200_6002340,6,0,17.012178861177883
AXT1POST,patch,dpmm_p256_t100,dpmm,top5,0,file_brain_AXT1POST_207_2070479,10,0,20.205662653996395
AXT1POST,patch,dpmm_p256_t100,dpmm,top5,0,file_brain_AXT1POST_201_6002862,6,0,21.670379638671875
AXT1POST,patch,dpmm_p256_t100,dpmm,top5,0,file_brain_AXT1POST_203_6000760,8,0,18.512113131009617
AXT1POST,patch,dpmm_p256_t100,dpmm,top5,0,file_brain_AXT1POST_207_2070251,7,0,18.292649489182693
AXT1POST,patch,dpmm_p256_t100,dpmm,top5,0,file_brain_AXT1POST_208_2080062,10,0,18.42939993051382
AXT1POST,patch,dpmm_p256_t100,dpmm,top5,0,file_brain_AXT1POST_207_2070786,11,0,17.68308903620793
AXT1POST,patch,dpmm_p256_t100,dpmm,top5,0,file_brain_AXT1POST_200_6001996,12,0,20.39026817908654
AXT1POST,patch,dpmm_p256_t100,dpmm,top5,0,file_brain_AXT1POST_209_6001109,8,0,16.309408334585335
AXT1POST,patch,dpmm_p256_t100,dpmm,top5,0,file_brain_AXT1POST_205_2050159,9,0,19.15656456580529
AXT1POST,patch,dpmm_p256_t100,dpmm,top5,0,file_brain_AXT1POST_203_6000760,5,0,18.407743013822117
AXT1POST,patch,dpmm_p256_t100,dpmm,top5,0,file_brain_AXT1POST_208_2080075,9,0,18.441968477689304
AXT1POST,patch,dpmm_p256_t100,dpmm,top5,0,file_brain_AXT1POST_200_6002305,12,0,25.24700458233173
AXT1POST,patch,dpmm_p256_t100,dpmm,top5,0,file_brain_AXT1POST_200_6002340,7,0,16.82707801231971
AXT1POST,patch,dpmm_p256_t100,dpmm,top5,0,file_brain_AXT1POST_203_6000848,8,0,18.062481219951923
AXT1POST,patch,dpmm_p256_t100,dpmm,top5,0,file_brain_AXT1POST_208_2080345,12,0,20.22645686222957
AXT1POST,patch,dpmm_p256_t100,dpmm,top5,0,file_brain_AXT1POST_201_6002749,10,0,20.736220139723557
AXT1POST,patch,dpmm_p256_t100,dpmm,top5,0,file_brain_AXT1POST_200_6001959,5,0,20.50953087439904
AXT1POST,patch,dpmm_p256_t100,dpmm,top5,0,file_brain_AXT1POST_208_2080477,8,0,19.290486262394833
AXT1POST,patch,dpmm_p256_t100,dpmm,top5,0,file_brain_AXT1POST_208_2080383,6,0,18.685472928560696
AXT1POST,patch,dpmm_p256_t100,dpmm,top5,0,file_brain_AXT1POST_201_6002707,7,0,21.76116004356971
AXT1POST,patch,dpmm_p256_t100,dpmm,top5,0,file_brain_AXT1POST_203_6000861,4,0,22.29339599609375
AXT1POST,patch,dpmm_p256_t100,dpmm,top5,0,file_brain_AXT1POST_209_6001109,7,0,18.640840970552883
AXT1POST,patch,dpmm_p256_t100,dpmm,top5,0,file_brain_AXT1POST_203_6000760,4,0,21.210904634915867
AXT1POST,patch,dpmm_p256_t100,dpmm,top5,0,file_brain_AXT1POST_208_2080154,6,0,18.43857163649339
AXT1POST,patch,dpmm_p256_t100,dpmm,top5,0,file_brain_AXT1POST_201_6002749,6,0,18.742228581355167
AXT1POST,patch,dpmm_p256_t100,dpmm,top5,0,file_brain_AXT1POST_203_6000597,5,0,20.570265549879807
AXT1POST,patch,dpmm_p256_t100,dpmm,top5,0,file_brain_AXT1POST_203_6000848,12,0,25.912128155048077
AXT1POST,patch,dpmm_p256_t100,dpmm,top5,0,file_brain_AXT1POST_207_2070809,12,0,22.00921161358173
AXT1POST,patch,dpmm_p256_t100,dpmm,top5,0,file_brain_AXT1POST_208_2120069,8,0,19.206214317908653
AXT1POST,patch,dpmm_p256_t100,dpmm,top5,0,file_brain_AXT1POST_205_2050189,7,0,20.41614239032452
AXT1POST,patch,dpmm_p256_t100,dpmm,top5,0,file_brain_AXT1POST_200_6002337,12,0,20.29247577373798
AXT1POST,patch,dpmm_p256_t100,dpmm,top5,0,file_brain_AXT1POST_207_2070251,12,0,20.58068143404447
AXT1POST,patch,dpmm_p256_t100,dpmm,top5,0,file_brain_AXT1POST_207_2070635,6,0,18.726183377779446
AXT1POST,patch,dpmm_p256_t100,dpmm,top5,0,file_brain_AXT1POST_201_6002680,5,0,18.630914541391228
AXT1POST,patch,dpmm_p256_t100,dpmm,top5,0,file_brain_AXT1POST_208_2080213,7,0,17.675619272085335
AXT1POST,patch,dpmm_p256_t100,dpmm,top5,0,file_brain_AXT1POST_208_2080576,9,0,18.36340566781851
AXT1POST,patch,dpmm_p256_t100,dpmm,top5,0,file_brain_AXT1POST_208_2080275,6,0,17.422195434570312
AXT1POST,patch,dpmm_p256_t100,dpmm,top5,0,file_brain_AXT1POST_208_2080213,6,0,16.99414297250601
AXT1POST,patch,dpmm_p256_t100,dpmm,top5,0,file_brain_AXT1POST_208_2080213,12,0,23.842134915865383
AXT1POST,patch,dpmm_p256_t100,dpmm,top5,0,file_brain_AXT1POST_201_6002673,4,0,22.256972092848557
AXT1POST,patch,dpmm_p256_t100,dpmm,top5,0,file_brain_AXT1POST_210_6001771,4,0,19.296272864708534
AXT1POST,patch,dpmm_p256_t100,dpmm,top5,0,file_brain_AXT1POST_207_2070251,9,0,18.24512892503005
AXT1POST,patch,dpmm_p256_t100,dpmm,top5,0,file_brain_AXT1POST_201_6002703,0,1,25.425940880408653
AXT1POST,patch,dpmm_p256_t100,dpmm,top5,0,file_brain_AXT1POST_201_6002703,1,1,24.12499060997596
AXT1POST,patch,dpmm_p256_t100,dpmm,top5,0,file_brain_AXT1POST_201_6002703,2,1,21.69713885967548
AXT1POST,patch,dpmm_p256_t100,dpmm,top5,0,file_brain_AXT1POST_201_6002703,3,1,22.31700955904447
AXT1POST,patch,dpmm_p256_t100,dpmm,top5,0,file_brain_AXT1POST_201_6002703,4,1,19.499308659480167
AXT1POST,patch,dpmm_p256_t100,dpmm,top5,0,file_brain_AXT1POST_201_6002703,5,1,19.318274864783653
AXT1POST,patch,dpmm_p256_t100,dpmm,top5,0,file_brain_AXT1POST_201_6002703,6,1,19.24397982083834
AXT1POST,patch,dpmm_p256_t100,dpmm,top5,0,file_brain_AXT1POST_201_6002703,7,1,18.105248084435097
AXT1POST,patch,dpmm_p256_t100,dpmm,top5,0,file_brain_AXT1POST_201_6002703,8,1,18.76795607346755
AXT1POST,patch,dpmm_p256_t100,dpmm,top5,0,file_brain_AXT1POST_201_6002703,9,1,20.17657705453726
AXT1POST,patch,dpmm_p256_t100,dpmm,top5,0,file_brain_AXT1POST_201_6002703,10,1,18.669663649338943
AXT1POST,patch,dpmm_p256_t100,dpmm,top5,0,file_brain_AXT1POST_201_6002703,11,1,21.221454326923077
AXT1POST,patch,dpmm_p256_t100,dpmm,top5,0,file_brain_AXT1POST_201_6002703,12,1,21.89732947716346
AXT1POST,patch,dpmm_p256_t100,dpmm,top5,0,file_brain_AXT1POST_201_6002703,13,1,23.329547588641827
AXT1POST,patch,dpmm_p256_t100,dpmm,top5,0,file_brain_AXT1POST_201_6002703,14,1,22.96515596829928
AXT1POST,patch,dpmm_p256_t100,dpmm,top5,0,file_brain_AXT1POST_201_6002683,0,1,24.49249737079327
AXT1POST,patch,dpmm_p256_t100,dpmm,top5,0,file_brain_AXT1POST_201_6002683,1,1,23.725806603064903
AXT1POST,patch,dpmm_p256_t100,dpmm,top5,0,file_brain_AXT1POST_201_6002683,2,1,23.93077674278846
AXT1POST,patch,dpmm_p256_t100,dpmm,top5,0,file_brain_AXT1POST_201_6002683,3,1,21.77751746544471
AXT1POST,patch,dpmm_p256_t100,dpmm,top5,0,file_brain_AXT1POST_201_6002683,4,1,22.749603271484375
AXT1POST,patch,dpmm_p256_t100,dpmm,top5,0,file_brain_AXT1POST_201_6002683,5,1,23.020169771634617
AXT1POST,patch,dpmm_p256_t100,dpmm,top5,0,file_brain_AXT1POST_201_6002683,6,1,24.278465857872597
AXT1POST,patch,dpmm_p256_t100,dpmm,top5,0,file_brain_AXT1POST_201_6002683,7,1,22.622394268329327
AXT1POST,patch,dpmm_p256_t100,dpmm,top5,0,file_brain_AXT1POST_201_6002683,8,1,22.486177884615383
AXT1POST,patch,dpmm_p256_t100,dpmm,top5,0,file_brain_AXT1POST_201_6002683,9,1,22.741795466496395
AXT1POST,patch,dpmm_p256_t100,dpmm,top5,0,file_brain_AXT1POST_201_6002683,10,1,23.16576444185697
AXT1POST,patch,dpmm_p256_t100,dpmm,top5,0,file_brain_AXT1POST_201_6002683,11,1,24.637293888972355
AXT1POST,patch,dpmm_p256_t100,dpmm,top5,0,file_brain_AXT1POST_201_6002683,12,1,22.605198786808895
AXT1POST,patch,dpmm_p256_t100,dpmm,top5,0,file_brain_AXT1POST_201_6002683,13,1,24.782423753004807
AXT1POST,patch,dpmm_p256_t100,dpmm,top5,0,file_brain_AXT1POST_200_6002033,0,1,22.791968712439903
AXT1POST,patch,dpmm_p256_t100,dpmm,top5,0,file_brain_AXT1POST_200_6002033,1,1,22.006263146033653
AXT1POST,patch,dpmm_p256_t100,dpmm,top5,0,file_brain_AXT1POST_200_6002033,2,1,23.18292236328125
AXT1POST,patch,dpmm_p256_t100,dpmm,top5,0,file_brain_AXT1POST_200_6002033,3,1,19.69836895282452
AXT1POST,patch,dpmm_p256_t100,dpmm,top5,0,file_brain_AXT1POST_201_6002817,0,1,21.909165602463943
AXT1POST,patch,dpmm_p256_t100,dpmm,top5,0,file_brain_AXT1POST_200_6002188,0,1,22.321256197415867
AXT1POST,patch,dpmm_p256_t100,dpmm,top5,0,file_brain_AXT1POST_200_6002188,1,1,22.96594707782452
AXT1POST,patch,dpmm_p256_t100,dpmm,top5,0,file_brain_AXT1POST_200_6002188,2,1,21.65142822265625
AXT1POST,patch,dpmm_p256_t100,dpmm,top5,0,file_brain_AXT1POST_200_6002188,3,1,19.786050649789665
AXT1POST,patch,dpmm_p256_t100,dpmm,top5,0,file_brain_AXT1POST_200_6002188,4,1,20.4068110539363
AXT1POST,patch,dpmm_p256_t100,dpmm,top5,0,file_brain_AXT1POST_200_6002188,5,1,19.485859797551083
AXT1POST,patch,dpmm_p256_t100,dpmm,top5,0,file_brain_AXT1POST_200_6002188,6,1,19.765409029447117
AXT1POST,patch,dpmm_p256_t100,dpmm,top5,0,file_brain_AXT1POST_200_6002188,7,1,21.321188119741585
AXT1POST,patch,dpmm_p256_t100,dpmm,top5,0,file_brain_AXT1POST_200_6002188,8,1,19.93304912860577
AXT1POST,patch,dpmm_p256_t100,dpmm,top5,0,file_brain_AXT1POST_200_6002188,9,1,21.482327974759617
AXT1POST,patch,dpmm_p256_t100,dpmm,top5,0,file_brain_AXT1POST_200_6002188,10,1,23.708043025090145
AXT1POST,patch,dpmm_p256_t100,dpmm,top5,0,file_brain_AXT1POST_200_6002188,11,1,22.19481717623197
AXT1POST,patch,dpmm_p256_t100,dpmm,top5,0,file_brain_AXT1POST_200_6002188,12,1,20.996995192307693
AXT1POST,patch,dpmm_p256_t100,dpmm,top5,0,file_brain_AXT1POST_200_6002188,13,1,22.406595083383415
AXT1POST,patch,dpmm_p256_t100,dpmm,top5,0,file_brain_AXT1POST_200_6002188,14,1,23.894815298227165
AXT1POST,patch,dpmm_p256_t100,dpmm,top5,0,file_brain_AXT1POST_200_6002337,0,1,23.441331129807693
AXT1POST,patch,dpmm_p256_t100,dpmm,top5,0,file_brain_AXT1POST_200_6002337,1,1,23.550133338341347
AXT1POST,patch,dpmm_p256_t100,dpmm,top5,0,file_brain_AXT1POST_200_6002337,2,1,24.30243858924279
AXT1POST,patch,dpmm_p256_t100,dpmm,top5,0,file_brain_AXT1POST_200_6002337,3,1,20.57745361328125
AXT1POST,patch,dpmm_p256_t100,dpmm,top5,0,file_brain_AXT1POST_200_6002337,4,1,20.4345703125
AXT1POST,patch,dpmm_p256_t100,dpmm,top5,0,file_brain_AXT1POST_201_6002735,0,1,24.27698458158053
AXT1POST,patch,dpmm_p256_t100,dpmm,top5,0,file_brain_AXT1POST_201_6002735,1,1,27.293175330528847
AXT1POST,patch,dpmm_p256_t100,dpmm,top5,0,file_brain_AXT1POST_201_6002735,2,1,26.288473275991585
AXT1POST,patch,dpmm_p256_t100,dpmm,top5,0,file_brain_AXT1POST_201_6002735,3,1,23.743124154897835
AXT1POST,patch,dpmm_p256_t100,dpmm,top5,0,file_brain_AXT1POST_201_6002735,4,1,22.20751014122596
AXT1POST,patch,dpmm_p256_t100,dpmm,top5,0,file_brain_AXT1POST_201_6002735,5,1,20.36816641000601
AXT1POST,patch,dpmm_p256_t100,dpmm,top5,0,file_brain_AXT1POST_201_6002735,6,1,19.91864483173077
AXT1POST,patch,dpmm_p256_t100,dpmm,top5,0,file_brain_AXT1POST_201_6002735,7,1,20.260479266826923
AXT1POST,patch,dpmm_p256_t100,dpmm,top5,0,file_brain_AXT1POST_201_6002735,8,1,19.130518986628605
AXT1POST,patch,dpmm_p256_t100,dpmm,top5,0,file_brain_AXT1POST_201_6002735,9,1,19.364514864408054
AXT1POST,patch,dpmm_p256_t100,dpmm,top5,0,file_brain_AXT1POST_201_6002735,10,1,19.447271493765022
AXT1POST,patch,dpmm_p256_t100,dpmm,top5,0,file_brain_AXT1POST_201_6002735,11,1,19.389977088341347
AXT1POST,patch,dpmm_p256_t100,dpmm,top5,0,file_brain_AXT1POST_200_6002089,4,1,20.235445462740383
AXT1POST,patch,dpmm_p256_t100,dpmm,top5,0,file_brain_AXT1POST_200_6002089,5,1,20.465235783503605
AXT1POST,patch,dpmm_p256_t100,dpmm,top5,0,file_brain_AXT1POST_200_6002089,6,1,21.09844970703125
AXT1POST,patch,dpmm_p256_t100,dpmm,top5,0,file_brain_AXT1POST_200_6002089,7,1,19.63193101149339
AXT1POST,patch,dpmm_p256_t100,dpmm,top5,0,file_brain_AXT1POST_200_6002089,8,1,19.61383291391226
AXT1POST,patch,dpmm_p256_t100,dpmm,top5,0,file_brain_AXT1POST_200_6002089,9,1,21.81403292142428
AXT1POST,patch,dpmm_p256_t100,dpmm,top5,0,file_brain_AXT1POST_200_6002089,10,1,24.779156024639423
AXT1POST,patch,dpmm_p256_t100,dpmm,top5,0,file_brain_AXT1POST_200_6002089,11,1,25.44401432917668
AXT1POST,patch,dpmm_p256_t100,dpmm,top5,0,file_brain_AXT1POST_200_6002089,12,1,26.688218336838943
AXT1POST,patch,dpmm_p256_t100,dpmm,top5,0,file_brain_AXT1POST_200_6002089,13,1,25.885225736177883
AXT1POST,patch,dpmm_p256_t100,dpmm,top5,0,file_brain_AXT1POST_200_6002089,14,1,26.906822791466347
AXT1POST,patch,dpmm_p256_t100,dpmm,top5,0,file_brain_AXT1POST_200_6002089,15,1,26.11566162109375
AXT1POST,patch,dpmm_p256_t100,dpmm,top5,0,file_brain_AXT1POST_200_6002065,0,1,25.08940007136418
AXT1POST,patch,dpmm_p256_t100,dpmm,top5,0,file_brain_AXT1POST_200_6002065,1,1,24.971651517427883
AXT1POST,patch,dpmm_p256_t100,dpmm,top5,0,file_brain_AXT1POST_200_6002065,2,1,24.475362924429085
AXT1POST,patch,dpmm_p256_t100,dpmm,top5,0,file_brain_AXT1POST_200_6002065,3,1,24.56566678560697
AXT1POST,patch,dpmm_p256_t100,dpmm,top5,0,file_brain_AXT1POST_200_6002065,4,1,21.081258920522835
AXT1POST,patch,dpmm_p256_t100,dpmm,top5,0,file_brain_AXT1POST_200_6002065,5,1,19.55355952336238
AXT1POST,patch,dpmm_p256_t100,dpmm,top5,0,file_brain_AXT1POST_200_6002065,10,1,19.29522235576923
AXT1POST,patch,dpmm_p256_t100,dpmm,top5,0,file_brain_AXT1POST_200_6002396,0,1,23.542144775390625
AXFLAIR,patch,dpmm_p64_t20,dpmm,top5,0,file_brain_AXFLAIR_210_6001917,4,0,9.915142352764423
AXFLAIR,patch,dpmm_p64_t20,dpmm,top5,0,file_brain_AXFLAIR_202_6000543,11,0,9.248707697941708
AXFLAIR,patch,dpmm_p64_t20,dpmm,top5,0,file_brain_AXFLAIR_210_6001499,4,0,9.290948721078726
AXFLAIR,patch,dpmm_p64_t20,dpmm,top5,0,file_brain_AXFLAIR_201_6002993,7,0,9.99069331242488
AXFLAIR,patch,dpmm_p64_t20,dpmm,top5,0,file_brain_AXFLAIR_202_6000543,5,0,9.619434650127705
AXFLAIR,patch,dpmm_p64_t20,dpmm,top5,0,file_brain_AXFLAIR_202_6000539,7,0,9.360255901630108
AXFLAIR,patch,dpmm_p64_t20,dpmm,top5,0,file_brain_AXFLAIR_202_6000483,5,0,9.96676283616286
AXFLAIR,patch,dpmm_p64_t20,dpmm,top5,0,file_brain_AXFLAIR_200_6002442,6,0,10.072293795072115
AXFLAIR,patch,dpmm_p64_t20,dpmm,top5,0,file_brain_AXFLAIR_202_6000483,6,0,10.211802555964542
AXFLAIR,patch,dpmm_p64_t20,dpmm,top5,0,file_brain_AXFLAIR_200_6002442,12,0,9.504352276141827
AXFLAIR,patch,dpmm_p64_t20,dpmm,top5,0,file_brain_AXFLAIR_202_6000531,10,0,9.32779517540565
AXFLAIR,patch,dpmm_p64_t20,dpmm,top5,0,file_brain_AXFLAIR_203_6000942,10,0,9.167517441969652
AXFLAIR,patch,dpmm_p64_t20,dpmm,top5,0,file_brain_AXFLAIR_203_6000912,4,0,9.447766817533052
AXFLAIR,patch,dpmm_p64_t20,dpmm,top5,0,file_brain_AXFLAIR_201_6002914,7,0,10.432704045222355
AXFLAIR,patch,dpmm_p64_t20,dpmm,top5,0,file_brain_AXFLAIR_200_6002543,4,0,9.828304584209736
AXFLAIR,patch,dpmm_p64_t20,dpmm,top5,0,file_brain_AXFLAIR_210_6001513,5,0,9.99212646484375
AXFLAIR,patch,dpmm_p64_t20,dpmm,top5,0,file_brain_AXFLAIR_209_6001397,12,0,9.542574368990385
AXFLAIR,patch,dpmm_p64_t20,dpmm,top5,0,file_brain_AXFLAIR_200_6002641,11,0,10.050726083608774
AXFLAIR,patch,dpmm_p64_t20,dpmm,top5,0,file_brain_AXFLAIR_203_6000942,11,0,9.24277085524339
AXFLAIR,patch,dpmm_p64_t20,dpmm,top5,0,file_brain_AXFLAIR_201_6002993,5,0,9.64003401536208
AXFLAIR,patch,dpmm_p64_t20,dpmm,top5,0,file_brain_AXFLAIR_200_6002595,7,0,10.174166165865385
AXFLAIR,patch,dpmm_p64_t20,dpmm,top5,0,file_brain_AXFLAIR_202_6000511,11,0,9.19974341759315
AXFLAIR,patch,dpmm_p64_t20,dpmm,top5,0,file_brain_AXFLAIR_201_6002914,10,0,10.250139676607573
AXFLAIR,patch,dpmm_p64_t20,dpmm,top5,0,file_brain_AXFLAIR_203_6000912,11,0,10.49905982384315
AXFLAIR,patch,dpmm_p64_t20,dpmm,top5,0,file_brain_AXFLAIR_210_6001953,6,0,9.188866835374098
AXFLAIR,patch,dpmm_p64_t20,dpmm,top5,0,file_brain_AXFLAIR_210_6001917,6,0,10.226355919471153
AXFLAIR,patch,dpmm_p64_t20,dpmm,top5,0,file_brain_AXFLAIR_200_6002442,9,0,9.627667940579927
AXFLAIR,patch,dpmm_p64_t20,dpmm,top5,0,file_brain_AXFLAIR_210_6001953,9,0,9.38644526554988
AXFLAIR,patch,dpmm_p64_t20,dpmm,top5,0,file_brain_AXFLAIR_200_6002442,5,0,9.230094909667969
AXFLAIR,patch,dpmm_p64_t20,dpmm,top5,0,file_brain_AXFLAIR_200_6002442,10,0,9.310701810396635
AXFLAIR,patch,dpmm_p64_t20,dpmm,top5,0,file_brain_AXFLAIR_202_6000531,9,0,9.67784177339994
AXFLAIR,patch,dpmm_p64_t20,dpmm,top5,0,file_brain_AXFLAIR_201_6002914,8,0,8.810924236591045
AXFLAIR,patch,dpmm_p64_t20,dpmm,top5,0,file_brain_AXFLAIR_202_6000474,6,0,9.779786330003004
AXFLAIR,patch,dpmm_p64_t20,dpmm,top5,0,file_brain_AXFLAIR_201_6002941,9,0,9.814323425292969
AXFLAIR,patch,dpmm_p64_t20,dpmm,top5,0,file_brain_AXFLAIR_210_6001499,11,0,9.519280066856972
AXFLAIR,patch,dpmm_p64_t20,dpmm,top5,0,file_brain_AXFLAIR_202_6000539,5,0,10.10098853478065
AXFLAIR,patch,dpmm_p64_t20,dpmm,top5,0,file_brain_AXFLAIR_202_6000474,5,0,9.112096346341646
AXFLAIR,patch,dpmm_p64_t20,dpmm,top5,0,file_brain_AXFLAIR_209_6001377,10,0,10.24035879281851
AXFLAIR,patch,dpmm_p64_t20,dpmm,top5,0,file_brain_AXFLAIR_200_6002595,9,0,9.578566331129808
AXFLAIR,patch,dpmm_p64_t20,dpmm,top5,0,file_brain_AXFLAIR_201_6002993,11,0,9.07432380089393
AXFLAIR,patch,dpmm_p64_t20,dpmm,top5,0,file_brain_AXFLAIR_202_6000557,9,0,9.790736271784855
AXFLAIR,patch,dpmm_p64_t20,dpmm,top5,0,file_brain_AXFLAIR_210_6001513,4,0,9.723435621995192
AXFLAIR,patch,dpmm_p64_t20,dpmm,top5,0,file_brain_AXFLAIR_201_6002941,8,0,9.103280874399038
AXFLAIR,patch,dpmm_p64_t20,dpmm,top5,0,file_brain_AXFLAIR_203_6000912,6,0,9.989396315354567
AXFLAIR,patch,dpmm_p64_t20,dpmm,top5,0,file_brain_AXFLAIR_201_6002914,12,0,9.224300091083233
AXFLAIR,patch,dpmm_p64_t20,dpmm,top5,0,file_brain_AXFLAIR_209_6001377,11,0,9.244193443885216
AXFLAIR,patch,dpmm_p64_t20,dpmm,top5,0,file_brain_AXFLAIR_210_6001499,5,0,9.164251474233774
AXFLAIR,patch,dpmm_p64_t20,dpmm,top5,0,file_brain_AXFLAIR_202_6000557,6,0,10.162874661959135
AXFLAIR,patch,dpmm_p64_t20,dpmm,top5,0,file_brain_AXFLAIR_202_6000557,10,0,9.415101858285757
AXFLAIR,patch,dpmm_p64_t20,dpmm,top5,0,file_brain_AXFLAIR_202_6000543,4,0,9.487721956693209
AXFLAIR,patch,dpmm_p64_t20,dpmm,top5,0,file_brain_AXFLAIR_202_6000531,7,0,8.910462599534254
AXFLAIR,patch,dpmm_p64_t20,dpmm,top5,0,file_brain_AXFLAIR_200_6002595,10,0,10.32649935208834
AXFLAIR,patch,dpmm_p64_t20,dpmm,top5,0,file_brain_AXFLAIR_201_6002914,5,0,9.20254164475661
AXFLAIR,patch,dpmm_p64_t20,dpmm,top5,0,file_brain_AXFLAIR_202_6000531,4,0,10.380426260141226
AXFLAIR,patch,dpmm_p64_t20,dpmm,top5,0,file_brain_AXFLAIR_210_6001513,6,0,9.32818368765024
AXFLAIR,patch,dpmm_p64_t20,dpmm,top5,0,file_brain_AXFLAIR_200_6002442,11,0,10.08159930889423
AXFLAIR,patch,dpmm_p64_t20,dpmm,top5,0,file_brain_AXFLAIR_209_6001377,8,0,9.382505563589243
AXFLAIR,patch,dpmm_p64_t20,dpmm,top5,0,file_brain_AXFLAIR_202_6000483,7,0,9.403918926532452
AXFLAIR,patch,dpmm_p64_t20,dpmm,top5,0,file_brain_AXFLAIR_202_6000543,9,0,9.120655353252705
AXFLAIR,patch,dpmm_p64_t20,dpmm,top5,0,file_brain_AXFLAIR_203_6000898,10,0,9.519085810734676
AXFLAIR,patch,dpmm_p64_t20,dpmm,top5,0,file_brain_AXFLAIR_203_6000912,12,0,9.190032372107872
AXFLAIR,patch,dpmm_p64_t20,dpmm,top5,0,file_brain_AXFLAIR_202_6000511,7,0,9.40542485163762
AXFLAIR,patch,dpmm_p64_t20,dpmm,top5,0,file_brain_AXFLAIR_201_6003024,5,0,10.284508338341347
AXFLAIR,patch,dpmm_p64_t20,dpmm,top5,0,file_brain_AXFLAIR_201_6003018,12,0,10.20798081618089
AXFLAIR,patch,dpmm_p64_t20,dpmm,top5,0,file_brain_AXFLAIR_210_6001901,7,0,9.22216796875
AXFLAIR,patch,dpmm_p64_t20,dpmm,top5,0,file_brain_AXFLAIR_203_6000898,12,0,9.10720942570613
AXFLAIR,patch,dpmm_p64_t20,dpmm,top5,0,file_brain_AXFLAIR_202_6000483,11,0,9.07143343411959
AXFLAIR,patch,dpmm_p64_t20,dpmm,top5,0,file_brain_AXFLAIR_210_6001917,10,0,9.32303443321815
AXFLAIR,patch,dpmm_p64_t20,dpmm,top5,0,file_brain_AXFLAIR_201_6002914,11,0,9.445925785945011
AXFLAIR,patch,dpmm_p64_t20,dpmm,top5,0,file_brain_AXFLAIR_202_6000483,8,0,8.81189434344952
AXFLAIR,patch,dpmm_p64_t20,dpmm,top5,0,file_brain_AXFLAIR_201_6002941,11,0,9.116309532752403
AXFLAIR,patch,dpmm_p64_t20,dpmm,top5,0,file_brain_AXFLAIR_210_6001917,11,0,9.517046414888823
AXFLAIR,patch,dpmm_p64_t20,dpmm,top5,0,file_brain_AXFLAIR_201_6002993,10,0,9.396723233736479
AXFLAIR,patch,dpmm_p64_t20,dpmm,top5,0,file_brain_AXFLAIR_202_6000539,9,0,9.316654498760517
AXFLAIR,patch,dpmm_p64_t20,dpmm,top5,0,file_brain_AXFLAIR_203_6000942,7,0,10.527369572566105
AXFLAIR,patch,dpmm_p64_t20,dpmm,top5,0,file_brain_AXFLAIR_209_6001377,12,0,9.962799072265625
AXFLAIR,patch,dpmm_p64_t20,dpmm,top5,0,file_brain_AXFLAIR_201_6003024,10,0,9.857303325946514
AXFLAIR,patch,dpmm_p64_t20,dpmm,top5,0,file_brain_AXFLAIR_200_6002543,8,0,9.713986323429989
AXFLAIR,patch,dpmm_p64_t20,dpmm,top5,0,file_brain_AXFLAIR_202_6000531,6,0,9.42252467228816
AXFLAIR,patch,dpmm_p64_t20,dpmm,top5,0,file_brain_AXFLAIR_201_6003003,0,1,9.812970674954927
AXFLAIR,patch,dpmm_p64_t20,dpmm,top5,0,file_brain_AXFLAIR_201_6003003,1,1,9.485355083759014
AXFLAIR,patch,dpmm_p64_t20,dpmm,top5,0,file_brain_AXFLAIR_201_6003003,2,1,9.816996647761417
AXFLAIR,patch,dpmm_p64_t20,dpmm,top5,0,file_brain_AXFLAIR_201_6003003,3,1,9.730540348933292
AXFLAIR,patch,dpmm_p64_t20,dpmm,top5,0,file_brain_AXFLAIR_201_6003003,4,1,9.031886174128605
AXFLAIR,patch,dpmm_p64_t20,dpmm,top5,0,file_brain_AXFLAIR_201_6003003,5,1,9.090437669020433
AXFLAIR,patch,dpmm_p64_t20,dpmm,top5,0,file_brain_AXFLAIR_201_6003003,6,1,9.246526864858774
AXFLAIR,patch,dpmm_p64_t20,dpmm,top5,0,file_brain_AXFLAIR_201_6003003,7,1,9.599760202261118
AXFLAIR,patch,dpmm_p64_t20,dpmm,top5,0,file_brain_AXFLAIR_201_6003003,8,1,8.806626539963942
AXFLAIR,patch,dpmm_p64_t20,dpmm,top5,0,file_brain_AXFLAIR_201_6003003,9,1,9.52648691030649
AXFLAIR,patch,dpmm_p64_t20,dpmm,top5,0,file_brain_AXFLAIR_201_6003003,10,1,8.56207275390625
AXFLAIR,patch,dpmm_p64_t20,dpmm,top5,0,file_brain_AXFLAIR_201_6002972,0,1,9.58726090651292
AXFLAIR,patch,dpmm_p64_t20,dpmm,top5,0,file_brain_AXFLAIR_201_6002972,1,1,9.950366680438702
AXFLAIR,patch,dpmm_p64_t20,dpmm,top5,0,file_brain_AXFLAIR_201_6002972,2,1,10.025477482722355
AXFLAIR,patch,dpmm_p64_t20,dpmm,top5,0,file_brain_AXFLAIR_201_6002972,3,1,9.467645498422476
AXFLAIR,patch,dpmm_p64_t20,dpmm,top5,0,file_brain_AXFLAIR_201_6002972,4,1,9.521406907301683
AXFLAIR,patch,dpmm_p64_t20,dpmm,top5,0,file_brain_AXFLAIR_201_6002972,5,1,10.304271991436298
AXFLAIR,patch,dpmm_p64_t20,dpmm,top5,0,file_brain_AXFLAIR_201_6002972,6,1,10.106086144080528
AXFLAIR,patch,dpmm_p64_t20,dpmm,top5,0,file_brain_AXFLAIR_201_6002972,7,1,9.893343411959135
AXFLAIR,patch,dpmm_p64_t20,dpmm,top5,0,file_brain_AXFLAIR_201_6002972,8,1,9.611266502967247
AXFLAIR,patch,dpmm_p64_t20,dpmm,top5,0,file_brain_AXFLAIR_201_6002972,9,1,9.128916813777042
AXFLAIR,patch,dpmm_p64_t20,dpmm,top5,0,file_brain_AXFLAIR_201_6002972,10,1,9.833810072678785
AXFLAIR,patch,dpmm_p64_t20,dpmm,top5,0,file_brain_AXFLAIR_201_6002972,11,1,9.447982788085938
AXFLAIR,patch,dpmm_p64_t20,dpmm,top5,0,file_brain_AXFLAIR_201_6002972,12,1,9.561014615572416
AXFLAIR,patch,dpmm_p64_t20,dpmm,top5,0,file_brain_AXFLAIR_201_6002941,0,1,9.506764338566708
AXFLAIR,patch,dpmm_p64_t20,dpmm,top5,0,file_brain_AXFLAIR_201_6002941,1,1,8.98290780874399
AXFLAIR,patch,dpmm_p64_t20,dpmm,top5,0,file_brain_AXFLAIR_201_6002941,2,1,9.311877324030949
AXFLAIR,patch,dpmm_p64_t20,dpmm,top5,0,file_brain_AXFLAIR_201_6002941,3,1,9.00307875413161
AXFLAIR,patch,dpmm_p64_t20,dpmm,top5,0,file_brain_AXFLAIR_201_6002941,4,1,9.517838698167067
AXFLAIR,patch,dpmm_p64_t20,dpmm,top5,0,file_brain_AXFLAIR_201_6002941,5,1,9.145081740159254
AXFLAIR,patch,dpmm_p64_t20,dpmm,top5,0,file_brain_AXFLAIR_202_6000508,1,1,10.06748258150541
AXFLAIR,patch,dpmm_p64_t20,dpmm,top5,0,file_brain_AXFLAIR_202_6000508,2,1,10.506361741286058
AXFLAIR,patch,dpmm_p64_t20,dpmm,top5,0,file_brain_AXFLAIR_202_6000508,3,1,9.9289797269381
AXFLAIR,patch,dpmm_p64_t20,dpmm,top5,0,file_brain_AXFLAIR_202_6000508,4,1,9.904639610877403
AXFLAIR,patch,dpmm_p64_t20,dpmm,top5,0,file_brain_AXFLAIR_202_6000508,5,1,9.958027766301083
AXFLAIR,patch,dpmm_p64_t20,dpmm,top5,0,file_brain_AXFLAIR_202_6000508,6,1,9.935899000901442
AXFLAIR,patch,dpmm_p64_t20,dpmm,top5,0,file_brain_AXFLAIR_202_6000508,7,1,9.908543513371395
AXFLAIR,patch,dpmm_p64_t20,dpmm,top5,0,file_brain_AXFLAIR_202_6000508,8,1,9.73921379676232
AXFLAIR,patch,dpmm_p64_t20,dpmm,top5,0,file_brain_AXFLAIR_202_6000508,9,1,9.695742680476261
AXFLAIR,patch,dpmm_p64_t20,dpmm,top5,0,file_brain_AXFLAIR_202_6000508,10,1,10.044583834134615
AXFLAIR,patch,dpmm_p64_t20,dpmm,top5,0,file_brain_AXFLAIR_202_6000508,11,1,10.528809767503004
AXFLAIR,patch,dpmm_p64_t20,dpmm,top5,0,file_brain_AXFLAIR_202_6000508,12,1,10.20862285907452
AXFLAIR,patch,dpmm_p64_t20,dpmm,top5,0,file_brain_AXFLAIR_202_6000508,13,1,10.02975346491887
AXFLAIR,patch,dpmm_p64_t20,dpmm,top5,0,file_brain_AXFLAIR_200_6002641,3,1,9.523791973407452
AXFLAIR,patch,dpmm_p64_t20,dpmm,top5,0,file_brain_AXFLAIR_200_6002641,7,1,8.704449580265926
AXFLAIR,patch,dpmm_p64_t20,dpmm,top5,0,file_brain_AXFLAIR_200_6002641,8,1,8.85381845327524
AXFLAIR,patch,dpmm_p64_t20,dpmm,top5,0,file_brain_AXFLAIR_201_6003008,0,1,10.268541776216948
AXFLAIR,patch,dpmm_p64_t20,dpmm,top5,0,file_brain_AXFLAIR_201_6003008,1,1,9.918654221754808
AXFLAIR,patch,dpmm_p64_t20,dpmm,top5,0,file_brain_AXFLAIR_201_6003008,2,1,9.958566518930288
AXFLAIR,patch,dpmm_p64_t20,dpmm,top5,0,file_brain_AXFLAIR_201_6003008,3,1,10.07562255859375
AXFLAIR,patch,dpmm_p64_t20,dpmm,top5,0,file_brain_AXFLAIR_201_6003008,4,1,10.323381864107573
AXFLAIR,patch,dpmm_p64_t20,dpmm,top5,0,file_brain_AXFLAIR_201_6003008,5,1,10.425978440504808
AXFLAIR,patch,dpmm_p64_t20,dpmm,top5,0,file_brain_AXFLAIR_201_6003008,6,1,10.110674344576323
AXFLAIR,patch,dpmm_p64_t20,dpmm,top5,0,file_brain_AXFLAIR_201_6003008,7,1,10.115478515625
AXFLAIR,patch,dpmm_p64_t20,dpmm,top5,0,file_brain_AXFLAIR_201_6003008,8,1,9.646440946138823
AXFLAIR,patch,dpmm_p64_t20,dpmm,top5,0,file_brain_AXFLAIR_201_6003008,9,1,9.874746469350962
AXFLAIR,patch,dpmm_p64_t20,dpmm,top5,0,file_brain_AXFLAIR_201_6003008,10,1,9.24783677321214
AXFLAIR,patch,dpmm_p64_t20,dpmm,top5,0,file_brain_AXFLAIR_201_6003008,11,1,9.086119431715746
AXFLAIR,patch,dpmm_p64_t20,dpmm,top5,0,file_brain_AXFLAIR_201_6003008,12,1,9.32903817983774
AXFLAIR,patch,dpmm_p64_t20,dpmm,top5,0,file_brain_AXFLAIR_201_6003008,13,1,9.313622107872597
AXFLAIR,patch,dpmm_p64_t20,dpmm,top5,0,file_brain_AXFLAIR_201_6002914,0,1,9.847521268404448
AXFLAIR,patch,dpmm_p64_t20,dpmm,top5,0,file_brain_AXFLAIR_201_6002914,1,1,10.228713989257812
AXFLAIR,patch,dpmm_p64_t20,dpmm,top5,0,file_brain_AXFLAIR_201_6002914,2,1,9.807410020094652
AXFLAIR,patch,dpmm_p64_t20,dpmm,top5,0,file_brain_AXFLAIR_201_6002914,3,1,9.971089289738583
AXFLAIR,patch,dpmm_p64_t20,dpmm,top5,0,file_brain_AXFLAIR_201_6002914,6,1,9.05781731238732
AXFLAIR,patch,dpmm_p64_t20,dpmm,top5,0,file_brain_AXFLAIR_202_6000421,0,1,10.008777324969952
AXFLAIR,patch,dpmm_p64_t20,dpmm,top5,0,file_brain_AXFLAIR_202_6000421,1,1,9.974635197566105
AXFLAIR,patch,dpmm_p64_t20,dpmm,top5,0,file_brain_AXFLAIR_202_6000421,2,1,9.586161686823917
AXFLAIR,patch,dpmm_p64_t20,dpmm,top5,0,file_brain_AXFLAIR_202_6000421,3,1,9.428529005784254
AXFLAIR,patch,dpmm_p64_t20,dpmm,top5,0,file_brain_AXFLAIR_202_6000421,4,1,9.33939185509315
AXFLAIR,patch,dpmm_p64_t20,dpmm,top5,0,file_brain_AXFLAIR_202_6000421,5,1,9.700764582707333
AXFLAIR,patch,dpmm_p64_t20,dpmm,top5,0,file_brain_AXFLAIR_202_6000421,6,1,9.713333129882812
AXFLAIR,patch,dpmm_p64_t20,dpmm,top5,0,file_brain_AXFLAIR_202_6000421,7,1,9.789330702561598
AXFLAIR,patch,dpmm_p64_t20,dpmm,top5,0,file_brain_AXFLAIR_202_6000421,8,1,9.59236849271334
AXFLAIR,patch,dpmm_p64_t20,dpmm,top5,0,file_brain_AXFLAIR_202_6000421,9,1,9.541171147273136
AXFLAIR,patch,dpmm_p64_t20,dpmm,top5,0,file_brain_AXFLAIR_202_6000421,10,1,9.720147352952223
AXFLAIR,patch,dpmm_p64_t20,dpmm,top5,0,file_brain_AXFLAIR_202_6000421,11,1,9.336826617901142
AXFLAIR,patch,dpmm_p64_t20,dpmm,top5,0,file_brain_AXFLAIR_202_6000421,12,1,9.68588608961839
AXFLAIR,patch,dpmm_p64_t20,dpmm,top5,0,file_brain_AXFLAIR_202_6000421,13,1,9.96099853515625
AXFLAIR,patch,dpmm_p64_t20,dpmm,top5,0,file_brain_AXFLAIR_202_6000421,14,1,9.98311556302584
AXFLAIR,patch,dpmm_p64_t20,dpmm,top5,0,file_brain_AXFLAIR_201_6002960,0,1,9.76962397648738
AXFLAIR,patch,dpmm_p64_t20,dpmm,top5,0,file_brain_AXFLAIR_201_6002960,1,1,9.33520038311298
AXFLAIR,patch,dpmm_p64_t20,dpmm,top5,0,file_brain_AXFLAIR_201_6002960,2,1,9.36830843411959
AXFLAIR,patch,dpmm_p64_t20,dpmm,top5,0,file_brain_AXFLAIR_201_6002960,3,1,9.366440993088942
AXFLAIR,patch,dpmm_p64_t20,dpmm,top5,0,file_brain_AXFLAIR_201_6002960,4,1,9.497631953312801
AXFLAIR,patch,dpmm_p64_t20,dpmm,top5,0,file_brain_AXFLAIR_201_6002960,5,1,9.344054588904747
AXFLAIR,patch,dpmm_p64_t20,dpmm,top5,0,file_brain_AXFLAIR_201_6002960,6,1,9.361093374399038
AXFLAIR,patch,dpmm_p64_t20,dpmm,top5,0,file_brain_AXFLAIR_201_6002960,7,1,9.34641324556791
AXFLAIR,patch,dpmm_p64_t20,dpmm,top5,0,file_brain_AXFLAIR_201_6002960,8,1,9.481583815354567
AXFLAIR,patch,dpmm_p64_t20,dpmm,top5,0,file_brain_AXFLAIR_201_6002960,9,1,9.153771033653847
AXFLAIR,patch,dpmm_p64_t20,dpmm,top5,0,file_brain_AXFLAIR_203_6000875,0,1,9.73336439866286
AXFLAIR,patch,dpmm_p64_t20,dpmm,top5,0,file_brain_AXFLAIR_203_6000875,1,1,9.960529033954327
AXFLAIR,patch,dpmm_p64_t20,dpmm,top5,0,file_brain_AXFLAIR_203_6000875,2,1,9.669630197378305
AXFLAIR,patch,dpmm_p64_t20,dpmm,top5,0,file_brain_AXFLAIR_203_6000875,3,1,9.596063467172476
AXFLAIR,patch,dpmm_p64_t20,dpmm,top5,0,file_brain_AXFLAIR_203_6000875,4,1,9.770342900202824
AXFLAIR,patch,dpmm_p64_t20,dpmm,top5,0,file_brain_AXFLAIR_203_6000875,5,1,9.75113736666166
AXFLAIR,patch,dpmm_p64_t20,dpmm,top5,0,file_brain_AXFLAIR_203_6000875,6,1,9.234582167405348
AXFLAIR,patch,dpmm_p64_t20,dpmm,top5,0,file_brain_AXFLAIR_203_6000875,7,1,9.093860332782452
AXFLAIR,patch,dpmm_p64_t20,dpmm,top5,0,file_brain_AXFLAIR_203_6000875,8,1,11.151532686673677
AXFLAIR,patch,dpmm_p64_t20,dpmm,top5,0,file_brain_AXFLAIR_203_6000875,9,1,9.764654306265024
AXFLAIR,patch,dpmm_p64_t20,dpmm,top5,0,file_brain_AXFLAIR_203_6000875,10,1,9.362321120042067
AXFLAIR,patch,dpmm_p64_t20,dpmm,top5,0,file_brain_AXFLAIR_203_6000875,11,1,9.129589374248798
AXFLAIR,patch,dpmm_p64_t20,dpmm,top5,0,file_brain_AXFLAIR_203_6000875,12,1,9.738775986891527
AXFLAIR,patch,dpmm_p64_t20,dpmm,top5,0,file_brain_AXFLAIR_203_6000875,13,1,9.84377171443059
AXFLAIR,patch,dpmm_p64_t20,dpmm,top5,0,file_brain_AXFLAIR_203_6000875,14,1,9.349065340482271
AXFLAIR,patch,dpmm_p64_t20,dpmm,top5,0,file_brain_AXFLAIR_203_6000875,15,1,9.986844576322115
AXFLAIR,patch,dpmm_p64_t20,dpmm,top5,0,file_brain_AXFLAIR_210_6001953,10,1,9.388899583082933
AXFLAIR,patch,dpmm_p64_t20,dpmm,top5,0,file_brain_AXFLAIR_201_6003018,0,1,10.296763493464542
AXFLAIR,patch,dpmm_p64_t20,dpmm,top5,0,file_brain_AXFLAIR_201_6003018,1,1,10.282132662259615
AXFLAIR,patch,dpmm_p64_t20,dpmm,top5,0,file_brain_AXFLAIR_201_6003018,2,1,9.804694542518028
AXFLAIR,patch,dpmm_p64_t20,dpmm,top5,0,file_brain_AXFLAIR_201_6003018,3,1,10.638259887695312
AXFLAIR,patch,dpmm_p64_t20,dpmm,top5,0,file_brain_AXFLAIR_201_6003018,4,1,9.710774348332333
AXFLAIR,patch,dpmm_p64_t20,dpmm,top5,0,file_brain_AXFLAIR_201_6003018,5,1,9.83500730074369
AXFLAIR,patch,dpmm_p64_t20,dpmm,top5,0,file_brain_AXFLAIR_201_6003018,6,1,9.716234060434195
AXFLAIR,patch,dpmm_p64_t20,dpmm,top5,0,file_brain_AXFLAIR_201_6003018,7,1,9.365311842698317
AXFLAIR,patch,dpmm_p64_t20,dpmm,top5,0,file_brain_AXFLAIR_201_6003018,8,1,10.137834989107573
AXFLAIR,patch,dpmm_p64_t20,dpmm,top5,0,file_brain_AXFLAIR_200_6002595,2,1,10.0567380464994
AXFLAIR,patch,dpmm_p64_t20,dpmm,top5,0,file_brain_AXFLAIR_200_6002595,3,1,9.675924447866587
AXFLAIR,patch,dpmm_p64_t20,dpmm,top5,0,file_brain_AXFLAIR_200_6002595,4,1,9.87588148850661
AXFLAIR,patch,dpmm_p64_t20,dpmm,top5,0,file_brain_AXFLAIR_200_6002595,5,1,9.1724607027494
AXFLAIR,patch,dpmm_p64_t20,dpmm,top5,0,file_brain_AXFLAIR_203_6000898,1,1,9.827825692983774
AXFLAIR,patch,dpmm_p64_t20,dpmm,top5,0,file_brain_AXFLAIR_203_6000898,2,1,10.28725844163161
AXFLAIR,patch,dpmm_p64_t20,dpmm,top5,0,file_brain_AXFLAIR_203_6000898,3,1,10.619790884164663
AXFLAIR,patch,dpmm_p64_t20,dpmm,top5,0,file_brain_AXFLAIR_203_6000898,5,1,10.24637192946214
AXFLAIR,patch,dpmm_p64_t20,dpmm,top5,0,file_brain_AXFLAIR_203_6000912,7,1,9.397009629469652
AXFLAIR,patch,dpmm_p64_t20,dpmm,top5,0,file_brain_AXFLAIR_203_6000912,8,1,9.5069580078125
AXFLAIR,patch,dpmm_p64_t20,dpmm,top5,0,file_brain_AXFLAIR_203_6000912,9,1,9.32093752347506
AXFLAIR,patch,dpmm_p64_t20,dpmm,top5,0,file_brain_AXFLAIR_202_6000511,0,1,9.729756281926083
AXFLAIR,patch,dpmm_p64_t20,dpmm,top5,0,file_brain_AXFLAIR_202_6000511,1,1,9.892682589017427
AXFLAIR,patch,dpmm_p64_t20,dpmm,top5,0,file_brain_AXFLAIR_202_6000557,0,1,10.336926973783052
AXFLAIR,patch,dpmm_p64_t20,dpmm,top5,0,file_brain_AXFLAIR_202_6000557,1,1,10.278209979717548
AXFLAIR,patch,dpmm_p64_t20,dpmm,top5,0,file_brain_AXFLAIR_202_6000557,2,1,10.181011493389423
AXFLAIR,patch,dpmm_p64_t20,dpmm,top5,0,file_brain_AXFLAIR_202_6000557,3,1,9.82025615985577
AXFLAIR,patch,dpmm_p64_t20,dpmm,top5,0,file_brain_AXFLAIR_202_6000557,4,1,10.583428016075722
AXFLAIR,patch,dpmm_p64_t20,dpmm,top5,0,file_brain_AXFLAIR_202_6000557,5,1,9.537752004770132
AXFLAIR,patch,dpmm_p64_t20,dpmm,top5,0,file_brain_AXFLAIR_210_6001901,0,1,9.790821955754208
AXFLAIR,patch,dpmm_p64_t20,dpmm,top5,0,file_brain_AXFLAIR_210_6001901,1,1,9.770511333759014
AXFLAIR,patch,dpmm_p64_t20,dpmm,top5,0,file_brain_AXFLAIR_210_6001901,2,1,10.002270038311298
AXFLAIR,patch,dpmm_p64_t20,dpmm,top5,0,file_brain_AXFLAIR_200_6002543,0,1,10.144075833834135
AXFLAIR,patch,dpmm_p64_t20,dpmm,top5,0,file_brain_AXFLAIR_200_6002543,1,1,10.53949209359976
AXFLAIR,patch,dpmm_p64_t20,dpmm,top5,0,file_brain_AXFLAIR_201_6002878,0,1,10.916344275841347
AXFLAIR,patch,dpmm_p64_t20,dpmm,top5,0,file_brain_AXFLAIR_201_6002878,1,1,10.283909724308895
AXFLAIR,patch,dpmm_p64_t20,dpmm,top5,0,file_brain_AXFLAIR_201_6002878,2,1,9.221747765174278
AXFLAIR,patch,dpmm_p64_t20,dpmm,top5,0,file_brain_AXFLAIR_201_6002878,3,1,9.72268794133113
AXFLAIR,patch,dpmm_p64_t20,dpmm,top5,0,file_brain_AXFLAIR_201_6002878,4,1,9.729789147010216
AXFLAIR,patch,dpmm_p64_t20,dpmm,top5,0,file_brain_AXFLAIR_201_6002878,5,1,9.382100031926083
AXFLAIR,patch,dpmm_p64_t20,dpmm,top5,0,file_brain_AXFLAIR_201_6002878,6,1,9.643653869628906
AXFLAIR,patch,dpmm_p64_t20,dpmm,top5,0,file_brain_AXFLAIR_201_6002878,7,1,9.024328965407152
AXFLAIR,patch,dpmm_p64_t20,dpmm,top5,0,file_brain_AXFLAIR_201_6002878,8,1,9.65006080040565
AXFLAIR,patch,dpmm_p64_t20,dpmm,top5,0,file_brain_AXFLAIR_201_6002878,9,1,10.22619394155649
AXFLAIR,patch,dpmm_p64_t20,dpmm,top5,0,file_brain_AXFLAIR_201_6002878,10,1,9.92156512920673
AXFLAIR,patch,dpmm_p64_t20,dpmm,top5,0,file_brain_AXFLAIR_201_6002878,11,1,9.108793405386118
AXFLAIR,patch,dpmm_p64_t20,dpmm,top5,0,file_brain_AXFLAIR_201_6002878,12,1,10.467386099008413
AXFLAIR,patch,dpmm_p64_t20,dpmm,top5,0,file_brain_AXFLAIR_201_6002878,13,1,9.683384821965145
AXFLAIR,patch,dpmm_p64_t50,dpmm,top5,0,file_brain_AXFLAIR_210_6001917,4,0,9.967274592472958
AXFLAIR,patch,dpmm_p64_t50,dpmm,top5,0,file_brain_AXFLAIR_202_6000543,11,0,9.370557344876802
AXFLAIR,patch,dpmm_p64_t50,dpmm,top5,0,file_brain_AXFLAIR_210_6001499,4,0,9.089274479792667
AXFLAIR,patch,dpmm_p64_t50,dpmm,top5,0,file_brain_AXFLAIR_201_6002993,7,0,9.376595130333534
AXFLAIR,patch,dpmm_p64_t50,dpmm,top5,0,file_brain_AXFLAIR_202_6000543,5,0,9.55572979266827
AXFLAIR,patch,dpmm_p64_t50,dpmm,top5,0,file_brain_AXFLAIR_202_6000539,7,0,9.39991701566256
AXFLAIR,patch,dpmm_p64_t50,dpmm,top5,0,file_brain_AXFLAIR_202_6000483,5,0,10.11822509765625
AXFLAIR,patch,dpmm_p64_t50,dpmm,top5,0,file_brain_AXFLAIR_200_6002442,6,0,9.826075040377104
AXFLAIR,patch,dpmm_p64_t50,dpmm,top5,0,file_brain_AXFLAIR_202_6000483,6,0,9.829397348257212
AXFLAIR,patch,dpmm_p64_t50,dpmm,top5,0,file_brain_AXFLAIR_200_6002442,12,0,9.372151888333834
AXFLAIR,patch,dpmm_p64_t50,dpmm,top5,0,file_brain_AXFLAIR_202_6000531,10,0,9.390128502478966
AXFLAIR,patch,dpmm_p64_t50,dpmm,top5,0,file_brain_AXFLAIR_203_6000942,10,0,9.220762986403246
AXFLAIR,patch,dpmm_p64_t50,dpmm,top5,0,file_brain_AXFLAIR_203_6000912,4,0,9.283027062049278
AXFLAIR,patch,dpmm_p64_t50,dpmm,top5,0,file_brain_AXFLAIR_201_6002914,7,0,10.644177950345552
AXFLAIR,patch,dpmm_p64_t50,dpmm,top5,0,file_brain_AXFLAIR_200_6002543,4,0,9.91330308180589
AXFLAIR,patch,dpmm_p64_t50,dpmm,top5,0,file_brain_AXFLAIR_210_6001513,5,0,9.606973501352163
AXFLAIR,patch,dpmm_p64_t50,dpmm,top5,0,file_brain_AXFLAIR_209_6001397,12,0,9.511652432955229
AXFLAIR,patch,dpmm_p64_t50,dpmm,top5,0,file_brain_AXFLAIR_200_6002641,11,0,9.514366736778847
AXFLAIR,patch,dpmm_p64_t50,dpmm,top5,0,file_brain_AXFLAIR_203_6000942,11,0,9.27816420335036
AXFLAIR,patch,dpmm_p64_t50,dpmm,top5,0,file_brain_AXFLAIR_201_6002993,5,0,9.37884990985577
AXFLAIR,patch,dpmm_p64_t50,dpmm,top5,0,file_brain_AXFLAIR_200_6002595,7,0,10.11441157414363
AXFLAIR,patch,dpmm_p64_t50,dpmm,top5,0,file_brain_AXFLAIR_202_6000511,11,0,9.23030794583834
AXFLAIR,patch,dpmm_p64_t50,dpmm,top5,0,file_brain_AXFLAIR_201_6002914,10,0,10.697101299579327
AXFLAIR,patch,dpmm_p64_t50,dpmm,top5,0,file_brain_AXFLAIR_203_6000912,11,0,10.616039569561298
AXFLAIR,patch,dpmm_p64_t50,dpmm,top5,0,file_brain_AXFLAIR_210_6001953,6,0,9.173170823317308
AXFLAIR,patch,dpmm_p64_t50,dpmm,top5,0,file_brain_AXFLAIR_210_6001917,6,0,10.348334679236778
AXFLAIR,patch,dpmm_p64_t50,dpmm,top5,0,file_brain_AXFLAIR_200_6002442,9,0,9.30027594933143
AXFLAIR,patch,dpmm_p64_t50,dpmm,top5,0,file_brain_AXFLAIR_210_6001953,9,0,9.27847407414363
AXFLAIR,patch,dpmm_p64_t50,dpmm,top5,0,file_brain_AXFLAIR_200_6002442,5,0,9.601132319523739
AXFLAIR,patch,dpmm_p64_t50,dpmm,top5,0,file_brain_AXFLAIR_200_6002442,10,0,9.275755075307993
AXFLAIR,patch,dpmm_p64_t50,dpmm,top5,0,file_brain_AXFLAIR_202_6000531,9,0,10.03763169508714
AXFLAIR,patch,dpmm_p64_t50,dpmm,top5,0,file_brain_AXFLAIR_201_6002914,8,0,8.85470228928786
AXFLAIR,patch,dpmm_p64_t50,dpmm,top5,0,file_brain_AXFLAIR_202_6000474,6,0,10.012932410606972
AXFLAIR,patch,dpmm_p64_t50,dpmm,top5,0,file_brain_AXFLAIR_201_6002941,9,0,9.694466224083534
AXFLAIR,patch,dpmm_p64_t50,dpmm,top5,0,file_brain_AXFLAIR_210_6001499,11,0,9.657078669621395
AXFLAIR,patch,dpmm_p64_t50,dpmm,top5,0,file_brain_AXFLAIR_202_6000539,5,0,9.802136934720552
AXFLAIR,patch,dpmm_p64_t50,dpmm,top5,0,file_brain_AXFLAIR_202_6000474,5,0,9.348338200495792
AXFLAIR,patch,dpmm_p64_t50,dpmm,top5,0,file_brain_AXFLAIR_209_6001377,10,0,10.182565542367788
AXFLAIR,patch,dpmm_p64_t50,dpmm,top5,0,file_brain_AXFLAIR_200_6002595,9,0,9.263128427358774
AXFLAIR,patch,dpmm_p64_t50,dpmm,top5,0,file_brain_AXFLAIR_201_6002993,11,0,9.040814913236177
AXFLAIR,patch,dpmm_p64_t50,dpmm,top5,0,file_brain_AXFLAIR_202_6000557,9,0,9.427676861102764
AXFLAIR,patch,dpmm_p64_t50,dpmm,top5,0,file_brain_AXFLAIR_210_6001513,4,0,9.838616004356972
AXFLAIR,patch,dpmm_p64_t50,dpmm,top5,0,file_brain_AXFLAIR_201_6002941,8,0,9.143814086914062
AXFLAIR,patch,dpmm_p64_t50,dpmm,top5,0,file_brain_AXFLAIR_203_6000912,6,0,9.881099994365986
AXFLAIR,patch,dpmm_p64_t50,dpmm,top5,0,file_brain_AXFLAIR_201_6002914,12,0,9.414359459510216
AXFLAIR,patch,dpmm_p64_t50,dpmm,top5,0,file_brain_AXFLAIR_209_6001377,11,0,9.247741112342247
AXFLAIR,patch,dpmm_p64_t50,dpmm,top5,0,file_brain_AXFLAIR_210_6001499,5,0,8.84164076585036
AXFLAIR,patch,dpmm_p64_t50,dpmm,top5,0,file_brain_AXFLAIR_202_6000557,6,0,9.941126896784855
AXFLAIR,patch,dpmm_p64_t50,dpmm,top5,0,file_brain_AXFLAIR_202_6000557,10,0,9.278323833759014
AXFLAIR,patch,dpmm_p64_t50,dpmm,top5,0,file_brain_AXFLAIR_202_6000543,4,0,9.32391122671274
AXFLAIR,patch,dpmm_p64_t50,dpmm,top5,0,file_brain_AXFLAIR_202_6000531,7,0,8.98663095327524
AXFLAIR,patch,dpmm_p64_t50,dpmm,top5,0,file_brain_AXFLAIR_200_6002595,10,0,10.5702878511869
AXFLAIR,patch,dpmm_p64_t50,dpmm,top5,0,file_brain_AXFLAIR_201_6002914,5,0,9.104158254770132
AXFLAIR,patch,dpmm_p64_t50,dpmm,top5,0,file_brain_AXFLAIR_202_6000531,4,0,9.928903432992788
AXFLAIR,patch,dpmm_p64_t50,dpmm,top5,0,file_brain_AXFLAIR_210_6001513,6,0,9.460795475886417
AXFLAIR,patch,dpmm_p64_t50,dpmm,top5,0,file_brain_AXFLAIR_200_6002442,11,0,9.831331693209135
AXFLAIR,patch,dpmm_p64_t50,dpmm,top5,0,file_brain_AXFLAIR_209_6001377,8,0,9.700735238882212
AXFLAIR,patch,dpmm_p64_t50,dpmm,top5,0,file_brain_AXFLAIR_202_6000483,7,0,9.3743896484375
AXFLAIR,patch,dpmm_p64_t50,dpmm,top5,0,file_brain_AXFLAIR_202_6000543,9,0,9.0567626953125
AXFLAIR,patch,dpmm_p64_t50,dpmm,top5,0,file_brain_AXFLAIR_203_6000898,10,0,9.380325317382812
AXFLAIR,patch,dpmm_p64_t50,dpmm,top5,0,file_brain_AXFLAIR_203_6000912,12,0,9.34517610990084
AXFLAIR,patch,dpmm_p64_t50,dpmm,top5,0,file_brain_AXFLAIR_202_6000511,7,0,9.230714651254507
AXFLAIR,patch,dpmm_p64_t50,dpmm,top5,0,file_brain_AXFLAIR_201_6003024,5,0,9.91943828876202
AXFLAIR,patch,dpmm_p64_t50,dpmm,top5,0,file_brain_AXFLAIR_201_6003018,12,0,10.726170466496395
AXFLAIR,patch,dpmm_p64_t50,dpmm,top5,0,file_brain_AXFLAIR_210_6001901,7,0,9.314623319185698
AXFLAIR,patch,dpmm_p64_t50,dpmm,top5,0,file_brain_AXFLAIR_203_6000898,12,0,8.980887779822716
AXFLAIR,patch,dpmm_p64_t50,dpmm,top5,0,file_brain_AXFLAIR_202_6000483,11,0,8.888365525465746
AXFLAIR,patch,dpmm_p64_t50,dpmm,top5,0,file_brain_AXFLAIR_210_6001917,10,0,9.060435368464542
AXFLAIR,patch,dpmm_p64_t50,dpmm,top5,0,file_brain_AXFLAIR_201_6002914,11,0,9.335736201359676
AXFLAIR,patch,dpmm_p64_t50,dpmm,top5,0,file_brain_AXFLAIR_202_6000483,8,0,8.80654555100661
AXFLAIR,patch,dpmm_p64_t50,dpmm,top5,0,file_brain_AXFLAIR_201_6002941,11,0,9.002598689152645
AXFLAIR,patch,dpmm_p64_t50,dpmm,top5,0,file_brain_AXFLAIR_210_6001917,11,0,9.691141568697416
AXFLAIR,patch,dpmm_p64_t50,dpmm,top5,0,file_brain_AXFLAIR_201_6002993,10,0,9.335376446063702
AXFLAIR,patch,dpmm_p64_t50,dpmm,top5,0,file_brain_AXFLAIR_202_6000539,9,0,9.12445303109976
AXFLAIR,patch,dpmm_p64_t50,dpmm,top5,0,file_brain_AXFLAIR_203_6000942,7,0,9.919175368088942
AXFLAIR,patch,dpmm_p64_t50,dpmm,top5,0,file_brain_AXFLAIR_209_6001377,12,0,10.131484985351562
AXFLAIR,patch,dpmm_p64_t50,dpmm,top5,0,file_brain_AXFLAIR_201_6003024,10,0,9.311991764948917
AXFLAIR,patch,dpmm_p64_t50,dpmm,top5,0,file_brain_AXFLAIR_200_6002543,8,0,9.29256380521334
AXFLAIR,patch,dpmm_p64_t50,dpmm,top5,0,file_brain_AXFLAIR_202_6000531,6,0,9.464014493502104
AXFLAIR,patch,dpmm_p64_t50,dpmm,top5,0,file_brain_AXFLAIR_201_6003003,0,1,9.734832763671875
AXFLAIR,patch,dpmm_p64_t50,dpmm,top5,0,file_brain_AXFLAIR_201_6003003,1,1,9.44760014460637
AXFLAIR,patch,dpmm_p64_t50,dpmm,top5,0,file_brain_AXFLAIR_201_6003003,2,1,9.468335665189302
AXFLAIR,patch,dpmm_p64_t50,dpmm,top5,0,file_brain_AXFLAIR_201_6003003,3,1,9.571761498084435
AXFLAIR,patch,dpmm_p64_t50,dpmm,top5,0,file_brain_AXFLAIR_201_6003003,4,1,9.125218318058895
AXFLAIR,patch,dpmm_p64_t50,dpmm,top5,0,file_brain_AXFLAIR_201_6003003,5,1,9.016287583571215
AXFLAIR,patch,dpmm_p64_t50,dpmm,top5,0,file_brain_AXFLAIR_201_6003003,6,1,9.057256258451021
AXFLAIR,patch,dpmm_p64_t50,dpmm,top5,0,file_brain_AXFLAIR_201_6003003,7,1,9.501483036921574
AXFLAIR,patch,dpmm_p64_t50,dpmm,top5,0,file_brain_AXFLAIR_201_6003003,8,1,8.894195556640625
AXFLAIR,patch,dpmm_p64_t50,dpmm,top5,0,file_brain_AXFLAIR_201_6003003,9,1,9.264593857985277
AXFLAIR,patch,dpmm_p64_t50,dpmm,top5,0,file_brain_AXFLAIR_201_6003003,10,1,8.652037400465746
AXFLAIR,patch,dpmm_p64_t50,dpmm,top5,0,file_brain_AXFLAIR_201_6002972,0,1,9.95284916804387
AXFLAIR,patch,dpmm_p64_t50,dpmm,top5,0,file_brain_AXFLAIR_201_6002972,1,1,10.448530930739183
AXFLAIR,patch,dpmm_p64_t50,dpmm,top5,0,file_brain_AXFLAIR_201_6002972,2,1,10.439216026893028
AXFLAIR,patch,dpmm_p64_t50,dpmm,top5,0,file_brain_AXFLAIR_201_6002972,3,1,9.955425555889423
AXFLAIR,patch,dpmm_p64_t50,dpmm,top5,0,file_brain_AXFLAIR_201_6002972,4,1,10.017630943885216
AXFLAIR,patch,dpmm_p64_t50,dpmm,top5,0,file_brain_AXFLAIR_201_6002972,5,1,10.11751497708834
AXFLAIR,patch,dpmm_p64_t50,dpmm,top5,0,file_brain_AXFLAIR_201_6002972,6,1,9.969388521634615
AXFLAIR,patch,dpmm_p64_t50,dpmm,top5,0,file_brain_AXFLAIR_201_6002972,7,1,10.113785963792067
AXFLAIR,patch,dpmm_p64_t50,dpmm,top5,0,file_brain_AXFLAIR_201_6002972,8,1,9.800214327298677
AXFLAIR,patch,dpmm_p64_t50,dpmm,top5,0,file_brain_AXFLAIR_201_6002972,9,1,9.636206993689903
AXFLAIR,patch,dpmm_p64_t50,dpmm,top5,0,file_brain_AXFLAIR_201_6002972,10,1,10.216160700871395
AXFLAIR,patch,dpmm_p64_t50,dpmm,top5,0,file_brain_AXFLAIR_201_6002972,11,1,9.885385366586538
AXFLAIR,patch,dpmm_p64_t50,dpmm,top5,0,file_brain_AXFLAIR_201_6002972,12,1,9.67608877328726
AXFLAIR,patch,dpmm_p64_t50,dpmm,top5,0,file_brain_AXFLAIR_201_6002941,0,1,9.492983891413761
AXFLAIR,patch,dpmm_p64_t50,dpmm,top5,0,file_brain_AXFLAIR_201_6002941,1,1,9.049804100623497
AXFLAIR,patch,dpmm_p64_t50,dpmm,top5,0,file_brain_AXFLAIR_201_6002941,2,1,9.337986872746395
AXFLAIR,patch,dpmm_p64_t50,dpmm,top5,0,file_brain_AXFLAIR_201_6002941,3,1,9.11696566068209
AXFLAIR,patch,dpmm_p64_t50,dpmm,top5,0,file_brain_AXFLAIR_201_6002941,4,1,9.408643869253305
AXFLAIR,patch,dpmm_p64_t50,dpmm,top5,0,file_brain_AXFLAIR_201_6002941,5,1,9.020703829251802
AXFLAIR,patch,dpmm_p64_t50,dpmm,top5,0,file_brain_AXFLAIR_202_6000508,1,1,10.111379770132212
AXFLAIR,patch,dpmm_p64_t50,dpmm,top5,0,file_brain_AXFLAIR_202_6000508,2,1,10.367794330303486
AXFLAIR,patch,dpmm_p64_t50,dpmm,top5,0,file_brain_AXFLAIR_202_6000508,3,1,10.246076143704927
AXFLAIR,patch,dpmm_p64_t50,dpmm,top5,0,file_brain_AXFLAIR_202_6000508,4,1,9.91036635178786
AXFLAIR,patch,dpmm_p64_t50,dpmm,top5,0,file_brain_AXFLAIR_202_6000508,5,1,9.853702251727764
AXFLAIR,patch,dpmm_p64_t50,dpmm,top5,0,file_brain_AXFLAIR_202_6000508,6,1,9.99506084735577
AXFLAIR,patch,dpmm_p64_t50,dpmm,top5,0,file_brain_AXFLAIR_202_6000508,7,1,9.856523953951323
AXFLAIR,patch,dpmm_p64_t50,dpmm,top5,0,file_brain_AXFLAIR_202_6000508,8,1,9.815572885366587
AXFLAIR,patch,dpmm_p64_t50,dpmm,top5,0,file_brain_AXFLAIR_202_6000508,9,1,9.79873539851262
AXFLAIR,patch,dpmm_p64_t50,dpmm,top5,0,file_brain_AXFLAIR_202_6000508,10,1,9.977074256310097
AXFLAIR,patch,dpmm_p64_t50,dpmm,top5,0,file_brain_AXFLAIR_202_6000508,11,1,10.220740685096153
AXFLAIR,patch,dpmm_p64_t50,dpmm,top5,0,file_brain_AXFLAIR_202_6000508,12,1,10.516222440279448
AXFLAIR,patch,dpmm_p64_t50,dpmm,top5,0,file_brain_AXFLAIR_202_6000508,13,1,10.175246018629808
AXFLAIR,patch,dpmm_p64_t50,dpmm,top5,0,file_brain_AXFLAIR_200_6002641,3,1,9.41656494140625
AXFLAIR,patch,dpmm_p64_t50,dpmm,top5,0,file_brain_AXFLAIR_200_6002641,7,1,8.830316396859976
AXFLAIR,patch,dpmm_p64_t50,dpmm,top5,0,file_brain_AXFLAIR_200_6002641,8,1,8.792164729191708
AXFLAIR,patch,dpmm_p64_t50,dpmm,top5,0,file_brain_AXFLAIR_201_6003008,0,1,10.258074246920073
AXFLAIR,patch,dpmm_p64_t50,dpmm,top5,0,file_brain_AXFLAIR_201_6003008,1,1,10.032122098482573
AXFLAIR,patch,dpmm_p64_t50,dpmm,top5,0,file_brain_AXFLAIR_201_6003008,2,1,10.016804621769833
AXFLAIR,patch,dpmm_p64_t50,dpmm,top5,0,file_brain_AXFLAIR_201_6003008,3,1,10.051229623647837
AXFLAIR,patch,dpmm_p64_t50,dpmm,top5,0,file_brain_AXFLAIR_201_6003008,4,1,10.137256328876202
AXFLAIR,patch,dpmm_p64_t50,dpmm,top5,0,file_brain_AXFLAIR_201_6003008,5,1,10.08614525428185
AXFLAIR,patch,dpmm_p64_t50,dpmm,top5,0,file_brain_AXFLAIR_201_6003008,6,1,9.829338073730469
AXFLAIR,patch,dpmm_p64_t50,dpmm,top5,0,file_brain_AXFLAIR_201_6003008,7,1,9.841244037334736
AXFLAIR,patch,dpmm_p64_t50,dpmm,top5,0,file_brain_AXFLAIR_201_6003008,8,1,9.650147658128004
AXFLAIR,patch,dpmm_p64_t50,dpmm,top5,0,file_brain_AXFLAIR_201_6003008,9,1,9.770376352163462
AXFLAIR,patch,dpmm_p64_t50,dpmm,top5,0,file_brain_AXFLAIR_201_6003008,10,1,9.139106163611778
AXFLAIR,patch,dpmm_p64_t50,dpmm,top5,0,file_brain_AXFLAIR_201_6003008,11,1,9.061139033390926
AXFLAIR,patch,dpmm_p64_t50,dpmm,top5,0,file_brain_AXFLAIR_201_6003008,12,1,9.30250490628756
AXFLAIR,patch,dpmm_p64_t50,dpmm,top5,0,file_brain_AXFLAIR_201_6003008,13,1,9.26947256234976
AXFLAIR,patch,dpmm_p64_t50,dpmm,top5,0,file_brain_AXFLAIR_201_6002914,0,1,9.69864243727464
AXFLAIR,patch,dpmm_p64_t50,dpmm,top5,0,file_brain_AXFLAIR_201_6002914,1,1,10.088883620042067
AXFLAIR,patch,dpmm_p64_t50,dpmm,top5,0,file_brain_AXFLAIR_201_6002914,2,1,9.761583768404448
AXFLAIR,patch,dpmm_p64_t50,dpmm,top5,0,file_brain_AXFLAIR_201_6002914,3,1,9.941434420072115
AXFLAIR,patch,dpmm_p64_t50,dpmm,top5,0,file_brain_AXFLAIR_201_6002914,6,1,9.124222975510817
AXFLAIR,patch,dpmm_p64_t50,dpmm,top5,0,file_brain_AXFLAIR_202_6000421,0,1,10.125199538010817
AXFLAIR,patch,dpmm_p64_t50,dpmm,top5,0,file_brain_AXFLAIR_202_6000421,1,1,9.943291297325722
AXFLAIR,patch,dpmm_p64_t50,dpmm,top5,0,file_brain_AXFLAIR_202_6000421,2,1,9.43446760911208
AXFLAIR,patch,dpmm_p64_t50,dpmm,top5,0,file_brain_AXFLAIR_202_6000421,3,1,9.78456819974459
AXFLAIR,patch,dpmm_p64_t50,dpmm,top5,0,file_brain_AXFLAIR_202_6000421,4,1,9.351068349984976
AXFLAIR,patch,dpmm_p64_t50,dpmm,top5,0,file_brain_AXFLAIR_202_6000421,5,1,9.561801030085636
AXFLAIR,patch,dpmm_p64_t50,dpmm,top5,0,file_brain_AXFLAIR_202_6000421,6,1,9.673279982346754
AXFLAIR,patch,dpmm_p64_t50,dpmm,top5,0,file_brain_AXFLAIR_202_6000421,7,1,9.558586707481972
AXFLAIR,patch,dpmm_p64_t50,dpmm,top5,0,file_brain_AXFLAIR_202_6000421,8,1,9.674466059758114
AXFLAIR,patch,dpmm_p64_t50,dpmm,top5,0,file_brain_AXFLAIR_202_6000421,9,1,9.672679607684795
AXFLAIR,patch,dpmm_p64_t50,dpmm,top5,0,file_brain_AXFLAIR_202_6000421,10,1,9.484271709735577
AXFLAIR,patch,dpmm_p64_t50,dpmm,top5,0,file_brain_AXFLAIR_202_6000421,11,1,9.405645517202524
AXFLAIR,patch,dpmm_p64_t50,dpmm,top5,0,file_brain_AXFLAIR_202_6000421,12,1,9.709118182842548
AXFLAIR,patch,dpmm_p64_t50,dpmm,top5,0,file_brain_AXFLAIR_202_6000421,13,1,9.955406775841347
AXFLAIR,patch,dpmm_p64_t50,dpmm,top5,0,file_brain_AXFLAIR_202_6000421,14,1,10.139290442833534
AXFLAIR,patch,dpmm_p64_t50,dpmm,top5,0,file_brain_AXFLAIR_201_6002960,0,1,9.69259056678185
AXFLAIR,patch,dpmm_p64_t50,dpmm,top5,0,file_brain_AXFLAIR_201_6002960,1,1,9.510414123535156
AXFLAIR,patch,dpmm_p64_t50,dpmm,top5,0,file_brain_AXFLAIR_201_6002960,2,1,9.612907409667969
AXFLAIR,patch,dpmm_p64_t50,dpmm,top5,0,file_brain_AXFLAIR_201_6002960,3,1,9.411575317382812
AXFLAIR,patch,dpmm_p64_t50,dpmm,top5,0,file_brain_AXFLAIR_201_6002960,4,1,9.669520451472355
AXFLAIR,patch,dpmm_p64_t50,dpmm,top5,0,file_brain_AXFLAIR_201_6002960,5,1,9.363518934983473
AXFLAIR,patch,dpmm_p64_t50,dpmm,top5,0,file_brain_AXFLAIR_201_6002960,6,1,9.31826899601863
AXFLAIR,patch,dpmm_p64_t50,dpmm,top5,0,file_brain_AXFLAIR_201_6002960,7,1,9.445058969350962
AXFLAIR,patch,dpmm_p64_t50,dpmm,top5,0,file_brain_AXFLAIR_201_6002960,8,1,9.455979567307692
AXFLAIR,patch,dpmm_p64_t50,dpmm,top5,0,file_brain_AXFLAIR_201_6002960,9,1,9.19937720665565
AXFLAIR,patch,dpmm_p64_t50,dpmm,top5,0,file_brain_AXFLAIR_203_6000875,0,1,9.524545522836538
AXFLAIR,patch,dpmm_p64_t50,dpmm,top5,0,file_brain_AXFLAIR_203_6000875,1,1,9.74955045259916
AXFLAIR,patch,dpmm_p64_t50,dpmm,top5,0,file_brain_AXFLAIR_203_6000875,2,1,9.664807833158052
AXFLAIR,patch,dpmm_p64_t50,dpmm,top5,0,file_brain_AXFLAIR_203_6000875,3,1,9.4640139066256
AXFLAIR,patch,dpmm_p64_t50,dpmm,top5,0,file_brain_AXFLAIR_203_6000875,4,1,9.706127460186298
AXFLAIR,patch,dpmm_p64_t50,dpmm,top5,0,file_brain_AXFLAIR_203_6000875,5,1,9.807751582219051
AXFLAIR,patch,dpmm_p64_t50,dpmm,top5,0,file_brain_AXFLAIR_203_6000875,6,1,9.372135455791767
AXFLAIR,patch,dpmm_p64_t50,dpmm,top5,0,file_brain_AXFLAIR_203_6000875,7,1,9.146476745605469
AXFLAIR,patch,dpmm_p64_t50,dpmm,top5,0,file_brain_AXFLAIR_203_6000875,8,1,10.63262469951923
AXFLAIR,patch,dpmm_p64_t50,dpmm,top5,0,file_brain_AXFLAIR_203_6000875,9,1,9.591842651367188
AXFLAIR,patch,dpmm_p64_t50,dpmm,top5,0,file_brain_AXFLAIR_203_6000875,10,1,9.516905564528246
AXFLAIR,patch,dpmm_p64_t50,dpmm,top5,0,file_brain_AXFLAIR_203_6000875,11,1,9.210745004507212
AXFLAIR,patch,dpmm_p64_t50,dpmm,top5,0,file_brain_AXFLAIR_203_6000875,12,1,9.51119642991286
AXFLAIR,patch,dpmm_p64_t50,dpmm,top5,0,file_brain_AXFLAIR_203_6000875,13,1,9.354329035832333
AXFLAIR,patch,dpmm_p64_t50,dpmm,top5,0,file_brain_AXFLAIR_203_6000875,14,1,9.803341205303486
AXFLAIR,patch,dpmm_p64_t50,dpmm,top5,0,file_brain_AXFLAIR_203_6000875,15,1,9.63018329326923
AXFLAIR,patch,dpmm_p64_t50,dpmm,top5,0,file_brain_AXFLAIR_210_6001953,10,1,9.358631427471455
AXFLAIR,patch,dpmm_p64_t50,dpmm,top5,0,file_brain_AXFLAIR_201_6003018,0,1,10.647120549128605
AXFLAIR,patch,dpmm_p64_t50,dpmm,top5,0,file_brain_AXFLAIR_201_6003018,1,1,10.552588829627403
AXFLAIR,patch,dpmm_p64_t50,dpmm,top5,0,file_brain_AXFLAIR_201_6003018,2,1,9.91634544959435
AXFLAIR,patch,dpmm_p64_t50,dpmm,top5,0,file_brain_AXFLAIR_201_6003018,3,1,10.793718778170073
AXFLAIR,patch,dpmm_p64_t50,dpmm,top5,0,file_brain_AXFLAIR_201_6003018,4,1,9.941908616286058
AXFLAIR,patch,dpmm_p64_t50,dpmm,top5,0,file_brain_AXFLAIR_201_6003018,5,1,9.729828467735878
AXFLAIR,patch,dpmm_p64_t50,dpmm,top5,0,file_brain_AXFLAIR_201_6003018,6,1,9.806576068584736
AXFLAIR,patch,dpmm_p64_t50,dpmm,top5,0,file_brain_AXFLAIR_201_6003018,7,1,9.312181912935698
AXFLAIR,patch,dpmm_p64_t50,dpmm,top5,0,file_brain_AXFLAIR_201_6003018,8,1,10.106397188626802
AXFLAIR,patch,dpmm_p64_t50,dpmm,top5,0,file_brain_AXFLAIR_200_6002595,2,1,9.881357046274038
AXFLAIR,patch,dpmm_p64_t50,dpmm,top5,0,file_brain_AXFLAIR_200_6002595,3,1,9.833470271183895
AXFLAIR,patch,dpmm_p64_t50,dpmm,top5,0,file_brain_AXFLAIR_200_6002595,4,1,9.861886831430288
AXFLAIR,patch,dpmm_p64_t50,dpmm,top5,0,file_brain_AXFLAIR_200_6002595,5,1,9.35018099271334
AXFLAIR,patch,dpmm_p64_t50,dpmm,top5,0,file_brain_AXFLAIR_203_6000898,1,1,9.725781367375301
AXFLAIR,patch,dpmm_p64_t50,dpmm,top5,0,file_brain_AXFLAIR_203_6000898,2,1,9.833938598632812
AXFLAIR,patch,dpmm_p64_t50,dpmm,top5,0,file_brain_AXFLAIR_203_6000898,3,1,10.023716853215145
AXFLAIR,patch,dpmm_p64_t50,dpmm,top5,0,file_brain_AXFLAIR_203_6000898,5,1,10.14074472280649
AXFLAIR,patch,dpmm_p64_t50,dpmm,top5,0,file_brain_AXFLAIR_203_6000912,7,1,9.3009033203125
AXFLAIR,patch,dpmm_p64_t50,dpmm,top5,0,file_brain_AXFLAIR_203_6000912,8,1,9.425224304199219
AXFLAIR,patch,dpmm_p64_t50,dpmm,top5,0,file_brain_AXFLAIR_203_6000912,9,1,9.197112450232872
AXFLAIR,patch,dpmm_p64_t50,dpmm,top5,0,file_brain_AXFLAIR_202_6000511,0,1,9.808759249173677
AXFLAIR,patch,dpmm_p64_t50,dpmm,top5,0,file_brain_AXFLAIR_202_6000511,1,1,9.86139385516827
AXFLAIR,patch,dpmm_p64_t50,dpmm,top5,0,file_brain_AXFLAIR_202_6000557,0,1,10.302527794471153
AXFLAIR,patch,dpmm_p64_t50,dpmm,top5,0,file_brain_AXFLAIR_202_6000557,1,1,10.049605149489183
AXFLAIR,patch,dpmm_p64_t50,dpmm,top5,0,file_brain_AXFLAIR_202_6000557,2,1,10.171765840970552
AXFLAIR,patch,dpmm_p64_t50,dpmm,top5,0,file_brain_AXFLAIR_202_6000557,3,1,9.70786637526292
AXFLAIR,patch,dpmm_p64_t50,dpmm,top5,0,file_brain_AXFLAIR_202_6000557,4,1,10.153488159179688
AXFLAIR,patch,dpmm_p64_t50,dpmm,top5,0,file_brain_AXFLAIR_202_6000557,5,1,9.457649817833534
AXFLAIR,patch,dpmm_p64_t50,dpmm,top5,0,file_brain_AXFLAIR_210_6001901,0,1,9.987628643329327
AXFLAIR,patch,dpmm_p64_t50,dpmm,top5,0,file_brain_AXFLAIR_210_6001901,1,1,9.827185997596153
AXFLAIR,patch,dpmm_p64_t50,dpmm,top5,0,file_brain_AXFLAIR_210_6001901,2,1,10.07511197603666
AXFLAIR,patch,dpmm_p64_t50,dpmm,top5,0,file_brain_AXFLAIR_200_6002543,0,1,10.176685039813702
AXFLAIR,patch,dpmm_p64_t50,dpmm,top5,0,file_brain_AXFLAIR_200_6002543,1,1,10.194533128004808
AXFLAIR,patch,dpmm_p64_t50,dpmm,top5,0,file_brain_AXFLAIR_201_6002878,0,1,10.614971454326923
AXFLAIR,patch,dpmm_p64_t50,dpmm,top5,0,file_brain_AXFLAIR_201_6002878,1,1,10.03143310546875
AXFLAIR,patch,dpmm_p64_t50,dpmm,top5,0,file_brain_AXFLAIR_201_6002878,2,1,9.221601046048677
AXFLAIR,patch,dpmm_p64_t50,dpmm,top5,0,file_brain_AXFLAIR_201_6002878,3,1,9.67292726956881
AXFLAIR,patch,dpmm_p64_t50,dpmm,top5,0,file_brain_AXFLAIR_201_6002878,4,1,9.404100271371695
AXFLAIR,patch,dpmm_p64_t50,dpmm,top5,0,file_brain_AXFLAIR_201_6002878,5,1,9.276275634765625
AXFLAIR,patch,dpmm_p64_t50,dpmm,top5,0,file_brain_AXFLAIR_201_6002878,6,1,9.56378173828125
AXFLAIR,patch,dpmm_p64_t50,dpmm,top5,0,file_brain_AXFLAIR_201_6002878,7,1,9.30234586275541
AXFLAIR,patch,dpmm_p64_t50,dpmm,top5,0,file_brain_AXFLAIR_201_6002878,8,1,9.568341768704927
AXFLAIR,patch,dpmm_p64_t50,dpmm,top5,0,file_brain_AXFLAIR_201_6002878,9,1,9.679713909442608
AXFLAIR,patch,dpmm_p64_t50,dpmm,top5,0,file_brain_AXFLAIR_201_6002878,10,1,9.589216965895433
AXFLAIR,patch,dpmm_p64_t50,dpmm,top5,0,file_brain_AXFLAIR_201_6002878,11,1,9.077728271484375
AXFLAIR,patch,dpmm_p64_t50,dpmm,top5,0,file_brain_AXFLAIR_201_6002878,12,1,10.20690448467548
AXFLAIR,patch,dpmm_p64_t50,dpmm,top5,0,file_brain_AXFLAIR_201_6002878,13,1,9.93716313288762
AXFLAIR,patch,dpmm_p64_t100,dpmm,top5,0,file_brain_AXFLAIR_210_6001917,4,0,11.165924072265625
AXFLAIR,patch,dpmm_p64_t100,dpmm,top5,0,file_brain_AXFLAIR_202_6000543,11,0,10.745716975285458
AXFLAIR,patch,dpmm_p64_t100,dpmm,top5,0,file_brain_AXFLAIR_210_6001499,4,0,10.663202139047476
AXFLAIR,patch,dpmm_p64_t100,dpmm,top5,0,file_brain_AXFLAIR_201_6002993,7,0,11.125570443960337
AXFLAIR,patch,dpmm_p64_t100,dpmm,top5,0,file_brain_AXFLAIR_202_6000543,5,0,11.132854755108173
AXFLAIR,patch,dpmm_p64_t100,dpmm,top5,0,file_brain_AXFLAIR_202_6000539,7,0,10.650067842923677
AXFLAIR,patch,dpmm_p64_t100,dpmm,top5,0,file_brain_AXFLAIR_202_6000483,5,0,10.834702711838942
AXFLAIR,patch,dpmm_p64_t100,dpmm,top5,0,file_brain_AXFLAIR_200_6002442,6,0,11.561838003305288
AXFLAIR,patch,dpmm_p64_t100,dpmm,top5,0,file_brain_AXFLAIR_202_6000483,6,0,11.4261474609375
AXFLAIR,patch,dpmm_p64_t100,dpmm,top5,0,file_brain_AXFLAIR_200_6002442,12,0,11.271942138671875
AXFLAIR,patch,dpmm_p64_t100,dpmm,top5,0,file_brain_AXFLAIR_202_6000531,10,0,11.029799241286058
AXFLAIR,patch,dpmm_p64_t100,dpmm,top5,0,file_brain_AXFLAIR_203_6000942,10,0,11.167280930739183
AXFLAIR,patch,dpmm_p64_t100,dpmm,top5,0,file_brain_AXFLAIR_203_6000912,4,0,10.89108628493089
AXFLAIR,patch,dpmm_p64_t100,dpmm,top5,0,file_brain_AXFLAIR_201_6002914,7,0,11.291853684645433
AXFLAIR,patch,dpmm_p64_t100,dpmm,top5,0,file_brain_AXFLAIR_200_6002543,4,0,11.06661635178786
AXFLAIR,patch,dpmm_p64_t100,dpmm,top5,0,file_brain_AXFLAIR_210_6001513,5,0,11.32709209735577
AXFLAIR,patch,dpmm_p64_t100,dpmm,top5,0,file_brain_AXFLAIR_209_6001397,12,0,11.198651827298677
AXFLAIR,patch,dpmm_p64_t100,dpmm,top5,0,file_brain_AXFLAIR_200_6002641,11,0,11.396241408128004
AXFLAIR,patch,dpmm_p64_t100,dpmm,top5,0,file_brain_AXFLAIR_203_6000942,11,0,10.469571627103365
AXFLAIR,patch,dpmm_p64_t100,dpmm,top5,0,file_brain_AXFLAIR_201_6002993,5,0,11.725332406850962
AXFLAIR,patch,dpmm_p64_t100,dpmm,top5,0,file_brain_AXFLAIR_200_6002595,7,0,11.235569880558895
AXFLAIR,patch,dpmm_p64_t100,dpmm,top5,0,file_brain_AXFLAIR_202_6000511,11,0,10.70206040602464
AXFLAIR,patch,dpmm_p64_t100,dpmm,top5,0,file_brain_AXFLAIR_201_6002914,10,0,11.5210207425631
AXFLAIR,patch,dpmm_p64_t100,dpmm,top5,0,file_brain_AXFLAIR_203_6000912,11,0,11.700127234825722
AXFLAIR,patch,dpmm_p64_t100,dpmm,top5,0,file_brain_AXFLAIR_210_6001953,6,0,10.77974876990685
AXFLAIR,patch,dpmm_p64_t100,dpmm,top5,0,file_brain_AXFLAIR_210_6001917,6,0,11.79889385516827
AXFLAIR,patch,dpmm_p64_t100,dpmm,top5,0,file_brain_AXFLAIR_200_6002442,9,0,11.205925574669472
AXFLAIR,patch,dpmm_p64_t100,dpmm,top5,0,file_brain_AXFLAIR_210_6001953,9,0,10.711871807391827
AXFLAIR,patch,dpmm_p64_t100,dpmm,top5,0,file_brain_AXFLAIR_200_6002442,5,0,10.544751680814302
AXFLAIR,patch,dpmm_p64_t100,dpmm,top5,0,file_brain_AXFLAIR_200_6002442,10,0,10.710179255558895
AXFLAIR,patch,dpmm_p64_t100,dpmm,top5,0,file_brain_AXFLAIR_202_6000531,9,0,11.316659780649038
AXFLAIR,patch,dpmm_p64_t100,dpmm,top5,0,file_brain_AXFLAIR_201_6002914,8,0,10.145111083984375
AXFLAIR,patch,dpmm_p64_t100,dpmm,top5,0,file_brain_AXFLAIR_202_6000474,6,0,10.995490440955528
AXFLAIR,patch,dpmm_p64_t100,dpmm,top5,0,file_brain_AXFLAIR_201_6002941,9,0,11.336895282451923
AXFLAIR,patch,dpmm_p64_t100,dpmm,top5,0,file_brain_AXFLAIR_210_6001499,11,0,10.623087956355167
AXFLAIR,patch,dpmm_p64_t100,dpmm,top5,0,file_brain_AXFLAIR_202_6000539,5,0,11.427921001727764
AXFLAIR,patch,dpmm_p64_t100,dpmm,top5,0,file_brain_AXFLAIR_202_6000474,5,0,10.568311251126802
AXFLAIR,patch,dpmm_p64_t100,dpmm,top5,0,file_brain_AXFLAIR_209_6001377,10,0,11.616417518028847
AXFLAIR,patch,dpmm_p64_t100,dpmm,top5,0,file_brain_AXFLAIR_200_6002595,9,0,11.139371431790865
AXFLAIR,patch,dpmm_p64_t100,dpmm,top5,0,file_brain_AXFLAIR_201_6002993,11,0,10.791172907902645
AXFLAIR,patch,dpmm_p64_t100,dpmm,top5,0,file_brain_AXFLAIR_202_6000557,9,0,11.42145010141226
AXFLAIR,patch,dpmm_p64_t100,dpmm,top5,0,file_brain_AXFLAIR_210_6001513,4,0,10.664743276742788
AXFLAIR,patch,dpmm_p64_t100,dpmm,top5,0,file_brain_AXFLAIR_201_6002941,8,0,10.130018967848558
AXFLAIR,patch,dpmm_p64_t100,dpmm,top5,0,file_brain_AXFLAIR_203_6000912,6,0,10.73080796461839
AXFLAIR,patch,dpmm_p64_t100,dpmm,top5,0,file_brain_AXFLAIR_201_6002914,12,0,11.27618877704327
AXFLAIR,patch,dpmm_p64_t100,dpmm,top5,0,file_brain_AXFLAIR_209_6001377,11,0,10.629183255709135
AXFLAIR,patch,dpmm_p64_t100,dpmm,top5,0,file_brain_AXFLAIR_210_6001499,5,0,10.175577016977163
AXFLAIR,patch,dpmm_p64_t100,dpmm,top5,0,file_brain_AXFLAIR_202_6000557,6,0,11.322032048152042
AXFLAIR,patch,dpmm_p64_t100,dpmm,top5,0,file_brain_AXFLAIR_202_6000557,10,0,10.843183077298677
AXFLAIR,patch,dpmm_p64_t100,dpmm,top5,0,file_brain_AXFLAIR_202_6000543,4,0,11.040306678185097
AXFLAIR,patch,dpmm_p64_t100,dpmm,top5,0,file_brain_AXFLAIR_202_6000531,7,0,10.826242300180288
AXFLAIR,patch,dpmm_p64_t100,dpmm,top5,0,file_brain_AXFLAIR_200_6002595,10,0,11.734950138972355
AXFLAIR,patch,dpmm_p64_t100,dpmm,top5,0,file_brain_AXFLAIR_201_6002914,5,0,10.836806077223558
AXFLAIR,patch,dpmm_p64_t100,dpmm,top5,0,file_brain_AXFLAIR_202_6000531,4,0,11.85637958233173
AXFLAIR,patch,dpmm_p64_t100,dpmm,top5,0,file_brain_AXFLAIR_210_6001513,6,0,11.091578556941105
AXFLAIR,patch,dpmm_p64_t100,dpmm,top5,0,file_brain_AXFLAIR_200_6002442,11,0,11.786893404447115
AXFLAIR,patch,dpmm_p64_t100,dpmm,top5,0,file_brain_AXFLAIR_209_6001377,8,0,10.934251051682692
AXFLAIR,patch,dpmm_p64_t100,dpmm,top5,0,file_brain_AXFLAIR_202_6000483,7,0,10.695415790264423
AXFLAIR,patch,dpmm_p64_t100,dpmm,top5,0,file_brain_AXFLAIR_202_6000543,9,0,10.50567392202524
AXFLAIR,patch,dpmm_p64_t100,dpmm,top5,0,file_brain_AXFLAIR_203_6000898,10,0,11.12524883563702
AXFLAIR,patch,dpmm_p64_t100,dpmm,top5,0,file_brain_AXFLAIR_203_6000912,12,0,10.729084895207333
AXFLAIR,patch,dpmm_p64_t100,dpmm,top5,0,file_brain_AXFLAIR_202_6000511,7,0,11.468522291917067
AXFLAIR,patch,dpmm_p64_t100,dpmm,top5,0,file_brain_AXFLAIR_201_6003024,5,0,11.382216233473558
AXFLAIR,patch,dpmm_p64_t100,dpmm,top5,0,file_brain_AXFLAIR_201_6003018,12,0,11.570206862229567
AXFLAIR,patch,dpmm_p64_t100,dpmm,top5,0,file_brain_AXFLAIR_210_6001901,7,0,10.597299429086538
AXFLAIR,patch,dpmm_p64_t100,dpmm,top5,0,file_brain_AXFLAIR_203_6000898,12,0,10.781203049879808
AXFLAIR,patch,dpmm_p64_t100,dpmm,top5,0,file_brain_AXFLAIR_202_6000483,11,0,10.808032696063702
AXFLAIR,patch,dpmm_p64_t100,dpmm,top5,0,file_brain_AXFLAIR_210_6001917,10,0,11.162745549128605
AXFLAIR,patch,dpmm_p64_t100,dpmm,top5,0,file_brain_AXFLAIR_201_6002914,11,0,10.934847318209135
AXFLAIR,patch,dpmm_p64_t100,dpmm,top5,0,file_brain_AXFLAIR_202_6000483,8,0,10.309485802283653
AXFLAIR,patch,dpmm_p64_t100,dpmm,top5,0,file_brain_AXFLAIR_201_6002941,11,0,10.740863506610577
AXFLAIR,patch,dpmm_p64_t100,dpmm,top5,0,file_brain_AXFLAIR_210_6001917,11,0,11.0087890625
AXFLAIR,patch,dpmm_p64_t100,dpmm,top5,0,file_brain_AXFLAIR_201_6002993,10,0,10.865377572866587
AXFLAIR,patch,dpmm_p64_t100,dpmm,top5,0,file_brain_AXFLAIR_202_6000539,9,0,10.96100323016827
AXFLAIR,patch,dpmm_p64_t100,dpmm,top5,0,file_brain_AXFLAIR_203_6000942,7,0,11.48922142615685
AXFLAIR,patch,dpmm_p64_t100,dpmm,top5,0,file_brain_AXFLAIR_209_6001377,12,0,11.214630126953125
AXFLAIR,patch,dpmm_p64_t100,dpmm,top5,0,file_brain_AXFLAIR_201_6003024,10,0,11.192432110126202
AXFLAIR,patch,dpmm_p64_t100,dpmm,top5,0,file_brain_AXFLAIR_200_6002543,8,0,11.284953190730167
AXFLAIR,patch,dpmm_p64_t100,dpmm,top5,0,file_brain_AXFLAIR_202_6000531,6,0,10.87195293719952
AXFLAIR,patch,dpmm_p64_t100,dpmm,top5,0,file_brain_AXFLAIR_201_6003003,0,1,10.817855834960938
AXFLAIR,patch,dpmm_p64_t100,dpmm,top5,0,file_brain_AXFLAIR_201_6003003,1,1,10.925281231219952
AXFLAIR,patch,dpmm_p64_t100,dpmm,top5,0,file_brain_AXFLAIR_201_6003003,2,1,10.667900672325722
AXFLAIR,patch,dpmm_p64_t100,dpmm,top5,0,file_brain_AXFLAIR_201_6003003,3,1,11.21539541391226
AXFLAIR,patch,dpmm_p64_t100,dpmm,top5,0,file_brain_AXFLAIR_201_6003003,4,1,10.578690748948317
AXFLAIR,patch,dpmm_p64_t100,dpmm,top5,0,file_brain_AXFLAIR_201_6003003,5,1,10.296709500826323
AXFLAIR,patch,dpmm_p64_t100,dpmm,top5,0,file_brain_AXFLAIR_201_6003003,6,1,10.80275667630709
AXFLAIR,patch,dpmm_p64_t100,dpmm,top5,0,file_brain_AXFLAIR_201_6003003,7,1,10.625967172475962
AXFLAIR,patch,dpmm_p64_t100,dpmm,top5,0,file_brain_AXFLAIR_201_6003003,8,1,10.338155893179087
AXFLAIR,patch,dpmm_p64_t100,dpmm,top5,0,file_brain_AXFLAIR_201_6003003,9,1,10.77664301945613
AXFLAIR,patch,dpmm_p64_t100,dpmm,top5,0,file_brain_AXFLAIR_201_6003003,10,1,10.43847891000601
AXFLAIR,patch,dpmm_p64_t100,dpmm,top5,0,file_brain_AXFLAIR_201_6002972,0,1,11.524068979116587
AXFLAIR,patch,dpmm_p64_t100,dpmm,top5,0,file_brain_AXFLAIR_201_6002972,1,1,11.440016526442308
AXFLAIR,patch,dpmm_p64_t100,dpmm,top5,0,file_brain_AXFLAIR_201_6002972,2,1,11.088491586538462
AXFLAIR,patch,dpmm_p64_t100,dpmm,top5,0,file_brain_AXFLAIR_201_6002972,3,1,11.10488069974459
AXFLAIR,patch,dpmm_p64_t100,dpmm,top5,0,file_brain_AXFLAIR_201_6002972,4,1,10.771568885216347
AXFLAIR,patch,dpmm_p64_t100,dpmm,top5,0,file_brain_AXFLAIR_201_6002972,5,1,11.745147705078125
AXFLAIR,patch,dpmm_p64_t100,dpmm,top5,0,file_brain_AXFLAIR_201_6002972,6,1,11.461736825796274
AXFLAIR,patch,dpmm_p64_t100,dpmm,top5,0,file_brain_AXFLAIR_201_6002972,7,1,11.894524207481972
AXFLAIR,patch,dpmm_p64_t100,dpmm,top5,0,file_brain_AXFLAIR_201_6002972,8,1,10.642717801607573
AXFLAIR,patch,dpmm_p64_t100,dpmm,top5,0,file_brain_AXFLAIR_201_6002972,9,1,10.318124624399038
AXFLAIR,patch,dpmm_p64_t100,dpmm,top5,0,file_brain_AXFLAIR_201_6002972,10,1,11.082510141225962
AXFLAIR,patch,dpmm_p64_t100,dpmm,top5,0,file_brain_AXFLAIR_201_6002972,11,1,11.612107496995192
AXFLAIR,patch,dpmm_p64_t100,dpmm,top5,0,file_brain_AXFLAIR_201_6002972,12,1,10.80233177771935
AXFLAIR,patch,dpmm_p64_t100,dpmm,top5,0,file_brain_AXFLAIR_201_6002941,0,1,10.90386493389423
AXFLAIR,patch,dpmm_p64_t100,dpmm,top5,0,file_brain_AXFLAIR_201_6002941,1,1,10.442892221304087
AXFLAIR,patch,dpmm_p64_t100,dpmm,top5,0,file_brain_AXFLAIR_201_6002941,2,1,11.048255333533653
AXFLAIR,patch,dpmm_p64_t100,dpmm,top5,0,file_brain_AXFLAIR_201_6002941,3,1,10.8203371488131
AXFLAIR,patch,dpmm_p64_t100,dpmm,top5,0,file_brain_AXFLAIR_201_6002941,4,1,10.992869450495792
AXFLAIR,patch,dpmm_p64_t100,dpmm,top5,0,file_brain_AXFLAIR_201_6002941,5,1,10.870540912334736
AXFLAIR,patch,dpmm_p64_t100,dpmm,top5,0,file_brain_AXFLAIR_202_6000508,1,1,11.297613290640024
AXFLAIR,patch,dpmm_p64_t100,dpmm,top5,0,file_brain_AXFLAIR_202_6000508,2,1,11.690586970402645
AXFLAIR,patch,dpmm_p64_t100,dpmm,top5,0,file_brain_AXFLAIR_202_6000508,3,1,10.640522883488583
AXFLAIR,patch,dpmm_p64_t100,dpmm,top5,0,file_brain_AXFLAIR_202_6000508,4,1,10.955984262319712
AXFLAIR,patch,dpmm_p64_t100,dpmm,top5,0,file_brain_AXFLAIR_202_6000508,5,1,11.308145376352163
AXFLAIR,patch,dpmm_p64_t100,dpmm,top5,0,file_brain_AXFLAIR_202_6000508,6,1,11.42938467172476
AXFLAIR,patch,dpmm_p64_t100,dpmm,top5,0,file_brain_AXFLAIR_202_6000508,7,1,11.42169424203726
AXFLAIR,patch,dpmm_p64_t100,dpmm,top5,0,file_brain_AXFLAIR_202_6000508,8,1,11.28380878155048
AXFLAIR,patch,dpmm_p64_t100,dpmm,top5,0,file_brain_AXFLAIR_202_6000508,9,1,11.348317072941708
AXFLAIR,patch,dpmm_p64_t100,dpmm,top5,0,file_brain_AXFLAIR_202_6000508,10,1,11.24078838641827
AXFLAIR,patch,dpmm_p64_t100,dpmm,top5,0,file_brain_AXFLAIR_202_6000508,11,1,11.66866948054387
AXFLAIR,patch,dpmm_p64_t100,dpmm,top5,0,file_brain_AXFLAIR_202_6000508,12,1,11.251282912034254
AXFLAIR,patch,dpmm_p64_t100,dpmm,top5,0,file_brain_AXFLAIR_202_6000508,13,1,11.618402334359976
AXFLAIR,patch,dpmm_p64_t100,dpmm,top5,0,file_brain_AXFLAIR_200_6002641,3,1,11.3493898831881
AXFLAIR,patch,dpmm_p64_t100,dpmm,top5,0,file_brain_AXFLAIR_200_6002641,7,1,10.318065936748798
AXFLAIR,patch,dpmm_p64_t100,dpmm,top5,0,file_brain_AXFLAIR_200_6002641,8,1,10.523392897385817
AXFLAIR,patch,dpmm_p64_t100,dpmm,top5,0,file_brain_AXFLAIR_201_6003008,0,1,11.625636174128605
AXFLAIR,patch,dpmm_p64_t100,dpmm,top5,0,file_brain_AXFLAIR_201_6003008,1,1,11.096260657677284
AXFLAIR,patch,dpmm_p64_t100,dpmm,top5,0,file_brain_AXFLAIR_201_6003008,2,1,11.49362065241887
AXFLAIR,patch,dpmm_p64_t100,dpmm,top5,0,file_brain_AXFLAIR_201_6003008,3,1,11.476272583007812
AXFLAIR,patch,dpmm_p64_t100,dpmm,top5,0,file_brain_AXFLAIR_201_6003008,4,1,11.945503821739784
AXFLAIR,patch,dpmm_p64_t100,dpmm,top5,0,file_brain_AXFLAIR_201_6003008,5,1,12.013390174278847
AXFLAIR,patch,dpmm_p64_t100,dpmm,top5,0,file_brain_AXFLAIR_201_6003008,6,1,11.656038724459135
AXFLAIR,patch,dpmm_p64_t100,dpmm,top5,0,file_brain_AXFLAIR_201_6003008,7,1,11.919182410606972
AXFLAIR,patch,dpmm_p64_t100,dpmm,top5,0,file_brain_AXFLAIR_201_6003008,8,1,10.90267122708834
AXFLAIR,patch,dpmm_p64_t100,dpmm,top5,0,file_brain_AXFLAIR_201_6003008,9,1,11.22854731633113
AXFLAIR,patch,dpmm_p64_t100,dpmm,top5,0,file_brain_AXFLAIR_201_6003008,10,1,10.736363337590145
AXFLAIR,patch,dpmm_p64_t100,dpmm,top5,0,file_brain_AXFLAIR_201_6003008,11,1,10.758141150841347
AXFLAIR,patch,dpmm_p64_t100,dpmm,top5,0,file_brain_AXFLAIR_201_6003008,12,1,10.917041485126202
AXFLAIR,patch,dpmm_p64_t100,dpmm,top5,0,file_brain_AXFLAIR_201_6003008,13,1,10.949602567232573
AXFLAIR,patch,dpmm_p64_t100,dpmm,top5,0,file_brain_AXFLAIR_201_6002914,0,1,10.560326209435097
AXFLAIR,patch,dpmm_p64_t100,dpmm,top5,0,file_brain_AXFLAIR_201_6002914,1,1,11.53045889047476
AXFLAIR,patch,dpmm_p64_t100,dpmm,top5,0,file_brain_AXFLAIR_201_6002914,2,1,10.871166522686298
AXFLAIR,patch,dpmm_p64_t100,dpmm,top5,0,file_brain_AXFLAIR_201_6002914,3,1,11.013214111328125
AXFLAIR,patch,dpmm_p64_t100,dpmm,top5,0,file_brain_AXFLAIR_201_6002914,6,1,10.856487567608173
AXFLAIR,patch,dpmm_p64_t100,dpmm,top5,0,file_brain_AXFLAIR_202_6000421,0,1,11.31914813701923
AXFLAIR,patch,dpmm_p64_t100,dpmm,top5,0,file_brain_AXFLAIR_202_6000421,1,1,11.55041269155649
AXFLAIR,patch,dpmm_p64_t100,dpmm,top5,0,file_brain_AXFLAIR_202_6000421,2,1,10.89844219501202
AXFLAIR,patch,dpmm_p64_t100,dpmm,top5,0,file_brain_AXFLAIR_202_6000421,3,1,11.449535663311298
AXFLAIR,patch,dpmm_p64_t100,dpmm,top5,0,file_brain_AXFLAIR_202_6000421,4,1,10.838646521935097
AXFLAIR,patch,dpmm_p64_t100,dpmm,top5,0,file_brain_AXFLAIR_202_6000421,5,1,11.130817119891827
AXFLAIR,patch,dpmm_p64_t100,dpmm,top5,0,file_brain_AXFLAIR_202_6000421,6,1,11.066363994891827
AXFLAIR,patch,dpmm_p64_t100,dpmm,top5,0,file_brain_AXFLAIR_202_6000421,7,1,11.36102060171274
AXFLAIR,patch,dpmm_p64_t100,dpmm,top5,0,file_brain_AXFLAIR_202_6000421,8,1,10.992579533503605
AXFLAIR,patch,dpmm_p64_t100,dpmm,top5,0,file_brain_AXFLAIR_202_6000421,9,1,10.787611741286058
AXFLAIR,patch,dpmm_p64_t100,dpmm,top5,0,file_brain_AXFLAIR_202_6000421,10,1,11.311607947716347
AXFLAIR,patch,dpmm_p64_t100,dpmm,top5,0,file_brain_AXFLAIR_202_6000421,11,1,10.816121028019833
AXFLAIR,patch,dpmm_p64_t100,dpmm,top5,0,file_brain_AXFLAIR_202_6000421,12,1,11.461553720327524
AXFLAIR,patch,dpmm_p64_t100,dpmm,top5,0,file_brain_AXFLAIR_202_6000421,13,1,11.310313298152042
AXFLAIR,patch,dpmm_p64_t100,dpmm,top5,0,file_brain_AXFLAIR_202_6000421,14,1,11.028660700871395
AXFLAIR,patch,dpmm_p64_t100,dpmm,top5,0,file_brain_AXFLAIR_201_6002960,0,1,10.998161902794472
AXFLAIR,patch,dpmm_p64_t100,dpmm,top5,0,file_brain_AXFLAIR_201_6002960,1,1,10.704669658954327
AXFLAIR,patch,dpmm_p64_t100,dpmm,top5,0,file_brain_AXFLAIR_201_6002960,2,1,10.973456749549278
AXFLAIR,patch,dpmm_p64_t100,dpmm,top5,0,file_brain_AXFLAIR_201_6002960,3,1,10.609532282902645
AXFLAIR,patch,dpmm_p64_t100,dpmm,top5,0,file_brain_AXFLAIR_201_6002960,4,1,11.171751755934496
AXFLAIR,patch,dpmm_p64_t100,dpmm,top5,0,file_brain_AXFLAIR_201_6002960,5,1,10.948162372295673
AXFLAIR,patch,dpmm_p64_t100,dpmm,top5,0,file_brain_AXFLAIR_201_6002960,6,1,10.684515146108774
AXFLAIR,patch,dpmm_p64_t100,dpmm,top5,0,file_brain_AXFLAIR_201_6002960,7,1,10.765576876126802
AXFLAIR,patch,dpmm_p64_t100,dpmm,top5,0,file_brain_AXFLAIR_201_6002960,8,1,10.703076876126802
AXFLAIR,patch,dpmm_p64_t100,dpmm,top5,0,file_brain_AXFLAIR_201_6002960,9,1,10.766348031850962
AXFLAIR,patch,dpmm_p64_t100,dpmm,top5,0,file_brain_AXFLAIR_203_6000875,0,1,10.822633009690504
AXFLAIR,patch,dpmm_p64_t100,dpmm,top5,0,file_brain_AXFLAIR_203_6000875,1,1,10.903113731971153
AXFLAIR,patch,dpmm_p64_t100,dpmm,top5,0,file_brain_AXFLAIR_203_6000875,2,1,10.68450458233173
AXFLAIR,patch,dpmm_p64_t100,dpmm,top5,0,file_brain_AXFLAIR_203_6000875,3,1,10.85613778921274
AXFLAIR,patch,dpmm_p64_t100,dpmm,top5,0,file_brain_AXFLAIR_203_6000875,4,1,10.539886474609375
AXFLAIR,patch,dpmm_p64_t100,dpmm,top5,0,file_brain_AXFLAIR_203_6000875,5,1,11.320757352388823
AXFLAIR,patch,dpmm_p64_t100,dpmm,top5,0,file_brain_AXFLAIR_203_6000875,6,1,10.770275409405048
AXFLAIR,patch,dpmm_p64_t100,dpmm,top5,0,file_brain_AXFLAIR_203_6000875,7,1,10.283034104567308
AXFLAIR,patch,dpmm_p64_t100,dpmm,top5,0,file_brain_AXFLAIR_203_6000875,8,1,11.872352013221153
AXFLAIR,patch,dpmm_p64_t100,dpmm,top5,0,file_brain_AXFLAIR_203_6000875,9,1,10.660421518179087
AXFLAIR,patch,dpmm_p64_t100,dpmm,top5,0,file_brain_AXFLAIR_203_6000875,10,1,10.87813509427584
AXFLAIR,patch,dpmm_p64_t100,dpmm,top5,0,file_brain_AXFLAIR_203_6000875,11,1,11.02697988656851
AXFLAIR,patch,dpmm_p64_t100,dpmm,top5,0,file_brain_AXFLAIR_203_6000875,12,1,11.438720703125
AXFLAIR,patch,dpmm_p64_t100,dpmm,top5,0,file_brain_AXFLAIR_203_6000875,13,1,11.133602435772236
AXFLAIR,patch,dpmm_p64_t100,dpmm,top5,0,file_brain_AXFLAIR_203_6000875,14,1,11.225635235126202
AXFLAIR,patch,dpmm_p64_t100,dpmm,top5,0,file_brain_AXFLAIR_203_6000875,15,1,11.374132596529448
AXFLAIR,patch,dpmm_p64_t100,dpmm,top5,0,file_brain_AXFLAIR_210_6001953,10,1,11.31667269193209
AXFLAIR,patch,dpmm_p64_t100,dpmm,top5,0,file_brain_AXFLAIR_201_6003018,0,1,11.300945575420673
AXFLAIR,patch,dpmm_p64_t100,dpmm,top5,0,file_brain_AXFLAIR_201_6003018,1,1,11.477975698617788
AXFLAIR,patch,dpmm_p64_t100,dpmm,top5,0,file_brain_AXFLAIR_201_6003018,2,1,10.805718055138222
AXFLAIR,patch,dpmm_p64_t100,dpmm,top5,0,file_brain_AXFLAIR_201_6003018,3,1,11.593949538010817
AXFLAIR,patch,dpmm_p64_t100,dpmm,top5,0,file_brain_AXFLAIR_201_6003018,4,1,11.162179800180288
AXFLAIR,patch,dpmm_p64_t100,dpmm,top5,0,file_brain_AXFLAIR_201_6003018,5,1,11.026702880859375
AXFLAIR,patch,dpmm_p64_t100,dpmm,top5,0,file_brain_AXFLAIR_201_6003018,6,1,11.106452355018028
AXFLAIR,patch,dpmm_p64_t100,dpmm,top5,0,file_brain_AXFLAIR_201_6003018,7,1,10.450660118689903
AXFLAIR,patch,dpmm_p64_t100,dpmm,top5,0,file_brain_AXFLAIR_201_6003018,8,1,11.20374004657452
AXFLAIR,patch,dpmm_p64_t100,dpmm,top5,0,file_brain_AXFLAIR_200_6002595,2,1,11.209521953876202
AXFLAIR,patch,dpmm_p64_t100,dpmm,top5,0,file_brain_AXFLAIR_200_6002595,3,1,11.017578125
AXFLAIR,patch,dpmm_p64_t100,dpmm,top5,0,file_brain_AXFLAIR_200_6002595,4,1,11.0661374605619
AXFLAIR,patch,dpmm_p64_t100,dpmm,top5,0,file_brain_AXFLAIR_200_6002595,5,1,11.141411414513222
AXFLAIR,patch,dpmm_p64_t100,dpmm,top5,0,file_brain_AXFLAIR_203_6000898,1,1,10.289316030649038
AXFLAIR,patch,dpmm_p64_t100,dpmm,top5,0,file_brain_AXFLAIR_203_6000898,2,1,11.270794208233173
AXFLAIR,patch,dpmm_p64_t100,dpmm,top5,0,file_brain_AXFLAIR_203_6000898,3,1,11.517262385441708
AXFLAIR,patch,dpmm_p64_t100,dpmm,top5,0,file_brain_AXFLAIR_203_6000898,5,1,11.571418175330528
AXFLAIR,patch,dpmm_p64_t100,dpmm,top5,0,file_brain_AXFLAIR_203_6000912,7,1,10.994343684269833
AXFLAIR,patch,dpmm_p64_t100,dpmm,top5,0,file_brain_AXFLAIR_203_6000912,8,1,11.498248760516827
AXFLAIR,patch,dpmm_p64_t100,dpmm,top5,0,file_brain_AXFLAIR_203_6000912,9,1,11.075019249549278
AXFLAIR,patch,dpmm_p64_t100,dpmm,top5,0,file_brain_AXFLAIR_202_6000511,0,1,10.769978449894833
AXFLAIR,patch,dpmm_p64_t100,dpmm,top5,0,file_brain_AXFLAIR_202_6000511,1,1,11.18822772686298
AXFLAIR,patch,dpmm_p64_t100,dpmm,top5,0,file_brain_AXFLAIR_202_6000557,0,1,11.582784799429087
AXFLAIR,patch,dpmm_p64_t100,dpmm,top5,0,file_brain_AXFLAIR_202_6000557,1,1,11.292515681340145
AXFLAIR,patch,dpmm_p64_t100,dpmm,top5,0,file_brain_AXFLAIR_202_6000557,2,1,11.14041255070613
AXFLAIR,patch,dpmm_p64_t100,dpmm,top5,0,file_brain_AXFLAIR_202_6000557,3,1,10.411028348482573
AXFLAIR,patch,dpmm_p64_t100,dpmm,top5,0,file_brain_AXFLAIR_202_6000557,4,1,11.426478459284855
AXFLAIR,patch,dpmm_p64_t100,dpmm,top5,0,file_brain_AXFLAIR_202_6000557,5,1,10.54394766000601
AXFLAIR,patch,dpmm_p64_t100,dpmm,top5,0,file_brain_AXFLAIR_210_6001901,0,1,11.007891141451323
AXFLAIR,patch,dpmm_p64_t100,dpmm,top5,0,file_brain_AXFLAIR_210_6001901,1,1,10.830761249248798
AXFLAIR,patch,dpmm_p64_t100,dpmm,top5,0,file_brain_AXFLAIR_210_6001901,2,1,11.225851205679087
AXFLAIR,patch,dpmm_p64_t100,dpmm,top5,0,file_brain_AXFLAIR_200_6002543,0,1,11.184762807992788
AXFLAIR,patch,dpmm_p64_t100,dpmm,top5,0,file_brain_AXFLAIR_200_6002543,1,1,11.729973426231972
AXFLAIR,patch,dpmm_p64_t100,dpmm,top5,0,file_brain_AXFLAIR_201_6002878,0,1,11.85329848069411
AXFLAIR,patch,dpmm_p64_t100,dpmm,top5,0,file_brain_AXFLAIR_201_6002878,1,1,11.50211158165565
AXFLAIR,patch,dpmm_p64_t100,dpmm,top5,0,file_brain_AXFLAIR_201_6002878,2,1,10.892950204702524
AXFLAIR,patch,dpmm_p64_t100,dpmm,top5,0,file_brain_AXFLAIR_201_6002878,3,1,11.047054584209736
AXFLAIR,patch,dpmm_p64_t100,dpmm,top5,0,file_brain_AXFLAIR_201_6002878,4,1,11.37063246506911
AXFLAIR,patch,dpmm_p64_t100,dpmm,top5,0,file_brain_AXFLAIR_201_6002878,5,1,10.71542475773738
AXFLAIR,patch,dpmm_p64_t100,dpmm,top5,0,file_brain_AXFLAIR_201_6002878,6,1,11.436566866361177
AXFLAIR,patch,dpmm_p64_t100,dpmm,top5,0,file_brain_AXFLAIR_201_6002878,7,1,10.904249924879808
AXFLAIR,patch,dpmm_p64_t100,dpmm,top5,0,file_brain_AXFLAIR_201_6002878,8,1,10.907801701472355
AXFLAIR,patch,dpmm_p64_t100,dpmm,top5,0,file_brain_AXFLAIR_201_6002878,9,1,11.2969970703125
AXFLAIR,patch,dpmm_p64_t100,dpmm,top5,0,file_brain_AXFLAIR_201_6002878,10,1,11.730191744290865
AXFLAIR,patch,dpmm_p64_t100,dpmm,top5,0,file_brain_AXFLAIR_201_6002878,11,1,10.726116473858173
AXFLAIR,patch,dpmm_p64_t100,dpmm,top5,0,file_brain_AXFLAIR_201_6002878,12,1,11.995579646183895
AXFLAIR,patch,dpmm_p64_t100,dpmm,top5,0,file_brain_AXFLAIR_201_6002878,13,1,11.215984637920673
AXFLAIR,patch,dpmm_p128_t20,dpmm,top5,0,file_brain_AXFLAIR_210_6001917,4,0,12.922745924729567
AXFLAIR,patch,dpmm_p128_t20,dpmm,top5,0,file_brain_AXFLAIR_202_6000543,11,0,12.297640286959135
AXFLAIR,patch,dpmm_p128_t20,dpmm,top5,0,file_brain_AXFLAIR_210_6001499,4,0,12.535939143254208
AXFLAIR,patch,dpmm_p128_t20,dpmm,top5,0,file_brain_AXFLAIR_201_6002993,7,0,11.240701528695913
AXFLAIR,patch,dpmm_p128_t20,dpmm,top5,0,file_brain_AXFLAIR_202_6000543,5,0,13.609058086688702
AXFLAIR,patch,dpmm_p128_t20,dpmm,top5,0,file_brain_AXFLAIR_202_6000539,7,0,13.36514164851262
AXFLAIR,patch,dpmm_p128_t20,dpmm,top5,0,file_brain_AXFLAIR_202_6000483,5,0,14.088881272536058
AXFLAIR,patch,dpmm_p128_t20,dpmm,top5,0,file_brain_AXFLAIR_200_6002442,6,0,13.141344510591948
AXFLAIR,patch,dpmm_p128_t20,dpmm,top5,0,file_brain_AXFLAIR_202_6000483,6,0,12.940788855919472
AXFLAIR,patch,dpmm_p128_t20,dpmm,top5,0,file_brain_AXFLAIR_200_6002442,12,0,11.815516545222355
AXFLAIR,patch,dpmm_p128_t20,dpmm,top5,0,file_brain_AXFLAIR_202_6000531,10,0,11.964410635141226
AXFLAIR,patch,dpmm_p128_t20,dpmm,top5,0,file_brain_AXFLAIR_203_6000942,10,0,11.89099355844351
AXFLAIR,patch,dpmm_p128_t20,dpmm,top5,0,file_brain_AXFLAIR_203_6000912,4,0,11.837904710036058
AXFLAIR,patch,dpmm_p128_t20,dpmm,top5,0,file_brain_AXFLAIR_201_6002914,7,0,13.506598839393028
AXFLAIR,patch,dpmm_p128_t20,dpmm,top5,0,file_brain_AXFLAIR_200_6002543,4,0,13.594627967247597
AXFLAIR,patch,dpmm_p128_t20,dpmm,top5,0,file_brain_AXFLAIR_210_6001513,5,0,12.726543719951923
AXFLAIR,patch,dpmm_p128_t20,dpmm,top5,0,file_brain_AXFLAIR_209_6001397,12,0,12.475733830378605
AXFLAIR,patch,dpmm_p128_t20,dpmm,top5,0,file_brain_AXFLAIR_200_6002641,11,0,11.89107454740084
AXFLAIR,patch,dpmm_p128_t20,dpmm,top5,0,file_brain_AXFLAIR_203_6000942,11,0,12.077258770282452
AXFLAIR,patch,dpmm_p128_t20,dpmm,top5,0,file_brain_AXFLAIR_201_6002993,5,0,11.827362060546875
AXFLAIR,patch,dpmm_p128_t20,dpmm,top5,0,file_brain_AXFLAIR_200_6002595,7,0,12.817490797776442
AXFLAIR,patch,dpmm_p128_t20,dpmm,top5,0,file_brain_AXFLAIR_202_6000511,11,0,12.164983896108774
AXFLAIR,patch,dpmm_p128_t20,dpmm,top5,0,file_brain_AXFLAIR_201_6002914,10,0,14.376901479867788
AXFLAIR,patch,dpmm_p128_t20,dpmm,top5,0,file_brain_AXFLAIR_203_6000912,11,0,13.89288095327524
AXFLAIR,patch,dpmm_p128_t20,dpmm,top5,0,file_brain_AXFLAIR_210_6001953,6,0,11.73572246844952
AXFLAIR,patch,dpmm_p128_t20,dpmm,top5,0,file_brain_AXFLAIR_210_6001917,6,0,13.53317612868089
AXFLAIR,patch,dpmm_p128_t20,dpmm,top5,0,file_brain_AXFLAIR_200_6002442,9,0,11.640798715444712
AXFLAIR,patch,dpmm_p128_t20,dpmm,top5,0,file_brain_AXFLAIR_210_6001953,9,0,11.821305495042067
AXFLAIR,patch,dpmm_p128_t20,dpmm,top5,0,file_brain_AXFLAIR_200_6002442,5,0,12.015178973858173
AXFLAIR,patch,dpmm_p128_t20,dpmm,top5,0,file_brain_AXFLAIR_200_6002442,10,0,12.616060697115385
AXFLAIR,patch,dpmm_p128_t20,dpmm,top5,0,file_brain_AXFLAIR_202_6000531,9,0,14.83740703876202
AXFLAIR,patch,dpmm_p128_t20,dpmm,top5,0,file_brain_AXFLAIR_201_6002914,8,0,10.82171161358173
AXFLAIR,patch,dpmm_p128_t20,dpmm,top5,0,file_brain_AXFLAIR_202_6000474,6,0,12.965443537785458
AXFLAIR,patch,dpmm_p128_t20,dpmm,top5,0,file_brain_AXFLAIR_201_6002941,9,0,12.438338059645433
AXFLAIR,patch,dpmm_p128_t20,dpmm,top5,0,file_brain_AXFLAIR_210_6001499,11,0,12.38998530461238
AXFLAIR,patch,dpmm_p128_t20,dpmm,top5,0,file_brain_AXFLAIR_202_6000539,5,0,12.779309786283052
AXFLAIR,patch,dpmm_p128_t20,dpmm,top5,0,file_brain_AXFLAIR_202_6000474,5,0,12.170184795673077
AXFLAIR,patch,dpmm_p128_t20,dpmm,top5,0,file_brain_AXFLAIR_209_6001377,10,0,14.536214975210337
AXFLAIR,patch,dpmm_p128_t20,dpmm,top5,0,file_brain_AXFLAIR_200_6002595,9,0,11.932876586914062
AXFLAIR,patch,dpmm_p128_t20,dpmm,top5,0,file_brain_AXFLAIR_201_6002993,11,0,11.028633704552284
AXFLAIR,patch,dpmm_p128_t20,dpmm,top5,0,file_brain_AXFLAIR_202_6000557,9,0,11.844027005709135
AXFLAIR,patch,dpmm_p128_t20,dpmm,top5,0,file_brain_AXFLAIR_210_6001513,4,0,12.936997633713942
AXFLAIR,patch,dpmm_p128_t20,dpmm,top5,0,file_brain_AXFLAIR_201_6002941,8,0,12.147233229417067
AXFLAIR,patch,dpmm_p128_t20,dpmm,top5,0,file_brain_AXFLAIR_203_6000912,6,0,11.960723876953125
AXFLAIR,patch,dpmm_p128_t20,dpmm,top5,0,file_brain_AXFLAIR_201_6002914,12,0,12.027256892277645
AXFLAIR,patch,dpmm_p128_t20,dpmm,top5,0,file_brain_AXFLAIR_209_6001377,11,0,12.037067119891827
AXFLAIR,patch,dpmm_p128_t20,dpmm,top5,0,file_brain_AXFLAIR_210_6001499,5,0,11.57013174203726
AXFLAIR,patch,dpmm_p128_t20,dpmm,top5,0,file_brain_AXFLAIR_202_6000557,6,0,13.534743088942308
AXFLAIR,patch,dpmm_p128_t20,dpmm,top5,0,file_brain_AXFLAIR_202_6000557,10,0,11.920096764197716
AXFLAIR,patch,dpmm_p128_t20,dpmm,top5,0,file_brain_AXFLAIR_202_6000543,4,0,11.93872305063101
AXFLAIR,patch,dpmm_p128_t20,dpmm,top5,0,file_brain_AXFLAIR_202_6000531,7,0,13.343489426832933
AXFLAIR,patch,dpmm_p128_t20,dpmm,top5,0,file_brain_AXFLAIR_200_6002595,10,0,14.641836313100962
AXFLAIR,patch,dpmm_p128_t20,dpmm,top5,0,file_brain_AXFLAIR_201_6002914,5,0,12.26038067157452
AXFLAIR,patch,dpmm_p128_t20,dpmm,top5,0,file_brain_AXFLAIR_202_6000531,4,0,12.960172213040865
AXFLAIR,patch,dpmm_p128_t20,dpmm,top5,0,file_brain_AXFLAIR_210_6001513,6,0,11.748908409705528
AXFLAIR,patch,dpmm_p128_t20,dpmm,top5,0,file_brain_AXFLAIR_200_6002442,11,0,12.947044959435097
AXFLAIR,patch,dpmm_p128_t20,dpmm,top5,0,file_brain_AXFLAIR_209_6001377,8,0,11.483225895808292
AXFLAIR,patch,dpmm_p128_t20,dpmm,top5,0,file_brain_AXFLAIR_202_6000483,7,0,12.159940279447115
AXFLAIR,patch,dpmm_p128_t20,dpmm,top5,0,file_brain_AXFLAIR_202_6000543,9,0,11.692854661207933
AXFLAIR,patch,dpmm_p128_t20,dpmm,top5,0,file_brain_AXFLAIR_203_6000898,10,0,12.36950214092548
AXFLAIR,patch,dpmm_p128_t20,dpmm,top5,0,file_brain_AXFLAIR_203_6000912,12,0,12.319117619441105
AXFLAIR,patch,dpmm_p128_t20,dpmm,top5,0,file_brain_AXFLAIR_202_6000511,7,0,11.296690720778246
AXFLAIR,patch,dpmm_p128_t20,dpmm,top5,0,file_brain_AXFLAIR_201_6003024,5,0,13.817054161658653
AXFLAIR,patch,dpmm_p128_t20,dpmm,top5,0,file_brain_AXFLAIR_201_6003018,12,0,14.366736778846153
AXFLAIR,patch,dpmm_p128_t20,dpmm,top5,0,file_brain_AXFLAIR_210_6001901,7,0,12.592515211838942
AXFLAIR,patch,dpmm_p128_t20,dpmm,top5,0,file_brain_AXFLAIR_203_6000898,12,0,12.031051635742188
AXFLAIR,patch,dpmm_p128_t20,dpmm,top5,0,file_brain_AXFLAIR_202_6000483,11,0,11.171119103064903
AXFLAIR,patch,dpmm_p128_t20,dpmm,top5,0,file_brain_AXFLAIR_210_6001917,10,0,11.447245671198917
AXFLAIR,patch,dpmm_p128_t20,dpmm,top5,0,file_brain_AXFLAIR_201_6002914,11,0,11.304309551532452
AXFLAIR,patch,dpmm_p128_t20,dpmm,top5,0,file_brain_AXFLAIR_202_6000483,8,0,11.27300555889423
AXFLAIR,patch,dpmm_p128_t20,dpmm,top5,0,file_brain_AXFLAIR_201_6002941,11,0,11.490620539738583
AXFLAIR,patch,dpmm_p128_t20,dpmm,top5,0,file_brain_AXFLAIR_210_6001917,11,0,12.938897939828726
AXFLAIR,patch,dpmm_p128_t20,dpmm,top5,0,file_brain_AXFLAIR_201_6002993,10,0,11.730215219350962
AXFLAIR,patch,dpmm_p128_t20,dpmm,top5,0,file_brain_AXFLAIR_202_6000539,9,0,11.478864229642427
AXFLAIR,patch,dpmm_p128_t20,dpmm,top5,0,file_brain_AXFLAIR_203_6000942,7,0,13.690050565279448
AXFLAIR,patch,dpmm_p128_t20,dpmm,top5,0,file_brain_AXFLAIR_209_6001377,12,0,13.970259446364183
AXFLAIR,patch,dpmm_p128_t20,dpmm,top5,0,file_brain_AXFLAIR_201_6003024,10,0,11.797252948467548
AXFLAIR,patch,dpmm_p128_t20,dpmm,top5,0,file_brain_AXFLAIR_200_6002543,8,0,12.172355064978966
AXFLAIR,patch,dpmm_p128_t20,dpmm,top5,0,file_brain_AXFLAIR_202_6000531,6,0,12.252781794621395
AXFLAIR,patch,dpmm_p128_t20,dpmm,top5,0,file_brain_AXFLAIR_201_6003003,0,1,13.393487783578726
AXFLAIR,patch,dpmm_p128_t20,dpmm,top5,0,file_brain_AXFLAIR_201_6003003,1,1,13.084539560171274
AXFLAIR,patch,dpmm_p128_t20,dpmm,top5,0,file_brain_AXFLAIR_201_6003003,2,1,12.639200063852163
AXFLAIR,patch,dpmm_p128_t20,dpmm,top5,0,file_brain_AXFLAIR_201_6003003,3,1,13.395228459284855
AXFLAIR,patch,dpmm_p128_t20,dpmm,top5,0,file_brain_AXFLAIR_201_6003003,4,1,12.654002262995792
AXFLAIR,patch,dpmm_p128_t20,dpmm,top5,0,file_brain_AXFLAIR_201_6003003,5,1,11.921842134915865
AXFLAIR,patch,dpmm_p128_t20,dpmm,top5,0,file_brain_AXFLAIR_201_6003003,6,1,12.04064706655649
AXFLAIR,patch,dpmm_p128_t20,dpmm,top5,0,file_brain_AXFLAIR_201_6003003,7,1,12.310356727013222
AXFLAIR,patch,dpmm_p128_t20,dpmm,top5,0,file_brain_AXFLAIR_201_6003003,8,1,12.404674823467548
AXFLAIR,patch,dpmm_p128_t20,dpmm,top5,0,file_brain_AXFLAIR_201_6003003,9,1,12.159912109375
AXFLAIR,patch,dpmm_p128_t20,dpmm,top5,0,file_brain_AXFLAIR_201_6003003,10,1,12.079261192908653
AXFLAIR,patch,dpmm_p128_t20,dpmm,top5,0,file_brain_AXFLAIR_201_6002972,0,1,15.114534818209135
AXFLAIR,patch,dpmm_p128_t20,dpmm,top5,0,file_brain_AXFLAIR_201_6002972,1,1,14.923101571890024
AXFLAIR,patch,dpmm_p128_t20,dpmm,top5,0,file_brain_AXFLAIR_201_6002972,2,1,15.170508751502403
AXFLAIR,patch,dpmm_p128_t20,dpmm,top5,0,file_brain_AXFLAIR_201_6002972,3,1,14.348930945763222
AXFLAIR,patch,dpmm_p128_t20,dpmm,top5,0,file_brain_AXFLAIR_201_6002972,4,1,14.761587289663462
AXFLAIR,patch,dpmm_p128_t20,dpmm,top5,0,file_brain_AXFLAIR_201_6002972,5,1,15.02132591834435
AXFLAIR,patch,dpmm_p128_t20,dpmm,top5,0,file_brain_AXFLAIR_201_6002972,6,1,14.031173706054688
AXFLAIR,patch,dpmm_p128_t20,dpmm,top5,0,file_brain_AXFLAIR_201_6002972,7,1,14.539718627929688
AXFLAIR,patch,dpmm_p128_t20,dpmm,top5,0,file_brain_AXFLAIR_201_6002972,8,1,14.642106276292067
AXFLAIR,patch,dpmm_p128_t20,dpmm,top5,0,file_brain_AXFLAIR_201_6002972,9,1,14.048815213716948
AXFLAIR,patch,dpmm_p128_t20,dpmm,top5,0,file_brain_AXFLAIR_201_6002972,10,1,14.428823617788462
AXFLAIR,patch,dpmm_p128_t20,dpmm,top5,0,file_brain_AXFLAIR_201_6002972,11,1,13.79949716421274
AXFLAIR,patch,dpmm_p128_t20,dpmm,top5,0,file_brain_AXFLAIR_201_6002972,12,1,14.37227571927584
AXFLAIR,patch,dpmm_p128_t20,dpmm,top5,0,file_brain_AXFLAIR_201_6002941,0,1,13.91608135516827
AXFLAIR,patch,dpmm_p128_t20,dpmm,top5,0,file_brain_AXFLAIR_201_6002941,1,1,12.874659611628605
AXFLAIR,patch,dpmm_p128_t20,dpmm,top5,0,file_brain_AXFLAIR_201_6002941,2,1,13.142015897310698
AXFLAIR,patch,dpmm_p128_t20,dpmm,top5,0,file_brain_AXFLAIR_201_6002941,3,1,12.56491206242488
AXFLAIR,patch,dpmm_p128_t20,dpmm,top5,0,file_brain_AXFLAIR_201_6002941,4,1,12.531299297626202
AXFLAIR,patch,dpmm_p128_t20,dpmm,top5,0,file_brain_AXFLAIR_201_6002941,5,1,12.032757098858173
AXFLAIR,patch,dpmm_p128_t20,dpmm,top5,0,file_brain_AXFLAIR_202_6000508,1,1,13.943889911358173
AXFLAIR,patch,dpmm_p128_t20,dpmm,top5,0,file_brain_AXFLAIR_202_6000508,2,1,14.57842548076923
AXFLAIR,patch,dpmm_p128_t20,dpmm,top5,0,file_brain_AXFLAIR_202_6000508,3,1,14.05504901592548
AXFLAIR,patch,dpmm_p128_t20,dpmm,top5,0,file_brain_AXFLAIR_202_6000508,4,1,14.474435659555288
AXFLAIR,patch,dpmm_p128_t20,dpmm,top5,0,file_brain_AXFLAIR_202_6000508,5,1,13.954456035907452
AXFLAIR,patch,dpmm_p128_t20,dpmm,top5,0,file_brain_AXFLAIR_202_6000508,6,1,14.092191256009615
AXFLAIR,patch,dpmm_p128_t20,dpmm,top5,0,file_brain_AXFLAIR_202_6000508,7,1,13.93038588303786
AXFLAIR,patch,dpmm_p128_t20,dpmm,top5,0,file_brain_AXFLAIR_202_6000508,8,1,13.249373215895433
AXFLAIR,patch,dpmm_p128_t20,dpmm,top5,0,file_brain_AXFLAIR_202_6000508,9,1,13.251814622145433
AXFLAIR,patch,dpmm_p128_t20,dpmm,top5,0,file_brain_AXFLAIR_202_6000508,10,1,13.882826585036058
AXFLAIR,patch,dpmm_p128_t20,dpmm,top5,0,file_brain_AXFLAIR_202_6000508,11,1,13.952113224909855
AXFLAIR,patch,dpmm_p128_t20,dpmm,top5,0,file_brain_AXFLAIR_202_6000508,12,1,13.881866455078125
AXFLAIR,patch,dpmm_p128_t20,dpmm,top5,0,file_brain_AXFLAIR_202_6000508,13,1,14.06646728515625
AXFLAIR,patch,dpmm_p128_t20,dpmm,top5,0,file_brain_AXFLAIR_200_6002641,3,1,12.46414301945613
AXFLAIR,patch,dpmm_p128_t20,dpmm,top5,0,file_brain_AXFLAIR_200_6002641,7,1,10.882933396559496
AXFLAIR,patch,dpmm_p128_t20,dpmm,top5,0,file_brain_AXFLAIR_200_6002641,8,1,10.898457453801083
AXFLAIR,patch,dpmm_p128_t20,dpmm,top5,0,file_brain_AXFLAIR_201_6003008,0,1,14.727804330679087
AXFLAIR,patch,dpmm_p128_t20,dpmm,top5,0,file_brain_AXFLAIR_201_6003008,1,1,14.695512038010817
AXFLAIR,patch,dpmm_p128_t20,dpmm,top5,0,file_brain_AXFLAIR_201_6003008,2,1,15.172619159405048
AXFLAIR,patch,dpmm_p128_t20,dpmm,top5,0,file_brain_AXFLAIR_201_6003008,3,1,14.261392446664663
AXFLAIR,patch,dpmm_p128_t20,dpmm,top5,0,file_brain_AXFLAIR_201_6003008,4,1,13.525644155649038
AXFLAIR,patch,dpmm_p128_t20,dpmm,top5,0,file_brain_AXFLAIR_201_6003008,5,1,13.439711350661058
AXFLAIR,patch,dpmm_p128_t20,dpmm,top5,0,file_brain_AXFLAIR_201_6003008,6,1,13.25573495718149
AXFLAIR,patch,dpmm_p128_t20,dpmm,top5,0,file_brain_AXFLAIR_201_6003008,7,1,14.011542687049278
AXFLAIR,patch,dpmm_p128_t20,dpmm,top5,0,file_brain_AXFLAIR_201_6003008,8,1,14.08984844501202
AXFLAIR,patch,dpmm_p128_t20,dpmm,top5,0,file_brain_AXFLAIR_201_6003008,9,1,13.160837026742788
AXFLAIR,patch,dpmm_p128_t20,dpmm,top5,0,file_brain_AXFLAIR_201_6003008,10,1,12.66528555063101
AXFLAIR,patch,dpmm_p128_t20,dpmm,top5,0,file_brain_AXFLAIR_201_6003008,11,1,12.145439734825722
AXFLAIR,patch,dpmm_p128_t20,dpmm,top5,0,file_brain_AXFLAIR_201_6003008,12,1,11.957750760591948
AXFLAIR,patch,dpmm_p128_t20,dpmm,top5,0,file_brain_AXFLAIR_201_6003008,13,1,12.308887188251202
AXFLAIR,patch,dpmm_p128_t20,dpmm,top5,0,file_brain_AXFLAIR_201_6002914,0,1,14.213666475736177
AXFLAIR,patch,dpmm_p128_t20,dpmm,top5,0,file_brain_AXFLAIR_201_6002914,1,1,14.54623530461238
AXFLAIR,patch,dpmm_p128_t20,dpmm,top5,0,file_brain_AXFLAIR_201_6002914,2,1,14.153357872596153
AXFLAIR,patch,dpmm_p128_t20,dpmm,top5,0,file_brain_AXFLAIR_201_6002914,3,1,12.890576876126802
AXFLAIR,patch,dpmm_p128_t20,dpmm,top5,0,file_brain_AXFLAIR_201_6002914,6,1,11.743425809420073
AXFLAIR,patch,dpmm_p128_t20,dpmm,top5,0,file_brain_AXFLAIR_202_6000421,0,1,14.553587693434496
AXFLAIR,patch,dpmm_p128_t20,dpmm,top5,0,file_brain_AXFLAIR_202_6000421,1,1,14.036549494816708
AXFLAIR,patch,dpmm_p128_t20,dpmm,top5,0,file_brain_AXFLAIR_202_6000421,2,1,13.937354454627403
AXFLAIR,patch,dpmm_p128_t20,dpmm,top5,0,file_brain_AXFLAIR_202_6000421,3,1,14.680004413311298
AXFLAIR,patch,dpmm_p128_t20,dpmm,top5,0,file_brain_AXFLAIR_202_6000421,4,1,14.235067514272837
AXFLAIR,patch,dpmm_p128_t20,dpmm,top5,0,file_brain_AXFLAIR_202_6000421,5,1,14.287285437950722
AXFLAIR,patch,dpmm_p128_t20,dpmm,top5,0,file_brain_AXFLAIR_202_6000421,6,1,14.550877497746395
AXFLAIR,patch,dpmm_p128_t20,dpmm,top5,0,file_brain_AXFLAIR_202_6000421,7,1,14.781352116511417
AXFLAIR,patch,dpmm_p128_t20,dpmm,top5,0,file_brain_AXFLAIR_202_6000421,8,1,15.544414813701923
AXFLAIR,patch,dpmm_p128_t20,dpmm,top5,0,file_brain_AXFLAIR_202_6000421,9,1,15.21908217210036
AXFLAIR,patch,dpmm_p128_t20,dpmm,top5,0,file_brain_AXFLAIR_202_6000421,10,1,15.711018488957333
AXFLAIR,patch,dpmm_p128_t20,dpmm,top5,0,file_brain_AXFLAIR_202_6000421,11,1,14.431458693284254
AXFLAIR,patch,dpmm_p128_t20,dpmm,top5,0,file_brain_AXFLAIR_202_6000421,12,1,14.49923823429988
AXFLAIR,patch,dpmm_p128_t20,dpmm,top5,0,file_brain_AXFLAIR_202_6000421,13,1,14.5121823824369
AXFLAIR,patch,dpmm_p128_t20,dpmm,top5,0,file_brain_AXFLAIR_202_6000421,14,1,14.37591317983774
AXFLAIR,patch,dpmm_p128_t20,dpmm,top5,0,file_brain_AXFLAIR_201_6002960,0,1,13.764639047475962
AXFLAIR,patch,dpmm_p128_t20,dpmm,top5,0,file_brain_AXFLAIR_201_6002960,1,1,13.134893564077524
AXFLAIR,patch,dpmm_p128_t20,dpmm,top5,0,file_brain_AXFLAIR_201_6002960,2,1,13.627264169546274
AXFLAIR,patch,dpmm_p128_t20,dpmm,top5,0,file_brain_AXFLAIR_201_6002960,3,1,13.870646550105167
AXFLAIR,patch,dpmm_p128_t20,dpmm,top5,0,file_brain_AXFLAIR_201_6002960,4,1,14.001504751352163
AXFLAIR,patch,dpmm_p128_t20,dpmm,top5,0,file_brain_AXFLAIR_201_6002960,5,1,12.904553926908052
AXFLAIR,patch,dpmm_p128_t20,dpmm,top5,0,file_brain_AXFLAIR_201_6002960,6,1,12.74187762920673
AXFLAIR,patch,dpmm_p128_t20,dpmm,top5,0,file_brain_AXFLAIR_201_6002960,7,1,13.317522489107573
AXFLAIR,patch,dpmm_p128_t20,dpmm,top5,0,file_brain_AXFLAIR_201_6002960,8,1,12.890965388371395
AXFLAIR,patch,dpmm_p128_t20,dpmm,top5,0,file_brain_AXFLAIR_201_6002960,9,1,13.051868145282452
AXFLAIR,patch,dpmm_p128_t20,dpmm,top5,0,file_brain_AXFLAIR_203_6000875,0,1,13.933072603665865
AXFLAIR,patch,dpmm_p128_t20,dpmm,top5,0,file_brain_AXFLAIR_203_6000875,1,1,14.456573486328125
AXFLAIR,patch,dpmm_p128_t20,dpmm,top5,0,file_brain_AXFLAIR_203_6000875,2,1,14.760819655198317
AXFLAIR,patch,dpmm_p128_t20,dpmm,top5,0,file_brain_AXFLAIR_203_6000875,3,1,14.66656259390024
AXFLAIR,patch,dpmm_p128_t20,dpmm,top5,0,file_brain_AXFLAIR_203_6000875,4,1,14.519444392277645
AXFLAIR,patch,dpmm_p128_t20,dpmm,top5,0,file_brain_AXFLAIR_203_6000875,5,1,14.401925893930288
AXFLAIR,patch,dpmm_p128_t20,dpmm,top5,0,file_brain_AXFLAIR_203_6000875,6,1,13.921090932992788
AXFLAIR,patch,dpmm_p128_t20,dpmm,top5,0,file_brain_AXFLAIR_203_6000875,7,1,13.78369610126202
AXFLAIR,patch,dpmm_p128_t20,dpmm,top5,0,file_brain_AXFLAIR_203_6000875,8,1,13.73809344951923
AXFLAIR,patch,dpmm_p128_t20,dpmm,top5,0,file_brain_AXFLAIR_203_6000875,9,1,14.762796255258413
AXFLAIR,patch,dpmm_p128_t20,dpmm,top5,0,file_brain_AXFLAIR_203_6000875,10,1,14.789193960336538
AXFLAIR,patch,dpmm_p128_t20,dpmm,top5,0,file_brain_AXFLAIR_203_6000875,11,1,13.427497276893028
AXFLAIR,patch,dpmm_p128_t20,dpmm,top5,0,file_brain_AXFLAIR_203_6000875,12,1,14.072035569411058
AXFLAIR,patch,dpmm_p128_t20,dpmm,top5,0,file_brain_AXFLAIR_203_6000875,13,1,13.8043212890625
AXFLAIR,patch,dpmm_p128_t20,dpmm,top5,0,file_brain_AXFLAIR_203_6000875,14,1,14.25756366436298
AXFLAIR,patch,dpmm_p128_t20,dpmm,top5,0,file_brain_AXFLAIR_203_6000875,15,1,15.085892897385817
AXFLAIR,patch,dpmm_p128_t20,dpmm,top5,0,file_brain_AXFLAIR_210_6001953,10,1,11.780984731820913
AXFLAIR,patch,dpmm_p128_t20,dpmm,top5,0,file_brain_AXFLAIR_201_6003018,0,1,14.625687819260817
AXFLAIR,patch,dpmm_p128_t20,dpmm,top5,0,file_brain_AXFLAIR_201_6003018,1,1,14.21294696514423
AXFLAIR,patch,dpmm_p128_t20,dpmm,top5,0,file_brain_AXFLAIR_201_6003018,2,1,13.887190598707933
AXFLAIR,patch,dpmm_p128_t20,dpmm,top5,0,file_brain_AXFLAIR_201_6003018,3,1,14.41528789813702
AXFLAIR,patch,dpmm_p128_t20,dpmm,top5,0,file_brain_AXFLAIR_201_6003018,4,1,14.56256338266226
AXFLAIR,patch,dpmm_p128_t20,dpmm,top5,0,file_brain_AXFLAIR_201_6003018,5,1,14.955922053410458
AXFLAIR,patch,dpmm_p128_t20,dpmm,top5,0,file_brain_AXFLAIR_201_6003018,6,1,14.274691068209135
AXFLAIR,patch,dpmm_p128_t20,dpmm,top5,0,file_brain_AXFLAIR_201_6003018,7,1,13.49039283165565
AXFLAIR,patch,dpmm_p128_t20,dpmm,top5,0,file_brain_AXFLAIR_201_6003018,8,1,12.793874887319712
AXFLAIR,patch,dpmm_p128_t20,dpmm,top5,0,file_brain_AXFLAIR_200_6002595,2,1,13.34323472243089
AXFLAIR,patch,dpmm_p128_t20,dpmm,top5,0,file_brain_AXFLAIR_200_6002595,3,1,13.266899695763222
AXFLAIR,patch,dpmm_p128_t20,dpmm,top5,0,file_brain_AXFLAIR_200_6002595,4,1,13.123420128455528
AXFLAIR,patch,dpmm_p128_t20,dpmm,top5,0,file_brain_AXFLAIR_200_6002595,5,1,12.033153827373798
AXFLAIR,patch,dpmm_p128_t20,dpmm,top5,0,file_brain_AXFLAIR_203_6000898,1,1,14.149849524864784
AXFLAIR,patch,dpmm_p128_t20,dpmm,top5,0,file_brain_AXFLAIR_203_6000898,2,1,14.542554415189302
AXFLAIR,patch,dpmm_p128_t20,dpmm,top5,0,file_brain_AXFLAIR_203_6000898,3,1,14.177722637469952
AXFLAIR,patch,dpmm_p128_t20,dpmm,top5,0,file_brain_AXFLAIR_203_6000898,5,1,14.766777625450722
AXFLAIR,patch,dpmm_p128_t20,dpmm,top5,0,file_brain_AXFLAIR_203_6000912,7,1,12.085098266601562
AXFLAIR,patch,dpmm_p128_t20,dpmm,top5,0,file_brain_AXFLAIR_203_6000912,8,1,12.000098595252403
AXFLAIR,patch,dpmm_p128_t20,dpmm,top5,0,file_brain_AXFLAIR_203_6000912,9,1,12.128765399639423
AXFLAIR,patch,dpmm_p128_t20,dpmm,top5,0,file_brain_AXFLAIR_202_6000511,0,1,14.191456721379208
AXFLAIR,patch,dpmm_p128_t20,dpmm,top5,0,file_brain_AXFLAIR_202_6000511,1,1,13.507702167217548
AXFLAIR,patch,dpmm_p128_t20,dpmm,top5,0,file_brain_AXFLAIR_202_6000557,0,1,14.942393376277042
AXFLAIR,patch,dpmm_p128_t20,dpmm,top5,0,file_brain_AXFLAIR_202_6000557,1,1,14.32315650353065
AXFLAIR,patch,dpmm_p128_t20,dpmm,top5,0,file_brain_AXFLAIR_202_6000557,2,1,14.611627432016226
AXFLAIR,patch,dpmm_p128_t20,dpmm,top5,0,file_brain_AXFLAIR_202_6000557,3,1,13.837777944711538
AXFLAIR,patch,dpmm_p128_t20,dpmm,top5,0,file_brain_AXFLAIR_202_6000557,4,1,14.056983360877403
AXFLAIR,patch,dpmm_p128_t20,dpmm,top5,0,file_brain_AXFLAIR_202_6000557,5,1,12.72979501577524
AXFLAIR,patch,dpmm_p128_t20,dpmm,top5,0,file_brain_AXFLAIR_210_6001901,0,1,14.640626173753004
AXFLAIR,patch,dpmm_p128_t20,dpmm,top5,0,file_brain_AXFLAIR_210_6001901,1,1,14.06512451171875
AXFLAIR,patch,dpmm_p128_t20,dpmm,top5,0,file_brain_AXFLAIR_210_6001901,2,1,14.25476543719952
AXFLAIR,patch,dpmm_p128_t20,dpmm,top5,0,file_brain_AXFLAIR_200_6002543,0,1,14.144173255333534
AXFLAIR,patch,dpmm_p128_t20,dpmm,top5,0,file_brain_AXFLAIR_200_6002543,1,1,13.62603525015024
AXFLAIR,patch,dpmm_p128_t20,dpmm,top5,0,file_brain_AXFLAIR_201_6002878,0,1,14.566663301908052
AXFLAIR,patch,dpmm_p128_t20,dpmm,top5,0,file_brain_AXFLAIR_201_6002878,1,1,14.344119732196514
AXFLAIR,patch,dpmm_p128_t20,dpmm,top5,0,file_brain_AXFLAIR_201_6002878,2,1,14.33658189039964
AXFLAIR,patch,dpmm_p128_t20,dpmm,top5,0,file_brain_AXFLAIR_201_6002878,3,1,13.984186025766226
AXFLAIR,patch,dpmm_p128_t20,dpmm,top5,0,file_brain_AXFLAIR_201_6002878,4,1,13.442009559044472
AXFLAIR,patch,dpmm_p128_t20,dpmm,top5,0,file_brain_AXFLAIR_201_6002878,5,1,13.10583261343149
AXFLAIR,patch,dpmm_p128_t20,dpmm,top5,0,file_brain_AXFLAIR_201_6002878,6,1,12.431863638070913
AXFLAIR,patch,dpmm_p128_t20,dpmm,top5,0,file_brain_AXFLAIR_201_6002878,7,1,11.964693509615385
AXFLAIR,patch,dpmm_p128_t20,dpmm,top5,0,file_brain_AXFLAIR_201_6002878,8,1,12.128158569335938
AXFLAIR,patch,dpmm_p128_t20,dpmm,top5,0,file_brain_AXFLAIR_201_6002878,9,1,12.621591421274038
AXFLAIR,patch,dpmm_p128_t20,dpmm,top5,0,file_brain_AXFLAIR_201_6002878,10,1,12.041763305664062
AXFLAIR,patch,dpmm_p128_t20,dpmm,top5,0,file_brain_AXFLAIR_201_6002878,11,1,11.973738450270433
AXFLAIR,patch,dpmm_p128_t20,dpmm,top5,0,file_brain_AXFLAIR_201_6002878,12,1,14.364342322716347
AXFLAIR,patch,dpmm_p128_t20,dpmm,top5,0,file_brain_AXFLAIR_201_6002878,13,1,13.10918719951923
AXFLAIR,patch,dpmm_p128_t50,dpmm,top5,0,file_brain_AXFLAIR_210_6001917,4,0,12.972422673152042
AXFLAIR,patch,dpmm_p128_t50,dpmm,top5,0,file_brain_AXFLAIR_202_6000543,11,0,12.345907358022837
AXFLAIR,patch,dpmm_p128_t50,dpmm,top5,0,file_brain_AXFLAIR_210_6001499,4,0,12.56658466045673
AXFLAIR,patch,dpmm_p128_t50,dpmm,top5,0,file_brain_AXFLAIR_201_6002993,7,0,11.275688758263222
AXFLAIR,patch,dpmm_p128_t50,dpmm,top5,0,file_brain_AXFLAIR_202_6000543,5,0,13.647771982046274
AXFLAIR,patch,dpmm_p128_t50,dpmm,top5,0,file_brain_AXFLAIR_202_6000539,7,0,13.370459923377403
AXFLAIR,patch,dpmm_p128_t50,dpmm,top5,0,file_brain_AXFLAIR_202_6000483,5,0,14.12103740985577
AXFLAIR,patch,dpmm_p128_t50,dpmm,top5,0,file_brain_AXFLAIR_200_6002442,6,0,13.179053673377403
AXFLAIR,patch,dpmm_p128_t50,dpmm,top5,0,file_brain_AXFLAIR_202_6000483,6,0,12.973036545973558
AXFLAIR,patch,dpmm_p128_t50,dpmm,top5,0,file_brain_AXFLAIR_200_6002442,12,0,11.855203481820913
AXFLAIR,patch,dpmm_p128_t50,dpmm,top5,0,file_brain_AXFLAIR_202_6000531,10,0,11.999077430138222
AXFLAIR,patch,dpmm_p128_t50,dpmm,top5,0,file_brain_AXFLAIR_203_6000942,10,0,11.90445533165565
AXFLAIR,patch,dpmm_p128_t50,dpmm,top5,0,file_brain_AXFLAIR_203_6000912,4,0,11.85794654259315
AXFLAIR,patch,dpmm_p128_t50,dpmm,top5,0,file_brain_AXFLAIR_201_6002914,7,0,13.509535569411058
AXFLAIR,patch,dpmm_p128_t50,dpmm,top5,0,file_brain_AXFLAIR_200_6002543,4,0,13.640382033128004
AXFLAIR,patch,dpmm_p128_t50,dpmm,top5,0,file_brain_AXFLAIR_210_6001513,5,0,12.746509258563702
AXFLAIR,patch,dpmm_p128_t50,dpmm,top5,0,file_brain_AXFLAIR_209_6001397,12,0,12.50518798828125
AXFLAIR,patch,dpmm_p128_t50,dpmm,top5,0,file_brain_AXFLAIR_200_6002641,11,0,11.894552377554087
AXFLAIR,patch,dpmm_p128_t50,dpmm,top5,0,file_brain_AXFLAIR_203_6000942,11,0,12.102921705979567
AXFLAIR,patch,dpmm_p128_t50,dpmm,top5,0,file_brain_AXFLAIR_201_6002993,5,0,11.857515775240385
AXFLAIR,patch,dpmm_p128_t50,dpmm,top5,0,file_brain_AXFLAIR_200_6002595,7,0,12.815444946289062
AXFLAIR,patch,dpmm_p128_t50,dpmm,top5,0,file_brain_AXFLAIR_202_6000511,11,0,12.172818697415865
AXFLAIR,patch,dpmm_p128_t50,dpmm,top5,0,file_brain_AXFLAIR_201_6002914,10,0,14.381965050330528
AXFLAIR,patch,dpmm_p128_t50,dpmm,top5,0,file_brain_AXFLAIR_203_6000912,11,0,13.94119614821214
AXFLAIR,patch,dpmm_p128_t50,dpmm,top5,0,file_brain_AXFLAIR_210_6001953,6,0,11.761309110201323
AXFLAIR,patch,dpmm_p128_t50,dpmm,top5,0,file_brain_AXFLAIR_210_6001917,6,0,13.557747474083534
AXFLAIR,patch,dpmm_p128_t50,dpmm,top5,0,file_brain_AXFLAIR_200_6002442,9,0,11.665853647085337
AXFLAIR,patch,dpmm_p128_t50,dpmm,top5,0,file_brain_AXFLAIR_210_6001953,9,0,11.835556030273438
AXFLAIR,patch,dpmm_p128_t50,dpmm,top5,0,file_brain_AXFLAIR_200_6002442,5,0,12.040239774263823
AXFLAIR,patch,dpmm_p128_t50,dpmm,top5,0,file_brain_AXFLAIR_200_6002442,10,0,12.657240647536058
AXFLAIR,patch,dpmm_p128_t50,dpmm,top5,0,file_brain_AXFLAIR_202_6000531,9,0,14.869769756610577
AXFLAIR,patch,dpmm_p128_t50,dpmm,top5,0,file_brain_AXFLAIR_201_6002914,8,0,10.8320066011869
AXFLAIR,patch,dpmm_p128_t50,dpmm,top5,0,file_brain_AXFLAIR_202_6000474,6,0,12.991537240835337
AXFLAIR,patch,dpmm_p128_t50,dpmm,top5,0,file_brain_AXFLAIR_201_6002941,9,0,12.472003643329327
AXFLAIR,patch,dpmm_p128_t50,dpmm,top5,0,file_brain_AXFLAIR_210_6001499,11,0,12.424639188326323
AXFLAIR,patch,dpmm_p128_t50,dpmm,top5,0,file_brain_AXFLAIR_202_6000539,5,0,12.778695913461538
AXFLAIR,patch,dpmm_p128_t50,dpmm,top5,0,file_brain_AXFLAIR_202_6000474,5,0,12.209710928109976
AXFLAIR,patch,dpmm_p128_t50,dpmm,top5,0,file_brain_AXFLAIR_209_6001377,10,0,14.566366342397837
AXFLAIR,patch,dpmm_p128_t50,dpmm,top5,0,file_brain_AXFLAIR_200_6002595,9,0,11.950350247896635
AXFLAIR,patch,dpmm_p128_t50,dpmm,top5,0,file_brain_AXFLAIR_201_6002993,11,0,11.04220463679387
AXFLAIR,patch,dpmm_p128_t50,dpmm,top5,0,file_brain_AXFLAIR_202_6000557,9,0,11.861817580003004
AXFLAIR,patch,dpmm_p128_t50,dpmm,top5,0,file_brain_AXFLAIR_210_6001513,4,0,12.978893573467548
AXFLAIR,patch,dpmm_p128_t50,dpmm,top5,0,file_brain_AXFLAIR_201_6002941,8,0,12.170867919921875
AXFLAIR,patch,dpmm_p128_t50,dpmm,top5,0,file_brain_AXFLAIR_203_6000912,6,0,11.982664841871996
AXFLAIR,patch,dpmm_p128_t50,dpmm,top5,0,file_brain_AXFLAIR_201_6002914,12,0,12.03967050405649
AXFLAIR,patch,dpmm_p128_t50,dpmm,top5,0,file_brain_AXFLAIR_209_6001377,11,0,12.060779278094952
AXFLAIR,patch,dpmm_p128_t50,dpmm,top5,0,file_brain_AXFLAIR_210_6001499,5,0,11.599513127253605
AXFLAIR,patch,dpmm_p128_t50,dpmm,top5,0,file_brain_AXFLAIR_202_6000557,6,0,13.547588641826923
AXFLAIR,patch,dpmm_p128_t50,dpmm,top5,0,file_brain_AXFLAIR_202_6000557,10,0,11.948681171123798
AXFLAIR,patch,dpmm_p128_t50,dpmm,top5,0,file_brain_AXFLAIR_202_6000543,4,0,11.954896193284254
AXFLAIR,patch,dpmm_p128_t50,dpmm,top5,0,file_brain_AXFLAIR_202_6000531,7,0,13.37540494478666
AXFLAIR,patch,dpmm_p128_t50,dpmm,top5,0,file_brain_AXFLAIR_200_6002595,10,0,14.672000591571514
AXFLAIR,patch,dpmm_p128_t50,dpmm,top5,0,file_brain_AXFLAIR_201_6002914,5,0,12.280595045823317
AXFLAIR,patch,dpmm_p128_t50,dpmm,top5,0,file_brain_AXFLAIR_202_6000531,4,0,12.970616267277645
AXFLAIR,patch,dpmm_p128_t50,dpmm,top5,0,file_brain_AXFLAIR_210_6001513,6,0,11.775423490084135
AXFLAIR,patch,dpmm_p128_t50,dpmm,top5,0,file_brain_AXFLAIR_200_6002442,11,0,12.963611309344952
AXFLAIR,patch,dpmm_p128_t50,dpmm,top5,0,file_brain_AXFLAIR_209_6001377,8,0,11.509105975811298
AXFLAIR,patch,dpmm_p128_t50,dpmm,top5,0,file_brain_AXFLAIR_202_6000483,7,0,12.211309579702524
AXFLAIR,patch,dpmm_p128_t50,dpmm,top5,0,file_brain_AXFLAIR_202_6000543,9,0,11.705716646634615
AXFLAIR,patch,dpmm_p128_t50,dpmm,top5,0,file_brain_AXFLAIR_203_6000898,10,0,12.413346510667067
AXFLAIR,patch,dpmm_p128_t50,dpmm,top5,0,file_brain_AXFLAIR_203_6000912,12,0,12.331089900090145
AXFLAIR,patch,dpmm_p128_t50,dpmm,top5,0,file_brain_AXFLAIR_202_6000511,7,0,11.336165208082933
AXFLAIR,patch,dpmm_p128_t50,dpmm,top5,0,file_brain_AXFLAIR_201_6003024,5,0,13.82101792555589
AXFLAIR,patch,dpmm_p128_t50,dpmm,top5,0,file_brain_AXFLAIR_201_6003018,12,0,14.365952711838942
AXFLAIR,patch,dpmm_p128_t50,dpmm,top5,0,file_brain_AXFLAIR_210_6001901,7,0,12.602557842548077
AXFLAIR,patch,dpmm_p128_t50,dpmm,top5,0,file_brain_AXFLAIR_203_6000898,12,0,12.062255859375
AXFLAIR,patch,dpmm_p128_t50,dpmm,top5,0,file_brain_AXFLAIR_202_6000483,11,0,11.210442176231972
AXFLAIR,patch,dpmm_p128_t50,dpmm,top5,0,file_brain_AXFLAIR_210_6001917,10,0,11.471167931189903
AXFLAIR,patch,dpmm_p128_t50,dpmm,top5,0,file_brain_AXFLAIR_201_6002914,11,0,11.330083993765024
AXFLAIR,patch,dpmm_p128_t50,dpmm,top5,0,file_brain_AXFLAIR_202_6000483,8,0,11.320634108323317
AXFLAIR,patch,dpmm_p128_t50,dpmm,top5,0,file_brain_AXFLAIR_201_6002941,11,0,11.523404634915865
AXFLAIR,patch,dpmm_p128_t50,dpmm,top5,0,file_brain_AXFLAIR_210_6001917,11,0,12.952305720402645
AXFLAIR,patch,dpmm_p128_t50,dpmm,top5,0,file_brain_AXFLAIR_201_6002993,10,0,11.746551513671875
AXFLAIR,patch,dpmm_p128_t50,dpmm,top5,0,file_brain_AXFLAIR_202_6000539,9,0,11.501295823317308
AXFLAIR,patch,dpmm_p128_t50,dpmm,top5,0,file_brain_AXFLAIR_203_6000942,7,0,13.704215416541466
AXFLAIR,patch,dpmm_p128_t50,dpmm,top5,0,file_brain_AXFLAIR_209_6001377,12,0,13.988970243013823
AXFLAIR,patch,dpmm_p128_t50,dpmm,top5,0,file_brain_AXFLAIR_201_6003024,10,0,11.810113760141226
AXFLAIR,patch,dpmm_p128_t50,dpmm,top5,0,file_brain_AXFLAIR_200_6002543,8,0,12.200960599459135
AXFLAIR,patch,dpmm_p128_t50,dpmm,top5,0,file_brain_AXFLAIR_202_6000531,6,0,12.287179800180288
AXFLAIR,patch,dpmm_p128_t50,dpmm,top5,0,file_brain_AXFLAIR_201_6003003,0,1,13.452579204852764
AXFLAIR,patch,dpmm_p128_t50,dpmm,top5,0,file_brain_AXFLAIR_201_6003003,1,1,13.135118924654448
AXFLAIR,patch,dpmm_p128_t50,dpmm,top5,0,file_brain_AXFLAIR_201_6003003,2,1,12.68868666428786
AXFLAIR,patch,dpmm_p128_t50,dpmm,top5,0,file_brain_AXFLAIR_201_6003003,3,1,13.431885939378004
AXFLAIR,patch,dpmm_p128_t50,dpmm,top5,0,file_brain_AXFLAIR_201_6003003,4,1,12.693821833683895
AXFLAIR,patch,dpmm_p128_t50,dpmm,top5,0,file_brain_AXFLAIR_201_6003003,5,1,11.959759051983173
AXFLAIR,patch,dpmm_p128_t50,dpmm,top5,0,file_brain_AXFLAIR_201_6003003,6,1,12.076059194711538
AXFLAIR,patch,dpmm_p128_t50,dpmm,top5,0,file_brain_AXFLAIR_201_6003003,7,1,12.340036245492788
AXFLAIR,patch,dpmm_p128_t50,dpmm,top5,0,file_brain_AXFLAIR_201_6003003,8,1,12.433914184570312
AXFLAIR,patch,dpmm_p128_t50,dpmm,top5,0,file_brain_AXFLAIR_201_6003003,9,1,12.183666522686298
AXFLAIR,patch,dpmm_p128_t50,dpmm,top5,0,file_brain_AXFLAIR_201_6003003,10,1,12.100035447340746
AXFLAIR,patch,dpmm_p128_t50,dpmm,top5,0,file_brain_AXFLAIR_201_6002972,0,1,15.12283677321214
AXFLAIR,patch,dpmm_p128_t50,dpmm,top5,0,file_brain_AXFLAIR_201_6002972,1,1,14.935415414663462
AXFLAIR,patch,dpmm_p128_t50,dpmm,top5,0,file_brain_AXFLAIR_201_6002972,2,1,15.188014103816105
AXFLAIR,patch,dpmm_p128_t50,dpmm,top5,0,file_brain_AXFLAIR_201_6002972,3,1,14.359369131234976
AXFLAIR,patch,dpmm_p128_t50,dpmm,top5,0,file_brain_AXFLAIR_201_6002972,4,1,14.785933274489183
AXFLAIR,patch,dpmm_p128_t50,dpmm,top5,0,file_brain_AXFLAIR_201_6002972,5,1,15.030950692983774
AXFLAIR,patch,dpmm_p128_t50,dpmm,top5,0,file_brain_AXFLAIR_201_6002972,6,1,14.063446044921875
AXFLAIR,patch,dpmm_p128_t50,dpmm,top5,0,file_brain_AXFLAIR_201_6002972,7,1,14.539753840519833
AXFLAIR,patch,dpmm_p128_t50,dpmm,top5,0,file_brain_AXFLAIR_201_6002972,8,1,14.663097675030048
AXFLAIR,patch,dpmm_p128_t50,dpmm,top5,0,file_brain_AXFLAIR_201_6002972,9,1,14.073512150691105
AXFLAIR,patch,dpmm_p128_t50,dpmm,top5,0,file_brain_AXFLAIR_201_6002972,10,1,14.446050790640024
AXFLAIR,patch,dpmm_p128_t50,dpmm,top5,0,file_brain_AXFLAIR_201_6002972,11,1,13.813974233774038
AXFLAIR,patch,dpmm_p128_t50,dpmm,top5,0,file_brain_AXFLAIR_201_6002972,12,1,14.406137319711538
AXFLAIR,patch,dpmm_p128_t50,dpmm,top5,0,file_brain_AXFLAIR_201_6002941,0,1,13.93203617976262
AXFLAIR,patch,dpmm_p128_t50,dpmm,top5,0,file_brain_AXFLAIR_201_6002941,1,1,12.886102529672476
AXFLAIR,patch,dpmm_p128_t50,dpmm,top5,0,file_brain_AXFLAIR_201_6002941,2,1,13.161386343149038
AXFLAIR,patch,dpmm_p128_t50,dpmm,top5,0,file_brain_AXFLAIR_201_6002941,3,1,12.58978740985577
AXFLAIR,patch,dpmm_p128_t50,dpmm,top5,0,file_brain_AXFLAIR_201_6002941,4,1,12.54900888296274
AXFLAIR,patch,dpmm_p128_t50,dpmm,top5,0,file_brain_AXFLAIR_201_6002941,5,1,12.04254150390625
AXFLAIR,patch,dpmm_p128_t50,dpmm,top5,0,file_brain_AXFLAIR_202_6000508,1,1,13.99441645695613
AXFLAIR,patch,dpmm_p128_t50,dpmm,top5,0,file_brain_AXFLAIR_202_6000508,2,1,14.622774564302885
AXFLAIR,patch,dpmm_p128_t50,dpmm,top5,0,file_brain_AXFLAIR_202_6000508,3,1,14.089067899263823
AXFLAIR,patch,dpmm_p128_t50,dpmm,top5,0,file_brain_AXFLAIR_202_6000508,4,1,14.516433715820312
AXFLAIR,patch,dpmm_p128_t50,dpmm,top5,0,file_brain_AXFLAIR_202_6000508,5,1,14.008164625901442
AXFLAIR,patch,dpmm_p128_t50,dpmm,top5,0,file_brain_AXFLAIR_202_6000508,6,1,14.13555673452524
AXFLAIR,patch,dpmm_p128_t50,dpmm,top5,0,file_brain_AXFLAIR_202_6000508,7,1,13.974522517277645
AXFLAIR,patch,dpmm_p128_t50,dpmm,top5,0,file_brain_AXFLAIR_202_6000508,8,1,13.295114370492788
AXFLAIR,patch,dpmm_p128_t50,dpmm,top5,0,file_brain_AXFLAIR_202_6000508,9,1,13.276468130258413
AXFLAIR,patch,dpmm_p128_t50,dpmm,top5,0,file_brain_AXFLAIR_202_6000508,10,1,13.91931621844952
AXFLAIR,patch,dpmm_p128_t50,dpmm,top5,0,file_brain_AXFLAIR_202_6000508,11,1,13.976614145132212
AXFLAIR,patch,dpmm_p128_t50,dpmm,top5,0,file_brain_AXFLAIR_202_6000508,12,1,13.926222581129808
AXFLAIR,patch,dpmm_p128_t50,dpmm,top5,0,file_brain_AXFLAIR_202_6000508,13,1,14.09155508188101
AXFLAIR,patch,dpmm_p128_t50,dpmm,top5,0,file_brain_AXFLAIR_200_6002641,3,1,12.504653930664062
AXFLAIR,patch,dpmm_p128_t50,dpmm,top5,0,file_brain_AXFLAIR_200_6002641,7,1,10.914299598106972
AXFLAIR,patch,dpmm_p128_t50,dpmm,top5,0,file_brain_AXFLAIR_200_6002641,8,1,10.913970947265625
AXFLAIR,patch,dpmm_p128_t50,dpmm,top5,0,file_brain_AXFLAIR_201_6003008,0,1,14.815136249248798
AXFLAIR,patch,dpmm_p128_t50,dpmm,top5,0,file_brain_AXFLAIR_201_6003008,1,1,14.774097149188702
AXFLAIR,patch,dpmm_p128_t50,dpmm,top5,0,file_brain_AXFLAIR_201_6003008,2,1,15.253225473257212
AXFLAIR,patch,dpmm_p128_t50,dpmm,top5,0,file_brain_AXFLAIR_201_6003008,3,1,14.309530404897837
AXFLAIR,patch,dpmm_p128_t50,dpmm,top5,0,file_brain_AXFLAIR_201_6003008,4,1,13.556842510516827
AXFLAIR,patch,dpmm_p128_t50,dpmm,top5,0,file_brain_AXFLAIR_201_6003008,5,1,13.477792593149038
AXFLAIR,patch,dpmm_p128_t50,dpmm,top5,0,file_brain_AXFLAIR_201_6003008,6,1,13.281813401442308
AXFLAIR,patch,dpmm_p128_t50,dpmm,top5,0,file_brain_AXFLAIR_201_6003008,7,1,14.045607346754808
AXFLAIR,patch,dpmm_p128_t50,dpmm,top5,0,file_brain_AXFLAIR_201_6003008,8,1,14.117114727313702
AXFLAIR,patch,dpmm_p128_t50,dpmm,top5,0,file_brain_AXFLAIR_201_6003008,9,1,13.18289067195012
AXFLAIR,patch,dpmm_p128_t50,dpmm,top5,0,file_brain_AXFLAIR_201_6003008,10,1,12.702728271484375
AXFLAIR,patch,dpmm_p128_t50,dpmm,top5,0,file_brain_AXFLAIR_201_6003008,11,1,12.135374802809496
AXFLAIR,patch,dpmm_p128_t50,dpmm,top5,0,file_brain_AXFLAIR_201_6003008,12,1,11.96020977313702
AXFLAIR,patch,dpmm_p128_t50,dpmm,top5,0,file_brain_AXFLAIR_201_6003008,13,1,12.333477313701923
AXFLAIR,patch,dpmm_p128_t50,dpmm,top5,0,file_brain_AXFLAIR_201_6002914,0,1,14.242593618539663
AXFLAIR,patch,dpmm_p128_t50,dpmm,top5,0,file_brain_AXFLAIR_201_6002914,1,1,14.58368154672476
AXFLAIR,patch,dpmm_p128_t50,dpmm,top5,0,file_brain_AXFLAIR_201_6002914,2,1,14.186004638671875
AXFLAIR,patch,dpmm_p128_t50,dpmm,top5,0,file_brain_AXFLAIR_201_6002914,3,1,12.946814903846153
AXFLAIR,patch,dpmm_p128_t50,dpmm,top5,0,file_brain_AXFLAIR_201_6002914,6,1,11.763113168569712
AXFLAIR,patch,dpmm_p128_t50,dpmm,top5,0,file_brain_AXFLAIR_202_6000421,0,1,14.600603543795073
AXFLAIR,patch,dpmm_p128_t50,dpmm,top5,0,file_brain_AXFLAIR_202_6000421,1,1,14.072155292217548
AXFLAIR,patch,dpmm_p128_t50,dpmm,top5,0,file_brain_AXFLAIR_202_6000421,2,1,13.96734384390024
AXFLAIR,patch,dpmm_p128_t50,dpmm,top5,0,file_brain_AXFLAIR_202_6000421,3,1,14.704333965594952
AXFLAIR,patch,dpmm_p128_t50,dpmm,top5,0,file_brain_AXFLAIR_202_6000421,4,1,14.2554685152494
AXFLAIR,patch,dpmm_p128_t50,dpmm,top5,0,file_brain_AXFLAIR_202_6000421,5,1,14.303539569561298
AXFLAIR,patch,dpmm_p128_t50,dpmm,top5,0,file_brain_AXFLAIR_202_6000421,6,1,14.570270244891827
AXFLAIR,patch,dpmm_p128_t50,dpmm,top5,0,file_brain_AXFLAIR_202_6000421,7,1,14.804681631234976
AXFLAIR,patch,dpmm_p128_t50,dpmm,top5,0,file_brain_AXFLAIR_202_6000421,8,1,15.571333665114183
AXFLAIR,patch,dpmm_p128_t50,dpmm,top5,0,file_brain_AXFLAIR_202_6000421,9,1,15.244564349834736
AXFLAIR,patch,dpmm_p128_t50,dpmm,top5,0,file_brain_AXFLAIR_202_6000421,10,1,15.740763737605167
AXFLAIR,patch,dpmm_p128_t50,dpmm,top5,0,file_brain_AXFLAIR_202_6000421,11,1,14.472858135516827
AXFLAIR,patch,dpmm_p128_t50,dpmm,top5,0,file_brain_AXFLAIR_202_6000421,12,1,14.533011803260216
AXFLAIR,patch,dpmm_p128_t50,dpmm,top5,0,file_brain_AXFLAIR_202_6000421,13,1,14.53290029672476
AXFLAIR,patch,dpmm_p128_t50,dpmm,top5,0,file_brain_AXFLAIR_202_6000421,14,1,14.39203115609976
AXFLAIR,patch,dpmm_p128_t50,dpmm,top5,0,file_brain_AXFLAIR_201_6002960,0,1,13.811429537259615
AXFLAIR,patch,dpmm_p128_t50,dpmm,top5,0,file_brain_AXFLAIR_201_6002960,1,1,13.183995173527645
AXFLAIR,patch,dpmm_p128_t50,dpmm,top5,0,file_brain_AXFLAIR_201_6002960,2,1,13.668746948242188
AXFLAIR,patch,dpmm_p128_t50,dpmm,top5,0,file_brain_AXFLAIR_201_6002960,3,1,13.91732670710637
AXFLAIR,patch,dpmm_p128_t50,dpmm,top5,0,file_brain_AXFLAIR_201_6002960,4,1,14.029531625600962
AXFLAIR,patch,dpmm_p128_t50,dpmm,top5,0,file_brain_AXFLAIR_201_6002960,5,1,12.931253286508413
AXFLAIR,patch,dpmm_p128_t50,dpmm,top5,0,file_brain_AXFLAIR_201_6002960,6,1,12.76446298452524
AXFLAIR,patch,dpmm_p128_t50,dpmm,top5,0,file_brain_AXFLAIR_201_6002960,7,1,13.352489764873798
AXFLAIR,patch,dpmm_p128_t50,dpmm,top5,0,file_brain_AXFLAIR_201_6002960,8,1,12.919239924504208
AXFLAIR,patch,dpmm_p128_t50,dpmm,top5,0,file_brain_AXFLAIR_201_6002960,9,1,13.0733642578125
AXFLAIR,patch,dpmm_p128_t50,dpmm,top5,0,file_brain_AXFLAIR_203_6000875,0,1,13.971700815054087
AXFLAIR,patch,dpmm_p128_t50,dpmm,top5,0,file_brain_AXFLAIR_203_6000875,1,1,14.48117182804988
AXFLAIR,patch,dpmm_p128_t50,dpmm,top5,0,file_brain_AXFLAIR_203_6000875,2,1,14.780394334059496
AXFLAIR,patch,dpmm_p128_t50,dpmm,top5,0,file_brain_AXFLAIR_203_6000875,3,1,14.697253887469952
AXFLAIR,patch,dpmm_p128_t50,dpmm,top5,0,file_brain_AXFLAIR_203_6000875,4,1,14.55022723858173
AXFLAIR,patch,dpmm_p128_t50,dpmm,top5,0,file_brain_AXFLAIR_203_6000875,5,1,14.43536376953125
AXFLAIR,patch,dpmm_p128_t50,dpmm,top5,0,file_brain_AXFLAIR_203_6000875,6,1,13.96301034780649
AXFLAIR,patch,dpmm_p128_t50,dpmm,top5,0,file_brain_AXFLAIR_203_6000875,7,1,13.819979154146635
AXFLAIR,patch,dpmm_p128_t50,dpmm,top5,0,file_brain_AXFLAIR_203_6000875,8,1,13.75454829289363
AXFLAIR,patch,dpmm_p128_t50,dpmm,top5,0,file_brain_AXFLAIR_203_6000875,9,1,14.78917987530048
AXFLAIR,patch,dpmm_p128_t50,dpmm,top5,0,file_brain_AXFLAIR_203_6000875,10,1,14.814655010516827
AXFLAIR,patch,dpmm_p128_t50,dpmm,top5,0,file_brain_AXFLAIR_203_6000875,11,1,13.44446035531851
AXFLAIR,patch,dpmm_p128_t50,dpmm,top5,0,file_brain_AXFLAIR_203_6000875,12,1,14.087120643028847
AXFLAIR,patch,dpmm_p128_t50,dpmm,top5,0,file_brain_AXFLAIR_203_6000875,13,1,13.833230825570913
AXFLAIR,patch,dpmm_p128_t50,dpmm,top5,0,file_brain_AXFLAIR_203_6000875,14,1,14.26828824556791
AXFLAIR,patch,dpmm_p128_t50,dpmm,top5,0,file_brain_AXFLAIR_203_6000875,15,1,15.092275766225962
AXFLAIR,patch,dpmm_p128_t50,dpmm,top5,0,file_brain_AXFLAIR_210_6001953,10,1,11.790630634014423
AXFLAIR,patch,dpmm_p128_t50,dpmm,top5,0,file_brain_AXFLAIR_201_6003018,0,1,14.66890892615685
AXFLAIR,patch,dpmm_p128_t50,dpmm,top5,0,file_brain_AXFLAIR_201_6003018,1,1,14.249654916616587
AXFLAIR,patch,dpmm_p128_t50,dpmm,top5,0,file_brain_AXFLAIR_201_6003018,2,1,13.931935237004208
AXFLAIR,patch,dpmm_p128_t50,dpmm,top5,0,file_brain_AXFLAIR_201_6003018,3,1,14.44488994891827
AXFLAIR,patch,dpmm_p128_t50,dpmm,top5,0,file_brain_AXFLAIR_201_6003018,4,1,14.591256948617788
AXFLAIR,patch,dpmm_p128_t50,dpmm,top5,0,file_brain_AXFLAIR_201_6003018,5,1,14.99407724233774
AXFLAIR,patch,dpmm_p128_t50,dpmm,top5,0,file_brain_AXFLAIR_201_6003018,6,1,14.29916029710036
AXFLAIR,patch,dpmm_p128_t50,dpmm,top5,0,file_brain_AXFLAIR_201_6003018,7,1,13.516283475435698
AXFLAIR,patch,dpmm_p128_t50,dpmm,top5,0,file_brain_AXFLAIR_201_6003018,8,1,12.811913123497597
AXFLAIR,patch,dpmm_p128_t50,dpmm,top5,0,file_brain_AXFLAIR_200_6002595,2,1,13.40566664475661
AXFLAIR,patch,dpmm_p128_t50,dpmm,top5,0,file_brain_AXFLAIR_200_6002595,3,1,13.317516620342548
AXFLAIR,patch,dpmm_p128_t50,dpmm,top5,0,file_brain_AXFLAIR_200_6002595,4,1,13.17728013258714
AXFLAIR,patch,dpmm_p128_t50,dpmm,top5,0,file_brain_AXFLAIR_200_6002595,5,1,12.056655883789062
AXFLAIR,patch,dpmm_p128_t50,dpmm,top5,0,file_brain_AXFLAIR_203_6000898,1,1,14.19128183218149
AXFLAIR,patch,dpmm_p128_t50,dpmm,top5,0,file_brain_AXFLAIR_203_6000898,2,1,14.583050067608173
AXFLAIR,patch,dpmm_p128_t50,dpmm,top5,0,file_brain_AXFLAIR_203_6000898,3,1,14.214459932767427
AXFLAIR,patch,dpmm_p128_t50,dpmm,top5,0,file_brain_AXFLAIR_203_6000898,5,1,14.804672241210938
AXFLAIR,patch,dpmm_p128_t50,dpmm,top5,0,file_brain_AXFLAIR_203_6000912,7,1,12.085970365084135
AXFLAIR,patch,dpmm_p128_t50,dpmm,top5,0,file_brain_AXFLAIR_203_6000912,8,1,12.007718599759615
AXFLAIR,patch,dpmm_p128_t50,dpmm,top5,0,file_brain_AXFLAIR_203_6000912,9,1,12.136942936823917
AXFLAIR,patch,dpmm_p128_t50,dpmm,top5,0,file_brain_AXFLAIR_202_6000511,0,1,14.207661555363583
AXFLAIR,patch,dpmm_p128_t50,dpmm,top5,0,file_brain_AXFLAIR_202_6000511,1,1,13.569065974308895
AXFLAIR,patch,dpmm_p128_t50,dpmm,top5,0,file_brain_AXFLAIR_202_6000557,0,1,14.980887779822716
AXFLAIR,patch,dpmm_p128_t50,dpmm,top5,0,file_brain_AXFLAIR_202_6000557,1,1,14.371060884915865
AXFLAIR,patch,dpmm_p128_t50,dpmm,top5,0,file_brain_AXFLAIR_202_6000557,2,1,14.657723060021034
AXFLAIR,patch,dpmm_p128_t50,dpmm,top5,0,file_brain_AXFLAIR_202_6000557,3,1,13.892118013822115
AXFLAIR,patch,dpmm_p128_t50,dpmm,top5,0,file_brain_AXFLAIR_202_6000557,4,1,14.095905010516827
AXFLAIR,patch,dpmm_p128_t50,dpmm,top5,0,file_brain_AXFLAIR_202_6000557,5,1,12.772384643554688
AXFLAIR,patch,dpmm_p128_t50,dpmm,top5,0,file_brain_AXFLAIR_210_6001901,0,1,14.692793626051683
AXFLAIR,patch,dpmm_p128_t50,dpmm,top5,0,file_brain_AXFLAIR_210_6001901,1,1,14.116768470177284
AXFLAIR,patch,dpmm_p128_t50,dpmm,top5,0,file_brain_AXFLAIR_210_6001901,2,1,14.296215350811298
AXFLAIR,patch,dpmm_p128_t50,dpmm,top5,0,file_brain_AXFLAIR_200_6002543,0,1,14.216978806715746
AXFLAIR,patch,dpmm_p128_t50,dpmm,top5,0,file_brain_AXFLAIR_200_6002543,1,1,13.691314697265625
AXFLAIR,patch,dpmm_p128_t50,dpmm,top5,0,file_brain_AXFLAIR_201_6002878,0,1,14.607496995192308
AXFLAIR,patch,dpmm_p128_t50,dpmm,top5,0,file_brain_AXFLAIR_201_6002878,1,1,14.384145883413462
AXFLAIR,patch,dpmm_p128_t50,dpmm,top5,0,file_brain_AXFLAIR_201_6002878,2,1,14.375599787785458
AXFLAIR,patch,dpmm_p128_t50,dpmm,top5,0,file_brain_AXFLAIR_201_6002878,3,1,14.019766000600962
AXFLAIR,patch,dpmm_p128_t50,dpmm,top5,0,file_brain_AXFLAIR_201_6002878,4,1,13.478218665489784
AXFLAIR,patch,dpmm_p128_t50,dpmm,top5,0,file_brain_AXFLAIR_201_6002878,5,1,13.142916165865385
AXFLAIR,patch,dpmm_p128_t50,dpmm,top5,0,file_brain_AXFLAIR_201_6002878,6,1,12.464727548452524
AXFLAIR,patch,dpmm_p128_t50,dpmm,top5,0,file_brain_AXFLAIR_201_6002878,7,1,11.994094848632812
AXFLAIR,patch,dpmm_p128_t50,dpmm,top5,0,file_brain_AXFLAIR_201_6002878,8,1,12.14324481670673
AXFLAIR,patch,dpmm_p128_t50,dpmm,top5,0,file_brain_AXFLAIR_201_6002878,9,1,12.650364802433895
AXFLAIR,patch,dpmm_p128_t50,dpmm,top5,0,file_brain_AXFLAIR_201_6002878,10,1,12.0553225003756
AXFLAIR,patch,dpmm_p128_t50,dpmm,top5,0,file_brain_AXFLAIR_201_6002878,11,1,11.992141723632812
AXFLAIR,patch,dpmm_p128_t50,dpmm,top5,0,file_brain_AXFLAIR_201_6002878,12,1,14.391498272235577
AXFLAIR,patch,dpmm_p128_t50,dpmm,top5,0,file_brain_AXFLAIR_201_6002878,13,1,13.130500206580528
AXFLAIR,patch,dpmm_p128_t50,dpmm,top5,1,file_brain_AXFLAIR_210_6001917,4,0,12.804304856520433
AXFLAIR,patch,dpmm_p128_t50,dpmm,top5,1,file_brain_AXFLAIR_202_6000543,11,0,12.29593717134916
AXFLAIR,patch,dpmm_p128_t50,dpmm,top5,1,file_brain_AXFLAIR_210_6001499,4,0,12.393148568960337
AXFLAIR,patch,dpmm_p128_t50,dpmm,top5,1,file_brain_AXFLAIR_201_6002993,7,0,11.388174203725962
AXFLAIR,patch,dpmm_p128_t50,dpmm,top5,1,file_brain_AXFLAIR_202_6000543,5,0,13.433719341571514
AXFLAIR,patch,dpmm_p128_t50,dpmm,top5,1,file_brain_AXFLAIR_202_6000539,7,0,13.307269756610577
AXFLAIR,patch,dpmm_p128_t50,dpmm,top5,1,file_brain_AXFLAIR_202_6000483,5,0,13.953323364257812
AXFLAIR,patch,dpmm_p128_t50,dpmm,top5,1,file_brain_AXFLAIR_200_6002442,6,0,13.315805288461538
AXFLAIR,patch,dpmm_p128_t50,dpmm,top5,1,file_brain_AXFLAIR_202_6000483,6,0,13.040863037109375
AXFLAIR,patch,dpmm_p128_t50,dpmm,top5,1,file_brain_AXFLAIR_200_6002442,12,0,11.819223257211538
AXFLAIR,patch,dpmm_p128_t50,dpmm,top5,1,file_brain_AXFLAIR_202_6000531,10,0,11.931490384615385
AXFLAIR,patch,dpmm_p128_t50,dpmm,top5,1,file_brain_AXFLAIR_203_6000942,10,0,11.943712674654448
AXFLAIR,patch,dpmm_p128_t50,dpmm,top5,1,file_brain_AXFLAIR_203_6000912,4,0,11.888616708608774
AXFLAIR,patch,dpmm_p128_t50,dpmm,top5,1,file_brain_AXFLAIR_201_6002914,7,0,13.606316199669472
AXFLAIR,patch,dpmm_p128_t50,dpmm,top5,1,file_brain_AXFLAIR_200_6002543,4,0,13.565763033353365
AXFLAIR,patch,dpmm_p128_t50,dpmm,top5,1,file_brain_AXFLAIR_210_6001513,5,0,12.78314208984375
AXFLAIR,patch,dpmm_p128_t50,dpmm,top5,1,file_brain_AXFLAIR_209_6001397,12,0,12.487384502704327
AXFLAIR,patch,dpmm_p128_t50,dpmm,top5,1,file_brain_AXFLAIR_200_6002641,11,0,12.076129619891827
AXFLAIR,patch,dpmm_p128_t50,dpmm,top5,1,file_brain_AXFLAIR_203_6000942,11,0,11.945272592397837
AXFLAIR,patch,dpmm_p128_t50,dpmm,top5,1,file_brain_AXFLAIR_201_6002993,5,0,11.911940354567308
AXFLAIR,patch,dpmm_p128_t50,dpmm,top5,1,file_brain_AXFLAIR_200_6002595,7,0,12.790638850285458
AXFLAIR,patch,dpmm_p128_t50,dpmm,top5,1,file_brain_AXFLAIR_202_6000511,11,0,12.28238736666166
AXFLAIR,patch,dpmm_p128_t50,dpmm,top5,1,file_brain_AXFLAIR_201_6002914,10,0,14.24227787898137
AXFLAIR,patch,dpmm_p128_t50,dpmm,top5,1,file_brain_AXFLAIR_203_6000912,11,0,13.719241802509014
AXFLAIR,patch,dpmm_p128_t50,dpmm,top5,1,file_brain_AXFLAIR_210_6001953,6,0,11.76715557391827
AXFLAIR,patch,dpmm_p128_t50,dpmm,top5,1,file_brain_AXFLAIR_210_6001917,6,0,13.714508056640625
AXFLAIR,patch,dpmm_p128_t50,dpmm,top5,1,file_brain_AXFLAIR_200_6002442,9,0,11.751206618088942
AXFLAIR,patch,dpmm_p128_t50,dpmm,top5,1,file_brain_AXFLAIR_210_6001953,9,0,11.908902681790865
AXFLAIR,patch,dpmm_p128_t50,dpmm,top5,1,file_brain_AXFLAIR_200_6002442,5,0,12.04806635929988
AXFLAIR,patch,dpmm_p128_t50,dpmm,top5,1,file_brain_AXFLAIR_200_6002442,10,0,12.707892784705528
AXFLAIR,patch,dpmm_p128_t50,dpmm,top5,1,file_brain_AXFLAIR_202_6000531,9,0,14.662623478816105
AXFLAIR,patch,dpmm_p128_t50,dpmm,top5,1,file_brain_AXFLAIR_201_6002914,8,0,11.025315504807692
AXFLAIR,patch,dpmm_p128_t50,dpmm,top5,1,file_brain_AXFLAIR_202_6000474,6,0,12.862511268028847
AXFLAIR,patch,dpmm_p128_t50,dpmm,top5,1,file_brain_AXFLAIR_201_6002941,9,0,12.59961407001202
AXFLAIR,patch,dpmm_p128_t50,dpmm,top5,1,file_brain_AXFLAIR_210_6001499,11,0,12.412313608022837
AXFLAIR,patch,dpmm_p128_t50,dpmm,top5,1,file_brain_AXFLAIR_202_6000539,5,0,12.88714834359976
AXFLAIR,patch,dpmm_p128_t50,dpmm,top5,1,file_brain_AXFLAIR_202_6000474,5,0,12.080060518704927
AXFLAIR,patch,dpmm_p128_t50,dpmm,top5,1,file_brain_AXFLAIR_209_6001377,10,0,14.4610842191256
AXFLAIR,patch,dpmm_p128_t50,dpmm,top5,1,file_brain_AXFLAIR_200_6002595,9,0,12.07647939828726
AXFLAIR,patch,dpmm_p128_t50,dpmm,top5,1,file_brain_AXFLAIR_201_6002993,11,0,11.079939622145433
AXFLAIR,patch,dpmm_p128_t50,dpmm,top5,1,file_brain_AXFLAIR_202_6000557,9,0,11.843064528245192
AXFLAIR,patch,dpmm_p128_t50,dpmm,top5,1,file_brain_AXFLAIR_210_6001513,4,0,12.835660494290865
AXFLAIR,patch,dpmm_p128_t50,dpmm,top5,1,file_brain_AXFLAIR_201_6002941,8,0,12.00259516789363
AXFLAIR,patch,dpmm_p128_t50,dpmm,top5,1,file_brain_AXFLAIR_203_6000912,6,0,11.843968318058895
AXFLAIR,patch,dpmm_p128_t50,dpmm,top5,1,file_brain_AXFLAIR_201_6002914,12,0,12.07952411358173
AXFLAIR,patch,dpmm_p128_t50,dpmm,top5,1,file_brain_AXFLAIR_209_6001377,11,0,12.16754619891827
AXFLAIR,patch,dpmm_p128_t50,dpmm,top5,1,file_brain_AXFLAIR_210_6001499,5,0,11.643378624549278
AXFLAIR,patch,dpmm_p128_t50,dpmm,top5,1,file_brain_AXFLAIR_202_6000557,6,0,13.676297701322115
AXFLAIR,patch,dpmm_p128_t50,dpmm,top5,1,file_brain_AXFLAIR_202_6000557,10,0,11.96209716796875
AXFLAIR,patch,dpmm_p128_t50,dpmm,top5,1,file_brain_AXFLAIR_202_6000543,4,0,11.990246112530048
AXFLAIR,patch,dpmm_p128_t50,dpmm,top5,1,file_brain_AXFLAIR_202_6000531,7,0,13.168489896334135
AXFLAIR,patch,dpmm_p128_t50,dpmm,top5,1,file_brain_AXFLAIR_200_6002595,10,0,14.905582134540264
AXFLAIR,patch,dpmm_p128_t50,dpmm,top5,1,file_brain_AXFLAIR_201_6002914,5,0,12.398223876953125
AXFLAIR,patch,dpmm_p128_t50,dpmm,top5,1,file_brain_AXFLAIR_202_6000531,4,0,13.057396521935097
AXFLAIR,patch,dpmm_p128_t50,dpmm,top5,1,file_brain_AXFLAIR_210_6001513,6,0,11.813609196589542
AXFLAIR,patch,dpmm_p128_t50,dpmm,top5,1,file_brain_AXFLAIR_200_6002442,11,0,13.08606426532452
AXFLAIR,patch,dpmm_p128_t50,dpmm,top5,1,file_brain_AXFLAIR_209_6001377,8,0,11.536757249098558
AXFLAIR,patch,dpmm_p128_t50,dpmm,top5,1,file_brain_AXFLAIR_202_6000483,7,0,12.13231952373798
AXFLAIR,patch,dpmm_p128_t50,dpmm,top5,1,file_brain_AXFLAIR_202_6000543,9,0,11.739613459660458
AXFLAIR,patch,dpmm_p128_t50,dpmm,top5,1,file_brain_AXFLAIR_203_6000898,10,0,12.43621591421274
AXFLAIR,patch,dpmm_p128_t50,dpmm,top5,1,file_brain_AXFLAIR_203_6000912,12,0,12.386439396784855
AXFLAIR,patch,dpmm_p128_t50,dpmm,top5,1,file_brain_AXFLAIR_202_6000511,7,0,11.43802466759315
AXFLAIR,patch,dpmm_p128_t50,dpmm,top5,1,file_brain_AXFLAIR_201_6003024,5,0,13.817272479717548
AXFLAIR,patch,dpmm_p128_t50,dpmm,top5,1,file_brain_AXFLAIR_201_6003018,12,0,14.29980703500601
AXFLAIR,patch,dpmm_p128_t50,dpmm,top5,1,file_brain_AXFLAIR_210_6001901,7,0,12.559039776141827
AXFLAIR,patch,dpmm_p128_t50,dpmm,top5,1,file_brain_AXFLAIR_203_6000898,12,0,12.063667884239784
AXFLAIR,patch,dpmm_p128_t50,dpmm,top5,1,file_brain_AXFLAIR_202_6000483,11,0,11.197777381310097
AXFLAIR,patch,dpmm_p128_t50,dpmm,top5,1,file_brain_AXFLAIR_210_6001917,10,0,11.501644427959736
AXFLAIR,patch,dpmm_p128_t50,dpmm,top5,1,file_brain_AXFLAIR_201_6002914,11,0,11.537926307091347
AXFLAIR,patch,dpmm_p128_t50,dpmm,top5,1,file_brain_AXFLAIR_202_6000483,8,0,11.215601994441105
AXFLAIR,patch,dpmm_p128_t50,dpmm,top5,1,file_brain_AXFLAIR_201_6002941,11,0,11.391659076397236
AXFLAIR,patch,dpmm_p128_t50,dpmm,top5,1,file_brain_AXFLAIR_210_6001917,11,0,13.0280515230619
AXFLAIR,patch,dpmm_p128_t50,dpmm,top5,1,file_brain_AXFLAIR_201_6002993,10,0,11.908104529747597
AXFLAIR,patch,dpmm_p128_t50,dpmm,top5,1,file_brain_AXFLAIR_202_6000539,9,0,11.62111605130709
AXFLAIR,patch,dpmm_p128_t50,dpmm,top5,1,file_brain_AXFLAIR_203_6000942,7,0,13.40722186748798
AXFLAIR,patch,dpmm_p128_t50,dpmm,top5,1,file_brain_AXFLAIR_209_6001377,12,0,13.982376098632812
AXFLAIR,patch,dpmm_p128_t50,dpmm,top5,1,file_brain_AXFLAIR_201_6003024,10,0,12.005482600285458
AXFLAIR,patch,dpmm_p128_t50,dpmm,top5,1,file_brain_AXFLAIR_200_6002543,8,0,12.304027850811298
AXFLAIR,patch,dpmm_p128_t50,dpmm,top5,1,file_brain_AXFLAIR_202_6000531,6,0,12.345765333909254
AXFLAIR,patch,dpmm_p128_t50,dpmm,top5,1,file_brain_AXFLAIR_201_6003003,0,1,13.2899169921875
AXFLAIR,patch,dpmm_p128_t50,dpmm,top5,1,file_brain_AXFLAIR_201_6003003,1,1,13.079654400165264
AXFLAIR,patch,dpmm_p128_t50,dpmm,top5,1,file_brain_AXFLAIR_201_6003003,2,1,12.75686997633714
AXFLAIR,patch,dpmm_p128_t50,dpmm,top5,1,file_brain_AXFLAIR_201_6003003,3,1,13.402625450721153
AXFLAIR,patch,dpmm_p128_t50,dpmm,top5,1,file_brain_AXFLAIR_201_6003003,4,1,12.630730262169472
AXFLAIR,patch,dpmm_p128_t50,dpmm,top5,1,file_brain_AXFLAIR_201_6003003,5,1,11.91339580829327
AXFLAIR,patch,dpmm_p128_t50,dpmm,top5,1,file_brain_AXFLAIR_201_6003003,6,1,11.996270986703726
AXFLAIR,patch,dpmm_p128_t50,dpmm,top5,1,file_brain_AXFLAIR_201_6003003,7,1,12.540182260366587
AXFLAIR,patch,dpmm_p128_t50,dpmm,top5,1,file_brain_AXFLAIR_201_6003003,8,1,12.396820068359375
AXFLAIR,patch,dpmm_p128_t50,dpmm,top5,1,file_brain_AXFLAIR_201_6003003,9,1,12.274139404296875
AXFLAIR,patch,dpmm_p128_t50,dpmm,top5,1,file_brain_AXFLAIR_201_6003003,10,1,12.026130089393028
AXFLAIR,patch,dpmm_p128_t50,dpmm,top5,1,file_brain_AXFLAIR_201_6002972,0,1,15.587090125450722
AXFLAIR,patch,dpmm_p128_t50,dpmm,top5,1,file_brain_AXFLAIR_201_6002972,1,1,15.27899169921875
AXFLAIR,patch,dpmm_p128_t50,dpmm,top5,1,file_brain_AXFLAIR_201_6002972,2,1,15.247218205378605
AXFLAIR,patch,dpmm_p128_t50,dpmm,top5,1,file_brain_AXFLAIR_201_6002972,3,1,14.661144550030048
AXFLAIR,patch,dpmm_p128_t50,dpmm,top5,1,file_brain_AXFLAIR_201_6002972,4,1,14.98992919921875
AXFLAIR,patch,dpmm_p128_t50,dpmm,top5,1,file_brain_AXFLAIR_201_6002972,5,1,15.226454514723558
AXFLAIR,patch,dpmm_p128_t50,dpmm,top5,1,file_brain_AXFLAIR_201_6002972,6,1,14.385343111478365
AXFLAIR,patch,dpmm_p128_t50,dpmm,top5,1,file_brain_AXFLAIR_201_6002972,7,1,14.707077026367188
AXFLAIR,patch,dpmm_p128_t50,dpmm,top5,1,file_brain_AXFLAIR_201_6002972,8,1,14.961664053109976
AXFLAIR,patch,dpmm_p128_t50,dpmm,top5,1,file_brain_AXFLAIR_201_6002972,9,1,13.948414729191708
AXFLAIR,patch,dpmm_p128_t50,dpmm,top5,1,file_brain_AXFLAIR_201_6002972,10,1,14.433641873873198
AXFLAIR,patch,dpmm_p128_t50,dpmm,top5,1,file_brain_AXFLAIR_201_6002972,11,1,13.73465552696815
AXFLAIR,patch,dpmm_p128_t50,dpmm,top5,1,file_brain_AXFLAIR_201_6002972,12,1,14.376931997445913
AXFLAIR,patch,dpmm_p128_t50,dpmm,top5,1,file_brain_AXFLAIR_201_6002941,0,1,13.85073500413161
AXFLAIR,patch,dpmm_p128_t50,dpmm,top5,1,file_brain_AXFLAIR_201_6002941,1,1,12.866748516376202
AXFLAIR,patch,dpmm_p128_t50,dpmm,top5,1,file_brain_AXFLAIR_201_6002941,2,1,12.99051255446214
AXFLAIR,patch,dpmm_p128_t50,dpmm,top5,1,file_brain_AXFLAIR_201_6002941,3,1,12.553732065054087
AXFLAIR,patch,dpmm_p128_t50,dpmm,top5,1,file_brain_AXFLAIR_201_6002941,4,1,12.40960458608774
AXFLAIR,patch,dpmm_p128_t50,dpmm,top5,1,file_brain_AXFLAIR_201_6002941,5,1,11.990552462064302
AXFLAIR,patch,dpmm_p128_t50,dpmm,top5,1,file_brain_AXFLAIR_202_6000508,1,1,14.0263425386869
AXFLAIR,patch,dpmm_p128_t50,dpmm,top5,1,file_brain_AXFLAIR_202_6000508,2,1,14.595684344951923
AXFLAIR,patch,dpmm_p128_t50,dpmm,top5,1,file_brain_AXFLAIR_202_6000508,3,1,14.16384770320012
AXFLAIR,patch,dpmm_p128_t50,dpmm,top5,1,file_brain_AXFLAIR_202_6000508,4,1,14.360858623798077
AXFLAIR,patch,dpmm_p128_t50,dpmm,top5,1,file_brain_AXFLAIR_202_6000508,5,1,14.042110736553486
AXFLAIR,patch,dpmm_p128_t50,dpmm,top5,1,file_brain_AXFLAIR_202_6000508,6,1,14.040517953725962
AXFLAIR,patch,dpmm_p128_t50,dpmm,top5,1,file_brain_AXFLAIR_202_6000508,7,1,13.947212806114784
AXFLAIR,patch,dpmm_p128_t50,dpmm,top5,1,file_brain_AXFLAIR_202_6000508,8,1,13.39276123046875
AXFLAIR,patch,dpmm_p128_t50,dpmm,top5,1,file_brain_AXFLAIR_202_6000508,9,1,13.43216294508714
AXFLAIR,patch,dpmm_p128_t50,dpmm,top5,1,file_brain_AXFLAIR_202_6000508,10,1,14.032544649564302
AXFLAIR,patch,dpmm_p128_t50,dpmm,top5,1,file_brain_AXFLAIR_202_6000508,11,1,14.019568810096153
AXFLAIR,patch,dpmm_p128_t50,dpmm,top5,1,file_brain_AXFLAIR_202_6000508,12,1,14.06658700796274
AXFLAIR,patch,dpmm_p128_t50,dpmm,top5,1,file_brain_AXFLAIR_202_6000508,13,1,13.991068913386417
AXFLAIR,patch,dpmm_p128_t50,dpmm,top5,1,file_brain_AXFLAIR_200_6002641,3,1,12.410855806790865
AXFLAIR,patch,dpmm_p128_t50,dpmm,top5,1,file_brain_AXFLAIR_200_6002641,7,1,10.902168860802284
AXFLAIR,patch,dpmm_p128_t50,dpmm,top5,1,file_brain_AXFLAIR_200_6002641,8,1,10.839266263521635
AXFLAIR,patch,dpmm_p128_t50,dpmm,top5,1,file_brain_AXFLAIR_201_6003008,0,1,14.891956035907452
AXFLAIR,patch,dpmm_p128_t50,dpmm,top5,1,file_brain_AXFLAIR_201_6003008,1,1,14.903988177959736
AXFLAIR,patch,dpmm_p128_t50,dpmm,top5,1,file_brain_AXFLAIR_201_6003008,2,1,15.321217463566708
AXFLAIR,patch,dpmm_p128_t50,dpmm,top5,1,file_brain_AXFLAIR_201_6003008,3,1,14.312166654146635
AXFLAIR,patch,dpmm_p128_t50,dpmm,top5,1,file_brain_AXFLAIR_201_6003008,4,1,13.630044790414663
AXFLAIR,patch,dpmm_p128_t50,dpmm,top5,1,file_brain_AXFLAIR_201_6003008,5,1,13.487111018254208
AXFLAIR,patch,dpmm_p128_t50,dpmm,top5,1,file_brain_AXFLAIR_201_6003008,6,1,13.299853985126202
AXFLAIR,patch,dpmm_p128_t50,dpmm,top5,1,file_brain_AXFLAIR_201_6003008,7,1,14.069652850811298
AXFLAIR,patch,dpmm_p128_t50,dpmm,top5,1,file_brain_AXFLAIR_201_6003008,8,1,14.013404259314903
AXFLAIR,patch,dpmm_p128_t50,dpmm,top5,1,file_brain_AXFLAIR_201_6003008,9,1,13.175978440504808
AXFLAIR,patch,dpmm_p128_t50,dpmm,top5,1,file_brain_AXFLAIR_201_6003008,10,1,12.718624408428486
AXFLAIR,patch,dpmm_p128_t50,dpmm,top5,1,file_brain_AXFLAIR_201_6003008,11,1,12.148261437049278
AXFLAIR,patch,dpmm_p128_t50,dpmm,top5,1,file_brain_AXFLAIR_201_6003008,12,1,11.948446420522837
AXFLAIR,patch,dpmm_p128_t50,dpmm,top5,1,file_brain_AXFLAIR_201_6003008,13,1,12.350318321814903
AXFLAIR,patch,dpmm_p128_t50,dpmm,top5,1,file_brain_AXFLAIR_201_6002914,0,1,14.204475989708534
AXFLAIR,patch,dpmm_p128_t50,dpmm,top5,1,file_brain_AXFLAIR_201_6002914,1,1,14.67691392164964
AXFLAIR,patch,dpmm_p128_t50,dpmm,top5,1,file_brain_AXFLAIR_201_6002914,2,1,14.10903813288762
AXFLAIR,patch,dpmm_p128_t50,dpmm,top5,1,file_brain_AXFLAIR_201_6002914,3,1,12.889305701622597
AXFLAIR,patch,dpmm_p128_t50,dpmm,top5,1,file_brain_AXFLAIR_201_6002914,6,1,11.72003408578726
AXFLAIR,patch,dpmm_p128_t50,dpmm,top5,1,file_brain_AXFLAIR_202_6000421,0,1,14.624171330378605
AXFLAIR,patch,dpmm_p128_t50,dpmm,top5,1,file_brain_AXFLAIR_202_6000421,1,1,13.904867318960337
AXFLAIR,patch,dpmm_p128_t50,dpmm,top5,1,file_brain_AXFLAIR_202_6000421,2,1,13.688788780799278
AXFLAIR,patch,dpmm_p128_t50,dpmm,top5,1,file_brain_AXFLAIR_202_6000421,3,1,14.43480975811298
AXFLAIR,patch,dpmm_p128_t50,dpmm,top5,1,file_brain_AXFLAIR_202_6000421,4,1,14.145751953125
AXFLAIR,patch,dpmm_p128_t50,dpmm,top5,1,file_brain_AXFLAIR_202_6000421,5,1,14.256436861478365
AXFLAIR,patch,dpmm_p128_t50,dpmm,top5,1,file_brain_AXFLAIR_202_6000421,6,1,14.4330080472506
AXFLAIR,patch,dpmm_p128_t50,dpmm,top5,1,file_brain_AXFLAIR_202_6000421,7,1,14.752024723933292
AXFLAIR,patch,dpmm_p128_t50,dpmm,top5,1,file_brain_AXFLAIR_202_6000421,8,1,15.406768798828125
AXFLAIR,patch,dpmm_p128_t50,dpmm,top5,1,file_brain_AXFLAIR_202_6000421,9,1,15.096927349384014
AXFLAIR,patch,dpmm_p128_t50,dpmm,top5,1,file_brain_AXFLAIR_202_6000421,10,1,15.591296856219952
AXFLAIR,patch,dpmm_p128_t50,dpmm,top5,1,file_brain_AXFLAIR_202_6000421,11,1,14.19417982835036
AXFLAIR,patch,dpmm_p128_t50,dpmm,top5,1,file_brain_AXFLAIR_202_6000421,12,1,14.6748293363131
AXFLAIR,patch,dpmm_p128_t50,dpmm,top5,1,file_brain_AXFLAIR_202_6000421,13,1,14.57391122671274
AXFLAIR,patch,dpmm_p128_t50,dpmm,top5,1,file_brain_AXFLAIR_202_6000421,14,1,14.336698091947115
AXFLAIR,patch,dpmm_p128_t50,dpmm,top5,1,file_brain_AXFLAIR_201_6002960,0,1,13.808884840745192
AXFLAIR,patch,dpmm_p128_t50,dpmm,top5,1,file_brain_AXFLAIR_201_6002960,1,1,13.156694852388823
AXFLAIR,patch,dpmm_p128_t50,dpmm,top5,1,file_brain_AXFLAIR_201_6002960,2,1,13.594226543719952
AXFLAIR,patch,dpmm_p128_t50,dpmm,top5,1,file_brain_AXFLAIR_201_6002960,3,1,13.615278977614183
AXFLAIR,patch,dpmm_p128_t50,dpmm,top5,1,file_brain_AXFLAIR_201_6002960,4,1,14.038129366361177
AXFLAIR,patch,dpmm_p128_t50,dpmm,top5,1,file_brain_AXFLAIR_201_6002960,5,1,12.826484093299278
AXFLAIR,patch,dpmm_p128_t50,dpmm,top5,1,file_brain_AXFLAIR_201_6002960,6,1,12.680344801682692
AXFLAIR,patch,dpmm_p128_t50,dpmm,top5,1,file_brain_AXFLAIR_201_6002960,7,1,13.346144456129808
AXFLAIR,patch,dpmm_p128_t50,dpmm,top5,1,file_brain_AXFLAIR_201_6002960,8,1,12.993556096003605
AXFLAIR,patch,dpmm_p128_t50,dpmm,top5,1,file_brain_AXFLAIR_201_6002960,9,1,13.149673461914062
AXFLAIR,patch,dpmm_p128_t50,dpmm,top5,1,file_brain_AXFLAIR_203_6000875,0,1,14.056074876051683
AXFLAIR,patch,dpmm_p128_t50,dpmm,top5,1,file_brain_AXFLAIR_203_6000875,1,1,14.32781982421875
AXFLAIR,patch,dpmm_p128_t50,dpmm,top5,1,file_brain_AXFLAIR_203_6000875,2,1,14.549422044020433
AXFLAIR,patch,dpmm_p128_t50,dpmm,top5,1,file_brain_AXFLAIR_203_6000875,3,1,14.46148212139423
AXFLAIR,patch,dpmm_p128_t50,dpmm,top5,1,file_brain_AXFLAIR_203_6000875,4,1,14.35260009765625
AXFLAIR,patch,dpmm_p128_t50,dpmm,top5,1,file_brain_AXFLAIR_203_6000875,5,1,14.119797926682692
AXFLAIR,patch,dpmm_p128_t50,dpmm,top5,1,file_brain_AXFLAIR_203_6000875,6,1,13.58364516038161
AXFLAIR,patch,dpmm_p128_t50,dpmm,top5,1,file_brain_AXFLAIR_203_6000875,7,1,13.67224355844351
AXFLAIR,patch,dpmm_p128_t50,dpmm,top5,1,file_brain_AXFLAIR_203_6000875,8,1,13.673851600060097
AXFLAIR,patch,dpmm_p128_t50,dpmm,top5,1,file_brain_AXFLAIR_203_6000875,9,1,14.661036564753605
AXFLAIR,patch,dpmm_p128_t50,dpmm,top5,1,file_brain_AXFLAIR_203_6000875,10,1,14.575237567608173
AXFLAIR,patch,dpmm_p128_t50,dpmm,top5,1,file_brain_AXFLAIR_203_6000875,11,1,13.422013502854567
AXFLAIR,patch,dpmm_p128_t50,dpmm,top5,1,file_brain_AXFLAIR_203_6000875,12,1,13.596176147460938
AXFLAIR,patch,dpmm_p128_t50,dpmm,top5,1,file_brain_AXFLAIR_203_6000875,13,1,13.70764394906851
AXFLAIR,patch,dpmm_p128_t50,dpmm,top5,1,file_brain_AXFLAIR_203_6000875,14,1,14.489593505859375
AXFLAIR,patch,dpmm_p128_t50,dpmm,top5,1,file_brain_AXFLAIR_203_6000875,15,1,15.13710726224459
AXFLAIR,patch,dpmm_p128_t50,dpmm,top5,1,file_brain_AXFLAIR_210_6001953,10,1,11.833751971905048
AXFLAIR,patch,dpmm_p128_t50,dpmm,top5,1,file_brain_AXFLAIR_201_6003018,0,1,14.554119403545673
AXFLAIR,patch,dpmm_p128_t50,dpmm,top5,1,file_brain_AXFLAIR_201_6003018,1,1,14.193854698768028
AXFLAIR,patch,dpmm_p128_t50,dpmm,top5,1,file_brain_AXFLAIR_201_6003018,2,1,13.831744854266827
AXFLAIR,patch,dpmm_p128_t50,dpmm,top5,1,file_brain_AXFLAIR_201_6003018,3,1,14.386695274939903
AXFLAIR,patch,dpmm_p128_t50,dpmm,top5,1,file_brain_AXFLAIR_201_6003018,4,1,14.221966083233173
AXFLAIR,patch,dpmm_p128_t50,dpmm,top5,1,file_brain_AXFLAIR_201_6003018,5,1,14.681039663461538
AXFLAIR,patch,dpmm_p128_t50,dpmm,top5,1,file_brain_AXFLAIR_201_6003018,6,1,14.120314378004808
AXFLAIR,patch,dpmm_p128_t50,dpmm,top5,1,file_brain_AXFLAIR_201_6003018,7,1,13.340098454402042
AXFLAIR,patch,dpmm_p128_t50,dpmm,top5,1,file_brain_AXFLAIR_201_6003018,8,1,12.798284677358774
AXFLAIR,patch,dpmm_p128_t50,dpmm,top5,1,file_brain_AXFLAIR_200_6002595,2,1,13.395557110126202
AXFLAIR,patch,dpmm_p128_t50,dpmm,top5,1,file_brain_AXFLAIR_200_6002595,3,1,12.973170353816105
AXFLAIR,patch,dpmm_p128_t50,dpmm,top5,1,file_brain_AXFLAIR_200_6002595,4,1,13.006192720853365
AXFLAIR,patch,dpmm_p128_t50,dpmm,top5,1,file_brain_AXFLAIR_200_6002595,5,1,12.003866342397837
AXFLAIR,patch,dpmm_p128_t50,dpmm,top5,1,file_brain_AXFLAIR_203_6000898,1,1,13.952765831580528
AXFLAIR,patch,dpmm_p128_t50,dpmm,top5,1,file_brain_AXFLAIR_203_6000898,2,1,14.524219219501202
AXFLAIR,patch,dpmm_p128_t50,dpmm,top5,1,file_brain_AXFLAIR_203_6000898,3,1,14.076791616586538
AXFLAIR,patch,dpmm_p128_t50,dpmm,top5,1,file_brain_AXFLAIR_203_6000898,5,1,14.642242431640625
AXFLAIR,patch,dpmm_p128_t50,dpmm,top5,1,file_brain_AXFLAIR_203_6000912,7,1,12.18456561748798
AXFLAIR,patch,dpmm_p128_t50,dpmm,top5,1,file_brain_AXFLAIR_203_6000912,8,1,12.17923091008113
AXFLAIR,patch,dpmm_p128_t50,dpmm,top5,1,file_brain_AXFLAIR_203_6000912,9,1,12.1018312894381
AXFLAIR,patch,dpmm_p128_t50,dpmm,top5,1,file_brain_AXFLAIR_202_6000511,0,1,14.089415330153246
AXFLAIR,patch,dpmm_p128_t50,dpmm,top5,1,file_brain_AXFLAIR_202_6000511,1,1,13.34893564077524
AXFLAIR,patch,dpmm_p128_t50,dpmm,top5,1,file_brain_AXFLAIR_202_6000557,0,1,15.03656005859375
AXFLAIR,patch,dpmm_p128_t50,dpmm,top5,1,file_brain_AXFLAIR_202_6000557,1,1,14.341180654672476
AXFLAIR,patch,dpmm_p128_t50,dpmm,top5,1,file_brain_AXFLAIR_202_6000557,2,1,14.681661752554087
AXFLAIR,patch,dpmm_p128_t50,dpmm,top5,1,file_brain_AXFLAIR_202_6000557,3,1,13.871490478515625
AXFLAIR,patch,dpmm_p128_t50,dpmm,top5,1,file_brain_AXFLAIR_202_6000557,4,1,14.155616173377403
AXFLAIR,patch,dpmm_p128_t50,dpmm,top5,1,file_brain_AXFLAIR_202_6000557,5,1,12.79565899188702
AXFLAIR,patch,dpmm_p128_t50,dpmm,top5,1,file_brain_AXFLAIR_210_6001901,0,1,14.573453463040865
AXFLAIR,patch,dpmm_p128_t50,dpmm,top5,1,file_brain_AXFLAIR_210_6001901,1,1,14.149618295522837
AXFLAIR,patch,dpmm_p128_t50,dpmm,top5,1,file_brain_AXFLAIR_210_6001901,2,1,14.505028357872597
AXFLAIR,patch,dpmm_p128_t50,dpmm,top5,1,file_brain_AXFLAIR_200_6002543,0,1,14.174551156850962
AXFLAIR,patch,dpmm_p128_t50,dpmm,top5,1,file_brain_AXFLAIR_200_6002543,1,1,13.618016169621395
AXFLAIR,patch,dpmm_p128_t50,dpmm,top5,1,file_brain_AXFLAIR_201_6002878,0,1,14.668280968299278
AXFLAIR,patch,dpmm_p128_t50,dpmm,top5,1,file_brain_AXFLAIR_201_6002878,1,1,14.313392052283653
AXFLAIR,patch,dpmm_p128_t50,dpmm,top5,1,file_brain_AXFLAIR_201_6002878,2,1,14.079575758713942
AXFLAIR,patch,dpmm_p128_t50,dpmm,top5,1,file_brain_AXFLAIR_201_6002878,3,1,13.733629666841948
AXFLAIR,patch,dpmm_p128_t50,dpmm,top5,1,file_brain_AXFLAIR_201_6002878,4,1,13.274665245643028
AXFLAIR,patch,dpmm_p128_t50,dpmm,top5,1,file_brain_AXFLAIR_201_6002878,5,1,12.956200232872597
AXFLAIR,patch,dpmm_p128_t50,dpmm,top5,1,file_brain_AXFLAIR_201_6002878,6,1,12.363348153921274
AXFLAIR,patch,dpmm_p128_t50,dpmm,top5,1,file_brain_AXFLAIR_201_6002878,7,1,12.009310208834135
AXFLAIR,patch,dpmm_p128_t50,dpmm,top5,1,file_brain_AXFLAIR_201_6002878,8,1,12.230574387770433
AXFLAIR,patch,dpmm_p128_t50,dpmm,top5,1,file_brain_AXFLAIR_201_6002878,9,1,12.95202871469351
AXFLAIR,patch,dpmm_p128_t50,dpmm,top5,1,file_brain_AXFLAIR_201_6002878,10,1,12.198758638822115
AXFLAIR,patch,dpmm_p128_t50,dpmm,top5,1,file_brain_AXFLAIR_201_6002878,11,1,11.967941284179688
AXFLAIR,patch,dpmm_p128_t50,dpmm,top5,1,file_brain_AXFLAIR_201_6002878,12,1,14.376328688401442
AXFLAIR,patch,dpmm_p128_t50,dpmm,top5,1,file_brain_AXFLAIR_201_6002878,13,1,13.115030141977163
AXFLAIR,patch,dpmm_p128_t50,dpmm,top5,2,file_brain_AXFLAIR_210_6001917,4,0,12.929527869591347
AXFLAIR,patch,dpmm_p128_t50,dpmm,top5,2,file_brain_AXFLAIR_202_6000543,11,0,12.395575890174278
AXFLAIR,patch,dpmm_p128_t50,dpmm,top5,2,file_brain_AXFLAIR_210_6001499,4,0,12.630076481745792
AXFLAIR,patch,dpmm_p128_t50,dpmm,top5,2,file_brain_AXFLAIR_201_6002993,7,0,11.422231820913462
AXFLAIR,patch,dpmm_p128_t50,dpmm,top5,2,file_brain_AXFLAIR_202_6000543,5,0,13.766336294320913
AXFLAIR,patch,dpmm_p128_t50,dpmm,top5,2,file_brain_AXFLAIR_202_6000539,7,0,13.37927011343149
AXFLAIR,patch,dpmm_p128_t50,dpmm,top5,2,file_brain_AXFLAIR_202_6000483,5,0,14.2861081636869
AXFLAIR,patch,dpmm_p128_t50,dpmm,top5,2,file_brain_AXFLAIR_200_6002442,6,0,13.195819561298077
AXFLAIR,patch,dpmm_p128_t50,dpmm,top5,2,file_brain_AXFLAIR_202_6000483,6,0,13.142007681039663
AXFLAIR,patch,dpmm_p128_t50,dpmm,top5,2,file_brain_AXFLAIR_200_6002442,12,0,11.900794396033653
AXFLAIR,patch,dpmm_p128_t50,dpmm,top5,2,file_brain_AXFLAIR_202_6000531,10,0,12.04912860576923
AXFLAIR,patch,dpmm_p128_t50,dpmm,top5,2,file_brain_AXFLAIR_203_6000942,10,0,12.043710561899038
AXFLAIR,patch,dpmm_p128_t50,dpmm,top5,2,file_brain_AXFLAIR_203_6000912,4,0,11.925247192382812
AXFLAIR,patch,dpmm_p128_t50,dpmm,top5,2,file_brain_AXFLAIR_201_6002914,7,0,13.509135319636417
AXFLAIR,patch,dpmm_p128_t50,dpmm,top5,2,file_brain_AXFLAIR_200_6002543,4,0,13.789811354417067
AXFLAIR,patch,dpmm_p128_t50,dpmm,top5,2,file_brain_AXFLAIR_210_6001513,5,0,12.886637761042667
AXFLAIR,patch,dpmm_p128_t50,dpmm,top5,2,file_brain_AXFLAIR_209_6001397,12,0,12.536609356219952
AXFLAIR,patch,dpmm_p128_t50,dpmm,top5,2,file_brain_AXFLAIR_200_6002641,11,0,12.03421372633714
AXFLAIR,patch,dpmm_p128_t50,dpmm,top5,2,file_brain_AXFLAIR_203_6000942,11,0,12.139508760892427
AXFLAIR,patch,dpmm_p128_t50,dpmm,top5,2,file_brain_AXFLAIR_201_6002993,5,0,11.844978919396034
AXFLAIR,patch,dpmm_p128_t50,dpmm,top5,2,file_brain_AXFLAIR_200_6002595,7,0,12.88989023061899
AXFLAIR,patch,dpmm_p128_t50,dpmm,top5,2,file_brain_AXFLAIR_202_6000511,11,0,12.354901827298677
AXFLAIR,patch,dpmm_p128_t50,dpmm,top5,2,file_brain_AXFLAIR_201_6002914,10,0,14.530597393329327
AXFLAIR,patch,dpmm_p128_t50,dpmm,top5,2,file_brain_AXFLAIR_203_6000912,11,0,13.957787146935097
AXFLAIR,patch,dpmm_p128_t50,dpmm,top5,2,file_brain_AXFLAIR_210_6001953,6,0,11.72839120718149
AXFLAIR,patch,dpmm_p128_t50,dpmm,top5,2,file_brain_AXFLAIR_210_6001917,6,0,13.419269268329327
AXFLAIR,patch,dpmm_p128_t50,dpmm,top5,2,file_brain_AXFLAIR_200_6002442,9,0,11.808087862454927
AXFLAIR,patch,dpmm_p128_t50,dpmm,top5,2,file_brain_AXFLAIR_210_6001953,9,0,11.884101280799278
AXFLAIR,patch,dpmm_p128_t50,dpmm,top5,2,file_brain_AXFLAIR_200_6002442,5,0,12.15369121844952
AXFLAIR,patch,dpmm_p128_t50,dpmm,top5,2,file_brain_AXFLAIR_200_6002442,10,0,12.68108661358173
AXFLAIR,patch,dpmm_p128_t50,dpmm,top5,2,file_brain_AXFLAIR_202_6000531,9,0,14.875600961538462
AXFLAIR,patch,dpmm_p128_t50,dpmm,top5,2,file_brain_AXFLAIR_201_6002914,8,0,10.999491764948917
AXFLAIR,patch,dpmm_p128_t50,dpmm,top5,2,file_brain_AXFLAIR_202_6000474,6,0,12.695142305814302
AXFLAIR,patch,dpmm_p128_t50,dpmm,top5,2,file_brain_AXFLAIR_201_6002941,9,0,12.524313119741587
AXFLAIR,patch,dpmm_p128_t50,dpmm,top5,2,file_brain_AXFLAIR_210_6001499,11,0,12.537306565504808
AXFLAIR,patch,dpmm_p128_t50,dpmm,top5,2,file_brain_AXFLAIR_202_6000539,5,0,12.81756357046274
AXFLAIR,patch,dpmm_p128_t50,dpmm,top5,2,file_brain_AXFLAIR_202_6000474,5,0,12.26891620342548
AXFLAIR,patch,dpmm_p128_t50,dpmm,top5,2,file_brain_AXFLAIR_209_6001377,10,0,14.60772939828726
AXFLAIR,patch,dpmm_p128_t50,dpmm,top5,2,file_brain_AXFLAIR_200_6002595,9,0,12.104625995342548
AXFLAIR,patch,dpmm_p128_t50,dpmm,top5,2,file_brain_AXFLAIR_201_6002993,11,0,11.1641845703125
AXFLAIR,patch,dpmm_p128_t50,dpmm,top5,2,file_brain_AXFLAIR_202_6000557,9,0,11.85659672663762
AXFLAIR,patch,dpmm_p128_t50,dpmm,top5,2,file_brain_AXFLAIR_210_6001513,4,0,13.132698645958534
AXFLAIR,patch,dpmm_p128_t50,dpmm,top5,2,file_brain_AXFLAIR_201_6002941,8,0,12.138221153846153
AXFLAIR,patch,dpmm_p128_t50,dpmm,top5,2,file_brain_AXFLAIR_203_6000912,6,0,12.116315401517427
AXFLAIR,patch,dpmm_p128_t50,dpmm,top5,2,file_brain_AXFLAIR_201_6002914,12,0,11.983799861027645
AXFLAIR,patch,dpmm_p128_t50,dpmm,top5,2,file_brain_AXFLAIR_209_6001377,11,0,12.230081411508413
AXFLAIR,patch,dpmm_p128_t50,dpmm,top5,2,file_brain_AXFLAIR_210_6001499,5,0,11.681727482722355
AXFLAIR,patch,dpmm_p128_t50,dpmm,top5,2,file_brain_AXFLAIR_202_6000557,6,0,13.898057204026442
AXFLAIR,patch,dpmm_p128_t50,dpmm,top5,2,file_brain_AXFLAIR_202_6000557,10,0,11.967010498046875
AXFLAIR,patch,dpmm_p128_t50,dpmm,top5,2,file_brain_AXFLAIR_202_6000543,4,0,12.122684185321514
AXFLAIR,patch,dpmm_p128_t50,dpmm,top5,2,file_brain_AXFLAIR_202_6000531,7,0,13.13269277719351
AXFLAIR,patch,dpmm_p128_t50,dpmm,top5,2,file_brain_AXFLAIR_200_6002595,10,0,14.567516620342548
AXFLAIR,patch,dpmm_p128_t50,dpmm,top5,2,file_brain_AXFLAIR_201_6002914,5,0,12.434661865234375
AXFLAIR,patch,dpmm_p128_t50,dpmm,top5,2,file_brain_AXFLAIR_202_6000531,4,0,12.991261408879208
AXFLAIR,patch,dpmm_p128_t50,dpmm,top5,2,file_brain_AXFLAIR_210_6001513,6,0,11.90838857797476
AXFLAIR,patch,dpmm_p128_t50,dpmm,top5,2,file_brain_AXFLAIR_200_6002442,11,0,13.159165602463942
AXFLAIR,patch,dpmm_p128_t50,dpmm,top5,2,file_brain_AXFLAIR_209_6001377,8,0,11.575316209059496
AXFLAIR,patch,dpmm_p128_t50,dpmm,top5,2,file_brain_AXFLAIR_202_6000483,7,0,12.31118422288161
AXFLAIR,patch,dpmm_p128_t50,dpmm,top5,2,file_brain_AXFLAIR_202_6000543,9,0,11.821493295522837
AXFLAIR,patch,dpmm_p128_t50,dpmm,top5,2,file_brain_AXFLAIR_203_6000898,10,0,12.470385037935698
AXFLAIR,patch,dpmm_p128_t50,dpmm,top5,2,file_brain_AXFLAIR_203_6000912,12,0,12.494188748873198
AXFLAIR,patch,dpmm_p128_t50,dpmm,top5,2,file_brain_AXFLAIR_202_6000511,7,0,11.426546536959135
AXFLAIR,patch,dpmm_p128_t50,dpmm,top5,2,file_brain_AXFLAIR_201_6003024,5,0,13.738942072941708
AXFLAIR,patch,dpmm_p128_t50,dpmm,top5,2,file_brain_AXFLAIR_201_6003018,12,0,14.556534987229567
AXFLAIR,patch,dpmm_p128_t50,dpmm,top5,2,file_brain_AXFLAIR_210_6001901,7,0,12.595191368689903
AXFLAIR,patch,dpmm_p128_t50,dpmm,top5,2,file_brain_AXFLAIR_203_6000898,12,0,12.205096905048077
AXFLAIR,patch,dpmm_p128_t50,dpmm,top5,2,file_brain_AXFLAIR_202_6000483,11,0,11.297133225661058
AXFLAIR,patch,dpmm_p128_t50,dpmm,top5,2,file_brain_AXFLAIR_210_6001917,10,0,11.54992441030649
AXFLAIR,patch,dpmm_p128_t50,dpmm,top5,2,file_brain_AXFLAIR_201_6002914,11,0,11.518150916466347
AXFLAIR,patch,dpmm_p128_t50,dpmm,top5,2,file_brain_AXFLAIR_202_6000483,8,0,11.379629281850962
AXFLAIR,patch,dpmm_p128_t50,dpmm,top5,2,file_brain_AXFLAIR_201_6002941,11,0,11.58782958984375
AXFLAIR,patch,dpmm_p128_t50,dpmm,top5,2,file_brain_AXFLAIR_210_6001917,11,0,13.086621798001802
AXFLAIR,patch,dpmm_p128_t50,dpmm,top5,2,file_brain_AXFLAIR_201_6002993,10,0,11.876267653245192
AXFLAIR,patch,dpmm_p128_t50,dpmm,top5,2,file_brain_AXFLAIR_202_6000539,9,0,11.584179217998798
AXFLAIR,patch,dpmm_p128_t50,dpmm,top5,2,file_brain_AXFLAIR_203_6000942,7,0,13.636550903320312
AXFLAIR,patch,dpmm_p128_t50,dpmm,top5,2,file_brain_AXFLAIR_209_6001377,12,0,14.156660813551683
AXFLAIR,patch,dpmm_p128_t50,dpmm,top5,2,file_brain_AXFLAIR_201_6003024,10,0,11.906761756310097
AXFLAIR,patch,dpmm_p128_t50,dpmm,top5,2,file_brain_AXFLAIR_200_6002543,8,0,12.286141028771034
AXFLAIR,patch,dpmm_p128_t50,dpmm,top5,2,file_brain_AXFLAIR_202_6000531,6,0,12.308089036207933
AXFLAIR,patch,dpmm_p128_t50,dpmm,top5,2,file_brain_AXFLAIR_201_6003003,0,1,13.51677997295673
AXFLAIR,patch,dpmm_p128_t50,dpmm,top5,2,file_brain_AXFLAIR_201_6003003,1,1,13.247428307166466
AXFLAIR,patch,dpmm_p128_t50,dpmm,top5,2,file_brain_AXFLAIR_201_6003003,2,1,12.925824678861177
AXFLAIR,patch,dpmm_p128_t50,dpmm,top5,2,file_brain_AXFLAIR_201_6003003,3,1,13.542618971604567
AXFLAIR,patch,dpmm_p128_t50,dpmm,top5,2,file_brain_AXFLAIR_201_6003003,4,1,12.875572791466347
AXFLAIR,patch,dpmm_p128_t50,dpmm,top5,2,file_brain_AXFLAIR_201_6003003,5,1,12.073975783128004
AXFLAIR,patch,dpmm_p128_t50,dpmm,top5,2,file_brain_AXFLAIR_201_6003003,6,1,12.159947321965145
AXFLAIR,patch,dpmm_p128_t50,dpmm,top5,2,file_brain_AXFLAIR_201_6003003,7,1,12.527207594651442
AXFLAIR,patch,dpmm_p128_t50,dpmm,top5,2,file_brain_AXFLAIR_201_6003003,8,1,12.538919302133413
AXFLAIR,patch,dpmm_p128_t50,dpmm,top5,2,file_brain_AXFLAIR_201_6003003,9,1,12.36739290677584
AXFLAIR,patch,dpmm_p128_t50,dpmm,top5,2,file_brain_AXFLAIR_201_6003003,10,1,12.228797325721153
AXFLAIR,patch,dpmm_p128_t50,dpmm,top5,2,file_brain_AXFLAIR_201_6002972,0,1,15.554667546198917
AXFLAIR,patch,dpmm_p128_t50,dpmm,top5,2,file_brain_AXFLAIR_201_6002972,1,1,15.526930588942308
AXFLAIR,patch,dpmm_p128_t50,dpmm,top5,2,file_brain_AXFLAIR_201_6002972,2,1,15.423379751352163
AXFLAIR,patch,dpmm_p128_t50,dpmm,top5,2,file_brain_AXFLAIR_201_6002972,3,1,14.75067138671875
AXFLAIR,patch,dpmm_p128_t50,dpmm,top5,2,file_brain_AXFLAIR_201_6002972,4,1,15.08038799579327
AXFLAIR,patch,dpmm_p128_t50,dpmm,top5,2,file_brain_AXFLAIR_201_6002972,5,1,15.328627366286058
AXFLAIR,patch,dpmm_p128_t50,dpmm,top5,2,file_brain_AXFLAIR_201_6002972,6,1,14.47112802358774
AXFLAIR,patch,dpmm_p128_t50,dpmm,top5,2,file_brain_AXFLAIR_201_6002972,7,1,14.736751849834736
AXFLAIR,patch,dpmm_p128_t50,dpmm,top5,2,file_brain_AXFLAIR_201_6002972,8,1,14.873136080228365
AXFLAIR,patch,dpmm_p128_t50,dpmm,top5,2,file_brain_AXFLAIR_201_6002972,9,1,14.09976078913762
AXFLAIR,patch,dpmm_p128_t50,dpmm,top5,2,file_brain_AXFLAIR_201_6002972,10,1,14.619430541992188
AXFLAIR,patch,dpmm_p128_t50,dpmm,top5,2,file_brain_AXFLAIR_201_6002972,11,1,13.852334829477163
AXFLAIR,patch,dpmm_p128_t50,dpmm,top5,2,file_brain_AXFLAIR_201_6002972,12,1,14.629383967472958
AXFLAIR,patch,dpmm_p128_t50,dpmm,top5,2,file_brain_AXFLAIR_201_6002941,0,1,13.955816415640024
AXFLAIR,patch,dpmm_p128_t50,dpmm,top5,2,file_brain_AXFLAIR_201_6002941,1,1,12.923626239483173
AXFLAIR,patch,dpmm_p128_t50,dpmm,top5,2,file_brain_AXFLAIR_201_6002941,2,1,13.070014366736778
AXFLAIR,patch,dpmm_p128_t50,dpmm,top5,2,file_brain_AXFLAIR_201_6002941,3,1,12.622161865234375
AXFLAIR,patch,dpmm_p128_t50,dpmm,top5,2,file_brain_AXFLAIR_201_6002941,4,1,12.612508920522837
AXFLAIR,patch,dpmm_p128_t50,dpmm,top5,2,file_brain_AXFLAIR_201_6002941,5,1,12.108195378230167
AXFLAIR,patch,dpmm_p128_t50,dpmm,top5,2,file_brain_AXFLAIR_202_6000508,1,1,13.971009474534254
AXFLAIR,patch,dpmm_p128_t50,dpmm,top5,2,file_brain_AXFLAIR_202_6000508,2,1,14.681981013371395
AXFLAIR,patch,dpmm_p128_t50,dpmm,top5,2,file_brain_AXFLAIR_202_6000508,3,1,14.180222731370192
AXFLAIR,patch,dpmm_p128_t50,dpmm,top5,2,file_brain_AXFLAIR_202_6000508,4,1,14.526836688701923
AXFLAIR,patch,dpmm_p128_t50,dpmm,top5,2,file_brain_AXFLAIR_202_6000508,5,1,14.109451293945312
AXFLAIR,patch,dpmm_p128_t50,dpmm,top5,2,file_brain_AXFLAIR_202_6000508,6,1,14.061719454251802
AXFLAIR,patch,dpmm_p128_t50,dpmm,top5,2,file_brain_AXFLAIR_202_6000508,7,1,14.029249924879808
AXFLAIR,patch,dpmm_p128_t50,dpmm,top5,2,file_brain_AXFLAIR_202_6000508,8,1,13.39770273061899
AXFLAIR,patch,dpmm_p128_t50,dpmm,top5,2,file_brain_AXFLAIR_202_6000508,9,1,13.382157545823317
AXFLAIR,patch,dpmm_p128_t50,dpmm,top5,2,file_brain_AXFLAIR_202_6000508,10,1,13.848663330078125
AXFLAIR,patch,dpmm_p128_t50,dpmm,top5,2,file_brain_AXFLAIR_202_6000508,11,1,13.96480736365685
AXFLAIR,patch,dpmm_p128_t50,dpmm,top5,2,file_brain_AXFLAIR_202_6000508,12,1,14.104140061598558
AXFLAIR,patch,dpmm_p128_t50,dpmm,top5,2,file_brain_AXFLAIR_202_6000508,13,1,14.054145226111778
AXFLAIR,patch,dpmm_p128_t50,dpmm,top5,2,file_brain_AXFLAIR_200_6002641,3,1,12.529359083909254
AXFLAIR,patch,dpmm_p128_t50,dpmm,top5,2,file_brain_AXFLAIR_200_6002641,7,1,10.965322641225962
AXFLAIR,patch,dpmm_p128_t50,dpmm,top5,2,file_brain_AXFLAIR_200_6002641,8,1,10.946561373197115
AXFLAIR,patch,dpmm_p128_t50,dpmm,top5,2,file_brain_AXFLAIR_201_6003008,0,1,15.047850388746996
AXFLAIR,patch,dpmm_p128_t50,dpmm,top5,2,file_brain_AXFLAIR_201_6003008,1,1,15.148187490609976
AXFLAIR,patch,dpmm_p128_t50,dpmm,top5,2,file_brain_AXFLAIR_201_6003008,2,1,15.424603975736177
AXFLAIR,patch,dpmm_p128_t50,dpmm,top5,2,file_brain_AXFLAIR_201_6003008,3,1,14.388221153846153
AXFLAIR,patch,dpmm_p128_t50,dpmm,top5,2,file_brain_AXFLAIR_201_6003008,4,1,13.652810903695913
AXFLAIR,patch,dpmm_p128_t50,dpmm,top5,2,file_brain_AXFLAIR_201_6003008,5,1,13.561251126802885
AXFLAIR,patch,dpmm_p128_t50,dpmm,top5,2,file_brain_AXFLAIR_201_6003008,6,1,13.365672184870792
AXFLAIR,patch,dpmm_p128_t50,dpmm,top5,2,file_brain_AXFLAIR_201_6003008,7,1,14.338671170748198
AXFLAIR,patch,dpmm_p128_t50,dpmm,top5,2,file_brain_AXFLAIR_201_6003008,8,1,14.07206021822416
AXFLAIR,patch,dpmm_p128_t50,dpmm,top5,2,file_brain_AXFLAIR_201_6003008,9,1,13.224101139948917
AXFLAIR,patch,dpmm_p128_t50,dpmm,top5,2,file_brain_AXFLAIR_201_6003008,10,1,12.759190486027645
AXFLAIR,patch,dpmm_p128_t50,dpmm,top5,2,file_brain_AXFLAIR_201_6003008,11,1,12.292427649864784
AXFLAIR,patch,dpmm_p128_t50,dpmm,top5,2,file_brain_AXFLAIR_201_6003008,12,1,12.03088848407452
AXFLAIR,patch,dpmm_p128_t50,dpmm,top5,2,file_brain_AXFLAIR_201_6003008,13,1,12.301170935997597
AXFLAIR,patch,dpmm_p128_t50,dpmm,top5,2,file_brain_AXFLAIR_201_6002914,0,1,14.3401125394381
AXFLAIR,patch,dpmm_p128_t50,dpmm,top5,2,file_brain_AXFLAIR_201_6002914,1,1,14.72338397686298
AXFLAIR,patch,dpmm_p128_t50,dpmm,top5,2,file_brain_AXFLAIR_201_6002914,2,1,14.13458017202524
AXFLAIR,patch,dpmm_p128_t50,dpmm,top5,2,file_brain_AXFLAIR_201_6002914,3,1,13.070627065805288
AXFLAIR,patch,dpmm_p128_t50,dpmm,top5,2,file_brain_AXFLAIR_201_6002914,6,1,11.812119704026442
AXFLAIR,patch,dpmm_p128_t50,dpmm,top5,2,file_brain_AXFLAIR_202_6000421,0,1,14.847212571364183
AXFLAIR,patch,dpmm_p128_t50,dpmm,top5,2,file_brain_AXFLAIR_202_6000421,1,1,14.032300508939302
AXFLAIR,patch,dpmm_p128_t50,dpmm,top5,2,file_brain_AXFLAIR_202_6000421,2,1,14.020615797776442
AXFLAIR,patch,dpmm_p128_t50,dpmm,top5,2,file_brain_AXFLAIR_202_6000421,3,1,14.84979248046875
AXFLAIR,patch,dpmm_p128_t50,dpmm,top5,2,file_brain_AXFLAIR_202_6000421,4,1,14.477494459885817
AXFLAIR,patch,dpmm_p128_t50,dpmm,top5,2,file_brain_AXFLAIR_202_6000421,5,1,14.49914081280048
AXFLAIR,patch,dpmm_p128_t50,dpmm,top5,2,file_brain_AXFLAIR_202_6000421,6,1,14.673038189227764
AXFLAIR,patch,dpmm_p128_t50,dpmm,top5,2,file_brain_AXFLAIR_202_6000421,7,1,14.891046377328726
AXFLAIR,patch,dpmm_p128_t50,dpmm,top5,2,file_brain_AXFLAIR_202_6000421,8,1,15.549957275390625
AXFLAIR,patch,dpmm_p128_t50,dpmm,top5,2,file_brain_AXFLAIR_202_6000421,9,1,15.277148907001202
AXFLAIR,patch,dpmm_p128_t50,dpmm,top5,2,file_brain_AXFLAIR_202_6000421,10,1,15.687413142277645
AXFLAIR,patch,dpmm_p128_t50,dpmm,top5,2,file_brain_AXFLAIR_202_6000421,11,1,14.279888446514423
AXFLAIR,patch,dpmm_p128_t50,dpmm,top5,2,file_brain_AXFLAIR_202_6000421,12,1,14.828451303335337
AXFLAIR,patch,dpmm_p128_t50,dpmm,top5,2,file_brain_AXFLAIR_202_6000421,13,1,14.907332200270433
AXFLAIR,patch,dpmm_p128_t50,dpmm,top5,2,file_brain_AXFLAIR_202_6000421,14,1,14.678667508638823
AXFLAIR,patch,dpmm_p128_t50,dpmm,top5,2,file_brain_AXFLAIR_201_6002960,0,1,13.887279803936298
AXFLAIR,patch,dpmm_p128_t50,dpmm,top5,2,file_brain_AXFLAIR_201_6002960,1,1,13.386979323167067
AXFLAIR,patch,dpmm_p128_t50,dpmm,top5,2,file_brain_AXFLAIR_201_6002960,2,1,13.857567420372597
AXFLAIR,patch,dpmm_p128_t50,dpmm,top5,2,file_brain_AXFLAIR_201_6002960,3,1,14.17517559344952
AXFLAIR,patch,dpmm_p128_t50,dpmm,top5,2,file_brain_AXFLAIR_201_6002960,4,1,14.430038452148438
AXFLAIR,patch,dpmm_p128_t50,dpmm,top5,2,file_brain_AXFLAIR_201_6002960,5,1,13.041001539963942
AXFLAIR,patch,dpmm_p128_t50,dpmm,top5,2,file_brain_AXFLAIR_201_6002960,6,1,12.885995718149038
AXFLAIR,patch,dpmm_p128_t50,dpmm,top5,2,file_brain_AXFLAIR_201_6002960,7,1,13.34485098031851
AXFLAIR,patch,dpmm_p128_t50,dpmm,top5,2,file_brain_AXFLAIR_201_6002960,8,1,13.120265080378605
AXFLAIR,patch,dpmm_p128_t50,dpmm,top5,2,file_brain_AXFLAIR_201_6002960,9,1,13.246463482196514
AXFLAIR,patch,dpmm_p128_t50,dpmm,top5,2,file_brain_AXFLAIR_203_6000875,0,1,14.203998272235577
AXFLAIR,patch,dpmm_p128_t50,dpmm,top5,2,file_brain_AXFLAIR_203_6000875,1,1,14.475083571213942
AXFLAIR,patch,dpmm_p128_t50,dpmm,top5,2,file_brain_AXFLAIR_203_6000875,2,1,14.806117131159855
AXFLAIR,patch,dpmm_p128_t50,dpmm,top5,2,file_brain_AXFLAIR_203_6000875,3,1,14.905562180739183
AXFLAIR,patch,dpmm_p128_t50,dpmm,top5,2,file_brain_AXFLAIR_203_6000875,4,1,14.699503971980167
AXFLAIR,patch,dpmm_p128_t50,dpmm,top5,2,file_brain_AXFLAIR_203_6000875,5,1,14.531571608323317
AXFLAIR,patch,dpmm_p128_t50,dpmm,top5,2,file_brain_AXFLAIR_203_6000875,6,1,14.026402400090145
AXFLAIR,patch,dpmm_p128_t50,dpmm,top5,2,file_brain_AXFLAIR_203_6000875,7,1,13.989513690655048
AXFLAIR,patch,dpmm_p128_t50,dpmm,top5,2,file_brain_AXFLAIR_203_6000875,8,1,13.850288977989784
AXFLAIR,patch,dpmm_p128_t50,dpmm,top5,2,file_brain_AXFLAIR_203_6000875,9,1,14.940840501051683
AXFLAIR,patch,dpmm_p128_t50,dpmm,top5,2,file_brain_AXFLAIR_203_6000875,10,1,14.681403526893028
AXFLAIR,patch,dpmm_p128_t50,dpmm,top5,2,file_brain_AXFLAIR_203_6000875,11,1,13.592487041766827
AXFLAIR,patch,dpmm_p128_t50,dpmm,top5,2,file_brain_AXFLAIR_203_6000875,12,1,13.82151090181791
AXFLAIR,patch,dpmm_p128_t50,dpmm,top5,2,file_brain_AXFLAIR_203_6000875,13,1,13.775064321664663
AXFLAIR,patch,dpmm_p128_t50,dpmm,top5,2,file_brain_AXFLAIR_203_6000875,14,1,14.574324387770433
AXFLAIR,patch,dpmm_p128_t50,dpmm,top5,2,file_brain_AXFLAIR_203_6000875,15,1,15.223826481745792
AXFLAIR,patch,dpmm_p128_t50,dpmm,top5,2,file_brain_AXFLAIR_210_6001953,10,1,11.839908306415264
AXFLAIR,patch,dpmm_p128_t50,dpmm,top5,2,file_brain_AXFLAIR_201_6003018,0,1,14.744444627028246
AXFLAIR,patch,dpmm_p128_t50,dpmm,top5,2,file_brain_AXFLAIR_201_6003018,1,1,14.397529015174278
AXFLAIR,patch,dpmm_p128_t50,dpmm,top5,2,file_brain_AXFLAIR_201_6003018,2,1,14.01681166428786
AXFLAIR,patch,dpmm_p128_t50,dpmm,top5,2,file_brain_AXFLAIR_201_6003018,3,1,14.682991614708534
AXFLAIR,patch,dpmm_p128_t50,dpmm,top5,2,file_brain_AXFLAIR_201_6003018,4,1,14.615227332481972
AXFLAIR,patch,dpmm_p128_t50,dpmm,top5,2,file_brain_AXFLAIR_201_6003018,5,1,15.004115178034855
AXFLAIR,patch,dpmm_p128_t50,dpmm,top5,2,file_brain_AXFLAIR_201_6003018,6,1,14.357164823091948
AXFLAIR,patch,dpmm_p128_t50,dpmm,top5,2,file_brain_AXFLAIR_201_6003018,7,1,13.613632202148438
AXFLAIR,patch,dpmm_p128_t50,dpmm,top5,2,file_brain_AXFLAIR_201_6003018,8,1,12.873983529897837
AXFLAIR,patch,dpmm_p128_t50,dpmm,top5,2,file_brain_AXFLAIR_200_6002595,2,1,13.39379648061899
AXFLAIR,patch,dpmm_p128_t50,dpmm,top5,2,file_brain_AXFLAIR_200_6002595,3,1,13.309887225811298
AXFLAIR,patch,dpmm_p128_t50,dpmm,top5,2,file_brain_AXFLAIR_200_6002595,4,1,13.260304377629208
AXFLAIR,patch,dpmm_p128_t50,dpmm,top5,2,file_brain_AXFLAIR_200_6002595,5,1,12.225388746995192
AXFLAIR,patch,dpmm_p128_t50,dpmm,top5,2,file_brain_AXFLAIR_203_6000898,1,1,14.0660153902494
AXFLAIR,patch,dpmm_p128_t50,dpmm,top5,2,file_brain_AXFLAIR_203_6000898,2,1,14.675501896784855
AXFLAIR,patch,dpmm_p128_t50,dpmm,top5,2,file_brain_AXFLAIR_203_6000898,3,1,14.249974177433895
AXFLAIR,patch,dpmm_p128_t50,dpmm,top5,2,file_brain_AXFLAIR_203_6000898,5,1,14.737037071814903
AXFLAIR,patch,dpmm_p128_t50,dpmm,top5,2,file_brain_AXFLAIR_203_6000912,7,1,12.18697533240685
AXFLAIR,patch,dpmm_p128_t50,dpmm,top5,2,file_brain_AXFLAIR_203_6000912,8,1,12.159449650691105
AXFLAIR,patch,dpmm_p128_t50,dpmm,top5,2,file_brain_AXFLAIR_203_6000912,9,1,12.228672907902645
AXFLAIR,patch,dpmm_p128_t50,dpmm,top5,2,file_brain_AXFLAIR_202_6000511,0,1,14.353971041165865
AXFLAIR,patch,dpmm_p128_t50,dpmm,top5,2,file_brain_AXFLAIR_202_6000511,1,1,13.33260756272536
AXFLAIR,patch,dpmm_p128_t50,dpmm,top5,2,file_brain_AXFLAIR_202_6000557,0,1,15.102402907151442
AXFLAIR,patch,dpmm_p128_t50,dpmm,top5,2,file_brain_AXFLAIR_202_6000557,1,1,14.458816528320312
AXFLAIR,patch,dpmm_p128_t50,dpmm,top5,2,file_brain_AXFLAIR_202_6000557,2,1,14.773362379807692
AXFLAIR,patch,dpmm_p128_t50,dpmm,top5,2,file_brain_AXFLAIR_202_6000557,3,1,14.074434720552885
AXFLAIR,patch,dpmm_p128_t50,dpmm,top5,2,file_brain_AXFLAIR_202_6000557,4,1,14.342671320988583
AXFLAIR,patch,dpmm_p128_t50,dpmm,top5,2,file_brain_AXFLAIR_202_6000557,5,1,12.923407921424278
AXFLAIR,patch,dpmm_p128_t50,dpmm,top5,2,file_brain_AXFLAIR_210_6001901,0,1,14.656793447641226
AXFLAIR,patch,dpmm_p128_t50,dpmm,top5,2,file_brain_AXFLAIR_210_6001901,1,1,14.214226355919472
AXFLAIR,patch,dpmm_p128_t50,dpmm,top5,2,file_brain_AXFLAIR_210_6001901,2,1,14.628579946664663
AXFLAIR,patch,dpmm_p128_t50,dpmm,top5,2,file_brain_AXFLAIR_200_6002543,0,1,14.261742225060097
AXFLAIR,patch,dpmm_p128_t50,dpmm,top5,2,file_brain_AXFLAIR_200_6002543,1,1,13.733367919921875
AXFLAIR,patch,dpmm_p128_t50,dpmm,top5,2,file_brain_AXFLAIR_201_6002878,0,1,14.754075270432692
AXFLAIR,patch,dpmm_p128_t50,dpmm,top5,2,file_brain_AXFLAIR_201_6002878,1,1,14.438719529371996
AXFLAIR,patch,dpmm_p128_t50,dpmm,top5,2,file_brain_AXFLAIR_201_6002878,2,1,14.487713153545673
AXFLAIR,patch,dpmm_p128_t50,dpmm,top5,2,file_brain_AXFLAIR_201_6002878,3,1,13.91323030911959
AXFLAIR,patch,dpmm_p128_t50,dpmm,top5,2,file_brain_AXFLAIR_201_6002878,4,1,13.552351731520433
AXFLAIR,patch,dpmm_p128_t50,dpmm,top5,2,file_brain_AXFLAIR_201_6002878,5,1,13.354607215294472
AXFLAIR,patch,dpmm_p128_t50,dpmm,top5,2,file_brain_AXFLAIR_201_6002878,6,1,12.656658466045673
AXFLAIR,patch,dpmm_p128_t50,dpmm,top5,2,file_brain_AXFLAIR_201_6002878,7,1,12.147780198317308
AXFLAIR,patch,dpmm_p128_t50,dpmm,top5,2,file_brain_AXFLAIR_201_6002878,8,1,12.21593768780048
AXFLAIR,patch,dpmm_p128_t50,dpmm,top5,2,file_brain_AXFLAIR_201_6002878,9,1,12.807607797475962
AXFLAIR,patch,dpmm_p128_t50,dpmm,top5,2,file_brain_AXFLAIR_201_6002878,10,1,12.11163330078125
AXFLAIR,patch,dpmm_p128_t50,dpmm,top5,2,file_brain_AXFLAIR_201_6002878,11,1,11.99164053109976
AXFLAIR,patch,dpmm_p128_t50,dpmm,top5,2,file_brain_AXFLAIR_201_6002878,12,1,14.5114499605619
AXFLAIR,patch,dpmm_p128_t50,dpmm,top5,2,file_brain_AXFLAIR_201_6002878,13,1,13.360897357647236
AXFLAIR,patch,dpmm_p128_t100,dpmm,top5,0,file_brain_AXFLAIR_210_6001917,4,0,12.776024451622597
AXFLAIR,patch,dpmm_p128_t100,dpmm,top5,0,file_brain_AXFLAIR_202_6000543,11,0,12.275459876427284
AXFLAIR,patch,dpmm_p128_t100,dpmm,top5,0,file_brain_AXFLAIR_210_6001499,4,0,12.423191950871395
AXFLAIR,patch,dpmm_p128_t100,dpmm,top5,0,file_brain_AXFLAIR_201_6002993,7,0,11.247694749098558
AXFLAIR,patch,dpmm_p128_t100,dpmm,top5,0,file_brain_AXFLAIR_202_6000543,5,0,13.409684401292067
AXFLAIR,patch,dpmm_p128_t100,dpmm,top5,0,file_brain_AXFLAIR_202_6000539,7,0,13.16491464468149
AXFLAIR,patch,dpmm_p128_t100,dpmm,top5,0,file_brain_AXFLAIR_202_6000483,5,0,13.87145761343149
AXFLAIR,patch,dpmm_p128_t100,dpmm,top5,0,file_brain_AXFLAIR_200_6002442,6,0,12.99148676945613
AXFLAIR,patch,dpmm_p128_t100,dpmm,top5,0,file_brain_AXFLAIR_202_6000483,6,0,12.967347365159254
AXFLAIR,patch,dpmm_p128_t100,dpmm,top5,0,file_brain_AXFLAIR_200_6002442,12,0,11.79395000751202
AXFLAIR,patch,dpmm_p128_t100,dpmm,top5,0,file_brain_AXFLAIR_202_6000531,10,0,11.89069073016827
AXFLAIR,patch,dpmm_p128_t100,dpmm,top5,0,file_brain_AXFLAIR_203_6000942,10,0,11.78973858173077
AXFLAIR,patch,dpmm_p128_t100,dpmm,top5,0,file_brain_AXFLAIR_203_6000912,4,0,11.886451134314903
AXFLAIR,patch,dpmm_p128_t100,dpmm,top5,0,file_brain_AXFLAIR_201_6002914,7,0,13.368802584134615
AXFLAIR,patch,dpmm_p128_t100,dpmm,top5,0,file_brain_AXFLAIR_200_6002543,4,0,13.393871600811298
AXFLAIR,patch,dpmm_p128_t100,dpmm,top5,0,file_brain_AXFLAIR_210_6001513,5,0,12.681687575120192
AXFLAIR,patch,dpmm_p128_t100,dpmm,top5,0,file_brain_AXFLAIR_209_6001397,12,0,12.376789973332333
AXFLAIR,patch,dpmm_p128_t100,dpmm,top5,0,file_brain_AXFLAIR_200_6002641,11,0,11.969552847055288
AXFLAIR,patch,dpmm_p128_t100,dpmm,top5,0,file_brain_AXFLAIR_203_6000942,11,0,11.985745943509615
AXFLAIR,patch,dpmm_p128_t100,dpmm,top5,0,file_brain_AXFLAIR_201_6002993,5,0,11.84213139460637
AXFLAIR,patch,dpmm_p128_t100,dpmm,top5,0,file_brain_AXFLAIR_200_6002595,7,0,12.710883507361778
AXFLAIR,patch,dpmm_p128_t100,dpmm,top5,0,file_brain_AXFLAIR_202_6000511,11,0,12.083417452298677
AXFLAIR,patch,dpmm_p128_t100,dpmm,top5,0,file_brain_AXFLAIR_201_6002914,10,0,14.139878493088942
AXFLAIR,patch,dpmm_p128_t100,dpmm,top5,0,file_brain_AXFLAIR_203_6000912,11,0,13.628502478966347
AXFLAIR,patch,dpmm_p128_t100,dpmm,top5,0,file_brain_AXFLAIR_210_6001953,6,0,11.703758826622597
AXFLAIR,patch,dpmm_p128_t100,dpmm,top5,0,file_brain_AXFLAIR_210_6001917,6,0,13.341707669771635
AXFLAIR,patch,dpmm_p128_t100,dpmm,top5,0,file_brain_AXFLAIR_200_6002442,9,0,11.634765625
AXFLAIR,patch,dpmm_p128_t100,dpmm,top5,0,file_brain_AXFLAIR_210_6001953,9,0,11.755548330453726
AXFLAIR,patch,dpmm_p128_t100,dpmm,top5,0,file_brain_AXFLAIR_200_6002442,5,0,12.018108661358173
AXFLAIR,patch,dpmm_p128_t100,dpmm,top5,0,file_brain_AXFLAIR_200_6002442,10,0,12.551510150615986
AXFLAIR,patch,dpmm_p128_t100,dpmm,top5,0,file_brain_AXFLAIR_202_6000531,9,0,14.522918701171875
AXFLAIR,patch,dpmm_p128_t100,dpmm,top5,0,file_brain_AXFLAIR_201_6002914,8,0,10.893336369441105
AXFLAIR,patch,dpmm_p128_t100,dpmm,top5,0,file_brain_AXFLAIR_202_6000474,6,0,12.783435528094952
AXFLAIR,patch,dpmm_p128_t100,dpmm,top5,0,file_brain_AXFLAIR_201_6002941,9,0,12.34954599233774
AXFLAIR,patch,dpmm_p128_t100,dpmm,top5,0,file_brain_AXFLAIR_210_6001499,11,0,12.389241145207333
AXFLAIR,patch,dpmm_p128_t100,dpmm,top5,0,file_brain_AXFLAIR_202_6000539,5,0,12.726325401893028
AXFLAIR,patch,dpmm_p128_t100,dpmm,top5,0,file_brain_AXFLAIR_202_6000474,5,0,12.149181659405048
AXFLAIR,patch,dpmm_p128_t100,dpmm,top5,0,file_brain_AXFLAIR_209_6001377,10,0,14.285182072566105
AXFLAIR,patch,dpmm_p128_t100,dpmm,top5,0,file_brain_AXFLAIR_200_6002595,9,0,11.93505624624399
AXFLAIR,patch,dpmm_p128_t100,dpmm,top5,0,file_brain_AXFLAIR_201_6002993,11,0,11.095252403846153
AXFLAIR,patch,dpmm_p128_t100,dpmm,top5,0,file_brain_AXFLAIR_202_6000557,9,0,11.852689302884615
AXFLAIR,patch,dpmm_p128_t100,dpmm,top5,0,file_brain_AXFLAIR_210_6001513,4,0,12.863731971153847
AXFLAIR,patch,dpmm_p128_t100,dpmm,top5,0,file_brain_AXFLAIR_201_6002941,8,0,12.035621056189903
AXFLAIR,patch,dpmm_p128_t100,dpmm,top5,0,file_brain_AXFLAIR_203_6000912,6,0,11.865254328801083
AXFLAIR,patch,dpmm_p128_t100,dpmm,top5,0,file_brain_AXFLAIR_201_6002914,12,0,11.92660639836238
AXFLAIR,patch,dpmm_p128_t100,dpmm,top5,0,file_brain_AXFLAIR_209_6001377,11,0,12.119802621694712
AXFLAIR,patch,dpmm_p128_t100,dpmm,top5,0,file_brain_AXFLAIR_210_6001499,5,0,11.535104604867788
AXFLAIR,patch,dpmm_p128_t100,dpmm,top5,0,file_brain_AXFLAIR_202_6000557,6,0,13.470966045673077
AXFLAIR,patch,dpmm_p128_t100,dpmm,top5,0,file_brain_AXFLAIR_202_6000557,10,0,11.902209942157452
AXFLAIR,patch,dpmm_p128_t100,dpmm,top5,0,file_brain_AXFLAIR_202_6000543,4,0,11.858421912560097
AXFLAIR,patch,dpmm_p128_t100,dpmm,top5,0,file_brain_AXFLAIR_202_6000531,7,0,13.184336735652042
AXFLAIR,patch,dpmm_p128_t100,dpmm,top5,0,file_brain_AXFLAIR_200_6002595,10,0,14.34113018329327
AXFLAIR,patch,dpmm_p128_t100,dpmm,top5,0,file_brain_AXFLAIR_201_6002914,5,0,12.15948721078726
AXFLAIR,patch,dpmm_p128_t100,dpmm,top5,0,file_brain_AXFLAIR_202_6000531,4,0,12.881274883563702
AXFLAIR,patch,dpmm_p128_t100,dpmm,top5,0,file_brain_AXFLAIR_210_6001513,6,0,11.728283221905048
AXFLAIR,patch,dpmm_p128_t100,dpmm,top5,0,file_brain_AXFLAIR_200_6002442,11,0,12.871900118314302
AXFLAIR,patch,dpmm_p128_t100,dpmm,top5,0,file_brain_AXFLAIR_209_6001377,8,0,11.478861882136417
AXFLAIR,patch,dpmm_p128_t100,dpmm,top5,0,file_brain_AXFLAIR_202_6000483,7,0,12.128979022686298
AXFLAIR,patch,dpmm_p128_t100,dpmm,top5,0,file_brain_AXFLAIR_202_6000543,9,0,11.625901442307692
AXFLAIR,patch,dpmm_p128_t100,dpmm,top5,0,file_brain_AXFLAIR_203_6000898,10,0,12.394646277794472
AXFLAIR,patch,dpmm_p128_t100,dpmm,top5,0,file_brain_AXFLAIR_203_6000912,12,0,12.212850717397837
AXFLAIR,patch,dpmm_p128_t100,dpmm,top5,0,file_brain_AXFLAIR_202_6000511,7,0,11.35436776968149
AXFLAIR,patch,dpmm_p128_t100,dpmm,top5,0,file_brain_AXFLAIR_201_6003024,5,0,13.681004450871395
AXFLAIR,patch,dpmm_p128_t100,dpmm,top5,0,file_brain_AXFLAIR_201_6003018,12,0,14.16825162447416
AXFLAIR,patch,dpmm_p128_t100,dpmm,top5,0,file_brain_AXFLAIR_210_6001901,7,0,12.432403564453125
AXFLAIR,patch,dpmm_p128_t100,dpmm,top5,0,file_brain_AXFLAIR_203_6000898,12,0,11.946407611553486
AXFLAIR,patch,dpmm_p128_t100,dpmm,top5,0,file_brain_AXFLAIR_202_6000483,11,0,11.218658447265625
AXFLAIR,patch,dpmm_p128_t100,dpmm,top5,0,file_brain_AXFLAIR_210_6001917,10,0,11.498918973482573
AXFLAIR,patch,dpmm_p128_t100,dpmm,top5,0,file_brain_AXFLAIR_201_6002914,11,0,11.52560542179988
AXFLAIR,patch,dpmm_p128_t100,dpmm,top5,0,file_brain_AXFLAIR_202_6000483,8,0,11.24050081693209
AXFLAIR,patch,dpmm_p128_t100,dpmm,top5,0,file_brain_AXFLAIR_201_6002941,11,0,11.430286114032452
AXFLAIR,patch,dpmm_p128_t100,dpmm,top5,0,file_brain_AXFLAIR_210_6001917,11,0,12.944807786207933
AXFLAIR,patch,dpmm_p128_t100,dpmm,top5,0,file_brain_AXFLAIR_201_6002993,10,0,11.801194411057692
AXFLAIR,patch,dpmm_p128_t100,dpmm,top5,0,file_brain_AXFLAIR_202_6000539,9,0,11.545372596153847
AXFLAIR,patch,dpmm_p128_t100,dpmm,top5,0,file_brain_AXFLAIR_203_6000942,7,0,13.614498431865986
AXFLAIR,patch,dpmm_p128_t100,dpmm,top5,0,file_brain_AXFLAIR_209_6001377,12,0,13.676349346454327
AXFLAIR,patch,dpmm_p128_t100,dpmm,top5,0,file_brain_AXFLAIR_201_6003024,10,0,11.828721266526442
AXFLAIR,patch,dpmm_p128_t100,dpmm,top5,0,file_brain_AXFLAIR_200_6002543,8,0,12.117682823768028
AXFLAIR,patch,dpmm_p128_t100,dpmm,top5,0,file_brain_AXFLAIR_202_6000531,6,0,12.161794809194712
AXFLAIR,patch,dpmm_p128_t100,dpmm,top5,0,file_brain_AXFLAIR_201_6003003,0,1,13.218041053185097
AXFLAIR,patch,dpmm_p128_t100,dpmm,top5,0,file_brain_AXFLAIR_201_6003003,1,1,12.884117713341347
AXFLAIR,patch,dpmm_p128_t100,dpmm,top5,0,file_brain_AXFLAIR_201_6003003,2,1,12.52075430063101
AXFLAIR,patch,dpmm_p128_t100,dpmm,top5,0,file_brain_AXFLAIR_201_6003003,3,1,13.22943584735577
AXFLAIR,patch,dpmm_p128_t100,dpmm,top5,0,file_brain_AXFLAIR_201_6003003,4,1,12.506043654221754
AXFLAIR,patch,dpmm_p128_t100,dpmm,top5,0,file_brain_AXFLAIR_201_6003003,5,1,11.859757643479567
AXFLAIR,patch,dpmm_p128_t100,dpmm,top5,0,file_brain_AXFLAIR_201_6003003,6,1,11.913679856520433
AXFLAIR,patch,dpmm_p128_t100,dpmm,top5,0,file_brain_AXFLAIR_201_6003003,7,1,12.319073016826923
AXFLAIR,patch,dpmm_p128_t100,dpmm,top5,0,file_brain_AXFLAIR_201_6003003,8,1,12.259598952073317
AXFLAIR,patch,dpmm_p128_t100,dpmm,top5,0,file_brain_AXFLAIR_201_6003003,9,1,12.076493483323317
AXFLAIR,patch,dpmm_p128_t100,dpmm,top5,0,file_brain_AXFLAIR_201_6003003,10,1,11.92406757061298
AXFLAIR,patch,dpmm_p128_t100,dpmm,top5,0,file_brain_AXFLAIR_201_6002972,0,1,14.79095224233774
AXFLAIR,patch,dpmm_p128_t100,dpmm,top5,0,file_brain_AXFLAIR_201_6002972,1,1,14.62798602764423
AXFLAIR,patch,dpmm_p128_t100,dpmm,top5,0,file_brain_AXFLAIR_201_6002972,2,1,14.818766667292667
AXFLAIR,patch,dpmm_p128_t100,dpmm,top5,0,file_brain_AXFLAIR_201_6002972,3,1,14.074514535757212
AXFLAIR,patch,dpmm_p128_t100,dpmm,top5,0,file_brain_AXFLAIR_201_6002972,4,1,14.40680166391226
AXFLAIR,patch,dpmm_p128_t100,dpmm,top5,0,file_brain_AXFLAIR_201_6002972,5,1,14.68927001953125
AXFLAIR,patch,dpmm_p128_t100,dpmm,top5,0,file_brain_AXFLAIR_201_6002972,6,1,13.775282639723558
AXFLAIR,patch,dpmm_p128_t100,dpmm,top5,0,file_brain_AXFLAIR_201_6002972,7,1,14.268470177283653
AXFLAIR,patch,dpmm_p128_t100,dpmm,top5,0,file_brain_AXFLAIR_201_6002972,8,1,14.329024094801683
AXFLAIR,patch,dpmm_p128_t100,dpmm,top5,0,file_brain_AXFLAIR_201_6002972,9,1,13.7585202730619
AXFLAIR,patch,dpmm_p128_t100,dpmm,top5,0,file_brain_AXFLAIR_201_6002972,10,1,14.166879507211538
AXFLAIR,patch,dpmm_p128_t100,dpmm,top5,0,file_brain_AXFLAIR_201_6002972,11,1,13.54421175443209
AXFLAIR,patch,dpmm_p128_t100,dpmm,top5,0,file_brain_AXFLAIR_201_6002972,12,1,14.099244337815504
AXFLAIR,patch,dpmm_p128_t100,dpmm,top5,0,file_brain_AXFLAIR_201_6002941,0,1,13.758402897761417
AXFLAIR,patch,dpmm_p128_t100,dpmm,top5,0,file_brain_AXFLAIR_201_6002941,1,1,12.775036151592548
AXFLAIR,patch,dpmm_p128_t100,dpmm,top5,0,file_brain_AXFLAIR_201_6002941,2,1,13.005125779371996
AXFLAIR,patch,dpmm_p128_t100,dpmm,top5,0,file_brain_AXFLAIR_201_6002941,3,1,12.420112022986778
AXFLAIR,patch,dpmm_p128_t100,dpmm,top5,0,file_brain_AXFLAIR_201_6002941,4,1,12.422864473783052
AXFLAIR,patch,dpmm_p128_t100,dpmm,top5,0,file_brain_AXFLAIR_201_6002941,5,1,11.955939659705528
AXFLAIR,patch,dpmm_p128_t100,dpmm,top5,0,file_brain_AXFLAIR_202_6000508,1,1,13.65680401141827
AXFLAIR,patch,dpmm_p128_t100,dpmm,top5,0,file_brain_AXFLAIR_202_6000508,2,1,14.319752619816708
AXFLAIR,patch,dpmm_p128_t100,dpmm,top5,0,file_brain_AXFLAIR_202_6000508,3,1,13.75548846905048
AXFLAIR,patch,dpmm_p128_t100,dpmm,top5,0,file_brain_AXFLAIR_202_6000508,4,1,14.172210693359375
AXFLAIR,patch,dpmm_p128_t100,dpmm,top5,0,file_brain_AXFLAIR_202_6000508,5,1,13.710436307466948
AXFLAIR,patch,dpmm_p128_t100,dpmm,top5,0,file_brain_AXFLAIR_202_6000508,6,1,13.84667733999399
AXFLAIR,patch,dpmm_p128_t100,dpmm,top5,0,file_brain_AXFLAIR_202_6000508,7,1,13.722574087289663
AXFLAIR,patch,dpmm_p128_t100,dpmm,top5,0,file_brain_AXFLAIR_202_6000508,8,1,13.029097336989183
AXFLAIR,patch,dpmm_p128_t100,dpmm,top5,0,file_brain_AXFLAIR_202_6000508,9,1,13.057593712439903
AXFLAIR,patch,dpmm_p128_t100,dpmm,top5,0,file_brain_AXFLAIR_202_6000508,10,1,13.638171856219952
AXFLAIR,patch,dpmm_p128_t100,dpmm,top5,0,file_brain_AXFLAIR_202_6000508,11,1,13.667548546424278
AXFLAIR,patch,dpmm_p128_t100,dpmm,top5,0,file_brain_AXFLAIR_202_6000508,12,1,13.618668776292067
AXFLAIR,patch,dpmm_p128_t100,dpmm,top5,0,file_brain_AXFLAIR_202_6000508,13,1,13.808915358323317
AXFLAIR,patch,dpmm_p128_t100,dpmm,top5,0,file_brain_AXFLAIR_200_6002641,3,1,12.361123891977163
AXFLAIR,patch,dpmm_p128_t100,dpmm,top5,0,file_brain_AXFLAIR_200_6002641,7,1,10.9716796875
AXFLAIR,patch,dpmm_p128_t100,dpmm,top5,0,file_brain_AXFLAIR_200_6002641,8,1,10.973225520207333
AXFLAIR,patch,dpmm_p128_t100,dpmm,top5,0,file_brain_AXFLAIR_201_6003008,0,1,14.45202401968149
AXFLAIR,patch,dpmm_p128_t100,dpmm,top5,0,file_brain_AXFLAIR_201_6003008,1,1,14.39630361703726
AXFLAIR,patch,dpmm_p128_t100,dpmm,top5,0,file_brain_AXFLAIR_201_6003008,2,1,14.87054208608774
AXFLAIR,patch,dpmm_p128_t100,dpmm,top5,0,file_brain_AXFLAIR_201_6003008,3,1,13.986587524414062
AXFLAIR,patch,dpmm_p128_t100,dpmm,top5,0,file_brain_AXFLAIR_201_6003008,4,1,13.39900911771334
AXFLAIR,patch,dpmm_p128_t100,dpmm,top5,0,file_brain_AXFLAIR_201_6003008,5,1,13.329792903019833
AXFLAIR,patch,dpmm_p128_t100,dpmm,top5,0,file_brain_AXFLAIR_201_6003008,6,1,13.11957021859976
AXFLAIR,patch,dpmm_p128_t100,dpmm,top5,0,file_brain_AXFLAIR_201_6003008,7,1,13.81375943697416
AXFLAIR,patch,dpmm_p128_t100,dpmm,top5,0,file_brain_AXFLAIR_201_6003008,8,1,13.83080585186298
AXFLAIR,patch,dpmm_p128_t100,dpmm,top5,0,file_brain_AXFLAIR_201_6003008,9,1,13.072868934044472
AXFLAIR,patch,dpmm_p128_t100,dpmm,top5,0,file_brain_AXFLAIR_201_6003008,10,1,12.578964233398438
AXFLAIR,patch,dpmm_p128_t100,dpmm,top5,0,file_brain_AXFLAIR_201_6003008,11,1,12.034532987154448
AXFLAIR,patch,dpmm_p128_t100,dpmm,top5,0,file_brain_AXFLAIR_201_6003008,12,1,11.908294677734375
AXFLAIR,patch,dpmm_p128_t100,dpmm,top5,0,file_brain_AXFLAIR_201_6003008,13,1,12.1781005859375
AXFLAIR,patch,dpmm_p128_t100,dpmm,top5,0,file_brain_AXFLAIR_201_6002914,0,1,13.934245182917667
AXFLAIR,patch,dpmm_p128_t100,dpmm,top5,0,file_brain_AXFLAIR_201_6002914,1,1,14.27416522686298
AXFLAIR,patch,dpmm_p128_t100,dpmm,top5,0,file_brain_AXFLAIR_201_6002914,2,1,13.86520737868089
AXFLAIR,patch,dpmm_p128_t100,dpmm,top5,0,file_brain_AXFLAIR_201_6002914,3,1,12.845442551832933
AXFLAIR,patch,dpmm_p128_t100,dpmm,top5,0,file_brain_AXFLAIR_201_6002914,6,1,11.635448749248798
AXFLAIR,patch,dpmm_p128_t100,dpmm,top5,0,file_brain_AXFLAIR_202_6000421,0,1,14.250374427208534
AXFLAIR,patch,dpmm_p128_t100,dpmm,top5,0,file_brain_AXFLAIR_202_6000421,1,1,13.74246567946214
AXFLAIR,patch,dpmm_p128_t100,dpmm,top5,0,file_brain_AXFLAIR_202_6000421,2,1,13.668887798602764
AXFLAIR,patch,dpmm_p128_t100,dpmm,top5,0,file_brain_AXFLAIR_202_6000421,3,1,14.49136000413161
AXFLAIR,patch,dpmm_p128_t100,dpmm,top5,0,file_brain_AXFLAIR_202_6000421,4,1,13.926116943359375
AXFLAIR,patch,dpmm_p128_t100,dpmm,top5,0,file_brain_AXFLAIR_202_6000421,5,1,14.001751239483173
AXFLAIR,patch,dpmm_p128_t100,dpmm,top5,0,file_brain_AXFLAIR_202_6000421,6,1,14.245403583233173
AXFLAIR,patch,dpmm_p128_t100,dpmm,top5,0,file_brain_AXFLAIR_202_6000421,7,1,14.558760422926683
AXFLAIR,patch,dpmm_p128_t100,dpmm,top5,0,file_brain_AXFLAIR_202_6000421,8,1,15.184286264272837
AXFLAIR,patch,dpmm_p128_t100,dpmm,top5,0,file_brain_AXFLAIR_202_6000421,9,1,14.863983154296875
AXFLAIR,patch,dpmm_p128_t100,dpmm,top5,0,file_brain_AXFLAIR_202_6000421,10,1,15.354911217322716
AXFLAIR,patch,dpmm_p128_t100,dpmm,top5,0,file_brain_AXFLAIR_202_6000421,11,1,14.115343534029448
AXFLAIR,patch,dpmm_p128_t100,dpmm,top5,0,file_brain_AXFLAIR_202_6000421,12,1,14.181044358473558
AXFLAIR,patch,dpmm_p128_t100,dpmm,top5,0,file_brain_AXFLAIR_202_6000421,13,1,14.196675227238583
AXFLAIR,patch,dpmm_p128_t100,dpmm,top5,0,file_brain_AXFLAIR_202_6000421,14,1,14.07076908991887
AXFLAIR,patch,dpmm_p128_t100,dpmm,top5,0,file_brain_AXFLAIR_201_6002960,0,1,13.545882004957933
AXFLAIR,patch,dpmm_p128_t100,dpmm,top5,0,file_brain_AXFLAIR_201_6002960,1,1,13.015704815204327
AXFLAIR,patch,dpmm_p128_t100,dpmm,top5,0,file_brain_AXFLAIR_201_6002960,2,1,13.362469012920673
AXFLAIR,patch,dpmm_p128_t100,dpmm,top5,0,file_brain_AXFLAIR_201_6002960,3,1,13.580963134765625
AXFLAIR,patch,dpmm_p128_t100,dpmm,top5,0,file_brain_AXFLAIR_201_6002960,4,1,13.733382004957933
AXFLAIR,patch,dpmm_p128_t100,dpmm,top5,0,file_brain_AXFLAIR_201_6002960,5,1,12.74280019906851
AXFLAIR,patch,dpmm_p128_t100,dpmm,top5,0,file_brain_AXFLAIR_201_6002960,6,1,12.609910231370192
AXFLAIR,patch,dpmm_p128_t100,dpmm,top5,0,file_brain_AXFLAIR_201_6002960,7,1,13.130955622746395
AXFLAIR,patch,dpmm_p128_t100,dpmm,top5,0,file_brain_AXFLAIR_201_6002960,8,1,12.847203181340145
AXFLAIR,patch,dpmm_p128_t100,dpmm,top5,0,file_brain_AXFLAIR_201_6002960,9,1,13.01849834735577
AXFLAIR,patch,dpmm_p128_t100,dpmm,top5,0,file_brain_AXFLAIR_203_6000875,0,1,13.649324857271635
AXFLAIR,patch,dpmm_p128_t100,dpmm,top5,0,file_brain_AXFLAIR_203_6000875,1,1,14.169884314903847
AXFLAIR,patch,dpmm_p128_t100,dpmm,top5,0,file_brain_AXFLAIR_203_6000875,2,1,14.457852877103365
AXFLAIR,patch,dpmm_p128_t100,dpmm,top5,0,file_brain_AXFLAIR_203_6000875,3,1,14.396464421198917
AXFLAIR,patch,dpmm_p128_t100,dpmm,top5,0,file_brain_AXFLAIR_203_6000875,4,1,14.202392578125
AXFLAIR,patch,dpmm_p128_t100,dpmm,top5,0,file_brain_AXFLAIR_203_6000875,5,1,14.08358177771935
AXFLAIR,patch,dpmm_p128_t100,dpmm,top5,0,file_brain_AXFLAIR_203_6000875,6,1,13.64471435546875
AXFLAIR,patch,dpmm_p128_t100,dpmm,top5,0,file_brain_AXFLAIR_203_6000875,7,1,13.524153489332933
AXFLAIR,patch,dpmm_p128_t100,dpmm,top5,0,file_brain_AXFLAIR_203_6000875,8,1,13.529400165264423
AXFLAIR,patch,dpmm_p128_t100,dpmm,top5,0,file_brain_AXFLAIR_203_6000875,9,1,14.435006948617788
AXFLAIR,patch,dpmm_p128_t100,dpmm,top5,0,file_brain_AXFLAIR_203_6000875,10,1,14.460294283353365
AXFLAIR,patch,dpmm_p128_t100,dpmm,top5,0,file_brain_AXFLAIR_203_6000875,11,1,13.199026254507212
AXFLAIR,patch,dpmm_p128_t100,dpmm,top5,0,file_brain_AXFLAIR_203_6000875,12,1,13.78209979717548
AXFLAIR,patch,dpmm_p128_t100,dpmm,top5,0,file_brain_AXFLAIR_203_6000875,13,1,13.527118389423077
AXFLAIR,patch,dpmm_p128_t100,dpmm,top5,0,file_brain_AXFLAIR_203_6000875,14,1,13.993712205153246
AXFLAIR,patch,dpmm_p128_t100,dpmm,top5,0,file_brain_AXFLAIR_203_6000875,15,1,14.719388521634615
AXFLAIR,patch,dpmm_p128_t100,dpmm,top5,0,file_brain_AXFLAIR_210_6001953,10,1,11.715557391826923
AXFLAIR,patch,dpmm_p128_t100,dpmm,top5,0,file_brain_AXFLAIR_201_6003018,0,1,14.345435509314903
AXFLAIR,patch,dpmm_p128_t100,dpmm,top5,0,file_brain_AXFLAIR_201_6003018,1,1,13.937872079702524
AXFLAIR,patch,dpmm_p128_t100,dpmm,top5,0,file_brain_AXFLAIR_201_6003018,2,1,13.58156996506911
AXFLAIR,patch,dpmm_p128_t100,dpmm,top5,0,file_brain_AXFLAIR_201_6003018,3,1,14.207080547626202
AXFLAIR,patch,dpmm_p128_t100,dpmm,top5,0,file_brain_AXFLAIR_201_6003018,4,1,14.229204618013823
AXFLAIR,patch,dpmm_p128_t100,dpmm,top5,0,file_brain_AXFLAIR_201_6003018,5,1,14.651259202223558
AXFLAIR,patch,dpmm_p128_t100,dpmm,top5,0,file_brain_AXFLAIR_201_6003018,6,1,13.981675368088942
AXFLAIR,patch,dpmm_p128_t100,dpmm,top5,0,file_brain_AXFLAIR_201_6003018,7,1,13.25815640963041
AXFLAIR,patch,dpmm_p128_t100,dpmm,top5,0,file_brain_AXFLAIR_201_6003018,8,1,12.630460298978365
AXFLAIR,patch,dpmm_p128_t100,dpmm,top5,0,file_brain_AXFLAIR_200_6002595,2,1,13.285623403695913
AXFLAIR,patch,dpmm_p128_t100,dpmm,top5,0,file_brain_AXFLAIR_200_6002595,3,1,13.070300762469952
AXFLAIR,patch,dpmm_p128_t100,dpmm,top5,0,file_brain_AXFLAIR_200_6002595,4,1,12.95064485990084
AXFLAIR,patch,dpmm_p128_t100,dpmm,top5,0,file_brain_AXFLAIR_200_6002595,5,1,11.9244631253756
AXFLAIR,patch,dpmm_p128_t100,dpmm,top5,0,file_brain_AXFLAIR_203_6000898,1,1,13.85590069110577
AXFLAIR,patch,dpmm_p128_t100,dpmm,top5,0,file_brain_AXFLAIR_203_6000898,2,1,14.35175030048077
AXFLAIR,patch,dpmm_p128_t100,dpmm,top5,0,file_brain_AXFLAIR_203_6000898,3,1,13.996536254882812
AXFLAIR,patch,dpmm_p128_t100,dpmm,top5,0,file_brain_AXFLAIR_203_6000898,5,1,14.498904888446514
AXFLAIR,patch,dpmm_p128_t100,dpmm,top5,0,file_brain_AXFLAIR_203_6000912,7,1,12.015707162710337
AXFLAIR,patch,dpmm_p128_t100,dpmm,top5,0,file_brain_AXFLAIR_203_6000912,8,1,12.095376821664663
AXFLAIR,patch,dpmm_p128_t100,dpmm,top5,0,file_brain_AXFLAIR_203_6000912,9,1,12.01204622708834
AXFLAIR,patch,dpmm_p128_t100,dpmm,top5,0,file_brain_AXFLAIR_202_6000511,0,1,13.90842026930589
AXFLAIR,patch,dpmm_p128_t100,dpmm,top5,0,file_brain_AXFLAIR_202_6000511,1,1,13.312607985276442
AXFLAIR,patch,dpmm_p128_t100,dpmm,top5,0,file_brain_AXFLAIR_202_6000557,0,1,14.660470815805288
AXFLAIR,patch,dpmm_p128_t100,dpmm,top5,0,file_brain_AXFLAIR_202_6000557,1,1,14.02691885141226
AXFLAIR,patch,dpmm_p128_t100,dpmm,top5,0,file_brain_AXFLAIR_202_6000557,2,1,14.327982975886417
AXFLAIR,patch,dpmm_p128_t100,dpmm,top5,0,file_brain_AXFLAIR_202_6000557,3,1,13.600745567908653
AXFLAIR,patch,dpmm_p128_t100,dpmm,top5,0,file_brain_AXFLAIR_202_6000557,4,1,13.910814725435698
AXFLAIR,patch,dpmm_p128_t100,dpmm,top5,0,file_brain_AXFLAIR_202_6000557,5,1,12.586053701547476
AXFLAIR,patch,dpmm_p128_t100,dpmm,top5,0,file_brain_AXFLAIR_210_6001901,0,1,14.338240403395433
AXFLAIR,patch,dpmm_p128_t100,dpmm,top5,0,file_brain_AXFLAIR_210_6001901,1,1,13.779956524188702
AXFLAIR,patch,dpmm_p128_t100,dpmm,top5,0,file_brain_AXFLAIR_210_6001901,2,1,13.99901874248798
AXFLAIR,patch,dpmm_p128_t100,dpmm,top5,0,file_brain_AXFLAIR_200_6002543,0,1,13.899553739107573
AXFLAIR,patch,dpmm_p128_t100,dpmm,top5,0,file_brain_AXFLAIR_200_6002543,1,1,13.532843956580528
AXFLAIR,patch,dpmm_p128_t100,dpmm,top5,0,file_brain_AXFLAIR_201_6002878,0,1,14.328880896935097
AXFLAIR,patch,dpmm_p128_t100,dpmm,top5,0,file_brain_AXFLAIR_201_6002878,1,1,14.08028587928185
AXFLAIR,patch,dpmm_p128_t100,dpmm,top5,0,file_brain_AXFLAIR_201_6002878,2,1,14.013465294471153
AXFLAIR,patch,dpmm_p128_t100,dpmm,top5,0,file_brain_AXFLAIR_201_6002878,3,1,13.684895442082333
AXFLAIR,patch,dpmm_p128_t100,dpmm,top5,0,file_brain_AXFLAIR_201_6002878,4,1,13.18316650390625
AXFLAIR,patch,dpmm_p128_t100,dpmm,top5,0,file_brain_AXFLAIR_201_6002878,5,1,12.882643479567308
AXFLAIR,patch,dpmm_p128_t100,dpmm,top5,0,file_brain_AXFLAIR_201_6002878,6,1,12.338277963491587
AXFLAIR,patch,dpmm_p128_t100,dpmm,top5,0,file_brain_AXFLAIR_201_6002878,7,1,11.922863300030048
AXFLAIR,patch,dpmm_p128_t100,dpmm,top5,0,file_brain_AXFLAIR_201_6002878,8,1,12.070136437049278
AXFLAIR,patch,dpmm_p128_t100,dpmm,top5,0,file_brain_AXFLAIR_201_6002878,9,1,12.72519273024339
AXFLAIR,patch,dpmm_p128_t100,dpmm,top5,0,file_brain_AXFLAIR_201_6002878,10,1,12.046987680288462
AXFLAIR,patch,dpmm_p128_t100,dpmm,top5,0,file_brain_AXFLAIR_201_6002878,11,1,11.856104924128605
AXFLAIR,patch,dpmm_p128_t100,dpmm,top5,0,file_brain_AXFLAIR_201_6002878,12,1,14.087646484375
AXFLAIR,patch,dpmm_p128_t100,dpmm,top5,0,file_brain_AXFLAIR_201_6002878,13,1,12.87502699631911
AXFLAIR,patch,dpmm_p256_t20,dpmm,top5,0,file_brain_AXFLAIR_210_6001917,4,0,20.47906024639423
AXFLAIR,patch,dpmm_p256_t20,dpmm,top5,0,file_brain_AXFLAIR_202_6000543,11,0,19.571823120117188
AXFLAIR,patch,dpmm_p256_t20,dpmm,top5,0,file_brain_AXFLAIR_210_6001499,4,0,21.03193781926082
AXFLAIR,patch,dpmm_p256_t20,dpmm,top5,0,file_brain_AXFLAIR_201_6002993,7,0,16.915235079251804
AXFLAIR,patch,dpmm_p256_t20,dpmm,top5,0,file_brain_AXFLAIR_202_6000543,5,0,21.732816256009617
AXFLAIR,patch,dpmm_p256_t20,dpmm,top5,0,file_brain_AXFLAIR_202_6000539,7,0,21.56548133263221
AXFLAIR,patch,dpmm_p256_t20,dpmm,top5,0,file_brain_AXFLAIR_202_6000483,5,0,23.03776432917668
AXFLAIR,patch,dpmm_p256_t20,dpmm,top5,0,file_brain_AXFLAIR_200_6002442,6,0,21.442974384014423
AXFLAIR,patch,dpmm_p256_t20,dpmm,top5,0,file_brain_AXFLAIR_202_6000483,6,0,20.417395958533653
AXFLAIR,patch,dpmm_p256_t20,dpmm,top5,0,file_brain_AXFLAIR_200_6002442,12,0,18.52419926570012
AXFLAIR,patch,dpmm_p256_t20,dpmm,top5,0,file_brain_AXFLAIR_202_6000531,10,0,18.306583111102764
AXFLAIR,patch,dpmm_p256_t20,dpmm,top5,0,file_brain_AXFLAIR_203_6000942,10,0,18.47878676194411
AXFLAIR,patch,dpmm_p256_t20,dpmm,top5,0,file_brain_AXFLAIR_203_6000912,4,0,18.414220956655647
AXFLAIR,patch,dpmm_p256_t20,dpmm,top5,0,file_brain_AXFLAIR_201_6002914,7,0,23.248877892127403
AXFLAIR,patch,dpmm_p256_t20,dpmm,top5,0,file_brain_AXFLAIR_200_6002543,4,0,20.905775803786057
AXFLAIR,patch,dpmm_p256_t20,dpmm,top5,0,file_brain_AXFLAIR_210_6001513,5,0,20.23858877328726
AXFLAIR,patch,dpmm_p256_t20,dpmm,top5,0,file_brain_AXFLAIR_209_6001397,12,0,19.83673095703125
AXFLAIR,patch,dpmm_p256_t20,dpmm,top5,0,file_brain_AXFLAIR_200_6002641,11,0,17.722750150240383
AXFLAIR,patch,dpmm_p256_t20,dpmm,top5,0,file_brain_AXFLAIR_203_6000942,11,0,17.973927424504208
AXFLAIR,patch,dpmm_p256_t20,dpmm,top5,0,file_brain_AXFLAIR_201_6002993,5,0,18.732694185697117
AXFLAIR,patch,dpmm_p256_t20,dpmm,top5,0,file_brain_AXFLAIR_200_6002595,7,0,19.65654813326322
AXFLAIR,patch,dpmm_p256_t20,dpmm,top5,0,file_brain_AXFLAIR_202_6000511,11,0,18.883260873647835
AXFLAIR,patch,dpmm_p256_t20,dpmm,top5,0,file_brain_AXFLAIR_201_6002914,10,0,23.30584716796875
AXFLAIR,patch,dpmm_p256_t20,dpmm,top5,0,file_brain_AXFLAIR_203_6000912,11,0,21.433697040264423
AXFLAIR,patch,dpmm_p256_t20,dpmm,top5,0,file_brain_AXFLAIR_210_6001953,6,0,19.407483614408054
AXFLAIR,patch,dpmm_p256_t20,dpmm,top5,0,file_brain_AXFLAIR_210_6001917,6,0,22.951453575721153
AXFLAIR,patch,dpmm_p256_t20,dpmm,top5,0,file_brain_AXFLAIR_200_6002442,9,0,18.013282189002403
AXFLAIR,patch,dpmm_p256_t20,dpmm,top5,0,file_brain_AXFLAIR_210_6001953,9,0,18.577621459960938
AXFLAIR,patch,dpmm_p256_t20,dpmm,top5,0,file_brain_AXFLAIR_200_6002442,5,0,19.028282752403847
AXFLAIR,patch,dpmm_p256_t20,dpmm,top5,0,file_brain_AXFLAIR_200_6002442,10,0,21.526902418870193
AXFLAIR,patch,dpmm_p256_t20,dpmm,top5,0,file_brain_AXFLAIR_202_6000531,9,0,24.596273568960335
AXFLAIR,patch,dpmm_p256_t20,dpmm,top5,0,file_brain_AXFLAIR_201_6002914,8,0,16.64355938251202
AXFLAIR,patch,dpmm_p256_t20,dpmm,top5,0,file_brain_AXFLAIR_202_6000474,6,0,19.33875450721154
AXFLAIR,patch,dpmm_p256_t20,dpmm,top5,0,file_brain_AXFLAIR_201_6002941,9,0,20.31529822716346
AXFLAIR,patch,dpmm_p256_t20,dpmm,top5,0,file_brain_AXFLAIR_210_6001499,11,0,20.056544377253605
AXFLAIR,patch,dpmm_p256_t20,dpmm,top5,0,file_brain_AXFLAIR_202_6000539,5,0,19.824746938852165
AXFLAIR,patch,dpmm_p256_t20,dpmm,top5,0,file_brain_AXFLAIR_202_6000474,5,0,19.046715369591347
AXFLAIR,patch,dpmm_p256_t20,dpmm,top5,0,file_brain_AXFLAIR_209_6001377,10,0,23.19835956280048
AXFLAIR,patch,dpmm_p256_t20,dpmm,top5,0,file_brain_AXFLAIR_200_6002595,9,0,18.480750450721153
AXFLAIR,patch,dpmm_p256_t20,dpmm,top5,0,file_brain_AXFLAIR_201_6002993,11,0,17.03661639873798
AXFLAIR,patch,dpmm_p256_t20,dpmm,top5,0,file_brain_AXFLAIR_202_6000557,9,0,17.96265117938702
AXFLAIR,patch,dpmm_p256_t20,dpmm,top5,0,file_brain_AXFLAIR_210_6001513,4,0,19.459439791165867
AXFLAIR,patch,dpmm_p256_t20,dpmm,top5,0,file_brain_AXFLAIR_201_6002941,8,0,19.178574782151443
AXFLAIR,patch,dpmm_p256_t20,dpmm,top5,0,file_brain_AXFLAIR_203_6000912,6,0,18.229117760291466
AXFLAIR,patch,dpmm_p256_t20,dpmm,top5,0,file_brain_AXFLAIR_201_6002914,12,0,17.956688514122597
AXFLAIR,patch,dpmm_p256_t20,dpmm,top5,0,file_brain_AXFLAIR_209_6001377,11,0,19.08924044095553
AXFLAIR,patch,dpmm_p256_t20,dpmm,top5,0,file_brain_AXFLAIR_210_6001499,5,0,17.47320556640625
AXFLAIR,patch,dpmm_p256_t20,dpmm,top5,0,file_brain_AXFLAIR_202_6000557,6,0,22.78259512094351
AXFLAIR,patch,dpmm_p256_t20,dpmm,top5,0,file_brain_AXFLAIR_202_6000557,10,0,18.28297541691707
AXFLAIR,patch,dpmm_p256_t20,dpmm,top5,0,file_brain_AXFLAIR_202_6000543,4,0,19.99969482421875
AXFLAIR,patch,dpmm_p256_t20,dpmm,top5,0,file_brain_AXFLAIR_202_6000531,7,0,20.921067457932693
AXFLAIR,patch,dpmm_p256_t20,dpmm,top5,0,file_brain_AXFLAIR_200_6002595,10,0,23.47442157451923
AXFLAIR,patch,dpmm_p256_t20,dpmm,top5,0,file_brain_AXFLAIR_201_6002914,5,0,19.961468036358173
AXFLAIR,patch,dpmm_p256_t20,dpmm,top5,0,file_brain_AXFLAIR_202_6000531,4,0,20.08562762920673
AXFLAIR,patch,dpmm_p256_t20,dpmm,top5,0,file_brain_AXFLAIR_210_6001513,6,0,18.58036686823918
AXFLAIR,patch,dpmm_p256_t20,dpmm,top5,0,file_brain_AXFLAIR_200_6002442,11,0,19.84967980018029
AXFLAIR,patch,dpmm_p256_t20,dpmm,top5,0,file_brain_AXFLAIR_209_6001377,8,0,18.32613314115084
AXFLAIR,patch,dpmm_p256_t20,dpmm,top5,0,file_brain_AXFLAIR_202_6000483,7,0,19.06076167179988
AXFLAIR,patch,dpmm_p256_t20,dpmm,top5,0,file_brain_AXFLAIR_202_6000543,9,0,18.20543494591346
AXFLAIR,patch,dpmm_p256_t20,dpmm,top5,0,file_brain_AXFLAIR_203_6000898,10,0,19.579486553485577
AXFLAIR,patch,dpmm_p256_t20,dpmm,top5,0,file_brain_AXFLAIR_203_6000912,12,0,19.480101365309494
AXFLAIR,patch,dpmm_p256_t20,dpmm,top5,0,file_brain_AXFLAIR_202_6000511,7,0,17.098409799429085
AXFLAIR,patch,dpmm_p256_t20,dpmm,top5,0,file_brain_AXFLAIR_201_6003024,5,0,21.83501493013822
AXFLAIR,patch,dpmm_p256_t20,dpmm,top5,0,file_brain_AXFLAIR_201_6003018,12,0,22.74132361778846
AXFLAIR,patch,dpmm_p256_t20,dpmm,top5,0,file_brain_AXFLAIR_210_6001901,7,0,19.53370079627404
AXFLAIR,patch,dpmm_p256_t20,dpmm,top5,0,file_brain_AXFLAIR_203_6000898,12,0,19.240152212289665
AXFLAIR,patch,dpmm_p256_t20,dpmm,top5,0,file_brain_AXFLAIR_202_6000483,11,0,16.932391826923077
AXFLAIR,patch,dpmm_p256_t20,dpmm,top5,0,file_brain_AXFLAIR_210_6001917,10,0,17.94480778620793
AXFLAIR,patch,dpmm_p256_t20,dpmm,top5,0,file_brain_AXFLAIR_201_6002914,11,0,16.992118248572716
AXFLAIR,patch,dpmm_p256_t20,dpmm,top5,0,file_brain_AXFLAIR_202_6000483,8,0,17.735487717848557
AXFLAIR,patch,dpmm_p256_t20,dpmm,top5,0,file_brain_AXFLAIR_201_6002941,11,0,17.39162855881911
AXFLAIR,patch,dpmm_p256_t20,dpmm,top5,0,file_brain_AXFLAIR_210_6001917,11,0,19.168404212364784
AXFLAIR,patch,dpmm_p256_t20,dpmm,top5,0,file_brain_AXFLAIR_201_6002993,10,0,18.450157752403847
AXFLAIR,patch,dpmm_p256_t20,dpmm,top5,0,file_brain_AXFLAIR_202_6000539,9,0,17.011341975285458
AXFLAIR,patch,dpmm_p256_t20,dpmm,top5,0,file_brain_AXFLAIR_203_6000942,7,0,21.131077693058895
AXFLAIR,patch,dpmm_p256_t20,dpmm,top5,0,file_brain_AXFLAIR_209_6001377,12,0,25.82959923377404
AXFLAIR,patch,dpmm_p256_t20,dpmm,top5,0,file_brain_AXFLAIR_201_6003024,10,0,17.62000685471755
AXFLAIR,patch,dpmm_p256_t20,dpmm,top5,0,file_brain_AXFLAIR_200_6002543,8,0,20.093350923978367
AXFLAIR,patch,dpmm_p256_t20,dpmm,top5,0,file_brain_AXFLAIR_202_6000531,6,0,19.379608154296875
AXFLAIR,patch,dpmm_p256_t20,dpmm,top5,0,file_brain_AXFLAIR_201_6003003,0,1,21.469156118539665
AXFLAIR,patch,dpmm_p256_t20,dpmm,top5,0,file_brain_AXFLAIR_201_6003003,1,1,21.54041231595553
AXFLAIR,patch,dpmm_p256_t20,dpmm,top5,0,file_brain_AXFLAIR_201_6003003,2,1,20.359267014723557
AXFLAIR,patch,dpmm_p256_t20,dpmm,top5,0,file_brain_AXFLAIR_201_6003003,3,1,21.48637977013221
AXFLAIR,patch,dpmm_p256_t20,dpmm,top5,0,file_brain_AXFLAIR_201_6003003,4,1,20.594151423527645
AXFLAIR,patch,dpmm_p256_t20,dpmm,top5,0,file_brain_AXFLAIR_201_6003003,5,1,19.02194096491887
AXFLAIR,patch,dpmm_p256_t20,dpmm,top5,0,file_brain_AXFLAIR_201_6003003,6,1,18.8363764836238
AXFLAIR,patch,dpmm_p256_t20,dpmm,top5,0,file_brain_AXFLAIR_201_6003003,7,1,19.26555457481971
AXFLAIR,patch,dpmm_p256_t20,dpmm,top5,0,file_brain_AXFLAIR_201_6003003,8,1,20.279879056490383
AXFLAIR,patch,dpmm_p256_t20,dpmm,top5,0,file_brain_AXFLAIR_201_6003003,9,1,19.076462965745193
AXFLAIR,patch,dpmm_p256_t20,dpmm,top5,0,file_brain_AXFLAIR_201_6003003,10,1,19.6470219538762
AXFLAIR,patch,dpmm_p256_t20,dpmm,top5,0,file_brain_AXFLAIR_201_6002972,0,1,27.31267371544471
AXFLAIR,patch,dpmm_p256_t20,dpmm,top5,0,file_brain_AXFLAIR_201_6002972,1,1,28.184351994441105
AXFLAIR,patch,dpmm_p256_t20,dpmm,top5,0,file_brain_AXFLAIR_201_6002972,2,1,28.28386981670673
AXFLAIR,patch,dpmm_p256_t20,dpmm,top5,0,file_brain_AXFLAIR_201_6002972,3,1,26.72688410832332
AXFLAIR,patch,dpmm_p256_t20,dpmm,top5,0,file_brain_AXFLAIR_201_6002972,4,1,25.345489501953125
AXFLAIR,patch,dpmm_p256_t20,dpmm,top5,0,file_brain_AXFLAIR_201_6002972,5,1,26.60906982421875
AXFLAIR,patch,dpmm_p256_t20,dpmm,top5,0,file_brain_AXFLAIR_201_6002972,6,1,25.840562086838943
AXFLAIR,patch,dpmm_p256_t20,dpmm,top5,0,file_brain_AXFLAIR_201_6002972,7,1,25.61102060171274
AXFLAIR,patch,dpmm_p256_t20,dpmm,top5,0,file_brain_AXFLAIR_201_6002972,8,1,26.785010704627403
AXFLAIR,patch,dpmm_p256_t20,dpmm,top5,0,file_brain_AXFLAIR_201_6002972,9,1,25.145094651442307
AXFLAIR,patch,dpmm_p256_t20,dpmm,top5,0,file_brain_AXFLAIR_201_6002972,10,1,25.3353999211238
AXFLAIR,patch,dpmm_p256_t20,dpmm,top5,0,file_brain_AXFLAIR_201_6002972,11,1,23.66656963641827
AXFLAIR,patch,dpmm_p256_t20,dpmm,top5,0,file_brain_AXFLAIR_201_6002972,12,1,25.724405141977165
AXFLAIR,patch,dpmm_p256_t20,dpmm,top5,0,file_brain_AXFLAIR_201_6002941,0,1,21.87647423377404
AXFLAIR,patch,dpmm_p256_t20,dpmm,top5,0,file_brain_AXFLAIR_201_6002941,1,1,21.822411170372597
AXFLAIR,patch,dpmm_p256_t20,dpmm,top5,0,file_brain_AXFLAIR_201_6002941,2,1,20.445880596454327
AXFLAIR,patch,dpmm_p256_t20,dpmm,top5,0,file_brain_AXFLAIR_201_6002941,3,1,20.40192119891827
AXFLAIR,patch,dpmm_p256_t20,dpmm,top5,0,file_brain_AXFLAIR_201_6002941,4,1,19.56551302396334
AXFLAIR,patch,dpmm_p256_t20,dpmm,top5,0,file_brain_AXFLAIR_201_6002941,5,1,18.615337665264423
AXFLAIR,patch,dpmm_p256_t20,dpmm,top5,0,file_brain_AXFLAIR_202_6000508,1,1,23.355271559495193
AXFLAIR,patch,dpmm_p256_t20,dpmm,top5,0,file_brain_AXFLAIR_202_6000508,2,1,23.905677208533653
AXFLAIR,patch,dpmm_p256_t20,dpmm,top5,0,file_brain_AXFLAIR_202_6000508,3,1,25.5531498835637
AXFLAIR,patch,dpmm_p256_t20,dpmm,top5,0,file_brain_AXFLAIR_202_6000508,4,1,24.92505587064303
AXFLAIR,patch,dpmm_p256_t20,dpmm,top5,0,file_brain_AXFLAIR_202_6000508,5,1,24.21484844501202
AXFLAIR,patch,dpmm_p256_t20,dpmm,top5,0,file_brain_AXFLAIR_202_6000508,6,1,25.691199669471153
AXFLAIR,patch,dpmm_p256_t20,dpmm,top5,0,file_brain_AXFLAIR_202_6000508,7,1,22.66124784029447
AXFLAIR,patch,dpmm_p256_t20,dpmm,top5,0,file_brain_AXFLAIR_202_6000508,8,1,22.092752309945915
AXFLAIR,patch,dpmm_p256_t20,dpmm,top5,0,file_brain_AXFLAIR_202_6000508,9,1,23.269444392277645
AXFLAIR,patch,dpmm_p256_t20,dpmm,top5,0,file_brain_AXFLAIR_202_6000508,10,1,23.06971858097957
AXFLAIR,patch,dpmm_p256_t20,dpmm,top5,0,file_brain_AXFLAIR_202_6000508,11,1,25.678236741286057
AXFLAIR,patch,dpmm_p256_t20,dpmm,top5,0,file_brain_AXFLAIR_202_6000508,12,1,24.89775907076322
AXFLAIR,patch,dpmm_p256_t20,dpmm,top5,0,file_brain_AXFLAIR_202_6000508,13,1,23.95487858698918
AXFLAIR,patch,dpmm_p256_t20,dpmm,top5,0,file_brain_AXFLAIR_200_6002641,3,1,20.20921912560096
AXFLAIR,patch,dpmm_p256_t20,dpmm,top5,0,file_brain_AXFLAIR_200_6002641,7,1,16.23427523099459
AXFLAIR,patch,dpmm_p256_t20,dpmm,top5,0,file_brain_AXFLAIR_200_6002641,8,1,15.83899395282452
AXFLAIR,patch,dpmm_p256_t20,dpmm,top5,0,file_brain_AXFLAIR_201_6003008,0,1,24.709921029897835
AXFLAIR,patch,dpmm_p256_t20,dpmm,top5,0,file_brain_AXFLAIR_201_6003008,1,1,25.370572603665867
AXFLAIR,patch,dpmm_p256_t20,dpmm,top5,0,file_brain_AXFLAIR_201_6003008,2,1,25.435509314903847
AXFLAIR,patch,dpmm_p256_t20,dpmm,top5,0,file_brain_AXFLAIR_201_6003008,3,1,24.26581749549279
AXFLAIR,patch,dpmm_p256_t20,dpmm,top5,0,file_brain_AXFLAIR_201_6003008,4,1,22.79487022986779
AXFLAIR,patch,dpmm_p256_t20,dpmm,top5,0,file_brain_AXFLAIR_201_6003008,5,1,23.46173565204327
AXFLAIR,patch,dpmm_p256_t20,dpmm,top5,0,file_brain_AXFLAIR_201_6003008,6,1,23.560887263371395
AXFLAIR,patch,dpmm_p256_t20,dpmm,top5,0,file_brain_AXFLAIR_201_6003008,7,1,23.802109938401443
AXFLAIR,patch,dpmm_p256_t20,dpmm,top5,0,file_brain_AXFLAIR_201_6003008,8,1,23.524916428786057
AXFLAIR,patch,dpmm_p256_t20,dpmm,top5,0,file_brain_AXFLAIR_201_6003008,9,1,21.39819805438702
AXFLAIR,patch,dpmm_p256_t20,dpmm,top5,0,file_brain_AXFLAIR_201_6003008,10,1,19.549667358398438
AXFLAIR,patch,dpmm_p256_t20,dpmm,top5,0,file_brain_AXFLAIR_201_6003008,11,1,19.923795259915867
AXFLAIR,patch,dpmm_p256_t20,dpmm,top5,0,file_brain_AXFLAIR_201_6003008,12,1,18.795538095327522
AXFLAIR,patch,dpmm_p256_t20,dpmm,top5,0,file_brain_AXFLAIR_201_6003008,13,1,19.088714599609375
AXFLAIR,patch,dpmm_p256_t20,dpmm,top5,0,file_brain_AXFLAIR_201_6002914,0,1,25.140237661508415
AXFLAIR,patch,dpmm_p256_t20,dpmm,top5,0,file_brain_AXFLAIR_201_6002914,1,1,25.845839280348557
AXFLAIR,patch,dpmm_p256_t20,dpmm,top5,0,file_brain_AXFLAIR_201_6002914,2,1,24.916834904597355
AXFLAIR,patch,dpmm_p256_t20,dpmm,top5,0,file_brain_AXFLAIR_201_6002914,3,1,20.71453857421875
AXFLAIR,patch,dpmm_p256_t20,dpmm,top5,0,file_brain_AXFLAIR_201_6002914,6,1,17.459878774789665
AXFLAIR,patch,dpmm_p256_t20,dpmm,top5,0,file_brain_AXFLAIR_202_6000421,0,1,26.83192561222957
AXFLAIR,patch,dpmm_p256_t20,dpmm,top5,0,file_brain_AXFLAIR_202_6000421,1,1,26.634615384615383
AXFLAIR,patch,dpmm_p256_t20,dpmm,top5,0,file_brain_AXFLAIR_202_6000421,2,1,24.793715256911057
AXFLAIR,patch,dpmm_p256_t20,dpmm,top5,0,file_brain_AXFLAIR_202_6000421,3,1,25.71453387920673
AXFLAIR,patch,dpmm_p256_t20,dpmm,top5,0,file_brain_AXFLAIR_202_6000421,4,1,23.73157207782452
AXFLAIR,patch,dpmm_p256_t20,dpmm,top5,0,file_brain_AXFLAIR_202_6000421,5,1,24.74754685621995
AXFLAIR,patch,dpmm_p256_t20,dpmm,top5,0,file_brain_AXFLAIR_202_6000421,6,1,25.38660606971154
AXFLAIR,patch,dpmm_p256_t20,dpmm,top5,0,file_brain_AXFLAIR_202_6000421,7,1,25.605567345252403
AXFLAIR,patch,dpmm_p256_t20,dpmm,top5,0,file_brain_AXFLAIR_202_6000421,8,1,27.286337045522835
AXFLAIR,patch,dpmm_p256_t20,dpmm,top5,0,file_brain_AXFLAIR_202_6000421,9,1,28.260582557091347
AXFLAIR,patch,dpmm_p256_t20,dpmm,top5,0,file_brain_AXFLAIR_202_6000421,10,1,27.68140352689303
AXFLAIR,patch,dpmm_p256_t20,dpmm,top5,0,file_brain_AXFLAIR_202_6000421,11,1,25.72979501577524
AXFLAIR,patch,dpmm_p256_t20,dpmm,top5,0,file_brain_AXFLAIR_202_6000421,12,1,26.62439669095553
AXFLAIR,patch,dpmm_p256_t20,dpmm,top5,0,file_brain_AXFLAIR_202_6000421,13,1,27.06646728515625
AXFLAIR,patch,dpmm_p256_t20,dpmm,top5,0,file_brain_AXFLAIR_202_6000421,14,1,26.237816443810097
AXFLAIR,patch,dpmm_p256_t20,dpmm,top5,0,file_brain_AXFLAIR_201_6002960,0,1,25.104766845703125
AXFLAIR,patch,dpmm_p256_t20,dpmm,top5,0,file_brain_AXFLAIR_201_6002960,1,1,22.775165264423077
AXFLAIR,patch,dpmm_p256_t20,dpmm,top5,0,file_brain_AXFLAIR_201_6002960,2,1,24.10517061673678
AXFLAIR,patch,dpmm_p256_t20,dpmm,top5,0,file_brain_AXFLAIR_201_6002960,3,1,24.794593224158653
AXFLAIR,patch,dpmm_p256_t20,dpmm,top5,0,file_brain_AXFLAIR_201_6002960,4,1,23.11164269080529
AXFLAIR,patch,dpmm_p256_t20,dpmm,top5,0,file_brain_AXFLAIR_201_6002960,5,1,20.543180025540867
AXFLAIR,patch,dpmm_p256_t20,dpmm,top5,0,file_brain_AXFLAIR_201_6002960,6,1,20.324300912710335
AXFLAIR,patch,dpmm_p256_t20,dpmm,top5,0,file_brain_AXFLAIR_201_6002960,7,1,21.129408616286057
AXFLAIR,patch,dpmm_p256_t20,dpmm,top5,0,file_brain_AXFLAIR_201_6002960,8,1,20.328688401442307
AXFLAIR,patch,dpmm_p256_t20,dpmm,top5,0,file_brain_AXFLAIR_201_6002960,9,1,20.622645451472355
AXFLAIR,patch,dpmm_p256_t20,dpmm,top5,0,file_brain_AXFLAIR_203_6000875,0,1,26.206625131460335
AXFLAIR,patch,dpmm_p256_t20,dpmm,top5,0,file_brain_AXFLAIR_203_6000875,1,1,27.47997577373798
AXFLAIR,patch,dpmm_p256_t20,dpmm,top5,0,file_brain_AXFLAIR_203_6000875,2,1,28.01722130408654
AXFLAIR,patch,dpmm_p256_t20,dpmm,top5,0,file_brain_AXFLAIR_203_6000875,3,1,24.115755521334133
AXFLAIR,patch,dpmm_p256_t20,dpmm,top5,0,file_brain_AXFLAIR_203_6000875,4,1,23.323753943810097
AXFLAIR,patch,dpmm_p256_t20,dpmm,top5,0,file_brain_AXFLAIR_203_6000875,5,1,22.87249051607572
AXFLAIR,patch,dpmm_p256_t20,dpmm,top5,0,file_brain_AXFLAIR_203_6000875,6,1,22.93750939002404
AXFLAIR,patch,dpmm_p256_t20,dpmm,top5,0,file_brain_AXFLAIR_203_6000875,7,1,22.66656494140625
AXFLAIR,patch,dpmm_p256_t20,dpmm,top5,0,file_brain_AXFLAIR_203_6000875,8,1,24.522869403545673
AXFLAIR,patch,dpmm_p256_t20,dpmm,top5,0,file_brain_AXFLAIR_203_6000875,9,1,25.446256197415867
AXFLAIR,patch,dpmm_p256_t20,dpmm,top5,0,file_brain_AXFLAIR_203_6000875,10,1,26.32716017503005
AXFLAIR,patch,dpmm_p256_t20,dpmm,top5,0,file_brain_AXFLAIR_203_6000875,11,1,25.279874361478367
AXFLAIR,patch,dpmm_p256_t20,dpmm,top5,0,file_brain_AXFLAIR_203_6000875,12,1,25.565842848557693
AXFLAIR,patch,dpmm_p256_t20,dpmm,top5,0,file_brain_AXFLAIR_203_6000875,13,1,26.38758967472957
AXFLAIR,patch,dpmm_p256_t20,dpmm,top5,0,file_brain_AXFLAIR_203_6000875,14,1,27.360450157752403
AXFLAIR,patch,dpmm_p256_t20,dpmm,top5,0,file_brain_AXFLAIR_203_6000875,15,1,28.08947284405048
AXFLAIR,patch,dpmm_p256_t20,dpmm,top5,0,file_brain_AXFLAIR_210_6001953,10,1,19.100772564227764
AXFLAIR,patch,dpmm_p256_t20,dpmm,top5,0,file_brain_AXFLAIR_201_6003018,0,1,27.882711557241585
AXFLAIR,patch,dpmm_p256_t20,dpmm,top5,0,file_brain_AXFLAIR_201_6003018,1,1,26.91814716045673
AXFLAIR,patch,dpmm_p256_t20,dpmm,top5,0,file_brain_AXFLAIR_201_6003018,2,1,24.85875995342548
AXFLAIR,patch,dpmm_p256_t20,dpmm,top5,0,file_brain_AXFLAIR_201_6003018,3,1,24.404261662409855
AXFLAIR,patch,dpmm_p256_t20,dpmm,top5,0,file_brain_AXFLAIR_201_6003018,4,1,25.046410193810097
AXFLAIR,patch,dpmm_p256_t20,dpmm,top5,0,file_brain_AXFLAIR_201_6003018,5,1,23.753502478966347
AXFLAIR,patch,dpmm_p256_t20,dpmm,top5,0,file_brain_AXFLAIR_201_6003018,6,1,23.15491661658654
AXFLAIR,patch,dpmm_p256_t20,dpmm,top5,0,file_brain_AXFLAIR_201_6003018,7,1,23.41029475285457
AXFLAIR,patch,dpmm_p256_t20,dpmm,top5,0,file_brain_AXFLAIR_201_6003018,8,1,19.64710411658654
AXFLAIR,patch,dpmm_p256_t20,dpmm,top5,0,file_brain_AXFLAIR_200_6002595,2,1,21.641099196213943
AXFLAIR,patch,dpmm_p256_t20,dpmm,top5,0,file_brain_AXFLAIR_200_6002595,3,1,19.918837327223557
AXFLAIR,patch,dpmm_p256_t20,dpmm,top5,0,file_brain_AXFLAIR_200_6002595,4,1,19.372037447415867
AXFLAIR,patch,dpmm_p256_t20,dpmm,top5,0,file_brain_AXFLAIR_200_6002595,5,1,18.352594228891228
AXFLAIR,patch,dpmm_p256_t20,dpmm,top5,0,file_brain_AXFLAIR_203_6000898,1,1,23.65155968299279
AXFLAIR,patch,dpmm_p256_t20,dpmm,top5,0,file_brain_AXFLAIR_203_6000898,2,1,24.27618642953726
AXFLAIR,patch,dpmm_p256_t20,dpmm,top5,0,file_brain_AXFLAIR_203_6000898,3,1,22.700953556941105
AXFLAIR,patch,dpmm_p256_t20,dpmm,top5,0,file_brain_AXFLAIR_203_6000898,5,1,23.832733154296875
AXFLAIR,patch,dpmm_p256_t20,dpmm,top5,0,file_brain_AXFLAIR_203_6000912,7,1,18.581375122070312
AXFLAIR,patch,dpmm_p256_t20,dpmm,top5,0,file_brain_AXFLAIR_203_6000912,8,1,18.801376342773438
AXFLAIR,patch,dpmm_p256_t20,dpmm,top5,0,file_brain_AXFLAIR_203_6000912,9,1,19.683255709134617
AXFLAIR,patch,dpmm_p256_t20,dpmm,top5,0,file_brain_AXFLAIR_202_6000511,0,1,23.49857975886418
AXFLAIR,patch,dpmm_p256_t20,dpmm,top5,0,file_brain_AXFLAIR_202_6000511,1,1,21.64843045748197
AXFLAIR,patch,dpmm_p256_t20,dpmm,top5,0,file_brain_AXFLAIR_202_6000557,0,1,26.281829833984375
AXFLAIR,patch,dpmm_p256_t20,dpmm,top5,0,file_brain_AXFLAIR_202_6000557,1,1,24.874849759615383
AXFLAIR,patch,dpmm_p256_t20,dpmm,top5,0,file_brain_AXFLAIR_202_6000557,2,1,24.93317589393029
AXFLAIR,patch,dpmm_p256_t20,dpmm,top5,0,file_brain_AXFLAIR_202_6000557,3,1,23.47242854191707
AXFLAIR,patch,dpmm_p256_t20,dpmm,top5,0,file_brain_AXFLAIR_202_6000557,4,1,22.596705510066105
AXFLAIR,patch,dpmm_p256_t20,dpmm,top5,0,file_brain_AXFLAIR_202_6000557,5,1,20.13269747220553
AXFLAIR,patch,dpmm_p256_t20,dpmm,top5,0,file_brain_AXFLAIR_210_6001901,0,1,27.38286884014423
AXFLAIR,patch,dpmm_p256_t20,dpmm,top5,0,file_brain_AXFLAIR_210_6001901,1,1,24.768385667067307
AXFLAIR,patch,dpmm_p256_t20,dpmm,top5,0,file_brain_AXFLAIR_210_6001901,2,1,25.478055513822117
AXFLAIR,patch,dpmm_p256_t20,dpmm,top5,0,file_brain_AXFLAIR_200_6002543,0,1,23.36493858924279
AXFLAIR,patch,dpmm_p256_t20,dpmm,top5,0,file_brain_AXFLAIR_200_6002543,1,1,21.76373760516827
AXFLAIR,patch,dpmm_p256_t20,dpmm,top5,0,file_brain_AXFLAIR_201_6002878,0,1,27.26592548076923
AXFLAIR,patch,dpmm_p256_t20,dpmm,top5,0,file_brain_AXFLAIR_201_6002878,1,1,26.779144287109375
AXFLAIR,patch,dpmm_p256_t20,dpmm,top5,0,file_brain_AXFLAIR_201_6002878,2,1,25.53388390174279
AXFLAIR,patch,dpmm_p256_t20,dpmm,top5,0,file_brain_AXFLAIR_201_6002878,3,1,25.779944786658653
AXFLAIR,patch,dpmm_p256_t20,dpmm,top5,0,file_brain_AXFLAIR_201_6002878,4,1,24.084683931790867
AXFLAIR,patch,dpmm_p256_t20,dpmm,top5,0,file_brain_AXFLAIR_201_6002878,5,1,22.14954082782452
AXFLAIR,patch,dpmm_p256_t20,dpmm,top5,0,file_brain_AXFLAIR_201_6002878,6,1,19.76262723482572
AXFLAIR,patch,dpmm_p256_t20,dpmm,top5,0,file_brain_AXFLAIR_201_6002878,7,1,19.25624788724459
AXFLAIR,patch,dpmm_p256_t20,dpmm,top5,0,file_brain_AXFLAIR_201_6002878,8,1,19.28423602764423
AXFLAIR,patch,dpmm_p256_t20,dpmm,top5,0,file_brain_AXFLAIR_201_6002878,9,1,21.638465294471153
AXFLAIR,patch,dpmm_p256_t20,dpmm,top5,0,file_brain_AXFLAIR_201_6002878,10,1,19.08277540940505
AXFLAIR,patch,dpmm_p256_t20,dpmm,top5,0,file_brain_AXFLAIR_201_6002878,11,1,18.99240933931791
AXFLAIR,patch,dpmm_p256_t20,dpmm,top5,0,file_brain_AXFLAIR_201_6002878,12,1,24.020594670222355
AXFLAIR,patch,dpmm_p256_t20,dpmm,top5,0,file_brain_AXFLAIR_201_6002878,13,1,25.698107038225448
AXFLAIR,patch,dpmm_p256_t50,dpmm,top5,0,file_brain_AXFLAIR_210_6001917,4,0,20.478895920973557
AXFLAIR,patch,dpmm_p256_t50,dpmm,top5,0,file_brain_AXFLAIR_202_6000543,11,0,19.57166466346154
AXFLAIR,patch,dpmm_p256_t50,dpmm,top5,0,file_brain_AXFLAIR_210_6001499,4,0,21.031766451322117
AXFLAIR,patch,dpmm_p256_t50,dpmm,top5,0,file_brain_AXFLAIR_201_6002993,7,0,16.91510714017428
AXFLAIR,patch,dpmm_p256_t50,dpmm,top5,0,file_brain_AXFLAIR_202_6000543,5,0,21.732637845552883
AXFLAIR,patch,dpmm_p256_t50,dpmm,top5,0,file_brain_AXFLAIR_202_6000539,7,0,21.56530292217548
AXFLAIR,patch,dpmm_p256_t50,dpmm,top5,0,file_brain_AXFLAIR_202_6000483,5,0,23.037574181189903
AXFLAIR,patch,dpmm_p256_t50,dpmm,top5,0,file_brain_AXFLAIR_200_6002442,6,0,21.44280066856971
AXFLAIR,patch,dpmm_p256_t50,dpmm,top5,0,file_brain_AXFLAIR_202_6000483,6,0,20.41723163311298
AXFLAIR,patch,dpmm_p256_t50,dpmm,top5,0,file_brain_AXFLAIR_200_6002442,12,0,18.524053720327522
AXFLAIR,patch,dpmm_p256_t50,dpmm,top5,0,file_brain_AXFLAIR_202_6000531,10,0,18.306438739483173
AXFLAIR,patch,dpmm_p256_t50,dpmm,top5,0,file_brain_AXFLAIR_203_6000942,10,0,18.478645911583534
AXFLAIR,patch,dpmm_p256_t50,dpmm,top5,0,file_brain_AXFLAIR_203_6000912,4,0,18.414076585036057
AXFLAIR,patch,dpmm_p256_t50,dpmm,top5,0,file_brain_AXFLAIR_201_6002914,7,0,23.248687744140625
AXFLAIR,patch,dpmm_p256_t50,dpmm,top5,0,file_brain_AXFLAIR_200_6002543,4,0,20.905606783353367
AXFLAIR,patch,dpmm_p256_t50,dpmm,top5,0,file_brain_AXFLAIR_210_6001513,5,0,20.238431490384617
AXFLAIR,patch,dpmm_p256_t50,dpmm,top5,0,file_brain_AXFLAIR_209_6001397,12,0,19.836576021634617
AXFLAIR,patch,dpmm_p256_t50,dpmm,top5,0,file_brain_AXFLAIR_200_6002641,11,0,17.722616342397835
AXFLAIR,patch,dpmm_p256_t50,dpmm,top5,0,file_brain_AXFLAIR_203_6000942,11,0,17.973790095402645
AXFLAIR,patch,dpmm_p256_t50,dpmm,top5,0,file_brain_AXFLAIR_201_6002993,5,0,18.732549814077522
AXFLAIR,patch,dpmm_p256_t50,dpmm,top5,0,file_brain_AXFLAIR_200_6002595,7,0,19.65638967660757
AXFLAIR,patch,dpmm_p256_t50,dpmm,top5,0,file_brain_AXFLAIR_202_6000511,11,0,18.88311298076923
AXFLAIR,patch,dpmm_p256_t50,dpmm,top5,0,file_brain_AXFLAIR_201_6002914,10,0,23.30565701998197
AXFLAIR,patch,dpmm_p256_t50,dpmm,top5,0,file_brain_AXFLAIR_203_6000912,11,0,21.43352332481971
AXFLAIR,patch,dpmm_p256_t50,dpmm,top5,0,file_brain_AXFLAIR_210_6001953,6,0,19.407329852764423
AXFLAIR,patch,dpmm_p256_t50,dpmm,top5,0,file_brain_AXFLAIR_210_6001917,6,0,22.951268122746395
AXFLAIR,patch,dpmm_p256_t50,dpmm,top5,0,file_brain_AXFLAIR_200_6002442,9,0,18.013143686147835
AXFLAIR,patch,dpmm_p256_t50,dpmm,top5,0,file_brain_AXFLAIR_210_6001953,9,0,18.577477088341347
AXFLAIR,patch,dpmm_p256_t50,dpmm,top5,0,file_brain_AXFLAIR_200_6002442,5,0,19.028133685772236
AXFLAIR,patch,dpmm_p256_t50,dpmm,top5,0,file_brain_AXFLAIR_200_6002442,10,0,21.52672870342548
AXFLAIR,patch,dpmm_p256_t50,dpmm,top5,0,file_brain_AXFLAIR_202_6000531,9,0,24.59607168344351
AXFLAIR,patch,dpmm_p256_t50,dpmm,top5,0,file_brain_AXFLAIR_201_6002914,8,0,16.643429095928486
AXFLAIR,patch,dpmm_p256_t50,dpmm,top5,0,file_brain_AXFLAIR_202_6000474,6,0,19.33859605055589
AXFLAIR,patch,dpmm_p256_t50,dpmm,top5,0,file_brain_AXFLAIR_201_6002941,9,0,20.31513390174279
AXFLAIR,patch,dpmm_p256_t50,dpmm,top5,0,file_brain_AXFLAIR_210_6001499,11,0,20.056382399338943
AXFLAIR,patch,dpmm_p256_t50,dpmm,top5,0,file_brain_AXFLAIR_202_6000539,5,0,19.82458965594952
AXFLAIR,patch,dpmm_p256_t50,dpmm,top5,0,file_brain_AXFLAIR_202_6000474,5,0,19.04656747671274
AXFLAIR,patch,dpmm_p256_t50,dpmm,top5,0,file_brain_AXFLAIR_209_6001377,10,0,23.19817176231971
AXFLAIR,patch,dpmm_p256_t50,dpmm,top5,0,file_brain_AXFLAIR_200_6002595,9,0,18.48060725285457
AXFLAIR,patch,dpmm_p256_t50,dpmm,top5,0,file_brain_AXFLAIR_201_6002993,11,0,17.03648728590745
AXFLAIR,patch,dpmm_p256_t50,dpmm,top5,0,file_brain_AXFLAIR_202_6000557,9,0,17.96252676156851
AXFLAIR,patch,dpmm_p256_t50,dpmm,top5,0,file_brain_AXFLAIR_210_6001513,4,0,19.45928720327524
AXFLAIR,patch,dpmm_p256_t50,dpmm,top5,0,file_brain_AXFLAIR_201_6002941,8,0,19.178424541766827
AXFLAIR,patch,dpmm_p256_t50,dpmm,top5,0,file_brain_AXFLAIR_203_6000912,6,0,18.228971041165867
AXFLAIR,patch,dpmm_p256_t50,dpmm,top5,0,file_brain_AXFLAIR_201_6002914,12,0,17.95655470628005
AXFLAIR,patch,dpmm_p256_t50,dpmm,top5,0,file_brain_AXFLAIR_209_6001377,11,0,19.08909372182993
AXFLAIR,patch,dpmm_p256_t50,dpmm,top5,0,file_brain_AXFLAIR_210_6001499,5,0,17.47307645357572
AXFLAIR,patch,dpmm_p256_t50,dpmm,top5,0,file_brain_AXFLAIR_202_6000557,6,0,22.78240966796875
AXFLAIR,patch,dpmm_p256_t50,dpmm,top5,0,file_brain_AXFLAIR_202_6000557,10,0,18.282833392803486
AXFLAIR,patch,dpmm_p256_t50,dpmm,top5,0,file_brain_AXFLAIR_202_6000543,4,0,19.999532846304085
AXFLAIR,patch,dpmm_p256_t50,dpmm,top5,0,file_brain_AXFLAIR_202_6000531,7,0,20.92090078500601
AXFLAIR,patch,dpmm_p256_t50,dpmm,top5,0,file_brain_AXFLAIR_200_6002595,10,0,23.474229079026443
AXFLAIR,patch,dpmm_p256_t50,dpmm,top5,0,file_brain_AXFLAIR_201_6002914,5,0,19.96131075345553
AXFLAIR,patch,dpmm_p256_t50,dpmm,top5,0,file_brain_AXFLAIR_202_6000531,4,0,20.085472693810097
AXFLAIR,patch,dpmm_p256_t50,dpmm,top5,0,file_brain_AXFLAIR_210_6001513,6,0,18.580220149113583
AXFLAIR,patch,dpmm_p256_t50,dpmm,top5,0,file_brain_AXFLAIR_200_6002442,11,0,19.849524864783653
AXFLAIR,patch,dpmm_p256_t50,dpmm,top5,0,file_brain_AXFLAIR_209_6001377,8,0,18.325992290790264
AXFLAIR,patch,dpmm_p256_t50,dpmm,top5,0,file_brain_AXFLAIR_202_6000483,7,0,19.06061025766226
AXFLAIR,patch,dpmm_p256_t50,dpmm,top5,0,file_brain_AXFLAIR_202_6000543,9,0,18.20529057429387
AXFLAIR,patch,dpmm_p256_t50,dpmm,top5,0,file_brain_AXFLAIR_203_6000898,10,0,19.57933631310096
AXFLAIR,patch,dpmm_p256_t50,dpmm,top5,0,file_brain_AXFLAIR_203_6000912,12,0,19.479947603665867
AXFLAIR,patch,dpmm_p256_t50,dpmm,top5,0,file_brain_AXFLAIR_202_6000511,7,0,17.098281860351562
AXFLAIR,patch,dpmm_p256_t50,dpmm,top5,0,file_brain_AXFLAIR_201_6003024,5,0,21.83484121469351
AXFLAIR,patch,dpmm_p256_t50,dpmm,top5,0,file_brain_AXFLAIR_201_6003018,12,0,22.7411381648137
AXFLAIR,patch,dpmm_p256_t50,dpmm,top5,0,file_brain_AXFLAIR_210_6001901,7,0,19.533544687124397
AXFLAIR,patch,dpmm_p256_t50,dpmm,top5,0,file_brain_AXFLAIR_203_6000898,12,0,19.239998450646034
AXFLAIR,patch,dpmm_p256_t50,dpmm,top5,0,file_brain_AXFLAIR_202_6000483,11,0,16.93226740910457
AXFLAIR,patch,dpmm_p256_t50,dpmm,top5,0,file_brain_AXFLAIR_210_6001917,10,0,17.94466810960036
AXFLAIR,patch,dpmm_p256_t50,dpmm,top5,0,file_brain_AXFLAIR_201_6002914,11,0,16.99198796198918
AXFLAIR,patch,dpmm_p256_t50,dpmm,top5,0,file_brain_AXFLAIR_202_6000483,8,0,17.73535391000601
AXFLAIR,patch,dpmm_p256_t50,dpmm,top5,0,file_brain_AXFLAIR_201_6002941,11,0,17.39149592472957
AXFLAIR,patch,dpmm_p256_t50,dpmm,top5,0,file_brain_AXFLAIR_210_6001917,11,0,19.16825749323918
AXFLAIR,patch,dpmm_p256_t50,dpmm,top5,0,file_brain_AXFLAIR_201_6002993,10,0,18.45001220703125
AXFLAIR,patch,dpmm_p256_t50,dpmm,top5,0,file_brain_AXFLAIR_202_6000539,9,0,17.011215209960938
AXFLAIR,patch,dpmm_p256_t50,dpmm,top5,0,file_brain_AXFLAIR_203_6000942,7,0,21.1309086726262
AXFLAIR,patch,dpmm_p256_t50,dpmm,top5,0,file_brain_AXFLAIR_209_6001377,12,0,25.829385610727165
AXFLAIR,patch,dpmm_p256_t50,dpmm,top5,0,file_brain_AXFLAIR_201_6003024,10,0,17.619871873121994
AXFLAIR,patch,dpmm_p256_t50,dpmm,top5,0,file_brain_AXFLAIR_200_6002543,8,0,20.09319364107572
AXFLAIR,patch,dpmm_p256_t50,dpmm,top5,0,file_brain_AXFLAIR_202_6000531,6,0,19.379452045147236
AXFLAIR,patch,dpmm_p256_t50,dpmm,top5,0,file_brain_AXFLAIR_201_6003003,0,1,21.46898475060096
AXFLAIR,patch,dpmm_p256_t50,dpmm,top5,0,file_brain_AXFLAIR_201_6003003,1,1,21.54023860051082
AXFLAIR,patch,dpmm_p256_t50,dpmm,top5,0,file_brain_AXFLAIR_201_6003003,2,1,20.359105036808895
AXFLAIR,patch,dpmm_p256_t50,dpmm,top5,0,file_brain_AXFLAIR_201_6003003,3,1,21.4862060546875
AXFLAIR,patch,dpmm_p256_t50,dpmm,top5,0,file_brain_AXFLAIR_201_6003003,4,1,20.59398709810697
AXFLAIR,patch,dpmm_p256_t50,dpmm,top5,0,file_brain_AXFLAIR_201_6003003,5,1,19.021790724534256
AXFLAIR,patch,dpmm_p256_t50,dpmm,top5,0,file_brain_AXFLAIR_201_6003003,6,1,18.836228590745193
AXFLAIR,patch,dpmm_p256_t50,dpmm,top5,0,file_brain_AXFLAIR_201_6003003,7,1,19.265401986929085
AXFLAIR,patch,dpmm_p256_t50,dpmm,top5,0,file_brain_AXFLAIR_201_6003003,8,1,20.27971707857572
AXFLAIR,patch,dpmm_p256_t50,dpmm,top5,0,file_brain_AXFLAIR_201_6003003,9,1,19.076312725360577
AXFLAIR,patch,dpmm_p256_t50,dpmm,top5,0,file_brain_AXFLAIR_201_6003003,10,1,19.64686701847957
AXFLAIR,patch,dpmm_p256_t50,dpmm,top5,0,file_brain_AXFLAIR_201_6002972,0,1,27.31244835486779
AXFLAIR,patch,dpmm_p256_t50,dpmm,top5,0,file_brain_AXFLAIR_201_6002972,1,1,28.184117243840145
AXFLAIR,patch,dpmm_p256_t50,dpmm,top5,0,file_brain_AXFLAIR_201_6002972,2,1,28.28363506610577
AXFLAIR,patch,dpmm_p256_t50,dpmm,top5,0,file_brain_AXFLAIR_201_6002972,3,1,26.726661095252403
AXFLAIR,patch,dpmm_p256_t50,dpmm,top5,0,file_brain_AXFLAIR_201_6002972,4,1,25.34527822641226
AXFLAIR,patch,dpmm_p256_t50,dpmm,top5,0,file_brain_AXFLAIR_201_6002972,5,1,26.608849158653847
AXFLAIR,patch,dpmm_p256_t50,dpmm,top5,0,file_brain_AXFLAIR_201_6002972,6,1,25.84034846379207
AXFLAIR,patch,dpmm_p256_t50,dpmm,top5,0,file_brain_AXFLAIR_201_6002972,7,1,25.610811673677883
AXFLAIR,patch,dpmm_p256_t50,dpmm,top5,0,file_brain_AXFLAIR_201_6002972,8,1,26.7847900390625
AXFLAIR,patch,dpmm_p256_t50,dpmm,top5,0,file_brain_AXFLAIR_201_6002972,9,1,25.14489041841947
AXFLAIR,patch,dpmm_p256_t50,dpmm,top5,0,file_brain_AXFLAIR_201_6002972,10,1,25.335190993088943
AXFLAIR,patch,dpmm_p256_t50,dpmm,top5,0,file_brain_AXFLAIR_201_6002972,11,1,23.66637714092548
AXFLAIR,patch,dpmm_p256_t50,dpmm,top5,0,file_brain_AXFLAIR_201_6002972,12,1,25.72419151893029
AXFLAIR,patch,dpmm_p256_t50,dpmm,top5,0,file_brain_AXFLAIR_201_6002941,0,1,21.876300518329327
AXFLAIR,patch,dpmm_p256_t50,dpmm,top5,0,file_brain_AXFLAIR_201_6002941,1,1,21.822237454927883
AXFLAIR,patch,dpmm_p256_t50,dpmm,top5,0,file_brain_AXFLAIR_201_6002941,2,1,20.445718618539665
AXFLAIR,patch,dpmm_p256_t50,dpmm,top5,0,file_brain_AXFLAIR_201_6002941,3,1,20.401756873497597
AXFLAIR,patch,dpmm_p256_t50,dpmm,top5,0,file_brain_AXFLAIR_201_6002941,4,1,19.565358088566708
AXFLAIR,patch,dpmm_p256_t50,dpmm,top5,0,file_brain_AXFLAIR_201_6002941,5,1,18.61519094613882
AXFLAIR,patch,dpmm_p256_t50,dpmm,top5,0,file_brain_AXFLAIR_202_6000508,1,1,23.355079064002403
AXFLAIR,patch,dpmm_p256_t50,dpmm,top5,0,file_brain_AXFLAIR_202_6000508,2,1,23.905482365534855
AXFLAIR,patch,dpmm_p256_t50,dpmm,top5,0,file_brain_AXFLAIR_202_6000508,3,1,25.552940955528847
AXFLAIR,patch,dpmm_p256_t50,dpmm,top5,0,file_brain_AXFLAIR_202_6000508,4,1,24.924851637620193
AXFLAIR,patch,dpmm_p256_t50,dpmm,top5,0,file_brain_AXFLAIR_202_6000508,5,1,24.214646559495193
AXFLAIR,patch,dpmm_p256_t50,dpmm,top5,0,file_brain_AXFLAIR_202_6000508,6,1,25.69098604642428
AXFLAIR,patch,dpmm_p256_t50,dpmm,top5,0,file_brain_AXFLAIR_202_6000508,7,1,22.66106238731971
AXFLAIR,patch,dpmm_p256_t50,dpmm,top5,0,file_brain_AXFLAIR_202_6000508,8,1,22.092571551983173
AXFLAIR,patch,dpmm_p256_t50,dpmm,top5,0,file_brain_AXFLAIR_202_6000508,9,1,23.269254244290867
AXFLAIR,patch,dpmm_p256_t50,dpmm,top5,0,file_brain_AXFLAIR_202_6000508,10,1,23.0695307804988
AXFLAIR,patch,dpmm_p256_t50,dpmm,top5,0,file_brain_AXFLAIR_202_6000508,11,1,25.678025465745193
AXFLAIR,patch,dpmm_p256_t50,dpmm,top5,0,file_brain_AXFLAIR_202_6000508,12,1,24.897552490234375
AXFLAIR,patch,dpmm_p256_t50,dpmm,top5,0,file_brain_AXFLAIR_202_6000508,13,1,23.954681396484375
AXFLAIR,patch,dpmm_p256_t50,dpmm,top5,0,file_brain_AXFLAIR_200_6002641,3,1,20.20905480018029
AXFLAIR,patch,dpmm_p256_t50,dpmm,top5,0,file_brain_AXFLAIR_200_6002641,7,1,16.234156681941105
AXFLAIR,patch,dpmm_p256_t50,dpmm,top5,0,file_brain_AXFLAIR_200_6002641,8,1,15.838887141301083
AXFLAIR,patch,dpmm_p256_t50,dpmm,top5,0,file_brain_AXFLAIR_201_6003008,0,1,24.70971914438101
AXFLAIR,patch,dpmm_p256_t50,dpmm,top5,0,file_brain_AXFLAIR_201_6003008,1,1,25.37036367563101
AXFLAIR,patch,dpmm_p256_t50,dpmm,top5,0,file_brain_AXFLAIR_201_6003008,2,1,25.43529803936298
AXFLAIR,patch,dpmm_p256_t50,dpmm,top5,0,file_brain_AXFLAIR_201_6003008,3,1,24.26561795748197
AXFLAIR,patch,dpmm_p256_t50,dpmm,top5,0,file_brain_AXFLAIR_201_6003008,4,1,22.79468712439904
AXFLAIR,patch,dpmm_p256_t50,dpmm,top5,0,file_brain_AXFLAIR_201_6003008,5,1,23.46154315655048
AXFLAIR,patch,dpmm_p256_t50,dpmm,top5,0,file_brain_AXFLAIR_201_6003008,6,1,23.560694767878605
AXFLAIR,patch,dpmm_p256_t50,dpmm,top5,0,file_brain_AXFLAIR_201_6003008,7,1,23.801917442908653
AXFLAIR,patch,dpmm_p256_t50,dpmm,top5,0,file_brain_AXFLAIR_201_6003008,8,1,23.52472628079928
AXFLAIR,patch,dpmm_p256_t50,dpmm,top5,0,file_brain_AXFLAIR_201_6003008,9,1,21.39802668644832
AXFLAIR,patch,dpmm_p256_t50,dpmm,top5,0,file_brain_AXFLAIR_201_6003008,10,1,19.549513596754807
AXFLAIR,patch,dpmm_p256_t50,dpmm,top5,0,file_brain_AXFLAIR_201_6003008,11,1,19.92364032451923
AXFLAIR,patch,dpmm_p256_t50,dpmm,top5,0,file_brain_AXFLAIR_201_6003008,12,1,18.795391376201923
AXFLAIR,patch,dpmm_p256_t50,dpmm,top5,0,file_brain_AXFLAIR_201_6003008,13,1,19.08856670673077
AXFLAIR,patch,dpmm_p256_t50,dpmm,top5,0,file_brain_AXFLAIR_201_6002914,0,1,25.14003108097957
AXFLAIR,patch,dpmm_p256_t50,dpmm,top5,0,file_brain_AXFLAIR_201_6002914,1,1,25.845628004807693
AXFLAIR,patch,dpmm_p256_t50,dpmm,top5,0,file_brain_AXFLAIR_201_6002914,2,1,24.91663067157452
AXFLAIR,patch,dpmm_p256_t50,dpmm,top5,0,file_brain_AXFLAIR_201_6002914,3,1,20.71436720628005
AXFLAIR,patch,dpmm_p256_t50,dpmm,top5,0,file_brain_AXFLAIR_201_6002914,6,1,17.459742619441105
AXFLAIR,patch,dpmm_p256_t50,dpmm,top5,0,file_brain_AXFLAIR_202_6000421,0,1,26.831707294170673
AXFLAIR,patch,dpmm_p256_t50,dpmm,top5,0,file_brain_AXFLAIR_202_6000421,1,1,26.63439471905048
AXFLAIR,patch,dpmm_p256_t50,dpmm,top5,0,file_brain_AXFLAIR_202_6000421,2,1,24.79351337139423
AXFLAIR,patch,dpmm_p256_t50,dpmm,top5,0,file_brain_AXFLAIR_202_6000421,3,1,25.714327298677883
AXFLAIR,patch,dpmm_p256_t50,dpmm,top5,0,file_brain_AXFLAIR_202_6000421,4,1,23.73138192983774
AXFLAIR,patch,dpmm_p256_t50,dpmm,top5,0,file_brain_AXFLAIR_202_6000421,5,1,24.747342623197117
AXFLAIR,patch,dpmm_p256_t50,dpmm,top5,0,file_brain_AXFLAIR_202_6000421,6,1,25.38639714167668
AXFLAIR,patch,dpmm_p256_t50,dpmm,top5,0,file_brain_AXFLAIR_202_6000421,7,1,25.60535606971154
AXFLAIR,patch,dpmm_p256_t50,dpmm,top5,0,file_brain_AXFLAIR_202_6000421,8,1,27.286111684945915
AXFLAIR,patch,dpmm_p256_t50,dpmm,top5,0,file_brain_AXFLAIR_202_6000421,9,1,28.260350153996395
AXFLAIR,patch,dpmm_p256_t50,dpmm,top5,0,file_brain_AXFLAIR_202_6000421,10,1,27.681178166316105
AXFLAIR,patch,dpmm_p256_t50,dpmm,top5,0,file_brain_AXFLAIR_202_6000421,11,1,25.729583740234375
AXFLAIR,patch,dpmm_p256_t50,dpmm,top5,0,file_brain_AXFLAIR_202_6000421,12,1,26.624173677884617
AXFLAIR,patch,dpmm_p256_t50,dpmm,top5,0,file_brain_AXFLAIR_202_6000421,13,1,27.066244272085335
AXFLAIR,patch,dpmm_p256_t50,dpmm,top5,0,file_brain_AXFLAIR_202_6000421,14,1,26.23760047325721
AXFLAIR,patch,dpmm_p256_t50,dpmm,top5,0,file_brain_AXFLAIR_201_6002960,0,1,25.10456261268029
AXFLAIR,patch,dpmm_p256_t50,dpmm,top5,0,file_brain_AXFLAIR_201_6002960,1,1,22.774977463942307
AXFLAIR,patch,dpmm_p256_t50,dpmm,top5,0,file_brain_AXFLAIR_201_6002960,2,1,24.10496873121995
AXFLAIR,patch,dpmm_p256_t50,dpmm,top5,0,file_brain_AXFLAIR_201_6002960,3,1,24.794386643629807
AXFLAIR,patch,dpmm_p256_t50,dpmm,top5,0,file_brain_AXFLAIR_201_6002960,4,1,23.11145489032452
AXFLAIR,patch,dpmm_p256_t50,dpmm,top5,0,file_brain_AXFLAIR_201_6002960,5,1,20.543011005108173
AXFLAIR,patch,dpmm_p256_t50,dpmm,top5,0,file_brain_AXFLAIR_201_6002960,6,1,20.324134239783653
AXFLAIR,patch,dpmm_p256_t50,dpmm,top5,0,file_brain_AXFLAIR_201_6002960,7,1,21.129234900841347
AXFLAIR,patch,dpmm_p256_t50,dpmm,top5,0,file_brain_AXFLAIR_201_6002960,8,1,20.328519381009617
AXFLAIR,patch,dpmm_p256_t50,dpmm,top5,0,file_brain_AXFLAIR_201_6002960,9,1,20.622483473557693
AXFLAIR,patch,dpmm_p256_t50,dpmm,top5,0,file_brain_AXFLAIR_203_6000875,0,1,26.206406813401443
AXFLAIR,patch,dpmm_p256_t50,dpmm,top5,0,file_brain_AXFLAIR_203_6000875,1,1,27.479750413161057
AXFLAIR,patch,dpmm_p256_t50,dpmm,top5,0,file_brain_AXFLAIR_203_6000875,2,1,28.016986553485577
AXFLAIR,patch,dpmm_p256_t50,dpmm,top5,0,file_brain_AXFLAIR_203_6000875,3,1,24.115558330829327
AXFLAIR,patch,dpmm_p256_t50,dpmm,top5,0,file_brain_AXFLAIR_203_6000875,4,1,23.3235591008113
AXFLAIR,patch,dpmm_p256_t50,dpmm,top5,0,file_brain_AXFLAIR_203_6000875,5,1,22.87230271559495
AXFLAIR,patch,dpmm_p256_t50,dpmm,top5,0,file_brain_AXFLAIR_203_6000875,6,1,22.93732158954327
AXFLAIR,patch,dpmm_p256_t50,dpmm,top5,0,file_brain_AXFLAIR_203_6000875,7,1,22.66638418344351
AXFLAIR,patch,dpmm_p256_t50,dpmm,top5,0,file_brain_AXFLAIR_203_6000875,8,1,24.522669865534855
AXFLAIR,patch,dpmm_p256_t50,dpmm,top5,0,file_brain_AXFLAIR_203_6000875,9,1,25.44604257436899
AXFLAIR,patch,dpmm_p256_t50,dpmm,top5,0,file_brain_AXFLAIR_203_6000875,10,1,26.326946551983173
AXFLAIR,patch,dpmm_p256_t50,dpmm,top5,0,file_brain_AXFLAIR_203_6000875,11,1,25.27966778094952
AXFLAIR,patch,dpmm_p256_t50,dpmm,top5,0,file_brain_AXFLAIR_203_6000875,12,1,25.565631573016827
AXFLAIR,patch,dpmm_p256_t50,dpmm,top5,0,file_brain_AXFLAIR_203_6000875,13,1,26.387369009164665
AXFLAIR,patch,dpmm_p256_t50,dpmm,top5,0,file_brain_AXFLAIR_203_6000875,14,1,27.3602294921875
AXFLAIR,patch,dpmm_p256_t50,dpmm,top5,0,file_brain_AXFLAIR_203_6000875,15,1,28.08924278846154
AXFLAIR,patch,dpmm_p256_t50,dpmm,top5,0,file_brain_AXFLAIR_210_6001953,10,1,19.100621150090145
AXFLAIR,patch,dpmm_p256_t50,dpmm,top5,0,file_brain_AXFLAIR_201_6003018,0,1,27.882479154146633
AXFLAIR,patch,dpmm_p256_t50,dpmm,top5,0,file_brain_AXFLAIR_201_6003018,1,1,26.917921799879807
AXFLAIR,patch,dpmm_p256_t50,dpmm,top5,0,file_brain_AXFLAIR_201_6003018,2,1,24.858553372896633
AXFLAIR,patch,dpmm_p256_t50,dpmm,top5,0,file_brain_AXFLAIR_201_6003018,3,1,24.40405742938702
AXFLAIR,patch,dpmm_p256_t50,dpmm,top5,0,file_brain_AXFLAIR_201_6003018,4,1,25.04620126577524
AXFLAIR,patch,dpmm_p256_t50,dpmm,top5,0,file_brain_AXFLAIR_201_6003018,5,1,23.75330528846154
AXFLAIR,patch,dpmm_p256_t50,dpmm,top5,0,file_brain_AXFLAIR_201_6003018,6,1,23.15472412109375
AXFLAIR,patch,dpmm_p256_t50,dpmm,top5,0,file_brain_AXFLAIR_201_6003018,7,1,23.41010225736178
AXFLAIR,patch,dpmm_p256_t50,dpmm,top5,0,file_brain_AXFLAIR_201_6003018,8,1,19.646949181189903
AXFLAIR,patch,dpmm_p256_t50,dpmm,top5,0,file_brain_AXFLAIR_200_6002595,2,1,21.64092548076923
AXFLAIR,patch,dpmm_p256_t50,dpmm,top5,0,file_brain_AXFLAIR_200_6002595,3,1,19.918677696814903
AXFLAIR,patch,dpmm_p256_t50,dpmm,top5,0,file_brain_AXFLAIR_200_6002595,4,1,19.37188016451322
AXFLAIR,patch,dpmm_p256_t50,dpmm,top5,0,file_brain_AXFLAIR_200_6002595,5,1,18.352449857271633
AXFLAIR,patch,dpmm_p256_t50,dpmm,top5,0,file_brain_AXFLAIR_203_6000898,1,1,23.6513671875
AXFLAIR,patch,dpmm_p256_t50,dpmm,top5,0,file_brain_AXFLAIR_203_6000898,2,1,24.27598454402043
AXFLAIR,patch,dpmm_p256_t50,dpmm,top5,0,file_brain_AXFLAIR_203_6000898,3,1,22.700765756460335
AXFLAIR,patch,dpmm_p256_t50,dpmm,top5,0,file_brain_AXFLAIR_203_6000898,5,1,23.832540658804085
AXFLAIR,patch,dpmm_p256_t50,dpmm,top5,0,file_brain_AXFLAIR_203_6000912,7,1,18.58124014047476
AXFLAIR,patch,dpmm_p256_t50,dpmm,top5,0,file_brain_AXFLAIR_203_6000912,8,1,18.801229623647835
AXFLAIR,patch,dpmm_p256_t50,dpmm,top5,0,file_brain_AXFLAIR_203_6000912,9,1,19.68309842623197
AXFLAIR,patch,dpmm_p256_t50,dpmm,top5,0,file_brain_AXFLAIR_202_6000511,0,1,23.498389610877403
AXFLAIR,patch,dpmm_p256_t50,dpmm,top5,0,file_brain_AXFLAIR_202_6000511,1,1,21.64825674203726
AXFLAIR,patch,dpmm_p256_t50,dpmm,top5,0,file_brain_AXFLAIR_202_6000557,0,1,26.28161151592548
AXFLAIR,patch,dpmm_p256_t50,dpmm,top5,0,file_brain_AXFLAIR_202_6000557,1,1,24.87464083158053
AXFLAIR,patch,dpmm_p256_t50,dpmm,top5,0,file_brain_AXFLAIR_202_6000557,2,1,24.932969313401443
AXFLAIR,patch,dpmm_p256_t50,dpmm,top5,0,file_brain_AXFLAIR_202_6000557,3,1,23.47223604642428
AXFLAIR,patch,dpmm_p256_t50,dpmm,top5,0,file_brain_AXFLAIR_202_6000557,4,1,22.596524752103367
AXFLAIR,patch,dpmm_p256_t50,dpmm,top5,0,file_brain_AXFLAIR_202_6000557,5,1,20.132533146784855
AXFLAIR,patch,dpmm_p256_t50,dpmm,top5,0,file_brain_AXFLAIR_210_6001901,0,1,27.38263878455529
AXFLAIR,patch,dpmm_p256_t50,dpmm,top5,0,file_brain_AXFLAIR_210_6001901,1,1,24.76818378155048
AXFLAIR,patch,dpmm_p256_t50,dpmm,top5,0,file_brain_AXFLAIR_210_6001901,2,1,25.47784189077524
AXFLAIR,patch,dpmm_p256_t50,dpmm,top5,0,file_brain_AXFLAIR_200_6002543,0,1,23.36474844125601
AXFLAIR,patch,dpmm_p256_t50,dpmm,top5,0,file_brain_AXFLAIR_200_6002543,1,1,21.76355919471154
AXFLAIR,patch,dpmm_p256_t50,dpmm,top5,0,file_brain_AXFLAIR_201_6002878,0,1,27.265700120192307
AXFLAIR,patch,dpmm_p256_t50,dpmm,top5,0,file_brain_AXFLAIR_201_6002878,1,1,26.77892127403846
AXFLAIR,patch,dpmm_p256_t50,dpmm,top5,0,file_brain_AXFLAIR_201_6002878,2,1,25.533672626201923
AXFLAIR,patch,dpmm_p256_t50,dpmm,top5,0,file_brain_AXFLAIR_201_6002878,3,1,25.77972881610577
AXFLAIR,patch,dpmm_p256_t50,dpmm,top5,0,file_brain_AXFLAIR_201_6002878,4,1,24.084486741286057
AXFLAIR,patch,dpmm_p256_t50,dpmm,top5,0,file_brain_AXFLAIR_201_6002878,5,1,22.14936006986178
AXFLAIR,patch,dpmm_p256_t50,dpmm,top5,0,file_brain_AXFLAIR_201_6002878,6,1,19.762472299429085
AXFLAIR,patch,dpmm_p256_t50,dpmm,top5,0,file_brain_AXFLAIR_201_6002878,7,1,19.25609412560096
AXFLAIR,patch,dpmm_p256_t50,dpmm,top5,0,file_brain_AXFLAIR_201_6002878,8,1,19.284081092247597
AXFLAIR,patch,dpmm_p256_t50,dpmm,top5,0,file_brain_AXFLAIR_201_6002878,9,1,21.638286884014423
AXFLAIR,patch,dpmm_p256_t50,dpmm,top5,0,file_brain_AXFLAIR_201_6002878,10,1,19.08263221153846
AXFLAIR,patch,dpmm_p256_t50,dpmm,top5,0,file_brain_AXFLAIR_201_6002878,11,1,18.9922602726863
AXFLAIR,patch,dpmm_p256_t50,dpmm,top5,0,file_brain_AXFLAIR_201_6002878,12,1,24.020399827223557
AXFLAIR,patch,dpmm_p256_t50,dpmm,top5,0,file_brain_AXFLAIR_201_6002878,13,1,25.697893415178573
AXFLAIR,patch,dpmm_p256_t100,dpmm,top5,0,file_brain_AXFLAIR_210_6001917,4,0,20.477196326622597
AXFLAIR,patch,dpmm_p256_t100,dpmm,top5,0,file_brain_AXFLAIR_202_6000543,11,0,19.570026104266827
AXFLAIR,patch,dpmm_p256_t100,dpmm,top5,0,file_brain_AXFLAIR_210_6001499,4,0,21.029998779296875
AXFLAIR,patch,dpmm_p256_t100,dpmm,top5,0,file_brain_AXFLAIR_201_6002993,7,0,16.913780799278847
AXFLAIR,patch,dpmm_p256_t100,dpmm,top5,0,file_brain_AXFLAIR_202_6000543,5,0,21.730795053335335
AXFLAIR,patch,dpmm_p256_t100,dpmm,top5,0,file_brain_AXFLAIR_202_6000539,7,0,21.56346482496995
AXFLAIR,patch,dpmm_p256_t100,dpmm,top5,0,file_brain_AXFLAIR_202_6000483,5,0,23.035625751201923
AXFLAIR,patch,dpmm_p256_t100,dpmm,top5,0,file_brain_AXFLAIR_200_6002442,6,0,21.441002478966347
AXFLAIR,patch,dpmm_p256_t100,dpmm,top5,0,file_brain_AXFLAIR_202_6000483,6,0,20.41553673377404
AXFLAIR,patch,dpmm_p256_t100,dpmm,top5,0,file_brain_AXFLAIR_200_6002442,12,0,18.52255366398738
AXFLAIR,patch,dpmm_p256_t100,dpmm,top5,0,file_brain_AXFLAIR_202_6000531,10,0,18.30495394193209
AXFLAIR,patch,dpmm_p256_t100,dpmm,top5,0,file_brain_AXFLAIR_203_6000942,10,0,18.47718224158654
AXFLAIR,patch,dpmm_p256_t100,dpmm,top5,0,file_brain_AXFLAIR_203_6000912,4,0,18.41259530874399
AXFLAIR,patch,dpmm_p256_t100,dpmm,top5,0,file_brain_AXFLAIR_201_6002914,7,0,23.24670175405649
AXFLAIR,patch,dpmm_p256_t100,dpmm,top5,0,file_brain_AXFLAIR_200_6002543,4,0,20.90382502629207
AXFLAIR,patch,dpmm_p256_t100,dpmm,top5,0,file_brain_AXFLAIR_210_6001513,5,0,20.236792931189903
AXFLAIR,patch,dpmm_p256_t100,dpmm,top5,0,file_brain_AXFLAIR_209_6001397,12,0,19.83495389498197
AXFLAIR,patch,dpmm_p256_t100,dpmm,top5,0,file_brain_AXFLAIR_200_6002641,11,0,17.72124539888822
AXFLAIR,patch,dpmm_p256_t100,dpmm,top5,0,file_brain_AXFLAIR_203_6000942,11,0,17.9723628117488
AXFLAIR,patch,dpmm_p256_t100,dpmm,top5,0,file_brain_AXFLAIR_201_6002993,5,0,18.73104741023137
AXFLAIR,patch,dpmm_p256_t100,dpmm,top5,0,file_brain_AXFLAIR_200_6002595,7,0,19.65474055363582
AXFLAIR,patch,dpmm_p256_t100,dpmm,top5,0,file_brain_AXFLAIR_202_6000511,11,0,18.88159883939303
AXFLAIR,patch,dpmm_p256_t100,dpmm,top5,0,file_brain_AXFLAIR_201_6002914,10,0,23.303696852463943
AXFLAIR,patch,dpmm_p256_t100,dpmm,top5,0,file_brain_AXFLAIR_203_6000912,11,0,21.431722787710335
AXFLAIR,patch,dpmm_p256_t100,dpmm,top5,0,file_brain_AXFLAIR_210_6001953,6,0,19.40574411245493
AXFLAIR,patch,dpmm_p256_t100,dpmm,top5,0,file_brain_AXFLAIR_210_6001917,6,0,22.949326735276443
AXFLAIR,patch,dpmm_p256_t100,dpmm,top5,0,file_brain_AXFLAIR_200_6002442,9,0,18.011704664963943
AXFLAIR,patch,dpmm_p256_t100,dpmm,top5,0,file_brain_AXFLAIR_210_6001953,9,0,18.575960599459133
AXFLAIR,patch,dpmm_p256_t100,dpmm,top5,0,file_brain_AXFLAIR_200_6002442,5,0,19.02659489558293
AXFLAIR,patch,dpmm_p256_t100,dpmm,top5,0,file_brain_AXFLAIR_200_6002442,10,0,21.52491173377404
AXFLAIR,patch,dpmm_p256_t100,dpmm,top5,0,file_brain_AXFLAIR_202_6000531,9,0,24.593980055588943
AXFLAIR,patch,dpmm_p256_t100,dpmm,top5,0,file_brain_AXFLAIR_201_6002914,8,0,16.642086322490986
AXFLAIR,patch,dpmm_p256_t100,dpmm,top5,0,file_brain_AXFLAIR_202_6000474,6,0,19.33697509765625
AXFLAIR,patch,dpmm_p256_t100,dpmm,top5,0,file_brain_AXFLAIR_201_6002941,9,0,20.3134272648738
AXFLAIR,patch,dpmm_p256_t100,dpmm,top5,0,file_brain_AXFLAIR_210_6001499,11,0,20.054713322566105
AXFLAIR,patch,dpmm_p256_t100,dpmm,top5,0,file_brain_AXFLAIR_202_6000539,5,0,19.822951096754807
AXFLAIR,patch,dpmm_p256_t100,dpmm,top5,0,file_brain_AXFLAIR_202_6000474,5,0,19.045018122746395
AXFLAIR,patch,dpmm_p256_t100,dpmm,top5,0,file_brain_AXFLAIR_209_6001377,10,0,23.196249154897835
AXFLAIR,patch,dpmm_p256_t100,dpmm,top5,0,file_brain_AXFLAIR_200_6002595,9,0,18.479120107797478
AXFLAIR,patch,dpmm_p256_t100,dpmm,top5,0,file_brain_AXFLAIR_201_6002993,11,0,17.035131601186897
AXFLAIR,patch,dpmm_p256_t100,dpmm,top5,0,file_brain_AXFLAIR_202_6000557,9,0,17.961218026968147
AXFLAIR,patch,dpmm_p256_t100,dpmm,top5,0,file_brain_AXFLAIR_210_6001513,4,0,19.45770733173077
AXFLAIR,patch,dpmm_p256_t100,dpmm,top5,0,file_brain_AXFLAIR_201_6002941,8,0,19.17685758150541
AXFLAIR,patch,dpmm_p256_t100,dpmm,top5,0,file_brain_AXFLAIR_203_6000912,6,0,18.227463942307693
AXFLAIR,patch,dpmm_p256_t100,dpmm,top5,0,file_brain_AXFLAIR_201_6002914,12,0,17.95518258901743
AXFLAIR,patch,dpmm_p256_t100,dpmm,top5,0,file_brain_AXFLAIR_209_6001377,11,0,19.087588970477764
AXFLAIR,patch,dpmm_p256_t100,dpmm,top5,0,file_brain_AXFLAIR_210_6001499,5,0,17.471719595102165
AXFLAIR,patch,dpmm_p256_t100,dpmm,top5,0,file_brain_AXFLAIR_202_6000557,6,0,22.78051288311298
AXFLAIR,patch,dpmm_p256_t100,dpmm,top5,0,file_brain_AXFLAIR_202_6000557,10,0,18.28136033278245
AXFLAIR,patch,dpmm_p256_t100,dpmm,top5,0,file_brain_AXFLAIR_202_6000543,4,0,19.99785907451923
AXFLAIR,patch,dpmm_p256_t100,dpmm,top5,0,file_brain_AXFLAIR_202_6000531,7,0,20.91918475811298
AXFLAIR,patch,dpmm_p256_t100,dpmm,top5,0,file_brain_AXFLAIR_200_6002595,10,0,23.47223135141226
AXFLAIR,patch,dpmm_p256_t100,dpmm,top5,0,file_brain_AXFLAIR_201_6002914,5,0,19.959686279296875
AXFLAIR,patch,dpmm_p256_t100,dpmm,top5,0,file_brain_AXFLAIR_202_6000531,4,0,20.083890474759617
AXFLAIR,patch,dpmm_p256_t100,dpmm,top5,0,file_brain_AXFLAIR_210_6001513,6,0,18.57870366023137
AXFLAIR,patch,dpmm_p256_t100,dpmm,top5,0,file_brain_AXFLAIR_200_6002442,11,0,19.847921518179085
AXFLAIR,patch,dpmm_p256_t100,dpmm,top5,0,file_brain_AXFLAIR_209_6001377,8,0,18.32452392578125
AXFLAIR,patch,dpmm_p256_t100,dpmm,top5,0,file_brain_AXFLAIR_202_6000483,7,0,19.059022169846756
AXFLAIR,patch,dpmm_p256_t100,dpmm,top5,0,file_brain_AXFLAIR_202_6000543,9,0,18.203782301682693
AXFLAIR,patch,dpmm_p256_t100,dpmm,top5,0,file_brain_AXFLAIR_203_6000898,10,0,19.577779916616585
AXFLAIR,patch,dpmm_p256_t100,dpmm,top5,0,file_brain_AXFLAIR_203_6000912,12,0,19.47836421086238
AXFLAIR,patch,dpmm_p256_t100,dpmm,top5,0,file_brain_AXFLAIR_202_6000511,7,0,17.096951998197117
AXFLAIR,patch,dpmm_p256_t100,dpmm,top5,0,file_brain_AXFLAIR_201_6003024,5,0,21.833040677584133
AXFLAIR,patch,dpmm_p256_t100,dpmm,top5,0,file_brain_AXFLAIR_201_6003018,12,0,22.739229642427883
AXFLAIR,patch,dpmm_p256_t100,dpmm,top5,0,file_brain_AXFLAIR_210_6001901,7,0,19.53192842923678
AXFLAIR,patch,dpmm_p256_t100,dpmm,top5,0,file_brain_AXFLAIR_203_6000898,12,0,19.238389235276443
AXFLAIR,patch,dpmm_p256_t100,dpmm,top5,0,file_brain_AXFLAIR_202_6000483,11,0,16.93096219576322
AXFLAIR,patch,dpmm_p256_t100,dpmm,top5,0,file_brain_AXFLAIR_210_6001917,10,0,17.943226740910458
AXFLAIR,patch,dpmm_p256_t100,dpmm,top5,0,file_brain_AXFLAIR_201_6002914,11,0,16.990647536057693
AXFLAIR,patch,dpmm_p256_t100,dpmm,top5,0,file_brain_AXFLAIR_202_6000483,8,0,17.733967707707333
AXFLAIR,patch,dpmm_p256_t100,dpmm,top5,0,file_brain_AXFLAIR_201_6002941,11,0,17.390115591195915
AXFLAIR,patch,dpmm_p256_t100,dpmm,top5,0,file_brain_AXFLAIR_210_6001917,11,0,19.16673044057993
AXFLAIR,patch,dpmm_p256_t100,dpmm,top5,0,file_brain_AXFLAIR_201_6002993,10,0,18.448523888221153
AXFLAIR,patch,dpmm_p256_t100,dpmm,top5,0,file_brain_AXFLAIR_202_6000539,9,0,17.009891216571514
AXFLAIR,patch,dpmm_p256_t100,dpmm,top5,0,file_brain_AXFLAIR_203_6000942,7,0,21.12915978064904
AXFLAIR,patch,dpmm_p256_t100,dpmm,top5,0,file_brain_AXFLAIR_209_6001377,12,0,25.827178955078125
AXFLAIR,patch,dpmm_p256_t100,dpmm,top5,0,file_brain_AXFLAIR_201_6003024,10,0,17.618455153245193
AXFLAIR,patch,dpmm_p256_t100,dpmm,top5,0,file_brain_AXFLAIR_200_6002543,8,0,20.091552734375
AXFLAIR,patch,dpmm_p256_t100,dpmm,top5,0,file_brain_AXFLAIR_202_6000531,6,0,19.377822875976562
AXFLAIR,patch,dpmm_p256_t100,dpmm,top5,0,file_brain_AXFLAIR_201_6003003,0,1,21.467191256009617
AXFLAIR,patch,dpmm_p256_t100,dpmm,top5,0,file_brain_AXFLAIR_201_6003003,1,1,21.538423978365383
AXFLAIR,patch,dpmm_p256_t100,dpmm,top5,0,file_brain_AXFLAIR_201_6003003,2,1,20.35742891751803
AXFLAIR,patch,dpmm_p256_t100,dpmm,top5,0,file_brain_AXFLAIR_201_6003003,3,1,21.484450120192307
AXFLAIR,patch,dpmm_p256_t100,dpmm,top5,0,file_brain_AXFLAIR_201_6003003,4,1,20.59228046123798
AXFLAIR,patch,dpmm_p256_t100,dpmm,top5,0,file_brain_AXFLAIR_201_6003003,5,1,19.02024723933293
AXFLAIR,patch,dpmm_p256_t100,dpmm,top5,0,file_brain_AXFLAIR_201_6003003,6,1,18.834695669320915
AXFLAIR,patch,dpmm_p256_t100,dpmm,top5,0,file_brain_AXFLAIR_201_6003003,7,1,19.263819767878605
AXFLAIR,patch,dpmm_p256_t100,dpmm,top5,0,file_brain_AXFLAIR_201_6003003,8,1,20.278043306790867
AXFLAIR,patch,dpmm_p256_t100,dpmm,top5,0,file_brain_AXFLAIR_201_6003003,9,1,19.074749286358173
AXFLAIR,patch,dpmm_p256_t100,dpmm,top5,0,file_brain_AXFLAIR_201_6003003,10,1,19.645263671875
AXFLAIR,patch,dpmm_p256_t100,dpmm,top5,0,file_brain_AXFLAIR_201_6002972,0,1,27.310084416316105
AXFLAIR,patch,dpmm_p256_t100,dpmm,top5,0,file_brain_AXFLAIR_201_6002972,1,1,28.181675837590145
AXFLAIR,patch,dpmm_p256_t100,dpmm,top5,0,file_brain_AXFLAIR_201_6002972,2,1,28.2811772273137
AXFLAIR,patch,dpmm_p256_t100,dpmm,top5,0,file_brain_AXFLAIR_201_6002972,3,1,26.724341759314903
AXFLAIR,patch,dpmm_p256_t100,dpmm,top5,0,file_brain_AXFLAIR_201_6002972,4,1,25.343097393329327
AXFLAIR,patch,dpmm_p256_t100,dpmm,top5,0,file_brain_AXFLAIR_201_6002972,5,1,26.606548602764423
AXFLAIR,patch,dpmm_p256_t100,dpmm,top5,0,file_brain_AXFLAIR_201_6002972,6,1,25.838155893179085
AXFLAIR,patch,dpmm_p256_t100,dpmm,top5,0,file_brain_AXFLAIR_201_6002972,7,1,25.608628493088943
AXFLAIR,patch,dpmm_p256_t100,dpmm,top5,0,file_brain_AXFLAIR_201_6002972,8,1,26.78252234825721
AXFLAIR,patch,dpmm_p256_t100,dpmm,top5,0,file_brain_AXFLAIR_201_6002972,9,1,25.14277062049279
AXFLAIR,patch,dpmm_p256_t100,dpmm,top5,0,file_brain_AXFLAIR_201_6002972,10,1,25.333040677584133
AXFLAIR,patch,dpmm_p256_t100,dpmm,top5,0,file_brain_AXFLAIR_201_6002972,11,1,23.66437706580529
AXFLAIR,patch,dpmm_p256_t100,dpmm,top5,0,file_brain_AXFLAIR_201_6002972,12,1,25.722017728365383
AXFLAIR,patch,dpmm_p256_t100,dpmm,top5,0,file_brain_AXFLAIR_201_6002941,0,1,21.874478853665867
AXFLAIR,patch,dpmm_p256_t100,dpmm,top5,0,file_brain_AXFLAIR_201_6002941,1,1,21.82042987530048
AXFLAIR,patch,dpmm_p256_t100,dpmm,top5,0,file_brain_AXFLAIR_201_6002941,2,1,20.44403076171875
AXFLAIR,patch,dpmm_p256_t100,dpmm,top5,0,file_brain_AXFLAIR_201_6002941,3,1,20.40007605919471
AXFLAIR,patch,dpmm_p256_t100,dpmm,top5,0,file_brain_AXFLAIR_201_6002941,4,1,19.563755915715145
AXFLAIR,patch,dpmm_p256_t100,dpmm,top5,0,file_brain_AXFLAIR_201_6002941,5,1,18.613677978515625
AXFLAIR,patch,dpmm_p256_t100,dpmm,top5,0,file_brain_AXFLAIR_202_6000508,1,1,23.3531001164363
AXFLAIR,patch,dpmm_p256_t100,dpmm,top5,0,file_brain_AXFLAIR_202_6000508,2,1,23.903461162860577
AXFLAIR,patch,dpmm_p256_t100,dpmm,top5,0,file_brain_AXFLAIR_202_6000508,3,1,25.55078125
AXFLAIR,patch,dpmm_p256_t100,dpmm,top5,0,file_brain_AXFLAIR_202_6000508,4,1,24.922743577223557
AXFLAIR,patch,dpmm_p256_t100,dpmm,top5,0,file_brain_AXFLAIR_202_6000508,5,1,24.2125737116887
AXFLAIR,patch,dpmm_p256_t100,dpmm,top5,0,file_brain_AXFLAIR_202_6000508,6,1,25.688800518329327
AXFLAIR,patch,dpmm_p256_t100,dpmm,top5,0,file_brain_AXFLAIR_202_6000508,7,1,22.659137432391827
AXFLAIR,patch,dpmm_p256_t100,dpmm,top5,0,file_brain_AXFLAIR_202_6000508,8,1,22.09070763221154
AXFLAIR,patch,dpmm_p256_t100,dpmm,top5,0,file_brain_AXFLAIR_202_6000508,9,1,23.267296424278847
AXFLAIR,patch,dpmm_p256_t100,dpmm,top5,0,file_brain_AXFLAIR_202_6000508,10,1,23.06757530799279
AXFLAIR,patch,dpmm_p256_t100,dpmm,top5,0,file_brain_AXFLAIR_202_6000508,11,1,25.67584932767428
AXFLAIR,patch,dpmm_p256_t100,dpmm,top5,0,file_brain_AXFLAIR_202_6000508,12,1,24.895427997295673
AXFLAIR,patch,dpmm_p256_t100,dpmm,top5,0,file_brain_AXFLAIR_202_6000508,13,1,23.95264141376202
AXFLAIR,patch,dpmm_p256_t100,dpmm,top5,0,file_brain_AXFLAIR_200_6002641,3,1,20.207373985877403
AXFLAIR,patch,dpmm_p256_t100,dpmm,top5,0,file_brain_AXFLAIR_200_6002641,7,1,16.232933631310097
AXFLAIR,patch,dpmm_p256_t100,dpmm,top5,0,file_brain_AXFLAIR_200_6002641,8,1,15.837761512169472
AXFLAIR,patch,dpmm_p256_t100,dpmm,top5,0,file_brain_AXFLAIR_201_6003008,0,1,24.707613431490383
AXFLAIR,patch,dpmm_p256_t100,dpmm,top5,0,file_brain_AXFLAIR_201_6003008,1,1,25.368201622596153
AXFLAIR,patch,dpmm_p256_t100,dpmm,top5,0,file_brain_AXFLAIR_201_6003008,2,1,25.433124248798077
AXFLAIR,patch,dpmm_p256_t100,dpmm,top5,0,file_brain_AXFLAIR_201_6003008,3,1,24.2635498046875
AXFLAIR,patch,dpmm_p256_t100,dpmm,top5,0,file_brain_AXFLAIR_201_6003008,4,1,22.79278094951923
AXFLAIR,patch,dpmm_p256_t100,dpmm,top5,0,file_brain_AXFLAIR_201_6003008,5,1,23.45954308143029
AXFLAIR,patch,dpmm_p256_t100,dpmm,top5,0,file_brain_AXFLAIR_201_6003008,6,1,23.558701735276443
AXFLAIR,patch,dpmm_p256_t100,dpmm,top5,0,file_brain_AXFLAIR_201_6003008,7,1,23.79991502028245
AXFLAIR,patch,dpmm_p256_t100,dpmm,top5,0,file_brain_AXFLAIR_201_6003008,8,1,23.52275672325721
AXFLAIR,patch,dpmm_p256_t100,dpmm,top5,0,file_brain_AXFLAIR_201_6003008,9,1,21.39625666691707
AXFLAIR,patch,dpmm_p256_t100,dpmm,top5,0,file_brain_AXFLAIR_201_6003008,10,1,19.547938420222355
AXFLAIR,patch,dpmm_p256_t100,dpmm,top5,0,file_brain_AXFLAIR_201_6003008,11,1,19.922022892878605
AXFLAIR,patch,dpmm_p256_t100,dpmm,top5,0,file_brain_AXFLAIR_201_6003008,12,1,18.79386784480168
AXFLAIR,patch,dpmm_p256_t100,dpmm,top5,0,file_brain_AXFLAIR_201_6003008,13,1,19.08702674278846
AXFLAIR,patch,dpmm_p256_t100,dpmm,top5,0,file_brain_AXFLAIR_201_6002914,0,1,25.137901893028847
AXFLAIR,patch,dpmm_p256_t100,dpmm,top5,0,file_brain_AXFLAIR_201_6002914,1,1,25.843411959134617
AXFLAIR,patch,dpmm_p256_t100,dpmm,top5,0,file_brain_AXFLAIR_201_6002914,2,1,24.91449444110577
AXFLAIR,patch,dpmm_p256_t100,dpmm,top5,0,file_brain_AXFLAIR_201_6002914,3,1,20.712608924278847
AXFLAIR,patch,dpmm_p256_t100,dpmm,top5,0,file_brain_AXFLAIR_201_6002914,6,1,17.458345853365383
AXFLAIR,patch,dpmm_p256_t100,dpmm,top5,0,file_brain_AXFLAIR_202_6000421,0,1,26.829437255859375
AXFLAIR,patch,dpmm_p256_t100,dpmm,top5,0,file_brain_AXFLAIR_202_6000421,1,1,26.63212468073918
AXFLAIR,patch,dpmm_p256_t100,dpmm,top5,0,file_brain_AXFLAIR_202_6000421,2,1,24.79143348106971
AXFLAIR,patch,dpmm_p256_t100,dpmm,top5,0,file_brain_AXFLAIR_202_6000421,3,1,25.712188720703125
AXFLAIR,patch,dpmm_p256_t100,dpmm,top5,0,file_brain_AXFLAIR_202_6000421,4,1,23.729398287259617
AXFLAIR,patch,dpmm_p256_t100,dpmm,top5,0,file_brain_AXFLAIR_202_6000421,5,1,24.745253342848557
AXFLAIR,patch,dpmm_p256_t100,dpmm,top5,0,file_brain_AXFLAIR_202_6000421,6,1,25.384244478665867
AXFLAIR,patch,dpmm_p256_t100,dpmm,top5,0,file_brain_AXFLAIR_202_6000421,7,1,25.603189321664665
AXFLAIR,patch,dpmm_p256_t100,dpmm,top5,0,file_brain_AXFLAIR_202_6000421,8,1,27.283782958984375
AXFLAIR,patch,dpmm_p256_t100,dpmm,top5,0,file_brain_AXFLAIR_202_6000421,9,1,28.2579345703125
AXFLAIR,patch,dpmm_p256_t100,dpmm,top5,0,file_brain_AXFLAIR_202_6000421,10,1,27.67882831280048
AXFLAIR,patch,dpmm_p256_t100,dpmm,top5,0,file_brain_AXFLAIR_202_6000421,11,1,25.727393517127403
AXFLAIR,patch,dpmm_p256_t100,dpmm,top5,0,file_brain_AXFLAIR_202_6000421,12,1,26.6218989445613
AXFLAIR,patch,dpmm_p256_t100,dpmm,top5,0,file_brain_AXFLAIR_202_6000421,13,1,27.063936673677883
AXFLAIR,patch,dpmm_p256_t100,dpmm,top5,0,file_brain_AXFLAIR_202_6000421,14,1,26.23536330003005
AXFLAIR,patch,dpmm_p256_t100,dpmm,top5,0,file_brain_AXFLAIR_201_6002960,0,1,25.102431077223557
AXFLAIR,patch,dpmm_p256_t100,dpmm,top5,0,file_brain_AXFLAIR_201_6002960,1,1,22.77301964393029
AXFLAIR,patch,dpmm_p256_t100,dpmm,top5,0,file_brain_AXFLAIR_201_6002960,2,1,24.102886493389423
AXFLAIR,patch,dpmm_p256_t100,dpmm,top5,0,file_brain_AXFLAIR_201_6002960,3,1,24.792255108173077
AXFLAIR,patch,dpmm_p256_t100,dpmm,top5,0,file_brain_AXFLAIR_201_6002960,4,1,23.10949237530048
AXFLAIR,patch,dpmm_p256_t100,dpmm,top5,0,file_brain_AXFLAIR_201_6002960,5,1,20.541297325721153
AXFLAIR,patch,dpmm_p256_t100,dpmm,top5,0,file_brain_AXFLAIR_201_6002960,6,1,20.322411170372597
AXFLAIR,patch,dpmm_p256_t100,dpmm,top5,0,file_brain_AXFLAIR_201_6002960,7,1,21.12745079627404
AXFLAIR,patch,dpmm_p256_t100,dpmm,top5,0,file_brain_AXFLAIR_201_6002960,8,1,20.32678926908053
AXFLAIR,patch,dpmm_p256_t100,dpmm,top5,0,file_brain_AXFLAIR_201_6002960,9,1,20.620812049278847
AXFLAIR,patch,dpmm_p256_t100,dpmm,top5,0,file_brain_AXFLAIR_203_6000875,0,1,26.204136775090145
AXFLAIR,patch,dpmm_p256_t100,dpmm,top5,0,file_brain_AXFLAIR_203_6000875,1,1,27.47736534705529
AXFLAIR,patch,dpmm_p256_t100,dpmm,top5,0,file_brain_AXFLAIR_203_6000875,2,1,28.01458035982572
AXFLAIR,patch,dpmm_p256_t100,dpmm,top5,0,file_brain_AXFLAIR_203_6000875,3,1,24.113511305588943
AXFLAIR,patch,dpmm_p256_t100,dpmm,top5,0,file_brain_AXFLAIR_203_6000875,4,1,23.321547288161057
AXFLAIR,patch,dpmm_p256_t100,dpmm,top5,0,file_brain_AXFLAIR_203_6000875,5,1,22.87035663311298
AXFLAIR,patch,dpmm_p256_t100,dpmm,top5,0,file_brain_AXFLAIR_203_6000875,6,1,22.93537315955529
AXFLAIR,patch,dpmm_p256_t100,dpmm,top5,0,file_brain_AXFLAIR_203_6000875,7,1,22.66448974609375
AXFLAIR,patch,dpmm_p256_t100,dpmm,top5,0,file_brain_AXFLAIR_203_6000875,8,1,24.520601712740383
AXFLAIR,patch,dpmm_p256_t100,dpmm,top5,0,file_brain_AXFLAIR_203_6000875,9,1,25.44385469876803
AXFLAIR,patch,dpmm_p256_t100,dpmm,top5,0,file_brain_AXFLAIR_203_6000875,10,1,26.32470703125
AXFLAIR,patch,dpmm_p256_t100,dpmm,top5,0,file_brain_AXFLAIR_203_6000875,11,1,25.27751981295072
AXFLAIR,patch,dpmm_p256_t100,dpmm,top5,0,file_brain_AXFLAIR_203_6000875,12,1,25.563455434945915
AXFLAIR,patch,dpmm_p256_t100,dpmm,top5,0,file_brain_AXFLAIR_203_6000875,13,1,26.385101318359375
AXFLAIR,patch,dpmm_p256_t100,dpmm,top5,0,file_brain_AXFLAIR_203_6000875,14,1,27.35791719876803
AXFLAIR,patch,dpmm_p256_t100,dpmm,top5,0,file_brain_AXFLAIR_203_6000875,15,1,28.08684363731971
AXFLAIR,patch,dpmm_p256_t100,dpmm,top5,0,file_brain_AXFLAIR_210_6001953,10,1,19.09906005859375
AXFLAIR,patch,dpmm_p256_t100,dpmm,top5,0,file_brain_AXFLAIR_201_6003018,0,1,27.88007061298077
AXFLAIR,patch,dpmm_p256_t100,dpmm,top5,0,file_brain_AXFLAIR_201_6003018,1,1,26.91558133638822
AXFLAIR,patch,dpmm_p256_t100,dpmm,top5,0,file_brain_AXFLAIR_201_6003018,2,1,24.856424184945915
AXFLAIR,patch,dpmm_p256_t100,dpmm,top5,0,file_brain_AXFLAIR_201_6003018,3,1,24.401947021484375
AXFLAIR,patch,dpmm_p256_t100,dpmm,top5,0,file_brain_AXFLAIR_201_6003018,4,1,25.044043907752403
AXFLAIR,patch,dpmm_p256_t100,dpmm,top5,0,file_brain_AXFLAIR_201_6003018,5,1,23.751258263221153
AXFLAIR,patch,dpmm_p256_t100,dpmm,top5,0,file_brain_AXFLAIR_201_6003018,6,1,23.152731088491585
AXFLAIR,patch,dpmm_p256_t100,dpmm,top5,0,file_brain_AXFLAIR_201_6003018,7,1,23.408109224759617
AXFLAIR,patch,dpmm_p256_t100,dpmm,top5,0,file_brain_AXFLAIR_201_6003018,8,1,19.645364614633415
AXFLAIR,patch,dpmm_p256_t100,dpmm,top5,0,file_brain_AXFLAIR_200_6002595,2,1,21.63910381610577
AXFLAIR,patch,dpmm_p256_t100,dpmm,top5,0,file_brain_AXFLAIR_200_6002595,3,1,19.917025052584133
AXFLAIR,patch,dpmm_p256_t100,dpmm,top5,0,file_brain_AXFLAIR_200_6002595,4,1,19.37025099534255
AXFLAIR,patch,dpmm_p256_t100,dpmm,top5,0,file_brain_AXFLAIR_200_6002595,5,1,18.35094510591947
AXFLAIR,patch,dpmm_p256_t100,dpmm,top5,0,file_brain_AXFLAIR_203_6000898,1,1,23.64935067983774
AXFLAIR,patch,dpmm_p256_t100,dpmm,top5,0,file_brain_AXFLAIR_203_6000898,2,1,24.273883526141827
AXFLAIR,patch,dpmm_p256_t100,dpmm,top5,0,file_brain_AXFLAIR_203_6000898,3,1,22.698829064002403
AXFLAIR,patch,dpmm_p256_t100,dpmm,top5,0,file_brain_AXFLAIR_203_6000898,5,1,23.830540583683895
AXFLAIR,patch,dpmm_p256_t100,dpmm,top5,0,file_brain_AXFLAIR_203_6000912,7,1,18.57982224684495
AXFLAIR,patch,dpmm_p256_t100,dpmm,top5,0,file_brain_AXFLAIR_203_6000912,8,1,18.799713134765625
AXFLAIR,patch,dpmm_p256_t100,dpmm,top5,0,file_brain_AXFLAIR_203_6000912,9,1,19.68145751953125
AXFLAIR,patch,dpmm_p256_t100,dpmm,top5,0,file_brain_AXFLAIR_202_6000511,0,1,23.49639657827524
AXFLAIR,patch,dpmm_p256_t100,dpmm,top5,0,file_brain_AXFLAIR_202_6000511,1,1,21.646446814903847
AXFLAIR,patch,dpmm_p256_t100,dpmm,top5,0,file_brain_AXFLAIR_202_6000557,0,1,26.279339130108173
AXFLAIR,patch,dpmm_p256_t100,dpmm,top5,0,file_brain_AXFLAIR_202_6000557,1,1,24.87248816856971
AXFLAIR,patch,dpmm_p256_t100,dpmm,top5,0,file_brain_AXFLAIR_202_6000557,2,1,24.930828387920673
AXFLAIR,patch,dpmm_p256_t100,dpmm,top5,0,file_brain_AXFLAIR_202_6000557,3,1,23.470245361328125
AXFLAIR,patch,dpmm_p256_t100,dpmm,top5,0,file_brain_AXFLAIR_202_6000557,4,1,22.594651442307693
AXFLAIR,patch,dpmm_p256_t100,dpmm,top5,0,file_brain_AXFLAIR_202_6000557,5,1,20.13086407001202
AXFLAIR,patch,dpmm_p256_t100,dpmm,top5,0,file_brain_AXFLAIR_210_6001901,0,1,27.380267803485577
AXFLAIR,patch,dpmm_p256_t100,dpmm,top5,0,file_brain_AXFLAIR_210_6001901,1,1,24.7660639836238
AXFLAIR,patch,dpmm_p256_t100,dpmm,top5,0,file_brain_AXFLAIR_210_6001901,2,1,25.47563054011418
AXFLAIR,patch,dpmm_p256_t100,dpmm,top5,0,file_brain_AXFLAIR_200_6002543,0,1,23.362771841195915
AXFLAIR,patch,dpmm_p256_t100,dpmm,top5,0,file_brain_AXFLAIR_200_6002543,1,1,21.76172344501202
AXFLAIR,patch,dpmm_p256_t100,dpmm,top5,0,file_brain_AXFLAIR_201_6002878,0,1,27.26336200420673
AXFLAIR,patch,dpmm_p256_t100,dpmm,top5,0,file_brain_AXFLAIR_201_6002878,1,1,26.776634803185097
AXFLAIR,patch,dpmm_p256_t100,dpmm,top5,0,file_brain_AXFLAIR_201_6002878,2,1,25.53148475060096
AXFLAIR,patch,dpmm_p256_t100,dpmm,top5,0,file_brain_AXFLAIR_201_6002878,3,1,25.77751746544471
AXFLAIR,patch,dpmm_p256_t100,dpmm,top5,0,file_brain_AXFLAIR_201_6002878,4,1,24.082435021033653
AXFLAIR,patch,dpmm_p256_t100,dpmm,top5,0,file_brain_AXFLAIR_201_6002878,5,1,22.147479717548077
AXFLAIR,patch,dpmm_p256_t100,dpmm,top5,0,file_brain_AXFLAIR_201_6002878,6,1,19.76085956280048
AXFLAIR,patch,dpmm_p256_t100,dpmm,top5,0,file_brain_AXFLAIR_201_6002878,7,1,19.25450721153846
AXFLAIR,patch,dpmm_p256_t100,dpmm,top5,0,file_brain_AXFLAIR_201_6002878,8,1,19.282483614408054
AXFLAIR,patch,dpmm_p256_t100,dpmm,top5,0,file_brain_AXFLAIR_201_6002878,9,1,21.636474609375
AXFLAIR,patch,dpmm_p256_t100,dpmm,top5,0,file_brain_AXFLAIR_201_6002878,10,1,19.081139197716347
AXFLAIR,patch,dpmm_p256_t100,dpmm,top5,0,file_brain_AXFLAIR_201_6002878,11,1,18.99071561373197
AXFLAIR,patch,dpmm_p256_t100,dpmm,top5,0,file_brain_AXFLAIR_201_6002878,12,1,24.01836688701923
AXFLAIR,patch,dpmm_p256_t100,dpmm,top5,0,file_brain_AXFLAIR_201_6002878,13,1,25.78332050030048
AXT1,patch,dpmm_p64_t20,dpmm,top5,0,file_brain_AXT1_202_6000534,7,0,10.831977257361778
AXT1,patch,dpmm_p64_t20,dpmm,top5,0,file_brain_AXT1_202_2020468,4,0,9.915759746844952
AXT1,patch,dpmm_p64_t20,dpmm,top5,0,file_brain_AXT1_202_6000312,7,0,10.52493168757512
AXT1,patch,dpmm_p64_t20,dpmm,top5,0,file_brain_AXT1_202_2020468,5,0,9.385137704702524
AXT1,patch,dpmm_p64_t20,dpmm,top5,0,file_brain_AXT1_202_2020478,5,0,10.14639869103065
AXT1,patch,dpmm_p64_t20,dpmm,top5,0,file_brain_AXT1_201_6002717,5,0,10.300924447866587
AXT1,patch,dpmm_p64_t20,dpmm,top5,0,file_brain_AXT1_202_2020184,6,0,11.479655339167667
AXT1,patch,dpmm_p64_t20,dpmm,top5,0,file_brain_AXT1_202_6000305,10,0,9.50949214054988
AXT1,patch,dpmm_p64_t20,dpmm,top5,0,file_brain_AXT1_206_2060097,5,0,9.49214113675631
AXT1,patch,dpmm_p64_t20,dpmm,top5,0,file_brain_AXT1_202_2020195,7,0,10.383143498347355
AXT1,patch,dpmm_p64_t20,dpmm,top5,0,file_brain_AXT1_202_6000305,9,0,11.651155911959135
AXT1,patch,dpmm_p64_t20,dpmm,top5,0,file_brain_AXT1_202_6000408,8,0,8.875426659217247
AXT1,patch,dpmm_p64_t20,dpmm,top5,0,file_brain_AXT1_202_2020167,11,0,10.00216792179988
AXT1,patch,dpmm_p64_t20,dpmm,top5,0,file_brain_AXT1_202_6000408,11,0,10.1736814058744
AXT1,patch,dpmm_p64_t20,dpmm,top5,0,file_brain_AXT1_202_6000408,12,0,9.19016383244441
AXT1,patch,dpmm_p64_t20,dpmm,top5,0,file_brain_AXT1_202_2020496,9,0,11.163001427283653
AXT1,patch,dpmm_p64_t20,dpmm,top5,0,file_brain_AXT1_202_6000534,5,0,9.37937222994291
AXT1,patch,dpmm_p64_t20,dpmm,top5,0,file_brain_AXT1_202_2020199,6,0,9.366146381084736
AXT1,patch,dpmm_p64_t20,dpmm,top5,0,file_brain_AXT1_202_2020186,7,0,10.764193021334135
AXT1,patch,dpmm_p64_t20,dpmm,top5,0,file_brain_AXT1_202_6000591,7,0,10.13079833984375
AXT1,patch,dpmm_p64_t20,dpmm,top5,0,file_brain_AXT1_202_6000339,4,0,9.223973787747896
AXT1,patch,dpmm_p64_t20,dpmm,top5,0,file_brain_AXT1_202_2020199,5,0,10.59048579289363
AXT1,patch,dpmm_p64_t20,dpmm,top5,0,file_brain_AXT1_206_2060051,12,0,10.394606370192308
AXT1,patch,dpmm_p64_t20,dpmm,top5,0,file_brain_AXT1_202_2020184,9,0,9.61854729285607
AXT1,patch,dpmm_p64_t20,dpmm,top5,0,file_brain_AXT1_201_6002717,11,0,9.608668400691105
AXT1,patch,dpmm_p64_t20,dpmm,top5,0,file_brain_AXT1_202_2020509,4,0,10.381407517653246
AXT1,patch,dpmm_p64_t20,dpmm,top5,0,file_brain_AXT1_202_2020186,10,0,9.64174593411959
AXT1,patch,dpmm_p64_t20,dpmm,top5,0,file_brain_AXT1_206_2060097,12,0,10.211132342998798
AXT1,patch,dpmm_p64_t20,dpmm,top5,0,file_brain_AXT1_202_6000534,11,0,10.05193622295673
AXT1,patch,dpmm_p64_t20,dpmm,top5,0,file_brain_AXT1_202_2020511,5,0,9.84556638277494
AXT1,patch,dpmm_p64_t20,dpmm,top5,0,file_brain_AXT1_202_6000591,4,0,9.9300537109375
AXT1,patch,dpmm_p64_t20,dpmm,top5,0,file_brain_AXT1_202_2020248,11,0,10.580226017878605
AXT1,patch,dpmm_p64_t20,dpmm,top5,0,file_brain_AXT1_206_2060051,10,0,9.604323167067308
AXT1,patch,dpmm_p64_t20,dpmm,top5,0,file_brain_AXT1_202_2020496,7,0,10.768665020282452
AXT1,patch,dpmm_p64_t20,dpmm,top5,0,file_brain_AXT1_202_2020184,8,0,10.243781456580528
AXT1,patch,dpmm_p64_t20,dpmm,top5,0,file_brain_AXT1_202_2020167,9,0,10.044602614182692
AXT1,patch,dpmm_p64_t20,dpmm,top5,0,file_brain_AXT1_202_2020496,4,0,10.666378314678486
AXT1,patch,dpmm_p64_t20,dpmm,top5,0,file_brain_AXT1_202_6000591,6,0,9.717825082632212
AXT1,patch,dpmm_p64_t20,dpmm,top5,0,file_brain_AXT1_206_2060051,8,0,9.335741483248198
AXT1,patch,dpmm_p64_t20,dpmm,top5,0,file_brain_AXT1_202_2020511,9,0,9.98629408616286
AXT1,patch,dpmm_p64_t20,dpmm,top5,0,file_brain_AXT1_202_2020551,12,0,11.454322228064903
AXT1,patch,dpmm_p64_t20,dpmm,top5,0,file_brain_AXT1_206_2060097,9,0,10.382465069110577
AXT1,patch,dpmm_p64_t20,dpmm,top5,0,file_brain_AXT1_202_2020248,9,0,10.500469501201923
AXT1,patch,dpmm_p64_t20,dpmm,top5,0,file_brain_AXT1_202_2020076,5,0,9.447338397686298
AXT1,patch,dpmm_p64_t20,dpmm,top5,0,file_brain_AXT1_202_2020195,8,0,10.228384164663462
AXT1,patch,dpmm_p64_t20,dpmm,top5,0,file_brain_AXT1_201_6002811,11,0,9.90691903921274
AXT1,patch,dpmm_p64_t20,dpmm,top5,0,file_brain_AXT1_202_2020511,4,0,9.90313720703125
AXT1,patch,dpmm_p64_t20,dpmm,top5,0,file_brain_AXT1_202_6000305,11,0,9.309038602388823
AXT1,patch,dpmm_p64_t20,dpmm,top5,0,file_brain_AXT1_202_2020468,6,0,10.183056171123798
AXT1,patch,dpmm_p64_t20,dpmm,top5,0,file_brain_AXT1_202_2020186,9,0,10.05251723069411
AXT1,patch,dpmm_p64_t20,dpmm,top5,0,file_brain_AXT1_202_6000305,5,0,10.652726393479567
AXT1,patch,dpmm_p64_t20,dpmm,top5,0,file_brain_AXT1_201_6002717,10,0,10.907361544095552
AXT1,patch,dpmm_p64_t20,dpmm,top5,0,file_brain_AXT1_202_6000339,10,0,9.472057049091045
AXT1,patch,dpmm_p64_t20,dpmm,top5,0,file_brain_AXT1_202_2020186,11,0,10.122180645282452
AXT1,patch,dpmm_p64_t20,dpmm,top5,0,file_brain_AXT1_202_2020076,10,0,9.772091205303486
AXT1,patch,dpmm_p64_t20,dpmm,top5,0,file_brain_AXT1_202_2020496,6,0,10.796737670898438
AXT1,patch,dpmm_p64_t20,dpmm,top5,0,file_brain_AXT1_202_2020509,6,0,11.636407705453726
AXT1,patch,dpmm_p64_t20,dpmm,top5,0,file_brain_AXT1_202_6000534,4,0,9.941723163311298
AXT1,patch,dpmm_p64_t20,dpmm,top5,0,file_brain_AXT1_202_2020167,10,0,10.07022681603065
AXT1,patch,dpmm_p64_t20,dpmm,top5,0,file_brain_AXT1_202_6000591,11,0,9.676419771634615
AXT1,patch,dpmm_p64_t20,dpmm,top5,0,file_brain_AXT1_201_6002717,7,0,9.919303307166466
AXT1,patch,dpmm_p64_t20,dpmm,top5,0,file_brain_AXT1_202_6000312,10,0,10.008004995492788
AXT1,patch,dpmm_p64_t20,dpmm,top5,0,file_brain_AXT1_202_2020323,6,0,9.50592510516827
AXT1,patch,dpmm_p64_t20,dpmm,top5,0,file_brain_AXT1_202_6000312,12,0,9.060657794658955
AXT1,patch,dpmm_p64_t20,dpmm,top5,0,file_brain_AXT1_202_6000312,6,0,8.982317997859074
AXT1,patch,dpmm_p64_t20,dpmm,top5,0,file_brain_AXT1_202_2020109,8,0,10.38537128155048
AXT1,patch,dpmm_p64_t20,dpmm,top5,0,file_brain_AXT1_202_6000408,10,0,10.050106342022236
AXT1,patch,dpmm_p64_t20,dpmm,top5,0,file_brain_AXT1_202_2020184,4,0,10.072152944711538
AXT1,patch,dpmm_p64_t20,dpmm,top5,0,file_brain_AXT1_202_6000312,4,0,9.812098576472355
AXT1,patch,dpmm_p64_t20,dpmm,top5,0,file_brain_AXT1_202_6000534,12,0,9.557688786433292
AXT1,patch,dpmm_p64_t20,dpmm,top5,0,file_brain_AXT1_202_2020496,11,0,9.900513869065504
AXT1,patch,dpmm_p64_t20,dpmm,top5,0,file_brain_AXT1_202_2020076,6,0,10.500805194561298
AXT1,patch,dpmm_p64_t20,dpmm,top5,0,file_brain_AXT1_202_6000312,8,0,10.993451631986177
AXT1,patch,dpmm_p64_t20,dpmm,top5,0,file_brain_AXT1_202_6000534,8,0,9.617440443772535
AXT1,patch,dpmm_p64_t20,dpmm,top5,0,file_brain_AXT1_202_2020334,0,1,10.615452693058895
AXT1,patch,dpmm_p64_t20,dpmm,top5,0,file_brain_AXT1_202_2020334,1,1,10.286256056565504
AXT1,patch,dpmm_p64_t20,dpmm,top5,0,file_brain_AXT1_202_2020334,2,1,9.76233379657452
AXT1,patch,dpmm_p64_t20,dpmm,top5,0,file_brain_AXT1_202_2020334,3,1,10.294940655048077
AXT1,patch,dpmm_p64_t20,dpmm,top5,0,file_brain_AXT1_202_2020334,4,1,10.449143629807692
AXT1,patch,dpmm_p64_t20,dpmm,top5,0,file_brain_AXT1_202_2020334,5,1,10.106434748722958
AXT1,patch,dpmm_p64_t20,dpmm,top5,0,file_brain_AXT1_202_2020334,6,1,10.558212280273438
AXT1,patch,dpmm_p64_t20,dpmm,top5,0,file_brain_AXT1_202_2020334,7,1,10.61679898775541
AXT1,patch,dpmm_p64_t20,dpmm,top5,0,file_brain_AXT1_202_2020334,8,1,10.580976046048677
AXT1,patch,dpmm_p64_t20,dpmm,top5,0,file_brain_AXT1_202_2020334,9,1,9.54573763333834
AXT1,patch,dpmm_p64_t20,dpmm,top5,0,file_brain_AXT1_202_2020334,10,1,9.997098482572115
AXT1,patch,dpmm_p64_t20,dpmm,top5,0,file_brain_AXT1_202_2020334,11,1,10.979665902944712
AXT1,patch,dpmm_p64_t20,dpmm,top5,0,file_brain_AXT1_202_2020334,12,1,11.03643564077524
AXT1,patch,dpmm_p64_t20,dpmm,top5,0,file_brain_AXT1_202_2020334,13,1,10.752623337965746
AXT1,patch,dpmm_p64_t20,dpmm,top5,0,file_brain_AXT1_202_2020334,14,1,11.321033184344952
AXT1,patch,dpmm_p64_t20,dpmm,top5,0,file_brain_AXT1_202_2020334,15,1,11.196588369516226
AXT1,patch,dpmm_p64_t20,dpmm,top5,0,file_brain_AXT1_202_6000339,0,1,10.857352623572716
AXT1,patch,dpmm_p64_t20,dpmm,top5,0,file_brain_AXT1_202_6000339,1,1,10.784045879657452
AXT1,patch,dpmm_p64_t20,dpmm,top5,0,file_brain_AXT1_202_6000339,2,1,10.318648118239183
AXT1,patch,dpmm_p64_t20,dpmm,top5,0,file_brain_AXT1_201_6002836,0,1,10.177663949819712
AXT1,patch,dpmm_p64_t20,dpmm,top5,0,file_brain_AXT1_201_6002836,1,1,10.784186730018028
AXT1,patch,dpmm_p64_t20,dpmm,top5,0,file_brain_AXT1_201_6002836,2,1,10.575096717247597
AXT1,patch,dpmm_p64_t20,dpmm,top5,0,file_brain_AXT1_201_6002836,3,1,11.228471022385817
AXT1,patch,dpmm_p64_t20,dpmm,top5,0,file_brain_AXT1_201_6002836,4,1,10.661271315354567
AXT1,patch,dpmm_p64_t20,dpmm,top5,0,file_brain_AXT1_201_6002836,5,1,11.00656480055589
AXT1,patch,dpmm_p64_t20,dpmm,top5,0,file_brain_AXT1_201_6002836,6,1,10.411691518930288
AXT1,patch,dpmm_p64_t20,dpmm,top5,0,file_brain_AXT1_201_6002836,7,1,9.99139639047476
AXT1,patch,dpmm_p64_t20,dpmm,top5,0,file_brain_AXT1_201_6002779,11,1,9.905010516826923
AXT1,patch,dpmm_p64_t20,dpmm,top5,0,file_brain_AXT1_201_6002779,12,1,10.130982619065504
AXT1,patch,dpmm_p64_t20,dpmm,top5,0,file_brain_AXT1_201_6002779,13,1,10.360049907977764
AXT1,patch,dpmm_p64_t20,dpmm,top5,0,file_brain_AXT1_201_6002779,14,1,10.264363215519833
AXT1,patch,dpmm_p64_t20,dpmm,top5,0,file_brain_AXT1_201_6002779,15,1,10.520045353816105
AXT1,patch,dpmm_p64_t20,dpmm,top5,0,file_brain_AXT1_202_2020509,7,1,9.336105346679688
AXT1,patch,dpmm_p64_t20,dpmm,top5,0,file_brain_AXT1_202_2020509,8,1,9.46618417593149
AXT1,patch,dpmm_p64_t20,dpmm,top5,0,file_brain_AXT1_202_2020509,9,1,8.994946993314302
AXT1,patch,dpmm_p64_t20,dpmm,top5,0,file_brain_AXT1_202_2020509,10,1,9.175873389610878
AXT1,patch,dpmm_p64_t20,dpmm,top5,0,file_brain_AXT1_202_2020509,11,1,9.927088810847355
AXT1,patch,dpmm_p64_t20,dpmm,top5,0,file_brain_AXT1_202_2020509,12,1,10.090436495267427
AXT1,patch,dpmm_p64_t20,dpmm,top5,0,file_brain_AXT1_202_2020509,13,1,9.83968294583834
AXT1,patch,dpmm_p64_t20,dpmm,top5,0,file_brain_AXT1_202_2020509,14,1,10.86999746469351
AXT1,patch,dpmm_p64_t20,dpmm,top5,0,file_brain_AXT1_202_2020509,15,1,11.348557692307692
AXT1,patch,dpmm_p64_t20,dpmm,top5,0,file_brain_AXT1_202_2020418,0,1,10.070780827448917
AXT1,patch,dpmm_p64_t20,dpmm,top5,0,file_brain_AXT1_202_2020418,1,1,10.324656559870792
AXT1,patch,dpmm_p64_t20,dpmm,top5,0,file_brain_AXT1_202_2020418,2,1,9.559562096228966
AXT1,patch,dpmm_p64_t20,dpmm,top5,0,file_brain_AXT1_202_2020418,3,1,10.393951416015625
AXT1,patch,dpmm_p64_t20,dpmm,top5,0,file_brain_AXT1_202_2020418,4,1,10.005301842322716
AXT1,patch,dpmm_p64_t20,dpmm,top5,0,file_brain_AXT1_202_2020418,5,1,10.059178278996395
AXT1,patch,dpmm_p64_t20,dpmm,top5,0,file_brain_AXT1_202_2020418,6,1,10.772320087139423
AXT1,patch,dpmm_p64_t20,dpmm,top5,0,file_brain_AXT1_202_2020418,7,1,9.395490206204927
AXT1,patch,dpmm_p64_t20,dpmm,top5,0,file_brain_AXT1_202_2020418,8,1,9.556776193472055
AXT1,patch,dpmm_p64_t20,dpmm,top5,0,file_brain_AXT1_202_2020418,9,1,9.833994351900541
AXT1,patch,dpmm_p64_t20,dpmm,top5,0,file_brain_AXT1_202_2020418,10,1,9.690640963040865
AXT1,patch,dpmm_p64_t20,dpmm,top5,0,file_brain_AXT1_202_2020418,11,1,9.217228229229267
AXT1,patch,dpmm_p64_t20,dpmm,top5,0,file_brain_AXT1_202_2020418,12,1,9.461918170635517
AXT1,patch,dpmm_p64_t20,dpmm,top5,0,file_brain_AXT1_202_2020418,13,1,9.810134887695312
AXT1,patch,dpmm_p64_t20,dpmm,top5,0,file_brain_AXT1_202_2020068,0,1,9.696055485652042
AXT1,patch,dpmm_p64_t20,dpmm,top5,0,file_brain_AXT1_202_2020068,1,1,9.891627385066105
AXT1,patch,dpmm_p64_t20,dpmm,top5,0,file_brain_AXT1_202_2020068,2,1,10.338944655198317
AXT1,patch,dpmm_p64_t20,dpmm,top5,0,file_brain_AXT1_202_2020068,3,1,10.284307626577524
AXT1,patch,dpmm_p64_t20,dpmm,top5,0,file_brain_AXT1_202_2020068,4,1,10.030742938701923
AXT1,patch,dpmm_p64_t20,dpmm,top5,0,file_brain_AXT1_202_2020068,5,1,9.604542658879208
AXT1,patch,dpmm_p64_t20,dpmm,top5,0,file_brain_AXT1_202_2020068,6,1,9.066333477313702
AXT1,patch,dpmm_p64_t20,dpmm,top5,0,file_brain_AXT1_202_2020068,7,1,10.180863600510817
AXT1,patch,dpmm_p64_t20,dpmm,top5,0,file_brain_AXT1_202_2020068,8,1,10.13226083608774
AXT1,patch,dpmm_p64_t20,dpmm,top5,0,file_brain_AXT1_202_2020068,9,1,9.991405780498798
AXT1,patch,dpmm_p64_t20,dpmm,top5,0,file_brain_AXT1_202_2020068,10,1,10.30086928147536
AXT1,patch,dpmm_p64_t20,dpmm,top5,0,file_brain_AXT1_202_2020068,11,1,10.043224628155048
AXT1,patch,dpmm_p64_t20,dpmm,top5,0,file_brain_AXT1_202_2020068,12,1,10.14477304311899
AXT1,patch,dpmm_p64_t20,dpmm,top5,0,file_brain_AXT1_202_2020068,13,1,11.3787841796875
AXT1,patch,dpmm_p64_t20,dpmm,top5,0,file_brain_AXT1_202_2020068,14,1,11.386969933143028
AXT1,patch,dpmm_p64_t20,dpmm,top5,0,file_brain_AXT1_202_2020068,15,1,11.228736290564903
AXT1,patch,dpmm_p64_t20,dpmm,top5,0,file_brain_AXT1_201_6002811,0,1,9.897152240459736
AXT1,patch,dpmm_p64_t20,dpmm,top5,0,file_brain_AXT1_201_6002811,1,1,9.451447120079628
AXT1,patch,dpmm_p64_t20,dpmm,top5,0,file_brain_AXT1_201_6002811,2,1,9.813585721529448
AXT1,patch,dpmm_p64_t20,dpmm,top5,0,file_brain_AXT1_201_6002811,3,1,9.914466271033653
AXT1,patch,dpmm_p64_t20,dpmm,top5,0,file_brain_AXT1_201_6002811,4,1,9.48905534010667
AXT1,patch,dpmm_p64_t20,dpmm,top5,0,file_brain_AXT1_201_6002811,5,1,9.82797358586238
AXT1,patch,dpmm_p64_t20,dpmm,top5,0,file_brain_AXT1_201_6002811,6,1,9.645251934344952
AXT1,patch,dpmm_p64_t20,dpmm,top5,0,file_brain_AXT1_201_6002811,7,1,9.560738196739784
AXT1,patch,dpmm_p64_t20,dpmm,top5,0,file_brain_AXT1_201_6002811,8,1,10.477867713341347
AXT1,patch,dpmm_p64_t20,dpmm,top5,0,file_brain_AXT1_201_6002811,9,1,10.352562537560097
AXT1,patch,dpmm_p64_t20,dpmm,top5,0,file_brain_AXT1_201_6002811,10,1,9.8009279691256
AXT1,patch,dpmm_p64_t20,dpmm,top5,0,file_brain_AXT1_202_2020551,2,1,10.226046048677885
AXT1,patch,dpmm_p64_t20,dpmm,top5,0,file_brain_AXT1_202_2020551,3,1,9.86345966045673
AXT1,patch,dpmm_p64_t20,dpmm,top5,0,file_brain_AXT1_202_2020551,4,1,9.819915771484375
AXT1,patch,dpmm_p64_t20,dpmm,top5,0,file_brain_AXT1_202_2020551,5,1,9.677159822904146
AXT1,patch,dpmm_p64_t20,dpmm,top5,0,file_brain_AXT1_202_2020551,6,1,9.65707045335036
AXT1,patch,dpmm_p64_t20,dpmm,top5,0,file_brain_AXT1_202_2020551,7,1,9.471435546875
AXT1,patch,dpmm_p64_t20,dpmm,top5,0,file_brain_AXT1_202_2020551,8,1,9.86968994140625
AXT1,patch,dpmm_p64_t20,dpmm,top5,0,file_brain_AXT1_202_2020551,9,1,9.617740337665264
AXT1,patch,dpmm_p64_t20,dpmm,top5,0,file_brain_AXT1_206_2060097,8,1,9.528923034667969
AXT1,patch,dpmm_p64_t20,dpmm,top5,0,file_brain_AXT1_202_6000408,0,1,10.117050170898438
AXT1,patch,dpmm_p64_t20,dpmm,top5,0,file_brain_AXT1_202_6000408,1,1,10.14831308218149
AXT1,patch,dpmm_p64_t20,dpmm,top5,0,file_brain_AXT1_202_6000408,2,1,10.234722430889423
AXT1,patch,dpmm_p64_t20,dpmm,top5,0,file_brain_AXT1_202_6000408,3,1,10.105603731595552
AXT1,patch,dpmm_p64_t20,dpmm,top5,0,file_brain_AXT1_206_2060051,2,1,10.325347900390625
AXT1,patch,dpmm_p64_t20,dpmm,top5,0,file_brain_AXT1_206_2060051,3,1,10.33144319974459
AXT1,patch,dpmm_p64_t20,dpmm,top5,0,file_brain_AXT1_206_2060051,4,1,9.868788499098558
AXT1,patch,dpmm_p64_t20,dpmm,top5,0,file_brain_AXT1_202_2020009,0,1,11.074502798227163
AXT1,patch,dpmm_p64_t20,dpmm,top5,0,file_brain_AXT1_202_2020009,1,1,10.29055668757512
AXT1,patch,dpmm_p64_t20,dpmm,top5,0,file_brain_AXT1_202_2020009,2,1,10.030718289888823
AXT1,patch,dpmm_p64_t20,dpmm,top5,0,file_brain_AXT1_202_2020009,3,1,10.144227247971754
AXT1,patch,dpmm_p64_t20,dpmm,top5,0,file_brain_AXT1_202_2020009,4,1,9.615159254807692
AXT1,patch,dpmm_p64_t20,dpmm,top5,0,file_brain_AXT1_202_2020009,5,1,9.576157789963942
AXT1,patch,dpmm_p64_t20,dpmm,top5,0,file_brain_AXT1_202_2020009,6,1,10.167769211989183
AXT1,patch,dpmm_p64_t20,dpmm,top5,0,file_brain_AXT1_202_2020009,7,1,9.759969271146334
AXT1,patch,dpmm_p64_t20,dpmm,top5,0,file_brain_AXT1_202_2020009,8,1,9.901637150691105
AXT1,patch,dpmm_p64_t20,dpmm,top5,0,file_brain_AXT1_202_2020009,9,1,10.216987022986778
AXT1,patch,dpmm_p64_t20,dpmm,top5,0,file_brain_AXT1_202_2020009,10,1,10.910574106069712
AXT1,patch,dpmm_p64_t20,dpmm,top5,0,file_brain_AXT1_202_2020009,11,1,10.249715951772837
AXT1,patch,dpmm_p64_t20,dpmm,top5,0,file_brain_AXT1_202_2020009,12,1,10.586286104642427
AXT1,patch,dpmm_p64_t20,dpmm,top5,0,file_brain_AXT1_202_2020009,13,1,10.763813899113583
AXT1,patch,dpmm_p64_t20,dpmm,top5,0,file_brain_AXT1_202_2020301,0,1,10.35778573843149
AXT1,patch,dpmm_p64_t20,dpmm,top5,0,file_brain_AXT1_202_2020301,1,1,10.715077326847958
AXT1,patch,dpmm_p64_t20,dpmm,top5,0,file_brain_AXT1_202_2020301,2,1,10.30655024601863
AXT1,patch,dpmm_p64_t20,dpmm,top5,0,file_brain_AXT1_202_2020301,3,1,10.242178109975962
AXT1,patch,dpmm_p64_t20,dpmm,top5,0,file_brain_AXT1_202_2020301,4,1,10.25000234750601
AXT1,patch,dpmm_p64_t20,dpmm,top5,0,file_brain_AXT1_202_2020301,5,1,10.522838885967548
AXT1,patch,dpmm_p64_t20,dpmm,top5,0,file_brain_AXT1_202_2020301,6,1,9.849388709435097
AXT1,patch,dpmm_p64_t20,dpmm,top5,0,file_brain_AXT1_202_2020301,7,1,9.78891108586238
AXT1,patch,dpmm_p64_t20,dpmm,top5,0,file_brain_AXT1_202_2020301,8,1,9.359755295973558
AXT1,patch,dpmm_p64_t20,dpmm,top5,0,file_brain_AXT1_202_2020301,9,1,9.755148080679087
AXT1,patch,dpmm_p64_t20,dpmm,top5,0,file_brain_AXT1_202_2020301,10,1,9.293675936185396
AXT1,patch,dpmm_p64_t20,dpmm,top5,0,file_brain_AXT1_202_2020301,11,1,9.838904747596153
AXT1,patch,dpmm_p64_t20,dpmm,top5,0,file_brain_AXT1_202_2020301,12,1,10.267047588641827
AXT1,patch,dpmm_p64_t20,dpmm,top5,0,file_brain_AXT1_202_2020301,13,1,10.886945284329927
AXT1,patch,dpmm_p64_t20,dpmm,top5,0,file_brain_AXT1_202_2020156,0,1,9.882452157827524
AXT1,patch,dpmm_p64_t20,dpmm,top5,0,file_brain_AXT1_202_2020156,1,1,9.802498450646034
AXT1,patch,dpmm_p64_t20,dpmm,top5,0,file_brain_AXT1_202_2020156,2,1,9.688036405123198
AXT1,patch,dpmm_p64_t20,dpmm,top5,0,file_brain_AXT1_202_2020156,3,1,9.731673607459435
AXT1,patch,dpmm_p64_t20,dpmm,top5,0,file_brain_AXT1_202_2020156,4,1,9.715837918795073
AXT1,patch,dpmm_p64_t20,dpmm,top5,0,file_brain_AXT1_202_2020156,5,1,9.340202918419472
AXT1,patch,dpmm_p64_t20,dpmm,top5,0,file_brain_AXT1_202_2020156,6,1,9.639272836538462
AXT1,patch,dpmm_p64_t20,dpmm,top5,0,file_brain_AXT1_202_2020156,7,1,9.725455650916466
AXT1,patch,dpmm_p64_t20,dpmm,top5,0,file_brain_AXT1_202_2020156,8,1,9.27190692608173
AXT1,patch,dpmm_p64_t20,dpmm,top5,0,file_brain_AXT1_202_2020156,9,1,8.853277353140024
AXT1,patch,dpmm_p64_t20,dpmm,top5,0,file_brain_AXT1_202_2020156,10,1,9.178063025841347
AXT1,patch,dpmm_p64_t20,dpmm,top5,0,file_brain_AXT1_202_2020156,11,1,9.304984459510216
AXT1,patch,dpmm_p64_t20,dpmm,top5,0,file_brain_AXT1_202_2020156,12,1,9.941420335036058
AXT1,patch,dpmm_p64_t20,dpmm,top5,0,file_brain_AXT1_202_2020156,13,1,10.782862736628605
AXT1,patch,dpmm_p64_t20,dpmm,top5,0,file_brain_AXT1_202_2020156,14,1,9.852024958683895
AXT1,patch,dpmm_p64_t20,dpmm,top5,0,file_brain_AXT1_202_2020156,15,1,10.67529062124399
AXT1,patch,dpmm_p64_t50,dpmm,top5,0,file_brain_AXT1_202_6000534,7,0,10.173348060021034
AXT1,patch,dpmm_p64_t50,dpmm,top5,0,file_brain_AXT1_202_2020468,4,0,10.091996413010817
AXT1,patch,dpmm_p64_t50,dpmm,top5,0,file_brain_AXT1_202_6000312,7,0,10.055651151216948
AXT1,patch,dpmm_p64_t50,dpmm,top5,0,file_brain_AXT1_202_2020468,5,0,9.62459975022536
AXT1,patch,dpmm_p64_t50,dpmm,top5,0,file_brain_AXT1_202_2020478,5,0,9.70025869516226
AXT1,patch,dpmm_p64_t50,dpmm,top5,0,file_brain_AXT1_201_6002717,5,0,10.17843041053185
AXT1,patch,dpmm_p64_t50,dpmm,top5,0,file_brain_AXT1_202_2020184,6,0,10.765571007361778
AXT1,patch,dpmm_p64_t50,dpmm,top5,0,file_brain_AXT1_202_6000305,10,0,9.682245107797476
AXT1,patch,dpmm_p64_t50,dpmm,top5,0,file_brain_AXT1_206_2060097,5,0,9.05477553147536
AXT1,patch,dpmm_p64_t50,dpmm,top5,0,file_brain_AXT1_202_2020195,7,0,10.138035700871395
AXT1,patch,dpmm_p64_t50,dpmm,top5,0,file_brain_AXT1_202_6000305,9,0,11.056969275841347
AXT1,patch,dpmm_p64_t50,dpmm,top5,0,file_brain_AXT1_202_6000408,8,0,9.186527545635517
AXT1,patch,dpmm_p64_t50,dpmm,top5,0,file_brain_AXT1_202_2020167,11,0,9.851663442758413
AXT1,patch,dpmm_p64_t50,dpmm,top5,0,file_brain_AXT1_202_6000408,11,0,9.937557513897236
AXT1,patch,dpmm_p64_t50,dpmm,top5,0,file_brain_AXT1_202_6000408,12,0,9.436075650728666
AXT1,patch,dpmm_p64_t50,dpmm,top5,0,file_brain_AXT1_202_2020496,9,0,10.62053973858173
AXT1,patch,dpmm_p64_t50,dpmm,top5,0,file_brain_AXT1_202_6000534,5,0,9.546521700345552
AXT1,patch,dpmm_p64_t50,dpmm,top5,0,file_brain_AXT1_202_2020199,6,0,9.03649432842548
AXT1,patch,dpmm_p64_t50,dpmm,top5,0,file_brain_AXT1_202_2020186,7,0,10.378495436448317
AXT1,patch,dpmm_p64_t50,dpmm,top5,0,file_brain_AXT1_202_6000591,7,0,10.152564415564903
AXT1,patch,dpmm_p64_t50,dpmm,top5,0,file_brain_AXT1_202_6000339,4,0,9.520192072941708
AXT1,patch,dpmm_p64_t50,dpmm,top5,0,file_brain_AXT1_202_2020199,5,0,10.111517099233774
AXT1,patch,dpmm_p64_t50,dpmm,top5,0,file_brain_AXT1_206_2060051,12,0,9.710094745342548
AXT1,patch,dpmm_p64_t50,dpmm,top5,0,file_brain_AXT1_202_2020184,9,0,9.695846557617188
AXT1,patch,dpmm_p64_t50,dpmm,top5,0,file_brain_AXT1_201_6002717,11,0,9.461338336651142
AXT1,patch,dpmm_p64_t50,dpmm,top5,0,file_brain_AXT1_202_2020509,4,0,10.494193443885216
AXT1,patch,dpmm_p64_t50,dpmm,top5,0,file_brain_AXT1_202_2020186,10,0,9.807487487792969
AXT1,patch,dpmm_p64_t50,dpmm,top5,0,file_brain_AXT1_206_2060097,12,0,9.927687424879808
AXT1,patch,dpmm_p64_t50,dpmm,top5,0,file_brain_AXT1_202_6000534,11,0,10.071584848257212
AXT1,patch,dpmm_p64_t50,dpmm,top5,0,file_brain_AXT1_202_2020511,5,0,9.252731323242188
AXT1,patch,dpmm_p64_t50,dpmm,top5,0,file_brain_AXT1_202_6000591,4,0,9.973055326021635
AXT1,patch,dpmm_p64_t50,dpmm,top5,0,file_brain_AXT1_202_2020248,11,0,10.253094012920673
AXT1,patch,dpmm_p64_t50,dpmm,top5,0,file_brain_AXT1_206_2060051,10,0,9.68288362943209
AXT1,patch,dpmm_p64_t50,dpmm,top5,0,file_brain_AXT1_202_2020496,7,0,10.291012103740986
AXT1,patch,dpmm_p64_t50,dpmm,top5,0,file_brain_AXT1_202_2020184,8,0,10.181525597205528
AXT1,patch,dpmm_p64_t50,dpmm,top5,0,file_brain_AXT1_202_2020167,9,0,9.90572767991286
AXT1,patch,dpmm_p64_t50,dpmm,top5,0,file_brain_AXT1_202_2020496,4,0,10.727314875676083
AXT1,patch,dpmm_p64_t50,dpmm,top5,0,file_brain_AXT1_202_6000591,6,0,10.011553250826323
AXT1,patch,dpmm_p64_t50,dpmm,top5,0,file_brain_AXT1_206_2060051,8,0,9.713855449969952
AXT1,patch,dpmm_p64_t50,dpmm,top5,0,file_brain_AXT1_202_2020511,9,0,9.96134244478666
AXT1,patch,dpmm_p64_t50,dpmm,top5,0,file_brain_AXT1_202_2020551,12,0,10.6478517972506
AXT1,patch,dpmm_p64_t50,dpmm,top5,0,file_brain_AXT1_206_2060097,9,0,10.428101759690504
AXT1,patch,dpmm_p64_t50,dpmm,top5,0,file_brain_AXT1_202_2020248,9,0,10.423844557542067
AXT1,patch,dpmm_p64_t50,dpmm,top5,0,file_brain_AXT1_202_2020076,5,0,9.224178607647236
AXT1,patch,dpmm_p64_t50,dpmm,top5,0,file_brain_AXT1_202_2020195,8,0,10.219546978290264
AXT1,patch,dpmm_p64_t50,dpmm,top5,0,file_brain_AXT1_201_6002811,11,0,9.690725473257212
AXT1,patch,dpmm_p64_t50,dpmm,top5,0,file_brain_AXT1_202_2020511,4,0,9.746971130371094
AXT1,patch,dpmm_p64_t50,dpmm,top5,0,file_brain_AXT1_202_6000305,11,0,9.752566410945011
AXT1,patch,dpmm_p64_t50,dpmm,top5,0,file_brain_AXT1_202_2020468,6,0,9.726450993464542
AXT1,patch,dpmm_p64_t50,dpmm,top5,0,file_brain_AXT1_202_2020186,9,0,9.900438748873198
AXT1,patch,dpmm_p64_t50,dpmm,top5,0,file_brain_AXT1_202_6000305,5,0,9.86742929311899
AXT1,patch,dpmm_p64_t50,dpmm,top5,0,file_brain_AXT1_201_6002717,10,0,10.295056856595552
AXT1,patch,dpmm_p64_t50,dpmm,top5,0,file_brain_AXT1_202_6000339,10,0,9.329276451697716
AXT1,patch,dpmm_p64_t50,dpmm,top5,0,file_brain_AXT1_202_2020186,11,0,9.846988384540264
AXT1,patch,dpmm_p64_t50,dpmm,top5,0,file_brain_AXT1_202_2020076,10,0,9.727681086613583
AXT1,patch,dpmm_p64_t50,dpmm,top5,0,file_brain_AXT1_202_2020496,6,0,10.13265169583834
AXT1,patch,dpmm_p64_t50,dpmm,top5,0,file_brain_AXT1_202_2020509,6,0,10.944716233473558
AXT1,patch,dpmm_p64_t50,dpmm,top5,0,file_brain_AXT1_202_6000534,4,0,9.654592660757212
AXT1,patch,dpmm_p64_t50,dpmm,top5,0,file_brain_AXT1_202_2020167,10,0,9.625941349909855
AXT1,patch,dpmm_p64_t50,dpmm,top5,0,file_brain_AXT1_202_6000591,11,0,9.849616417518028
AXT1,patch,dpmm_p64_t50,dpmm,top5,0,file_brain_AXT1_201_6002717,7,0,10.03745328463041
AXT1,patch,dpmm_p64_t50,dpmm,top5,0,file_brain_AXT1_202_6000312,10,0,10.237834050105167
AXT1,patch,dpmm_p64_t50,dpmm,top5,0,file_brain_AXT1_202_2020323,6,0,9.836551372821514
AXT1,patch,dpmm_p64_t50,dpmm,top5,0,file_brain_AXT1_202_6000312,12,0,9.41664534348708
AXT1,patch,dpmm_p64_t50,dpmm,top5,0,file_brain_AXT1_202_6000312,6,0,9.304463313176083
AXT1,patch,dpmm_p64_t50,dpmm,top5,0,file_brain_AXT1_202_2020109,8,0,10.30913837139423
AXT1,patch,dpmm_p64_t50,dpmm,top5,0,file_brain_AXT1_202_6000408,10,0,9.949836144080528
AXT1,patch,dpmm_p64_t50,dpmm,top5,0,file_brain_AXT1_202_2020184,4,0,9.912767850435698
AXT1,patch,dpmm_p64_t50,dpmm,top5,0,file_brain_AXT1_202_6000312,4,0,9.989369319035458
AXT1,patch,dpmm_p64_t50,dpmm,top5,0,file_brain_AXT1_202_6000534,12,0,9.356647198016827
AXT1,patch,dpmm_p64_t50,dpmm,top5,0,file_brain_AXT1_202_2020496,11,0,9.919511061448317
AXT1,patch,dpmm_p64_t50,dpmm,top5,0,file_brain_AXT1_202_2020076,6,0,10.271129901592548
AXT1,patch,dpmm_p64_t50,dpmm,top5,0,file_brain_AXT1_202_6000312,8,0,10.646728515625
AXT1,patch,dpmm_p64_t50,dpmm,top5,0,file_brain_AXT1_202_6000534,8,0,9.457770714393028
AXT1,patch,dpmm_p64_t50,dpmm,top5,0,file_brain_AXT1_202_2020334,0,1,10.35522226186899
AXT1,patch,dpmm_p64_t50,dpmm,top5,0,file_brain_AXT1_202_2020334,1,1,10.20819561298077
AXT1,patch,dpmm_p64_t50,dpmm,top5,0,file_brain_AXT1_202_2020334,2,1,9.803074176494892
AXT1,patch,dpmm_p64_t50,dpmm,top5,0,file_brain_AXT1_202_2020334,3,1,10.206280048076923
AXT1,patch,dpmm_p64_t50,dpmm,top5,0,file_brain_AXT1_202_2020334,4,1,10.612100454477163
AXT1,patch,dpmm_p64_t50,dpmm,top5,0,file_brain_AXT1_202_2020334,5,1,10.294825627253605
AXT1,patch,dpmm_p64_t50,dpmm,top5,0,file_brain_AXT1_202_2020334,6,1,10.600168081430288
AXT1,patch,dpmm_p64_t50,dpmm,top5,0,file_brain_AXT1_202_2020334,7,1,10.459403404822716
AXT1,patch,dpmm_p64_t50,dpmm,top5,0,file_brain_AXT1_202_2020334,8,1,10.369090153620792
AXT1,patch,dpmm_p64_t50,dpmm,top5,0,file_brain_AXT1_202_2020334,9,1,9.45638216458834
AXT1,patch,dpmm_p64_t50,dpmm,top5,0,file_brain_AXT1_202_2020334,10,1,9.686943641075722
AXT1,patch,dpmm_p64_t50,dpmm,top5,0,file_brain_AXT1_202_2020334,11,1,10.803665161132812
AXT1,patch,dpmm_p64_t50,dpmm,top5,0,file_brain_AXT1_202_2020334,12,1,11.061780489408052
AXT1,patch,dpmm_p64_t50,dpmm,top5,0,file_brain_AXT1_202_2020334,13,1,10.319654024564302
AXT1,patch,dpmm_p64_t50,dpmm,top5,0,file_brain_AXT1_202_2020334,14,1,10.497090266301083
AXT1,patch,dpmm_p64_t50,dpmm,top5,0,file_brain_AXT1_202_2020334,15,1,10.349442702073317
AXT1,patch,dpmm_p64_t50,dpmm,top5,0,file_brain_AXT1_202_6000339,0,1,10.57088881272536
AXT1,patch,dpmm_p64_t50,dpmm,top5,0,file_brain_AXT1_202_6000339,1,1,10.233288104717548
AXT1,patch,dpmm_p64_t50,dpmm,top5,0,file_brain_AXT1_202_6000339,2,1,10.330037043644833
AXT1,patch,dpmm_p64_t50,dpmm,top5,0,file_brain_AXT1_201_6002836,0,1,9.99208773099459
AXT1,patch,dpmm_p64_t50,dpmm,top5,0,file_brain_AXT1_201_6002836,1,1,10.63824228140024
AXT1,patch,dpmm_p64_t50,dpmm,top5,0,file_brain_AXT1_201_6002836,2,1,10.385699932391827
AXT1,patch,dpmm_p64_t50,dpmm,top5,0,file_brain_AXT1_201_6002836,3,1,10.749192457932692
AXT1,patch,dpmm_p64_t50,dpmm,top5,0,file_brain_AXT1_201_6002836,4,1,10.534191425030048
AXT1,patch,dpmm_p64_t50,dpmm,top5,0,file_brain_AXT1_201_6002836,5,1,10.820408747746395
AXT1,patch,dpmm_p64_t50,dpmm,top5,0,file_brain_AXT1_201_6002836,6,1,10.081033559945913
AXT1,patch,dpmm_p64_t50,dpmm,top5,0,file_brain_AXT1_201_6002836,7,1,9.91411884014423
AXT1,patch,dpmm_p64_t50,dpmm,top5,0,file_brain_AXT1_201_6002779,11,1,9.691625154935396
AXT1,patch,dpmm_p64_t50,dpmm,top5,0,file_brain_AXT1_201_6002779,12,1,9.850722092848558
AXT1,patch,dpmm_p64_t50,dpmm,top5,0,file_brain_AXT1_201_6002779,13,1,10.0448972261869
AXT1,patch,dpmm_p64_t50,dpmm,top5,0,file_brain_AXT1_201_6002779,14,1,10.083808312049278
AXT1,patch,dpmm_p64_t50,dpmm,top5,0,file_brain_AXT1_201_6002779,15,1,10.204274104191708
AXT1,patch,dpmm_p64_t50,dpmm,top5,0,file_brain_AXT1_202_2020509,7,1,9.058115445650541
AXT1,patch,dpmm_p64_t50,dpmm,top5,0,file_brain_AXT1_202_2020509,8,1,9.59960702749399
AXT1,patch,dpmm_p64_t50,dpmm,top5,0,file_brain_AXT1_202_2020509,9,1,8.995545607346754
AXT1,patch,dpmm_p64_t50,dpmm,top5,0,file_brain_AXT1_202_2020509,10,1,9.301600529597355
AXT1,patch,dpmm_p64_t50,dpmm,top5,0,file_brain_AXT1_202_2020509,11,1,10.232650756835938
AXT1,patch,dpmm_p64_t50,dpmm,top5,0,file_brain_AXT1_202_2020509,12,1,10.265856229341948
AXT1,patch,dpmm_p64_t50,dpmm,top5,0,file_brain_AXT1_202_2020509,13,1,9.93093754695012
AXT1,patch,dpmm_p64_t50,dpmm,top5,0,file_brain_AXT1_202_2020509,14,1,10.600650493915264
AXT1,patch,dpmm_p64_t50,dpmm,top5,0,file_brain_AXT1_202_2020509,15,1,10.59265606219952
AXT1,patch,dpmm_p64_t50,dpmm,top5,0,file_brain_AXT1_202_2020418,0,1,10.07162123460036
AXT1,patch,dpmm_p64_t50,dpmm,top5,0,file_brain_AXT1_202_2020418,1,1,9.961383526141827
AXT1,patch,dpmm_p64_t50,dpmm,top5,0,file_brain_AXT1_202_2020418,2,1,9.827027540940504
AXT1,patch,dpmm_p64_t50,dpmm,top5,0,file_brain_AXT1_202_2020418,3,1,10.611993642953726
AXT1,patch,dpmm_p64_t50,dpmm,top5,0,file_brain_AXT1_202_2020418,4,1,10.18267352764423
AXT1,patch,dpmm_p64_t50,dpmm,top5,0,file_brain_AXT1_202_2020418,5,1,9.985850407527042
AXT1,patch,dpmm_p64_t50,dpmm,top5,0,file_brain_AXT1_202_2020418,6,1,10.327244685246395
AXT1,patch,dpmm_p64_t50,dpmm,top5,0,file_brain_AXT1_202_2020418,7,1,9.564531766451323
AXT1,patch,dpmm_p64_t50,dpmm,top5,0,file_brain_AXT1_202_2020418,8,1,9.61263920710637
AXT1,patch,dpmm_p64_t50,dpmm,top5,0,file_brain_AXT1_202_2020418,9,1,9.838064927321215
AXT1,patch,dpmm_p64_t50,dpmm,top5,0,file_brain_AXT1_202_2020418,10,1,9.769418569711538
AXT1,patch,dpmm_p64_t50,dpmm,top5,0,file_brain_AXT1_202_2020418,11,1,9.658922635591948
AXT1,patch,dpmm_p64_t50,dpmm,top5,0,file_brain_AXT1_202_2020418,12,1,9.679389366736778
AXT1,patch,dpmm_p64_t50,dpmm,top5,0,file_brain_AXT1_202_2020418,13,1,9.74002896822416
AXT1,patch,dpmm_p64_t50,dpmm,top5,0,file_brain_AXT1_202_2020068,0,1,10.143964327298677
AXT1,patch,dpmm_p64_t50,dpmm,top5,0,file_brain_AXT1_202_2020068,1,1,10.050916231595552
AXT1,patch,dpmm_p64_t50,dpmm,top5,0,file_brain_AXT1_202_2020068,2,1,10.539725670447716
AXT1,patch,dpmm_p64_t50,dpmm,top5,0,file_brain_AXT1_202_2020068,3,1,10.549120389498198
AXT1,patch,dpmm_p64_t50,dpmm,top5,0,file_brain_AXT1_202_2020068,4,1,10.079905583308292
AXT1,patch,dpmm_p64_t50,dpmm,top5,0,file_brain_AXT1_202_2020068,5,1,9.711313687838041
AXT1,patch,dpmm_p64_t50,dpmm,top5,0,file_brain_AXT1_202_2020068,6,1,9.656989464393028
AXT1,patch,dpmm_p64_t50,dpmm,top5,0,file_brain_AXT1_202_2020068,7,1,10.166748046875
AXT1,patch,dpmm_p64_t50,dpmm,top5,0,file_brain_AXT1_202_2020068,8,1,10.192691509540264
AXT1,patch,dpmm_p64_t50,dpmm,top5,0,file_brain_AXT1_202_2020068,9,1,9.687659630408653
AXT1,patch,dpmm_p64_t50,dpmm,top5,0,file_brain_AXT1_202_2020068,10,1,10.388192983774038
AXT1,patch,dpmm_p64_t50,dpmm,top5,0,file_brain_AXT1_202_2020068,11,1,10.07162827711839
AXT1,patch,dpmm_p64_t50,dpmm,top5,0,file_brain_AXT1_202_2020068,12,1,9.814833420973558
AXT1,patch,dpmm_p64_t50,dpmm,top5,0,file_brain_AXT1_202_2020068,13,1,10.803949209359976
AXT1,patch,dpmm_p64_t50,dpmm,top5,0,file_brain_AXT1_202_2020068,14,1,10.433967003455528
AXT1,patch,dpmm_p64_t50,dpmm,top5,0,file_brain_AXT1_202_2020068,15,1,10.236501840444712
AXT1,patch,dpmm_p64_t50,dpmm,top5,0,file_brain_AXT1_201_6002811,0,1,9.888049785907452
AXT1,patch,dpmm_p64_t50,dpmm,top5,0,file_brain_AXT1_201_6002811,1,1,9.77587421123798
AXT1,patch,dpmm_p64_t50,dpmm,top5,0,file_brain_AXT1_201_6002811,2,1,10.254906287560097
AXT1,patch,dpmm_p64_t50,dpmm,top5,0,file_brain_AXT1_201_6002811,3,1,9.853624784029448
AXT1,patch,dpmm_p64_t50,dpmm,top5,0,file_brain_AXT1_201_6002811,4,1,9.90926537146935
AXT1,patch,dpmm_p64_t50,dpmm,top5,0,file_brain_AXT1_201_6002811,5,1,9.955129770132212
AXT1,patch,dpmm_p64_t50,dpmm,top5,0,file_brain_AXT1_201_6002811,6,1,9.982323279747597
AXT1,patch,dpmm_p64_t50,dpmm,top5,0,file_brain_AXT1_201_6002811,7,1,9.654715317946215
AXT1,patch,dpmm_p64_t50,dpmm,top5,0,file_brain_AXT1_201_6002811,8,1,10.2478273831881
AXT1,patch,dpmm_p64_t50,dpmm,top5,0,file_brain_AXT1_201_6002811,9,1,10.26599590594952
AXT1,patch,dpmm_p64_t50,dpmm,top5,0,file_brain_AXT1_201_6002811,10,1,9.840858459472656
AXT1,patch,dpmm_p64_t50,dpmm,top5,0,file_brain_AXT1_202_2020551,2,1,10.344126774714542
AXT1,patch,dpmm_p64_t50,dpmm,top5,0,file_brain_AXT1_202_2020551,3,1,10.26947256234976
AXT1,patch,dpmm_p64_t50,dpmm,top5,0,file_brain_AXT1_202_2020551,4,1,10.145548893855167
AXT1,patch,dpmm_p64_t50,dpmm,top5,0,file_brain_AXT1_202_2020551,5,1,9.782090407151442
AXT1,patch,dpmm_p64_t50,dpmm,top5,0,file_brain_AXT1_202_2020551,6,1,9.625115614670973
AXT1,patch,dpmm_p64_t50,dpmm,top5,0,file_brain_AXT1_202_2020551,7,1,9.616109994741587
AXT1,patch,dpmm_p64_t50,dpmm,top5,0,file_brain_AXT1_202_2020551,8,1,9.810003427358774
AXT1,patch,dpmm_p64_t50,dpmm,top5,0,file_brain_AXT1_202_2020551,9,1,9.718091524564302
AXT1,patch,dpmm_p64_t50,dpmm,top5,0,file_brain_AXT1_206_2060097,8,1,9.65645540677584
AXT1,patch,dpmm_p64_t50,dpmm,top5,0,file_brain_AXT1_202_6000408,0,1,9.893716665414663
AXT1,patch,dpmm_p64_t50,dpmm,top5,0,file_brain_AXT1_202_6000408,1,1,10.122422438401442
AXT1,patch,dpmm_p64_t50,dpmm,top5,0,file_brain_AXT1_202_6000408,2,1,10.185687725360577
AXT1,patch,dpmm_p64_t50,dpmm,top5,0,file_brain_AXT1_202_6000408,3,1,9.792523310734676
AXT1,patch,dpmm_p64_t50,dpmm,top5,0,file_brain_AXT1_206_2060051,2,1,10.709647545447716
AXT1,patch,dpmm_p64_t50,dpmm,top5,0,file_brain_AXT1_206_2060051,3,1,10.54525874211238
AXT1,patch,dpmm_p64_t50,dpmm,top5,0,file_brain_AXT1_206_2060051,4,1,10.16131591796875
AXT1,patch,dpmm_p64_t50,dpmm,top5,0,file_brain_AXT1_202_2020009,0,1,10.463921180138222
AXT1,patch,dpmm_p64_t50,dpmm,top5,0,file_brain_AXT1_202_2020009,1,1,9.997987013596754
AXT1,patch,dpmm_p64_t50,dpmm,top5,0,file_brain_AXT1_202_2020009,2,1,9.93951885516827
AXT1,patch,dpmm_p64_t50,dpmm,top5,0,file_brain_AXT1_202_2020009,3,1,10.026198167067308
AXT1,patch,dpmm_p64_t50,dpmm,top5,0,file_brain_AXT1_202_2020009,4,1,9.671877934382511
AXT1,patch,dpmm_p64_t50,dpmm,top5,0,file_brain_AXT1_202_2020009,5,1,9.69303189791166
AXT1,patch,dpmm_p64_t50,dpmm,top5,0,file_brain_AXT1_202_2020009,6,1,9.714397723858173
AXT1,patch,dpmm_p64_t50,dpmm,top5,0,file_brain_AXT1_202_2020009,7,1,9.608149014986479
AXT1,patch,dpmm_p64_t50,dpmm,top5,0,file_brain_AXT1_202_2020009,8,1,9.331971388596754
AXT1,patch,dpmm_p64_t50,dpmm,top5,0,file_brain_AXT1_202_2020009,9,1,9.863355196439302
AXT1,patch,dpmm_p64_t50,dpmm,top5,0,file_brain_AXT1_202_2020009,10,1,10.327215341421274
AXT1,patch,dpmm_p64_t50,dpmm,top5,0,file_brain_AXT1_202_2020009,11,1,9.65945082444411
AXT1,patch,dpmm_p64_t50,dpmm,top5,0,file_brain_AXT1_202_2020009,12,1,10.069524911733774
AXT1,patch,dpmm_p64_t50,dpmm,top5,0,file_brain_AXT1_202_2020009,13,1,10.302149846003605
AXT1,patch,dpmm_p64_t50,dpmm,top5,0,file_brain_AXT1_202_2020301,0,1,10.540816086989183
AXT1,patch,dpmm_p64_t50,dpmm,top5,0,file_brain_AXT1_202_2020301,1,1,10.657991849459135
AXT1,patch,dpmm_p64_t50,dpmm,top5,0,file_brain_AXT1_202_2020301,2,1,10.51913100022536
AXT1,patch,dpmm_p64_t50,dpmm,top5,0,file_brain_AXT1_202_2020301,3,1,10.116891714242788
AXT1,patch,dpmm_p64_t50,dpmm,top5,0,file_brain_AXT1_202_2020301,4,1,10.446695181039663
AXT1,patch,dpmm_p64_t50,dpmm,top5,0,file_brain_AXT1_202_2020301,5,1,10.108323317307692
AXT1,patch,dpmm_p64_t50,dpmm,top5,0,file_brain_AXT1_202_2020301,6,1,9.755118736853966
AXT1,patch,dpmm_p64_t50,dpmm,top5,0,file_brain_AXT1_202_2020301,7,1,9.786565340482271
AXT1,patch,dpmm_p64_t50,dpmm,top5,0,file_brain_AXT1_202_2020301,8,1,9.42704831636869
AXT1,patch,dpmm_p64_t50,dpmm,top5,0,file_brain_AXT1_202_2020301,9,1,9.723328810471754
AXT1,patch,dpmm_p64_t50,dpmm,top5,0,file_brain_AXT1_202_2020301,10,1,9.770214374248798
AXT1,patch,dpmm_p64_t50,dpmm,top5,0,file_brain_AXT1_202_2020301,11,1,9.606663630558895
AXT1,patch,dpmm_p64_t50,dpmm,top5,0,file_brain_AXT1_202_2020301,12,1,9.958181527944712
AXT1,patch,dpmm_p64_t50,dpmm,top5,0,file_brain_AXT1_202_2020301,13,1,10.60702632023738
AXT1,patch,dpmm_p64_t50,dpmm,top5,0,file_brain_AXT1_202_2020156,0,1,10.09844970703125
AXT1,patch,dpmm_p64_t50,dpmm,top5,0,file_brain_AXT1_202_2020156,1,1,10.086351834810698
AXT1,patch,dpmm_p64_t50,dpmm,top5,0,file_brain_AXT1_202_2020156,2,1,9.74257601224459
AXT1,patch,dpmm_p64_t50,dpmm,top5,0,file_brain_AXT1_202_2020156,3,1,9.772384643554688
AXT1,patch,dpmm_p64_t50,dpmm,top5,0,file_brain_AXT1_202_2020156,4,1,9.656147883488583
AXT1,patch,dpmm_p64_t50,dpmm,top5,0,file_brain_AXT1_202_2020156,5,1,9.72994642991286
AXT1,patch,dpmm_p64_t50,dpmm,top5,0,file_brain_AXT1_202_2020156,6,1,9.805780850923979
AXT1,patch,dpmm_p64_t50,dpmm,top5,0,file_brain_AXT1_202_2020156,7,1,9.857979407677284
AXT1,patch,dpmm_p64_t50,dpmm,top5,0,file_brain_AXT1_202_2020156,8,1,9.52016859788161
AXT1,patch,dpmm_p64_t50,dpmm,top5,0,file_brain_AXT1_202_2020156,9,1,9.392293489896334
AXT1,patch,dpmm_p64_t50,dpmm,top5,0,file_brain_AXT1_202_2020156,10,1,9.29678227351262
AXT1,patch,dpmm_p64_t50,dpmm,top5,0,file_brain_AXT1_202_2020156,11,1,9.574508666992188
AXT1,patch,dpmm_p64_t50,dpmm,top5,0,file_brain_AXT1_202_2020156,12,1,9.696350684532753
AXT1,patch,dpmm_p64_t50,dpmm,top5,0,file_brain_AXT1_202_2020156,13,1,10.135064932016226
AXT1,patch,dpmm_p64_t50,dpmm,top5,0,file_brain_AXT1_202_2020156,14,1,9.736308171198917
AXT1,patch,dpmm_p64_t50,dpmm,top5,0,file_brain_AXT1_202_2020156,15,1,10.362125103290264
AXT1,patch,dpmm_p64_t100,dpmm,top5,0,file_brain_AXT1_202_6000534,7,0,11.01104736328125
AXT1,patch,dpmm_p64_t100,dpmm,top5,0,file_brain_AXT1_202_2020468,4,0,10.964544442983774
AXT1,patch,dpmm_p64_t100,dpmm,top5,0,file_brain_AXT1_202_6000312,7,0,10.700244610126202
AXT1,patch,dpmm_p64_t100,dpmm,top5,0,file_brain_AXT1_202_2020468,5,0,10.054830697866587
AXT1,patch,dpmm_p64_t100,dpmm,top5,0,file_brain_AXT1_202_2020478,5,0,10.229739849384014
AXT1,patch,dpmm_p64_t100,dpmm,top5,0,file_brain_AXT1_201_6002717,5,0,10.931938758263222
AXT1,patch,dpmm_p64_t100,dpmm,top5,0,file_brain_AXT1_202_2020184,6,0,11.542332575871395
AXT1,patch,dpmm_p64_t100,dpmm,top5,0,file_brain_AXT1_202_6000305,10,0,10.207072331355167
AXT1,patch,dpmm_p64_t100,dpmm,top5,0,file_brain_AXT1_206_2060097,5,0,9.560685377854567
AXT1,patch,dpmm_p64_t100,dpmm,top5,0,file_brain_AXT1_202_2020195,7,0,10.910010704627403
AXT1,patch,dpmm_p64_t100,dpmm,top5,0,file_brain_AXT1_202_6000305,9,0,11.86609121469351
AXT1,patch,dpmm_p64_t100,dpmm,top5,0,file_brain_AXT1_202_6000408,8,0,9.509196354792667
AXT1,patch,dpmm_p64_t100,dpmm,top5,0,file_brain_AXT1_202_2020167,11,0,9.995378934420073
AXT1,patch,dpmm_p64_t100,dpmm,top5,0,file_brain_AXT1_202_6000408,11,0,10.69823749248798
AXT1,patch,dpmm_p64_t100,dpmm,top5,0,file_brain_AXT1_202_6000408,12,0,9.773987403282753
AXT1,patch,dpmm_p64_t100,dpmm,top5,0,file_brain_AXT1_202_2020496,9,0,11.354297344501202
AXT1,patch,dpmm_p64_t100,dpmm,top5,0,file_brain_AXT1_202_6000534,5,0,10.28634526179387
AXT1,patch,dpmm_p64_t100,dpmm,top5,0,file_brain_AXT1_202_2020199,6,0,9.412166302020733
AXT1,patch,dpmm_p64_t100,dpmm,top5,0,file_brain_AXT1_202_2020186,7,0,10.787974430964542
AXT1,patch,dpmm_p64_t100,dpmm,top5,0,file_brain_AXT1_202_6000591,7,0,11.006973266601562
AXT1,patch,dpmm_p64_t100,dpmm,top5,0,file_brain_AXT1_202_6000339,4,0,9.743639432466948
AXT1,patch,dpmm_p64_t100,dpmm,top5,0,file_brain_AXT1_202_2020199,5,0,11.2546633206881
AXT1,patch,dpmm_p64_t100,dpmm,top5,0,file_brain_AXT1_206_2060051,12,0,10.34649892953726
AXT1,patch,dpmm_p64_t100,dpmm,top5,0,file_brain_AXT1_202_2020184,9,0,9.932274451622597
AXT1,patch,dpmm_p64_t100,dpmm,top5,0,file_brain_AXT1_201_6002717,11,0,9.87124751164363
AXT1,patch,dpmm_p64_t100,dpmm,top5,0,file_brain_AXT1_202_2020509,4,0,11.2328855074369
AXT1,patch,dpmm_p64_t100,dpmm,top5,0,file_brain_AXT1_202_2020186,10,0,10.667714045597958
AXT1,patch,dpmm_p64_t100,dpmm,top5,0,file_brain_AXT1_206_2060097,12,0,10.535491943359375
AXT1,patch,dpmm_p64_t100,dpmm,top5,0,file_brain_AXT1_202_6000534,11,0,10.483589759239784
AXT1,patch,dpmm_p64_t100,dpmm,top5,0,file_brain_AXT1_202_2020511,5,0,9.893014761117788
AXT1,patch,dpmm_p64_t100,dpmm,top5,0,file_brain_AXT1_202_6000591,4,0,10.55044438288762
AXT1,patch,dpmm_p64_t100,dpmm,top5,0,file_brain_AXT1_202_2020248,11,0,10.901256854717548
AXT1,patch,dpmm_p64_t100,dpmm,top5,0,file_brain_AXT1_206_2060051,10,0,10.189840463491587
AXT1,patch,dpmm_p64_t100,dpmm,top5,0,file_brain_AXT1_202_2020496,7,0,11.114455003004808
AXT1,patch,dpmm_p64_t100,dpmm,top5,0,file_brain_AXT1_202_2020184,8,0,11.05857144869291
AXT1,patch,dpmm_p64_t100,dpmm,top5,0,file_brain_AXT1_202_2020167,9,0,10.517308161808895
AXT1,patch,dpmm_p64_t100,dpmm,top5,0,file_brain_AXT1_202_2020496,4,0,11.74545405461238
AXT1,patch,dpmm_p64_t100,dpmm,top5,0,file_brain_AXT1_202_6000591,6,0,10.582620474008413
AXT1,patch,dpmm_p64_t100,dpmm,top5,0,file_brain_AXT1_206_2060051,8,0,10.16247089092548
AXT1,patch,dpmm_p64_t100,dpmm,top5,0,file_brain_AXT1_202_2020511,9,0,10.629655104417067
AXT1,patch,dpmm_p64_t100,dpmm,top5,0,file_brain_AXT1_202_2020551,12,0,11.35101083608774
AXT1,patch,dpmm_p64_t100,dpmm,top5,0,file_brain_AXT1_206_2060097,9,0,10.78594735952524
AXT1,patch,dpmm_p64_t100,dpmm,top5,0,file_brain_AXT1_202_2020248,9,0,10.597157404972958
AXT1,patch,dpmm_p64_t100,dpmm,top5,0,file_brain_AXT1_202_2020076,5,0,9.462750948392427
AXT1,patch,dpmm_p64_t100,dpmm,top5,0,file_brain_AXT1_202_2020195,8,0,10.776693490835337
AXT1,patch,dpmm_p64_t100,dpmm,top5,0,file_brain_AXT1_201_6002811,11,0,9.979981642503004
AXT1,patch,dpmm_p64_t100,dpmm,top5,0,file_brain_AXT1_202_2020511,4,0,10.305985670823317
AXT1,patch,dpmm_p64_t100,dpmm,top5,0,file_brain_AXT1_202_6000305,11,0,10.357734093299278
AXT1,patch,dpmm_p64_t100,dpmm,top5,0,file_brain_AXT1_202_2020468,6,0,10.31558110163762
AXT1,patch,dpmm_p64_t100,dpmm,top5,0,file_brain_AXT1_202_2020186,9,0,9.942457932692308
AXT1,patch,dpmm_p64_t100,dpmm,top5,0,file_brain_AXT1_202_6000305,5,0,10.8580568753756
AXT1,patch,dpmm_p64_t100,dpmm,top5,0,file_brain_AXT1_201_6002717,10,0,10.910205547626202
AXT1,patch,dpmm_p64_t100,dpmm,top5,0,file_brain_AXT1_202_6000339,10,0,9.495298532339243
AXT1,patch,dpmm_p64_t100,dpmm,top5,0,file_brain_AXT1_202_2020186,11,0,10.312579815204327
AXT1,patch,dpmm_p64_t100,dpmm,top5,0,file_brain_AXT1_202_2020076,10,0,10.243725116436298
AXT1,patch,dpmm_p64_t100,dpmm,top5,0,file_brain_AXT1_202_2020496,6,0,10.584517258864183
AXT1,patch,dpmm_p64_t100,dpmm,top5,0,file_brain_AXT1_202_2020509,6,0,11.721784151517427
AXT1,patch,dpmm_p64_t100,dpmm,top5,0,file_brain_AXT1_202_6000534,4,0,10.02483896108774
AXT1,patch,dpmm_p64_t100,dpmm,top5,0,file_brain_AXT1_202_2020167,10,0,10.156221829927885
AXT1,patch,dpmm_p64_t100,dpmm,top5,0,file_brain_AXT1_202_6000591,11,0,10.677821232722355
AXT1,patch,dpmm_p64_t100,dpmm,top5,0,file_brain_AXT1_201_6002717,7,0,10.750433114858774
AXT1,patch,dpmm_p64_t100,dpmm,top5,0,file_brain_AXT1_202_6000312,10,0,10.886224599984976
AXT1,patch,dpmm_p64_t100,dpmm,top5,0,file_brain_AXT1_202_2020323,6,0,10.327644935021034
AXT1,patch,dpmm_p64_t100,dpmm,top5,0,file_brain_AXT1_202_6000312,12,0,9.901331974909855
AXT1,patch,dpmm_p64_t100,dpmm,top5,0,file_brain_AXT1_202_6000312,6,0,9.561407822829027
AXT1,patch,dpmm_p64_t100,dpmm,top5,0,file_brain_AXT1_202_2020109,8,0,10.5359860933744
AXT1,patch,dpmm_p64_t100,dpmm,top5,0,file_brain_AXT1_202_6000408,10,0,10.038740891676683
AXT1,patch,dpmm_p64_t100,dpmm,top5,0,file_brain_AXT1_202_2020184,4,0,10.59854243351863
AXT1,patch,dpmm_p64_t100,dpmm,top5,0,file_brain_AXT1_202_6000312,4,0,10.72122779259315
AXT1,patch,dpmm_p64_t100,dpmm,top5,0,file_brain_AXT1_202_6000534,12,0,10.024046677809496
AXT1,patch,dpmm_p64_t100,dpmm,top5,0,file_brain_AXT1_202_2020496,11,0,10.61822509765625
AXT1,patch,dpmm_p64_t100,dpmm,top5,0,file_brain_AXT1_202_2020076,6,0,10.381389911358173
AXT1,patch,dpmm_p64_t100,dpmm,top5,0,file_brain_AXT1_202_6000312,8,0,11.47433119553786
AXT1,patch,dpmm_p64_t100,dpmm,top5,0,file_brain_AXT1_202_6000534,8,0,9.737134493314302
AXT1,patch,dpmm_p64_t100,dpmm,top5,0,file_brain_AXT1_202_2020334,0,1,10.996495173527645
AXT1,patch,dpmm_p64_t100,dpmm,top5,0,file_brain_AXT1_202_2020334,1,1,10.308790940504808
AXT1,patch,dpmm_p64_t100,dpmm,top5,0,file_brain_AXT1_202_2020334,2,1,9.92230459359976
AXT1,patch,dpmm_p64_t100,dpmm,top5,0,file_brain_AXT1_202_2020334,3,1,10.17708763709435
AXT1,patch,dpmm_p64_t100,dpmm,top5,0,file_brain_AXT1_202_2020334,4,1,10.950108454777645
AXT1,patch,dpmm_p64_t100,dpmm,top5,0,file_brain_AXT1_202_2020334,5,1,10.700825617863583
AXT1,patch,dpmm_p64_t100,dpmm,top5,0,file_brain_AXT1_202_2020334,6,1,11.395491379957933
AXT1,patch,dpmm_p64_t100,dpmm,top5,0,file_brain_AXT1_202_2020334,7,1,10.593724177433895
AXT1,patch,dpmm_p64_t100,dpmm,top5,0,file_brain_AXT1_202_2020334,8,1,10.798397357647236
AXT1,patch,dpmm_p64_t100,dpmm,top5,0,file_brain_AXT1_202_2020334,9,1,9.652892479529747
AXT1,patch,dpmm_p64_t100,dpmm,top5,0,file_brain_AXT1_202_2020334,10,1,10.374072735126202
AXT1,patch,dpmm_p64_t100,dpmm,top5,0,file_brain_AXT1_202_2020334,11,1,11.696224506084736
AXT1,patch,dpmm_p64_t100,dpmm,top5,0,file_brain_AXT1_202_2020334,12,1,12.20745380108173
AXT1,patch,dpmm_p64_t100,dpmm,top5,0,file_brain_AXT1_202_2020334,13,1,11.240406916691708
AXT1,patch,dpmm_p64_t100,dpmm,top5,0,file_brain_AXT1_202_2020334,14,1,11.4111081636869
AXT1,patch,dpmm_p64_t100,dpmm,top5,0,file_brain_AXT1_202_2020334,15,1,11.619478665865385
AXT1,patch,dpmm_p64_t100,dpmm,top5,0,file_brain_AXT1_202_6000339,0,1,11.398072462815504
AXT1,patch,dpmm_p64_t100,dpmm,top5,0,file_brain_AXT1_202_6000339,1,1,10.825439453125
AXT1,patch,dpmm_p64_t100,dpmm,top5,0,file_brain_AXT1_202_6000339,2,1,10.494979858398438
AXT1,patch,dpmm_p64_t100,dpmm,top5,0,file_brain_AXT1_201_6002836,0,1,10.111998337965746
AXT1,patch,dpmm_p64_t100,dpmm,top5,0,file_brain_AXT1_201_6002836,1,1,11.330035869891827
AXT1,patch,dpmm_p64_t100,dpmm,top5,0,file_brain_AXT1_201_6002836,2,1,10.13268573467548
AXT1,patch,dpmm_p64_t100,dpmm,top5,0,file_brain_AXT1_201_6002836,3,1,11.357673058143028
AXT1,patch,dpmm_p64_t100,dpmm,top5,0,file_brain_AXT1_201_6002836,4,1,10.699697641225962
AXT1,patch,dpmm_p64_t100,dpmm,top5,0,file_brain_AXT1_201_6002836,5,1,10.820512038010817
AXT1,patch,dpmm_p64_t100,dpmm,top5,0,file_brain_AXT1_201_6002836,6,1,10.315969613882212
AXT1,patch,dpmm_p64_t100,dpmm,top5,0,file_brain_AXT1_201_6002836,7,1,9.960710965670073
AXT1,patch,dpmm_p64_t100,dpmm,top5,0,file_brain_AXT1_201_6002779,11,1,9.9814453125
AXT1,patch,dpmm_p64_t100,dpmm,top5,0,file_brain_AXT1_201_6002779,12,1,10.331731942983774
AXT1,patch,dpmm_p64_t100,dpmm,top5,0,file_brain_AXT1_201_6002779,13,1,10.910704392653246
AXT1,patch,dpmm_p64_t100,dpmm,top5,0,file_brain_AXT1_201_6002779,14,1,10.636182344876802
AXT1,patch,dpmm_p64_t100,dpmm,top5,0,file_brain_AXT1_201_6002779,15,1,11.11874037522536
AXT1,patch,dpmm_p64_t100,dpmm,top5,0,file_brain_AXT1_202_2020509,7,1,9.50137446476863
AXT1,patch,dpmm_p64_t100,dpmm,top5,0,file_brain_AXT1_202_2020509,8,1,9.796221806452824
AXT1,patch,dpmm_p64_t100,dpmm,top5,0,file_brain_AXT1_202_2020509,9,1,9.139085622934195
AXT1,patch,dpmm_p64_t100,dpmm,top5,0,file_brain_AXT1_202_2020509,10,1,9.869535006009615
AXT1,patch,dpmm_p64_t100,dpmm,top5,0,file_brain_AXT1_202_2020509,11,1,10.949786846454327
AXT1,patch,dpmm_p64_t100,dpmm,top5,0,file_brain_AXT1_202_2020509,12,1,10.684180626502403
AXT1,patch,dpmm_p64_t100,dpmm,top5,0,file_brain_AXT1_202_2020509,13,1,10.751517662635216
AXT1,patch,dpmm_p64_t100,dpmm,top5,0,file_brain_AXT1_202_2020509,14,1,11.319874690129208
AXT1,patch,dpmm_p64_t100,dpmm,top5,0,file_brain_AXT1_202_2020509,15,1,11.71155019906851
AXT1,patch,dpmm_p64_t100,dpmm,top5,0,file_brain_AXT1_202_2020418,0,1,10.388935969426083
AXT1,patch,dpmm_p64_t100,dpmm,top5,0,file_brain_AXT1_202_2020418,1,1,10.423944326547476
AXT1,patch,dpmm_p64_t100,dpmm,top5,0,file_brain_AXT1_202_2020418,2,1,10.17010028545673
AXT1,patch,dpmm_p64_t100,dpmm,top5,0,file_brain_AXT1_202_2020418,3,1,11.231792743389423
AXT1,patch,dpmm_p64_t100,dpmm,top5,0,file_brain_AXT1_202_2020418,4,1,10.807477510892427
AXT1,patch,dpmm_p64_t100,dpmm,top5,0,file_brain_AXT1_202_2020418,5,1,10.564767690805288
AXT1,patch,dpmm_p64_t100,dpmm,top5,0,file_brain_AXT1_202_2020418,6,1,11.157132662259615
AXT1,patch,dpmm_p64_t100,dpmm,top5,0,file_brain_AXT1_202_2020418,7,1,9.70315903883714
AXT1,patch,dpmm_p64_t100,dpmm,top5,0,file_brain_AXT1_202_2020418,8,1,10.127259474534254
AXT1,patch,dpmm_p64_t100,dpmm,top5,0,file_brain_AXT1_202_2020418,9,1,10.379194993239183
AXT1,patch,dpmm_p64_t100,dpmm,top5,0,file_brain_AXT1_202_2020418,10,1,10.571654099684496
AXT1,patch,dpmm_p64_t100,dpmm,top5,0,file_brain_AXT1_202_2020418,11,1,10.354965209960938
AXT1,patch,dpmm_p64_t100,dpmm,top5,0,file_brain_AXT1_202_2020418,12,1,10.213358952448917
AXT1,patch,dpmm_p64_t100,dpmm,top5,0,file_brain_AXT1_202_2020418,13,1,10.53339092548077
AXT1,patch,dpmm_p64_t100,dpmm,top5,0,file_brain_AXT1_202_2020068,0,1,10.26934344951923
AXT1,patch,dpmm_p64_t100,dpmm,top5,0,file_brain_AXT1_202_2020068,1,1,10.284294715294472
AXT1,patch,dpmm_p64_t100,dpmm,top5,0,file_brain_AXT1_202_2020068,2,1,10.9136962890625
AXT1,patch,dpmm_p64_t100,dpmm,top5,0,file_brain_AXT1_202_2020068,3,1,10.79425518329327
AXT1,patch,dpmm_p64_t100,dpmm,top5,0,file_brain_AXT1_202_2020068,4,1,10.190941443810097
AXT1,patch,dpmm_p64_t100,dpmm,top5,0,file_brain_AXT1_202_2020068,5,1,9.92759000338041
AXT1,patch,dpmm_p64_t100,dpmm,top5,0,file_brain_AXT1_202_2020068,6,1,10.180995060847355
AXT1,patch,dpmm_p64_t100,dpmm,top5,0,file_brain_AXT1_202_2020068,7,1,10.698026216947115
AXT1,patch,dpmm_p64_t100,dpmm,top5,0,file_brain_AXT1_202_2020068,8,1,10.47854496882512
AXT1,patch,dpmm_p64_t100,dpmm,top5,0,file_brain_AXT1_202_2020068,9,1,10.06469961313101
AXT1,patch,dpmm_p64_t100,dpmm,top5,0,file_brain_AXT1_202_2020068,10,1,11.13540297288161
AXT1,patch,dpmm_p64_t100,dpmm,top5,0,file_brain_AXT1_202_2020068,11,1,10.803753192608173
AXT1,patch,dpmm_p64_t100,dpmm,top5,0,file_brain_AXT1_202_2020068,12,1,10.09153043306791
AXT1,patch,dpmm_p64_t100,dpmm,top5,0,file_brain_AXT1_202_2020068,13,1,11.871937678410458
AXT1,patch,dpmm_p64_t100,dpmm,top5,0,file_brain_AXT1_202_2020068,14,1,11.552654559795673
AXT1,patch,dpmm_p64_t100,dpmm,top5,0,file_brain_AXT1_202_2020068,15,1,11.44665292593149
AXT1,patch,dpmm_p64_t100,dpmm,top5,0,file_brain_AXT1_201_6002811,0,1,9.828912588266226
AXT1,patch,dpmm_p64_t100,dpmm,top5,0,file_brain_AXT1_201_6002811,1,1,10.1863767183744
AXT1,patch,dpmm_p64_t100,dpmm,top5,0,file_brain_AXT1_201_6002811,2,1,10.67336684006911
AXT1,patch,dpmm_p64_t100,dpmm,top5,0,file_brain_AXT1_201_6002811,3,1,10.099136352539062
AXT1,patch,dpmm_p64_t100,dpmm,top5,0,file_brain_AXT1_201_6002811,4,1,10.558797983022837
AXT1,patch,dpmm_p64_t100,dpmm,top5,0,file_brain_AXT1_201_6002811,5,1,10.10449688251202
AXT1,patch,dpmm_p64_t100,dpmm,top5,0,file_brain_AXT1_201_6002811,6,1,10.52013690655048
AXT1,patch,dpmm_p64_t100,dpmm,top5,0,file_brain_AXT1_201_6002811,7,1,9.950671856219952
AXT1,patch,dpmm_p64_t100,dpmm,top5,0,file_brain_AXT1_201_6002811,8,1,11.043539193960337
AXT1,patch,dpmm_p64_t100,dpmm,top5,0,file_brain_AXT1_201_6002811,9,1,10.850560114933895
AXT1,patch,dpmm_p64_t100,dpmm,top5,0,file_brain_AXT1_201_6002811,10,1,9.904553926908052
AXT1,patch,dpmm_p64_t100,dpmm,top5,0,file_brain_AXT1_202_2020551,2,1,11.099252554086538
AXT1,patch,dpmm_p64_t100,dpmm,top5,0,file_brain_AXT1_202_2020551,3,1,10.767190786508413
AXT1,patch,dpmm_p64_t100,dpmm,top5,0,file_brain_AXT1_202_2020551,4,1,10.82864966759315
AXT1,patch,dpmm_p64_t100,dpmm,top5,0,file_brain_AXT1_202_2020551,5,1,10.135431142953726
AXT1,patch,dpmm_p64_t100,dpmm,top5,0,file_brain_AXT1_202_2020551,6,1,10.213547926682692
AXT1,patch,dpmm_p64_t100,dpmm,top5,0,file_brain_AXT1_202_2020551,7,1,9.91186053936298
AXT1,patch,dpmm_p64_t100,dpmm,top5,0,file_brain_AXT1_202_2020551,8,1,10.71877699631911
AXT1,patch,dpmm_p64_t100,dpmm,top5,0,file_brain_AXT1_202_2020551,9,1,10.287008432241587
AXT1,patch,dpmm_p64_t100,dpmm,top5,0,file_brain_AXT1_206_2060097,8,1,9.674814077524038
AXT1,patch,dpmm_p64_t100,dpmm,top5,0,file_brain_AXT1_202_6000408,0,1,10.03176058255709
AXT1,patch,dpmm_p64_t100,dpmm,top5,0,file_brain_AXT1_202_6000408,1,1,10.323426466721754
AXT1,patch,dpmm_p64_t100,dpmm,top5,0,file_brain_AXT1_202_6000408,2,1,10.8057861328125
AXT1,patch,dpmm_p64_t100,dpmm,top5,0,file_brain_AXT1_202_6000408,3,1,10.10504385141226
AXT1,patch,dpmm_p64_t100,dpmm,top5,0,file_brain_AXT1_206_2060051,2,1,11.168775118314302
AXT1,patch,dpmm_p64_t100,dpmm,top5,0,file_brain_AXT1_206_2060051,3,1,10.798868032602163
AXT1,patch,dpmm_p64_t100,dpmm,top5,0,file_brain_AXT1_206_2060051,4,1,10.63506610576923
AXT1,patch,dpmm_p64_t100,dpmm,top5,0,file_brain_AXT1_202_2020009,0,1,11.183582012469952
AXT1,patch,dpmm_p64_t100,dpmm,top5,0,file_brain_AXT1_202_2020009,1,1,10.50064908541166
AXT1,patch,dpmm_p64_t100,dpmm,top5,0,file_brain_AXT1_202_2020009,2,1,9.938056358924278
AXT1,patch,dpmm_p64_t100,dpmm,top5,0,file_brain_AXT1_202_2020009,3,1,10.613614595853365
AXT1,patch,dpmm_p64_t100,dpmm,top5,0,file_brain_AXT1_202_2020009,4,1,9.91388174203726
AXT1,patch,dpmm_p64_t100,dpmm,top5,0,file_brain_AXT1_202_2020009,5,1,9.956683819110577
AXT1,patch,dpmm_p64_t100,dpmm,top5,0,file_brain_AXT1_202_2020009,6,1,10.491898756760817
AXT1,patch,dpmm_p64_t100,dpmm,top5,0,file_brain_AXT1_202_2020009,7,1,10.344529371995192
AXT1,patch,dpmm_p64_t100,dpmm,top5,0,file_brain_AXT1_202_2020009,8,1,9.928318903996395
AXT1,patch,dpmm_p64_t100,dpmm,top5,0,file_brain_AXT1_202_2020009,9,1,10.415978064903847
AXT1,patch,dpmm_p64_t100,dpmm,top5,0,file_brain_AXT1_202_2020009,10,1,11.297633244441105
AXT1,patch,dpmm_p64_t100,dpmm,top5,0,file_brain_AXT1_202_2020009,11,1,10.440469595102163
AXT1,patch,dpmm_p64_t100,dpmm,top5,0,file_brain_AXT1_202_2020009,12,1,11.13528325007512
AXT1,patch,dpmm_p64_t100,dpmm,top5,0,file_brain_AXT1_202_2020009,13,1,11.35250737116887
AXT1,patch,dpmm_p64_t100,dpmm,top5,0,file_brain_AXT1_202_2020301,0,1,11.270929189828726
AXT1,patch,dpmm_p64_t100,dpmm,top5,0,file_brain_AXT1_202_2020301,1,1,10.96438950758714
AXT1,patch,dpmm_p64_t100,dpmm,top5,0,file_brain_AXT1_202_2020301,2,1,11.049358661358173
AXT1,patch,dpmm_p64_t100,dpmm,top5,0,file_brain_AXT1_202_2020301,3,1,10.13915546123798
AXT1,patch,dpmm_p64_t100,dpmm,top5,0,file_brain_AXT1_202_2020301,4,1,10.616009051983173
AXT1,patch,dpmm_p64_t100,dpmm,top5,0,file_brain_AXT1_202_2020301,5,1,11.124525803786058
AXT1,patch,dpmm_p64_t100,dpmm,top5,0,file_brain_AXT1_202_2020301,6,1,9.970559927133413
AXT1,patch,dpmm_p64_t100,dpmm,top5,0,file_brain_AXT1_202_2020301,7,1,10.273847139798677
AXT1,patch,dpmm_p64_t100,dpmm,top5,0,file_brain_AXT1_202_2020301,8,1,9.899139404296875
AXT1,patch,dpmm_p64_t100,dpmm,top5,0,file_brain_AXT1_202_2020301,9,1,10.222862830528847
AXT1,patch,dpmm_p64_t100,dpmm,top5,0,file_brain_AXT1_202_2020301,10,1,10.365187424879808
AXT1,patch,dpmm_p64_t100,dpmm,top5,0,file_brain_AXT1_202_2020301,11,1,9.917012141301083
AXT1,patch,dpmm_p64_t100,dpmm,top5,0,file_brain_AXT1_202_2020301,12,1,10.36630366398738
AXT1,patch,dpmm_p64_t100,dpmm,top5,0,file_brain_AXT1_202_2020301,13,1,11.703808124248798
AXT1,patch,dpmm_p64_t100,dpmm,top5,0,file_brain_AXT1_202_2020156,0,1,10.560174795297476
AXT1,patch,dpmm_p64_t100,dpmm,top5,0,file_brain_AXT1_202_2020156,1,1,10.51534212552584
AXT1,patch,dpmm_p64_t100,dpmm,top5,0,file_brain_AXT1_202_2020156,2,1,9.836426955003004
AXT1,patch,dpmm_p64_t100,dpmm,top5,0,file_brain_AXT1_202_2020156,3,1,9.861788236177885
AXT1,patch,dpmm_p64_t100,dpmm,top5,0,file_brain_AXT1_202_2020156,4,1,10.161807720477764
AXT1,patch,dpmm_p64_t100,dpmm,top5,0,file_brain_AXT1_202_2020156,5,1,10.152174729567308
AXT1,patch,dpmm_p64_t100,dpmm,top5,0,file_brain_AXT1_202_2020156,6,1,10.404191237229567
AXT1,patch,dpmm_p64_t100,dpmm,top5,0,file_brain_AXT1_202_2020156,7,1,10.39600078876202
AXT1,patch,dpmm_p64_t100,dpmm,top5,0,file_brain_AXT1_202_2020156,8,1,9.96183072603666
AXT1,patch,dpmm_p64_t100,dpmm,top5,0,file_brain_AXT1_202_2020156,9,1,9.899245042067308
AXT1,patch,dpmm_p64_t100,dpmm,top5,0,file_brain_AXT1_202_2020156,10,1,9.976569542518028
AXT1,patch,dpmm_p64_t100,dpmm,top5,0,file_brain_AXT1_202_2020156,11,1,9.955985436072716
AXT1,patch,dpmm_p64_t100,dpmm,top5,0,file_brain_AXT1_202_2020156,12,1,10.305658193734976
AXT1,patch,dpmm_p64_t100,dpmm,top5,0,file_brain_AXT1_202_2020156,13,1,11.06875962477464
AXT1,patch,dpmm_p64_t100,dpmm,top5,0,file_brain_AXT1_202_2020156,14,1,10.278913057767427
AXT1,patch,dpmm_p64_t100,dpmm,top5,0,file_brain_AXT1_202_2020156,15,1,11.390249399038462
AXT1,patch,dpmm_p128_t20,dpmm,top5,0,file_brain_AXT1_202_6000534,7,0,13.995150052584135
AXT1,patch,dpmm_p128_t20,dpmm,top5,0,file_brain_AXT1_202_2020468,4,0,12.302886962890625
AXT1,patch,dpmm_p128_t20,dpmm,top5,0,file_brain_AXT1_202_6000312,7,0,13.14525897686298
AXT1,patch,dpmm_p128_t20,dpmm,top5,0,file_brain_AXT1_202_2020468,5,0,13.38421865609976
AXT1,patch,dpmm_p128_t20,dpmm,top5,0,file_brain_AXT1_202_2020478,5,0,13.142694326547476
AXT1,patch,dpmm_p128_t20,dpmm,top5,0,file_brain_AXT1_201_6002717,5,0,12.133073073167067
AXT1,patch,dpmm_p128_t20,dpmm,top5,0,file_brain_AXT1_202_2020184,6,0,14.506134033203125
AXT1,patch,dpmm_p128_t20,dpmm,top5,0,file_brain_AXT1_202_6000305,10,0,11.865283672626202
AXT1,patch,dpmm_p128_t20,dpmm,top5,0,file_brain_AXT1_206_2060097,5,0,11.419212928185097
AXT1,patch,dpmm_p128_t20,dpmm,top5,0,file_brain_AXT1_202_2020195,7,0,13.305723923903246
AXT1,patch,dpmm_p128_t20,dpmm,top5,0,file_brain_AXT1_202_6000305,9,0,14.656791100135216
AXT1,patch,dpmm_p128_t20,dpmm,top5,0,file_brain_AXT1_202_6000408,8,0,11.826624943659855
AXT1,patch,dpmm_p128_t20,dpmm,top5,0,file_brain_AXT1_202_2020167,11,0,13.74118159367488
AXT1,patch,dpmm_p128_t20,dpmm,top5,0,file_brain_AXT1_202_6000408,11,0,12.93099388709435
AXT1,patch,dpmm_p128_t20,dpmm,top5,0,file_brain_AXT1_202_6000408,12,0,11.188313410832333
AXT1,patch,dpmm_p128_t20,dpmm,top5,0,file_brain_AXT1_202_2020496,9,0,14.316253662109375
AXT1,patch,dpmm_p128_t20,dpmm,top5,0,file_brain_AXT1_202_6000534,5,0,13.03381112905649
AXT1,patch,dpmm_p128_t20,dpmm,top5,0,file_brain_AXT1_202_2020199,6,0,10.831794151893028
AXT1,patch,dpmm_p128_t20,dpmm,top5,0,file_brain_AXT1_202_2020186,7,0,13.151736919696514
AXT1,patch,dpmm_p128_t20,dpmm,top5,0,file_brain_AXT1_202_6000591,7,0,13.218487079326923
AXT1,patch,dpmm_p128_t20,dpmm,top5,0,file_brain_AXT1_202_6000339,4,0,11.434833233173077
AXT1,patch,dpmm_p128_t20,dpmm,top5,0,file_brain_AXT1_202_2020199,5,0,12.814896803635817
AXT1,patch,dpmm_p128_t20,dpmm,top5,0,file_brain_AXT1_206_2060051,12,0,12.549883328951323
AXT1,patch,dpmm_p128_t20,dpmm,top5,0,file_brain_AXT1_202_2020184,9,0,12.214212270883413
AXT1,patch,dpmm_p128_t20,dpmm,top5,0,file_brain_AXT1_201_6002717,11,0,12.892321073091948
AXT1,patch,dpmm_p128_t20,dpmm,top5,0,file_brain_AXT1_202_2020509,4,0,14.271538367638222
AXT1,patch,dpmm_p128_t20,dpmm,top5,0,file_brain_AXT1_202_2020186,10,0,13.178843571589542
AXT1,patch,dpmm_p128_t20,dpmm,top5,0,file_brain_AXT1_206_2060097,12,0,12.975445087139423
AXT1,patch,dpmm_p128_t20,dpmm,top5,0,file_brain_AXT1_202_6000534,11,0,13.285956749549278
AXT1,patch,dpmm_p128_t20,dpmm,top5,0,file_brain_AXT1_202_2020511,5,0,14.172587468073917
AXT1,patch,dpmm_p128_t20,dpmm,top5,0,file_brain_AXT1_202_6000591,4,0,12.655649038461538
AXT1,patch,dpmm_p128_t20,dpmm,top5,0,file_brain_AXT1_202_2020248,11,0,13.331165020282452
AXT1,patch,dpmm_p128_t20,dpmm,top5,0,file_brain_AXT1_206_2060051,10,0,11.963341346153847
AXT1,patch,dpmm_p128_t20,dpmm,top5,0,file_brain_AXT1_202_2020496,7,0,12.518238947941708
AXT1,patch,dpmm_p128_t20,dpmm,top5,0,file_brain_AXT1_202_2020184,8,0,13.69730435884916
AXT1,patch,dpmm_p128_t20,dpmm,top5,0,file_brain_AXT1_202_2020167,9,0,12.497478778545673
AXT1,patch,dpmm_p128_t20,dpmm,top5,0,file_brain_AXT1_202_2020496,4,0,14.075330294095552
AXT1,patch,dpmm_p128_t20,dpmm,top5,0,file_brain_AXT1_202_6000591,6,0,12.88955571101262
AXT1,patch,dpmm_p128_t20,dpmm,top5,0,file_brain_AXT1_206_2060051,8,0,12.439072829026442
AXT1,patch,dpmm_p128_t20,dpmm,top5,0,file_brain_AXT1_202_2020511,9,0,12.188375619741587
AXT1,patch,dpmm_p128_t20,dpmm,top5,0,file_brain_AXT1_202_2020551,12,0,12.391112107496996
AXT1,patch,dpmm_p128_t20,dpmm,top5,0,file_brain_AXT1_206_2060097,9,0,13.80697749211238
AXT1,patch,dpmm_p128_t20,dpmm,top5,0,file_brain_AXT1_202_2020248,9,0,14.072150597205528
AXT1,patch,dpmm_p128_t20,dpmm,top5,0,file_brain_AXT1_202_2020076,5,0,12.591244037334736
AXT1,patch,dpmm_p128_t20,dpmm,top5,0,file_brain_AXT1_202_2020195,8,0,13.518341064453125
AXT1,patch,dpmm_p128_t20,dpmm,top5,0,file_brain_AXT1_201_6002811,11,0,12.681745089017427
AXT1,patch,dpmm_p128_t20,dpmm,top5,0,file_brain_AXT1_202_2020511,4,0,12.520023052509014
AXT1,patch,dpmm_p128_t20,dpmm,top5,0,file_brain_AXT1_202_6000305,11,0,12.183787419245792
AXT1,patch,dpmm_p128_t20,dpmm,top5,0,file_brain_AXT1_202_2020468,6,0,11.856885469876802
AXT1,patch,dpmm_p128_t20,dpmm,top5,0,file_brain_AXT1_202_2020186,9,0,14.10601571890024
AXT1,patch,dpmm_p128_t20,dpmm,top5,0,file_brain_AXT1_202_6000305,5,0,13.24419696514423
AXT1,patch,dpmm_p128_t20,dpmm,top5,0,file_brain_AXT1_201_6002717,10,0,11.829336313100962
AXT1,patch,dpmm_p128_t20,dpmm,top5,0,file_brain_AXT1_202_6000339,10,0,12.290591900165264
AXT1,patch,dpmm_p128_t20,dpmm,top5,0,file_brain_AXT1_202_2020186,11,0,12.421893780048077
AXT1,patch,dpmm_p128_t20,dpmm,top5,0,file_brain_AXT1_202_2020076,10,0,12.440441425030048
AXT1,patch,dpmm_p128_t20,dpmm,top5,0,file_brain_AXT1_202_2020496,6,0,13.171767014723558
AXT1,patch,dpmm_p128_t20,dpmm,top5,0,file_brain_AXT1_202_2020509,6,0,13.381983830378605
AXT1,patch,dpmm_p128_t20,dpmm,top5,0,file_brain_AXT1_202_6000534,4,0,11.957621647761417
AXT1,patch,dpmm_p128_t20,dpmm,top5,0,file_brain_AXT1_202_2020167,10,0,12.567747849684496
AXT1,patch,dpmm_p128_t20,dpmm,top5,0,file_brain_AXT1_202_6000591,11,0,13.61809833233173
AXT1,patch,dpmm_p128_t20,dpmm,top5,0,file_brain_AXT1_201_6002717,7,0,13.846259483924278
AXT1,patch,dpmm_p128_t20,dpmm,top5,0,file_brain_AXT1_202_6000312,10,0,14.364570030799278
AXT1,patch,dpmm_p128_t20,dpmm,top5,0,file_brain_AXT1_202_2020323,6,0,13.710557204026442
AXT1,patch,dpmm_p128_t20,dpmm,top5,0,file_brain_AXT1_202_6000312,12,0,11.667323185847355
AXT1,patch,dpmm_p128_t20,dpmm,top5,0,file_brain_AXT1_202_6000312,6,0,11.69879150390625
AXT1,patch,dpmm_p128_t20,dpmm,top5,0,file_brain_AXT1_202_2020109,8,0,12.91180185171274
AXT1,patch,dpmm_p128_t20,dpmm,top5,0,file_brain_AXT1_202_6000408,10,0,12.301781287560097
AXT1,patch,dpmm_p128_t20,dpmm,top5,0,file_brain_AXT1_202_2020184,4,0,12.171589778019833
AXT1,patch,dpmm_p128_t20,dpmm,top5,0,file_brain_AXT1_202_6000312,4,0,13.20998793381911
AXT1,patch,dpmm_p128_t20,dpmm,top5,0,file_brain_AXT1_202_6000534,12,0,13.229878352238583
AXT1,patch,dpmm_p128_t20,dpmm,top5,0,file_brain_AXT1_202_2020496,11,0,12.175832895132212
AXT1,patch,dpmm_p128_t20,dpmm,top5,0,file_brain_AXT1_202_2020076,6,0,12.109373826246996
AXT1,patch,dpmm_p128_t20,dpmm,top5,0,file_brain_AXT1_202_6000312,8,0,13.8952883206881
AXT1,patch,dpmm_p128_t20,dpmm,top5,0,file_brain_AXT1_202_6000534,8,0,12.924044095552885
AXT1,patch,dpmm_p128_t20,dpmm,top5,0,file_brain_AXT1_202_2020334,0,1,13.481746967022236
AXT1,patch,dpmm_p128_t20,dpmm,top5,0,file_brain_AXT1_202_2020334,1,1,13.08191152719351
AXT1,patch,dpmm_p128_t20,dpmm,top5,0,file_brain_AXT1_202_2020334,2,1,13.796851524939903
AXT1,patch,dpmm_p128_t20,dpmm,top5,0,file_brain_AXT1_202_2020334,3,1,14.29138653094952
AXT1,patch,dpmm_p128_t20,dpmm,top5,0,file_brain_AXT1_202_2020334,4,1,14.521536020132212
AXT1,patch,dpmm_p128_t20,dpmm,top5,0,file_brain_AXT1_202_2020334,5,1,13.452601506159855
AXT1,patch,dpmm_p128_t20,dpmm,top5,0,file_brain_AXT1_202_2020334,6,1,13.266303429236778
AXT1,patch,dpmm_p128_t20,dpmm,top5,0,file_brain_AXT1_202_2020334,7,1,12.437551645132212
AXT1,patch,dpmm_p128_t20,dpmm,top5,0,file_brain_AXT1_202_2020334,8,1,12.49804217998798
AXT1,patch,dpmm_p128_t20,dpmm,top5,0,file_brain_AXT1_202_2020334,9,1,12.485819889948917
AXT1,patch,dpmm_p128_t20,dpmm,top5,0,file_brain_AXT1_202_2020334,10,1,13.14425072303185
AXT1,patch,dpmm_p128_t20,dpmm,top5,0,file_brain_AXT1_202_2020334,11,1,13.273416372445913
AXT1,patch,dpmm_p128_t20,dpmm,top5,0,file_brain_AXT1_202_2020334,12,1,14.228985126201923
AXT1,patch,dpmm_p128_t20,dpmm,top5,0,file_brain_AXT1_202_2020334,13,1,14.992755596454327
AXT1,patch,dpmm_p128_t20,dpmm,top5,0,file_brain_AXT1_202_2020334,14,1,14.440014178936298
AXT1,patch,dpmm_p128_t20,dpmm,top5,0,file_brain_AXT1_202_2020334,15,1,14.613170917217548
AXT1,patch,dpmm_p128_t20,dpmm,top5,0,file_brain_AXT1_202_6000339,0,1,14.389756422776442
AXT1,patch,dpmm_p128_t20,dpmm,top5,0,file_brain_AXT1_202_6000339,1,1,15.108196551983173
AXT1,patch,dpmm_p128_t20,dpmm,top5,0,file_brain_AXT1_202_6000339,2,1,14.847669161283052
AXT1,patch,dpmm_p128_t20,dpmm,top5,0,file_brain_AXT1_201_6002836,0,1,14.339974036583534
AXT1,patch,dpmm_p128_t20,dpmm,top5,0,file_brain_AXT1_201_6002836,1,1,14.306682880108173
AXT1,patch,dpmm_p128_t20,dpmm,top5,0,file_brain_AXT1_201_6002836,2,1,13.865811861478365
AXT1,patch,dpmm_p128_t20,dpmm,top5,0,file_brain_AXT1_201_6002836,3,1,13.98990455040565
AXT1,patch,dpmm_p128_t20,dpmm,top5,0,file_brain_AXT1_201_6002836,4,1,13.791297325721153
AXT1,patch,dpmm_p128_t20,dpmm,top5,0,file_brain_AXT1_201_6002836,5,1,14.253491915189302
AXT1,patch,dpmm_p128_t20,dpmm,top5,0,file_brain_AXT1_201_6002836,6,1,13.654522235576923
AXT1,patch,dpmm_p128_t20,dpmm,top5,0,file_brain_AXT1_201_6002836,7,1,13.17560049203726
AXT1,patch,dpmm_p128_t20,dpmm,top5,0,file_brain_AXT1_201_6002779,11,1,12.79083486703726
AXT1,patch,dpmm_p128_t20,dpmm,top5,0,file_brain_AXT1_201_6002779,12,1,13.419356126051683
AXT1,patch,dpmm_p128_t20,dpmm,top5,0,file_brain_AXT1_201_6002779,13,1,14.305821345402645
AXT1,patch,dpmm_p128_t20,dpmm,top5,0,file_brain_AXT1_201_6002779,14,1,14.298079270582933
AXT1,patch,dpmm_p128_t20,dpmm,top5,0,file_brain_AXT1_201_6002779,15,1,13.546143751878004
AXT1,patch,dpmm_p128_t20,dpmm,top5,0,file_brain_AXT1_202_2020509,7,1,11.487284733698917
AXT1,patch,dpmm_p128_t20,dpmm,top5,0,file_brain_AXT1_202_2020509,8,1,11.603118896484375
AXT1,patch,dpmm_p128_t20,dpmm,top5,0,file_brain_AXT1_202_2020509,9,1,11.553844745342548
AXT1,patch,dpmm_p128_t20,dpmm,top5,0,file_brain_AXT1_202_2020509,10,1,12.278248713566708
AXT1,patch,dpmm_p128_t20,dpmm,top5,0,file_brain_AXT1_202_2020509,11,1,13.12410677396334
AXT1,patch,dpmm_p128_t20,dpmm,top5,0,file_brain_AXT1_202_2020509,12,1,13.592899029071514
AXT1,patch,dpmm_p128_t20,dpmm,top5,0,file_brain_AXT1_202_2020509,13,1,13.50512930063101
AXT1,patch,dpmm_p128_t20,dpmm,top5,0,file_brain_AXT1_202_2020509,14,1,13.810408372145433
AXT1,patch,dpmm_p128_t20,dpmm,top5,0,file_brain_AXT1_202_2020509,15,1,15.97278301532452
AXT1,patch,dpmm_p128_t20,dpmm,top5,0,file_brain_AXT1_202_2020418,0,1,13.795533400315504
AXT1,patch,dpmm_p128_t20,dpmm,top5,0,file_brain_AXT1_202_2020418,1,1,13.600935715895433
AXT1,patch,dpmm_p128_t20,dpmm,top5,0,file_brain_AXT1_202_2020418,2,1,13.61539517916166
AXT1,patch,dpmm_p128_t20,dpmm,top5,0,file_brain_AXT1_202_2020418,3,1,14.409468430739183
AXT1,patch,dpmm_p128_t20,dpmm,top5,0,file_brain_AXT1_202_2020418,4,1,12.77301494891827
AXT1,patch,dpmm_p128_t20,dpmm,top5,0,file_brain_AXT1_202_2020418,5,1,13.009566086989183
AXT1,patch,dpmm_p128_t20,dpmm,top5,0,file_brain_AXT1_202_2020418,6,1,12.837534977839542
AXT1,patch,dpmm_p128_t20,dpmm,top5,0,file_brain_AXT1_202_2020418,7,1,12.899512657752403
AXT1,patch,dpmm_p128_t20,dpmm,top5,0,file_brain_AXT1_202_2020418,8,1,12.877069326547476
AXT1,patch,dpmm_p128_t20,dpmm,top5,0,file_brain_AXT1_202_2020418,9,1,13.00201416015625
AXT1,patch,dpmm_p128_t20,dpmm,top5,0,file_brain_AXT1_202_2020418,10,1,12.182227501502403
AXT1,patch,dpmm_p128_t20,dpmm,top5,0,file_brain_AXT1_202_2020418,11,1,13.065862802358774
AXT1,patch,dpmm_p128_t20,dpmm,top5,0,file_brain_AXT1_202_2020418,12,1,13.317455585186298
AXT1,patch,dpmm_p128_t20,dpmm,top5,0,file_brain_AXT1_202_2020418,13,1,13.128157395582933
AXT1,patch,dpmm_p128_t20,dpmm,top5,0,file_brain_AXT1_202_2020068,0,1,14.000647911658653
AXT1,patch,dpmm_p128_t20,dpmm,top5,0,file_brain_AXT1_202_2020068,1,1,13.863863431490385
AXT1,patch,dpmm_p128_t20,dpmm,top5,0,file_brain_AXT1_202_2020068,2,1,13.7275144136869
AXT1,patch,dpmm_p128_t20,dpmm,top5,0,file_brain_AXT1_202_2020068,3,1,13.094627967247597
AXT1,patch,dpmm_p128_t20,dpmm,top5,0,file_brain_AXT1_202_2020068,4,1,13.306624192457933
AXT1,patch,dpmm_p128_t20,dpmm,top5,0,file_brain_AXT1_202_2020068,5,1,13.447542630709135
AXT1,patch,dpmm_p128_t20,dpmm,top5,0,file_brain_AXT1_202_2020068,6,1,12.064554067758413
AXT1,patch,dpmm_p128_t20,dpmm,top5,0,file_brain_AXT1_202_2020068,7,1,12.768141526442308
AXT1,patch,dpmm_p128_t20,dpmm,top5,0,file_brain_AXT1_202_2020068,8,1,12.879481388972355
AXT1,patch,dpmm_p128_t20,dpmm,top5,0,file_brain_AXT1_202_2020068,9,1,13.364823561448317
AXT1,patch,dpmm_p128_t20,dpmm,top5,0,file_brain_AXT1_202_2020068,10,1,13.027276846078726
AXT1,patch,dpmm_p128_t20,dpmm,top5,0,file_brain_AXT1_202_2020068,11,1,13.515882051908052
AXT1,patch,dpmm_p128_t20,dpmm,top5,0,file_brain_AXT1_202_2020068,12,1,14.28842045710637
AXT1,patch,dpmm_p128_t20,dpmm,top5,0,file_brain_AXT1_202_2020068,13,1,14.52618173452524
AXT1,patch,dpmm_p128_t20,dpmm,top5,0,file_brain_AXT1_202_2020068,14,1,14.643146221454327
AXT1,patch,dpmm_p128_t20,dpmm,top5,0,file_brain_AXT1_202_2020068,15,1,14.940622182992788
AXT1,patch,dpmm_p128_t20,dpmm,top5,0,file_brain_AXT1_201_6002811,0,1,14.279348520132212
AXT1,patch,dpmm_p128_t20,dpmm,top5,0,file_brain_AXT1_201_6002811,1,1,15.27274381197416
AXT1,patch,dpmm_p128_t20,dpmm,top5,0,file_brain_AXT1_201_6002811,2,1,14.814643272986778
AXT1,patch,dpmm_p128_t20,dpmm,top5,0,file_brain_AXT1_201_6002811,3,1,14.297250600961538
AXT1,patch,dpmm_p128_t20,dpmm,top5,0,file_brain_AXT1_201_6002811,4,1,13.718362661508413
AXT1,patch,dpmm_p128_t20,dpmm,top5,0,file_brain_AXT1_201_6002811,5,1,14.343423696664663
AXT1,patch,dpmm_p128_t20,dpmm,top5,0,file_brain_AXT1_201_6002811,6,1,14.554627638596754
AXT1,patch,dpmm_p128_t20,dpmm,top5,0,file_brain_AXT1_201_6002811,7,1,14.566356952373798
AXT1,patch,dpmm_p128_t20,dpmm,top5,0,file_brain_AXT1_201_6002811,8,1,14.081251878004808
AXT1,patch,dpmm_p128_t20,dpmm,top5,0,file_brain_AXT1_201_6002811,9,1,14.744361290564903
AXT1,patch,dpmm_p128_t20,dpmm,top5,0,file_brain_AXT1_201_6002811,10,1,13.98047109750601
AXT1,patch,dpmm_p128_t20,dpmm,top5,0,file_brain_AXT1_202_2020551,2,1,13.608265803410458
AXT1,patch,dpmm_p128_t20,dpmm,top5,0,file_brain_AXT1_202_2020551,3,1,13.102222149188702
AXT1,patch,dpmm_p128_t20,dpmm,top5,0,file_brain_AXT1_202_2020551,4,1,13.40134019118089
AXT1,patch,dpmm_p128_t20,dpmm,top5,0,file_brain_AXT1_202_2020551,5,1,12.845775897686298
AXT1,patch,dpmm_p128_t20,dpmm,top5,0,file_brain_AXT1_202_2020551,6,1,12.773255568284254
AXT1,patch,dpmm_p128_t20,dpmm,top5,0,file_brain_AXT1_202_2020551,7,1,11.95687748835637
AXT1,patch,dpmm_p128_t20,dpmm,top5,0,file_brain_AXT1_202_2020551,8,1,12.16214106633113
AXT1,patch,dpmm_p128_t20,dpmm,top5,0,file_brain_AXT1_202_2020551,9,1,12.04192645733173
AXT1,patch,dpmm_p128_t20,dpmm,top5,0,file_brain_AXT1_206_2060097,8,1,12.334224994365986
AXT1,patch,dpmm_p128_t20,dpmm,top5,0,file_brain_AXT1_202_6000408,0,1,14.13382779634916
AXT1,patch,dpmm_p128_t20,dpmm,top5,0,file_brain_AXT1_202_6000408,1,1,13.872894287109375
AXT1,patch,dpmm_p128_t20,dpmm,top5,0,file_brain_AXT1_202_6000408,2,1,13.097944993239183
AXT1,patch,dpmm_p128_t20,dpmm,top5,0,file_brain_AXT1_202_6000408,3,1,13.069852388822115
AXT1,patch,dpmm_p128_t20,dpmm,top5,0,file_brain_AXT1_206_2060051,2,1,13.950913649338942
AXT1,patch,dpmm_p128_t20,dpmm,top5,0,file_brain_AXT1_206_2060051,3,1,13.11331528883714
AXT1,patch,dpmm_p128_t20,dpmm,top5,0,file_brain_AXT1_206_2060051,4,1,12.431006798377403
AXT1,patch,dpmm_p128_t20,dpmm,top5,0,file_brain_AXT1_202_2020009,0,1,14.588934091421274
AXT1,patch,dpmm_p128_t20,dpmm,top5,0,file_brain_AXT1_202_2020009,1,1,14.856191781850962
AXT1,patch,dpmm_p128_t20,dpmm,top5,0,file_brain_AXT1_202_2020009,2,1,15.435981163611778
AXT1,patch,dpmm_p128_t20,dpmm,top5,0,file_brain_AXT1_202_2020009,3,1,15.107648409329927
AXT1,patch,dpmm_p128_t20,dpmm,top5,0,file_brain_AXT1_202_2020009,4,1,14.40319589468149
AXT1,patch,dpmm_p128_t20,dpmm,top5,0,file_brain_AXT1_202_2020009,5,1,13.891961904672476
AXT1,patch,dpmm_p128_t20,dpmm,top5,0,file_brain_AXT1_202_2020009,6,1,13.817676250751202
AXT1,patch,dpmm_p128_t20,dpmm,top5,0,file_brain_AXT1_202_2020009,7,1,13.626275869516226
AXT1,patch,dpmm_p128_t20,dpmm,top5,0,file_brain_AXT1_202_2020009,8,1,13.790553166316105
AXT1,patch,dpmm_p128_t20,dpmm,top5,0,file_brain_AXT1_202_2020009,9,1,13.506368783804087
AXT1,patch,dpmm_p128_t20,dpmm,top5,0,file_brain_AXT1_202_2020009,10,1,14.200676551231972
AXT1,patch,dpmm_p128_t20,dpmm,top5,0,file_brain_AXT1_202_2020009,11,1,14.095879187950722
AXT1,patch,dpmm_p128_t20,dpmm,top5,0,file_brain_AXT1_202_2020009,12,1,14.457505446213942
AXT1,patch,dpmm_p128_t20,dpmm,top5,0,file_brain_AXT1_202_2020009,13,1,14.330573448768028
AXT1,patch,dpmm_p128_t20,dpmm,top5,0,file_brain_AXT1_202_2020301,0,1,15.213644174429087
AXT1,patch,dpmm_p128_t20,dpmm,top5,0,file_brain_AXT1_202_2020301,1,1,15.187408447265625
AXT1,patch,dpmm_p128_t20,dpmm,top5,0,file_brain_AXT1_202_2020301,2,1,14.065070519080528
AXT1,patch,dpmm_p128_t20,dpmm,top5,0,file_brain_AXT1_202_2020301,3,1,13.55114980844351
AXT1,patch,dpmm_p128_t20,dpmm,top5,0,file_brain_AXT1_202_2020301,4,1,13.628974327674278
AXT1,patch,dpmm_p128_t20,dpmm,top5,0,file_brain_AXT1_202_2020301,5,1,12.997060922475962
AXT1,patch,dpmm_p128_t20,dpmm,top5,0,file_brain_AXT1_202_2020301,6,1,12.059315608097958
AXT1,patch,dpmm_p128_t20,dpmm,top5,0,file_brain_AXT1_202_2020301,7,1,12.52300555889423
AXT1,patch,dpmm_p128_t20,dpmm,top5,0,file_brain_AXT1_202_2020301,8,1,12.70187260554387
AXT1,patch,dpmm_p128_t20,dpmm,top5,0,file_brain_AXT1_202_2020301,9,1,12.261735182542067
AXT1,patch,dpmm_p128_t20,dpmm,top5,0,file_brain_AXT1_202_2020301,10,1,12.05062044583834
AXT1,patch,dpmm_p128_t20,dpmm,top5,0,file_brain_AXT1_202_2020301,11,1,12.922208345853365
AXT1,patch,dpmm_p128_t20,dpmm,top5,0,file_brain_AXT1_202_2020301,12,1,13.52132591834435
AXT1,patch,dpmm_p128_t20,dpmm,top5,0,file_brain_AXT1_202_2020301,13,1,14.86373314490685
AXT1,patch,dpmm_p128_t20,dpmm,top5,0,file_brain_AXT1_202_2020156,0,1,15.282882690429688
AXT1,patch,dpmm_p128_t20,dpmm,top5,0,file_brain_AXT1_202_2020156,1,1,14.894728440504808
AXT1,patch,dpmm_p128_t20,dpmm,top5,0,file_brain_AXT1_202_2020156,2,1,13.94891826923077
AXT1,patch,dpmm_p128_t20,dpmm,top5,0,file_brain_AXT1_202_2020156,3,1,14.27420161320613
AXT1,patch,dpmm_p128_t20,dpmm,top5,0,file_brain_AXT1_202_2020156,4,1,14.067666860727163
AXT1,patch,dpmm_p128_t20,dpmm,top5,0,file_brain_AXT1_202_2020156,5,1,12.904857928936298
AXT1,patch,dpmm_p128_t20,dpmm,top5,0,file_brain_AXT1_202_2020156,6,1,12.396564190204327
AXT1,patch,dpmm_p128_t20,dpmm,top5,0,file_brain_AXT1_202_2020156,7,1,12.99175790640024
AXT1,patch,dpmm_p128_t20,dpmm,top5,0,file_brain_AXT1_202_2020156,8,1,12.168006310096153
AXT1,patch,dpmm_p128_t20,dpmm,top5,0,file_brain_AXT1_202_2020156,9,1,12.054574819711538
AXT1,patch,dpmm_p128_t20,dpmm,top5,0,file_brain_AXT1_202_2020156,10,1,11.959469134990986
AXT1,patch,dpmm_p128_t20,dpmm,top5,0,file_brain_AXT1_202_2020156,11,1,13.263231717623198
AXT1,patch,dpmm_p128_t20,dpmm,top5,0,file_brain_AXT1_202_2020156,12,1,13.214611346905048
AXT1,patch,dpmm_p128_t20,dpmm,top5,0,file_brain_AXT1_202_2020156,13,1,13.911285400390625
AXT1,patch,dpmm_p128_t20,dpmm,top5,0,file_brain_AXT1_202_2020156,14,1,14.054867084209736
AXT1,patch,dpmm_p128_t20,dpmm,top5,0,file_brain_AXT1_202_2020156,15,1,13.777511596679688
AXT1,patch,dpmm_p128_t50,dpmm,top5,0,file_brain_AXT1_202_6000534,7,0,13.896351740910458
AXT1,patch,dpmm_p128_t50,dpmm,top5,0,file_brain_AXT1_202_2020468,4,0,12.249063345102163
AXT1,patch,dpmm_p128_t50,dpmm,top5,0,file_brain_AXT1_202_6000312,7,0,13.081969041090746
AXT1,patch,dpmm_p128_t50,dpmm,top5,0,file_brain_AXT1_202_2020468,5,0,13.2889404296875
AXT1,patch,dpmm_p128_t50,dpmm,top5,0,file_brain_AXT1_202_2020478,5,0,13.048055795522837
AXT1,patch,dpmm_p128_t50,dpmm,top5,0,file_brain_AXT1_201_6002717,5,0,12.08221200796274
AXT1,patch,dpmm_p128_t50,dpmm,top5,0,file_brain_AXT1_202_2020184,6,0,14.4001711331881
AXT1,patch,dpmm_p128_t50,dpmm,top5,0,file_brain_AXT1_202_6000305,10,0,11.818401630108173
AXT1,patch,dpmm_p128_t50,dpmm,top5,0,file_brain_AXT1_206_2060097,5,0,11.372727614182692
AXT1,patch,dpmm_p128_t50,dpmm,top5,0,file_brain_AXT1_202_2020195,7,0,13.238053541917067
AXT1,patch,dpmm_p128_t50,dpmm,top5,0,file_brain_AXT1_202_6000305,9,0,14.54958754319411
AXT1,patch,dpmm_p128_t50,dpmm,top5,0,file_brain_AXT1_202_6000408,8,0,11.762674184945913
AXT1,patch,dpmm_p128_t50,dpmm,top5,0,file_brain_AXT1_202_2020167,11,0,13.62512441781851
AXT1,patch,dpmm_p128_t50,dpmm,top5,0,file_brain_AXT1_202_6000408,11,0,12.900284987229567
AXT1,patch,dpmm_p128_t50,dpmm,top5,0,file_brain_AXT1_202_6000408,12,0,11.144153301532452
AXT1,patch,dpmm_p128_t50,dpmm,top5,0,file_brain_AXT1_202_2020496,9,0,14.23375995342548
AXT1,patch,dpmm_p128_t50,dpmm,top5,0,file_brain_AXT1_202_6000534,5,0,12.94415048452524
AXT1,patch,dpmm_p128_t50,dpmm,top5,0,file_brain_AXT1_202_2020199,6,0,10.816910963792067
AXT1,patch,dpmm_p128_t50,dpmm,top5,0,file_brain_AXT1_202_2020186,7,0,13.118333082932692
AXT1,patch,dpmm_p128_t50,dpmm,top5,0,file_brain_AXT1_202_6000591,7,0,13.107653104341948
AXT1,patch,dpmm_p128_t50,dpmm,top5,0,file_brain_AXT1_202_6000339,4,0,11.380846463716948
AXT1,patch,dpmm_p128_t50,dpmm,top5,0,file_brain_AXT1_202_2020199,5,0,12.750535231370192
AXT1,patch,dpmm_p128_t50,dpmm,top5,0,file_brain_AXT1_206_2060051,12,0,12.482967670147236
AXT1,patch,dpmm_p128_t50,dpmm,top5,0,file_brain_AXT1_202_2020184,9,0,12.154076209435097
AXT1,patch,dpmm_p128_t50,dpmm,top5,0,file_brain_AXT1_201_6002717,11,0,12.809070293719952
AXT1,patch,dpmm_p128_t50,dpmm,top5,0,file_brain_AXT1_202_2020509,4,0,14.16064453125
AXT1,patch,dpmm_p128_t50,dpmm,top5,0,file_brain_AXT1_202_2020186,10,0,13.082796536959135
AXT1,patch,dpmm_p128_t50,dpmm,top5,0,file_brain_AXT1_206_2060097,12,0,12.926008958082933
AXT1,patch,dpmm_p128_t50,dpmm,top5,0,file_brain_AXT1_202_6000534,11,0,13.22925039438101
AXT1,patch,dpmm_p128_t50,dpmm,top5,0,file_brain_AXT1_202_2020511,5,0,14.070878248948317
AXT1,patch,dpmm_p128_t50,dpmm,top5,0,file_brain_AXT1_202_6000591,4,0,12.625272310697115
AXT1,patch,dpmm_p128_t50,dpmm,top5,0,file_brain_AXT1_202_2020248,11,0,13.231033325195312
AXT1,patch,dpmm_p128_t50,dpmm,top5,0,file_brain_AXT1_206_2060051,10,0,11.925287099984976
AXT1,patch,dpmm_p128_t50,dpmm,top5,0,file_brain_AXT1_202_2020496,7,0,12.482353797325722
AXT1,patch,dpmm_p128_t50,dpmm,top5,0,file_brain_AXT1_202_2020184,8,0,13.626105675330528
AXT1,patch,dpmm_p128_t50,dpmm,top5,0,file_brain_AXT1_202_2020167,9,0,12.442945040189302
AXT1,patch,dpmm_p128_t50,dpmm,top5,0,file_brain_AXT1_202_2020496,4,0,13.971937913161058
AXT1,patch,dpmm_p128_t50,dpmm,top5,0,file_brain_AXT1_202_6000591,6,0,12.843730046198917
AXT1,patch,dpmm_p128_t50,dpmm,top5,0,file_brain_AXT1_206_2060051,8,0,12.373761690579927
AXT1,patch,dpmm_p128_t50,dpmm,top5,0,file_brain_AXT1_202_2020511,9,0,12.14563457782452
AXT1,patch,dpmm_p128_t50,dpmm,top5,0,file_brain_AXT1_202_2020551,12,0,12.339925912710337
AXT1,patch,dpmm_p128_t50,dpmm,top5,0,file_brain_AXT1_206_2060097,9,0,13.730618990384615
AXT1,patch,dpmm_p128_t50,dpmm,top5,0,file_brain_AXT1_202_2020248,9,0,13.998028094951923
AXT1,patch,dpmm_p128_t50,dpmm,top5,0,file_brain_AXT1_202_2020076,5,0,12.52328373835637
AXT1,patch,dpmm_p128_t50,dpmm,top5,0,file_brain_AXT1_202_2020195,8,0,13.428705068734976
AXT1,patch,dpmm_p128_t50,dpmm,top5,0,file_brain_AXT1_201_6002811,11,0,12.622249896709736
AXT1,patch,dpmm_p128_t50,dpmm,top5,0,file_brain_AXT1_202_2020511,4,0,12.471421461838942
AXT1,patch,dpmm_p128_t50,dpmm,top5,0,file_brain_AXT1_202_6000305,11,0,12.13108121431791
AXT1,patch,dpmm_p128_t50,dpmm,top5,0,file_brain_AXT1_202_2020468,6,0,11.823920616736778
AXT1,patch,dpmm_p128_t50,dpmm,top5,0,file_brain_AXT1_202_2020186,9,0,13.983717698317308
AXT1,patch,dpmm_p128_t50,dpmm,top5,0,file_brain_AXT1_202_6000305,5,0,13.146798940805288
AXT1,patch,dpmm_p128_t50,dpmm,top5,0,file_brain_AXT1_201_6002717,10,0,11.810476449819712
AXT1,patch,dpmm_p128_t50,dpmm,top5,0,file_brain_AXT1_202_6000339,10,0,12.224452092097355
AXT1,patch,dpmm_p128_t50,dpmm,top5,0,file_brain_AXT1_202_2020186,11,0,12.358318622295673
AXT1,patch,dpmm_p128_t50,dpmm,top5,0,file_brain_AXT1_202_2020076,10,0,12.367708646334135
AXT1,patch,dpmm_p128_t50,dpmm,top5,0,file_brain_AXT1_202_2020496,6,0,13.125009390024038
AXT1,patch,dpmm_p128_t50,dpmm,top5,0,file_brain_AXT1_202_2020509,6,0,13.294317392202524
AXT1,patch,dpmm_p128_t50,dpmm,top5,0,file_brain_AXT1_202_6000534,4,0,11.940138596754808
AXT1,patch,dpmm_p128_t50,dpmm,top5,0,file_brain_AXT1_202_2020167,10,0,12.53192373422476
AXT1,patch,dpmm_p128_t50,dpmm,top5,0,file_brain_AXT1_202_6000591,11,0,13.505325317382812
AXT1,patch,dpmm_p128_t50,dpmm,top5,0,file_brain_AXT1_201_6002717,7,0,13.75032982459435
AXT1,patch,dpmm_p128_t50,dpmm,top5,0,file_brain_AXT1_202_6000312,10,0,14.237236609825722
AXT1,patch,dpmm_p128_t50,dpmm,top5,0,file_brain_AXT1_202_2020323,6,0,13.59713158240685
AXT1,patch,dpmm_p128_t50,dpmm,top5,0,file_brain_AXT1_202_6000312,12,0,11.604719895582933
AXT1,patch,dpmm_p128_t50,dpmm,top5,0,file_brain_AXT1_202_6000312,6,0,11.637559157151442
AXT1,patch,dpmm_p128_t50,dpmm,top5,0,file_brain_AXT1_202_2020109,8,0,12.844031700721153
AXT1,patch,dpmm_p128_t50,dpmm,top5,0,file_brain_AXT1_202_6000408,10,0,12.266444279597355
AXT1,patch,dpmm_p128_t50,dpmm,top5,0,file_brain_AXT1_202_2020184,4,0,12.112814096304087
AXT1,patch,dpmm_p128_t50,dpmm,top5,0,file_brain_AXT1_202_6000312,4,0,13.126654991736778
AXT1,patch,dpmm_p128_t50,dpmm,top5,0,file_brain_AXT1_202_6000534,12,0,13.154465895432692
AXT1,patch,dpmm_p128_t50,dpmm,top5,0,file_brain_AXT1_202_2020496,11,0,12.138829157902645
AXT1,patch,dpmm_p128_t50,dpmm,top5,0,file_brain_AXT1_202_2020076,6,0,12.069777268629808
AXT1,patch,dpmm_p128_t50,dpmm,top5,0,file_brain_AXT1_202_6000312,8,0,13.77652329664964
AXT1,patch,dpmm_p128_t50,dpmm,top5,0,file_brain_AXT1_202_6000534,8,0,12.845015305739183
AXT1,patch,dpmm_p128_t50,dpmm,top5,0,file_brain_AXT1_202_2020334,0,1,13.38077369103065
AXT1,patch,dpmm_p128_t50,dpmm,top5,0,file_brain_AXT1_202_2020334,1,1,13.010836087740385
AXT1,patch,dpmm_p128_t50,dpmm,top5,0,file_brain_AXT1_202_2020334,2,1,13.70147470327524
AXT1,patch,dpmm_p128_t50,dpmm,top5,0,file_brain_AXT1_202_2020334,3,1,14.186614990234375
AXT1,patch,dpmm_p128_t50,dpmm,top5,0,file_brain_AXT1_202_2020334,4,1,14.413287823016827
AXT1,patch,dpmm_p128_t50,dpmm,top5,0,file_brain_AXT1_202_2020334,5,1,13.38531728891226
AXT1,patch,dpmm_p128_t50,dpmm,top5,0,file_brain_AXT1_202_2020334,6,1,13.221362774188702
AXT1,patch,dpmm_p128_t50,dpmm,top5,0,file_brain_AXT1_202_2020334,7,1,12.357957106370192
AXT1,patch,dpmm_p128_t50,dpmm,top5,0,file_brain_AXT1_202_2020334,8,1,12.427501971905048
AXT1,patch,dpmm_p128_t50,dpmm,top5,0,file_brain_AXT1_202_2020334,9,1,12.415968674879808
AXT1,patch,dpmm_p128_t50,dpmm,top5,0,file_brain_AXT1_202_2020334,10,1,13.068717369666466
AXT1,patch,dpmm_p128_t50,dpmm,top5,0,file_brain_AXT1_202_2020334,11,1,13.175581711989183
AXT1,patch,dpmm_p128_t50,dpmm,top5,0,file_brain_AXT1_202_2020334,12,1,14.107687143179087
AXT1,patch,dpmm_p128_t50,dpmm,top5,0,file_brain_AXT1_202_2020334,13,1,14.85985858623798
AXT1,patch,dpmm_p128_t50,dpmm,top5,0,file_brain_AXT1_202_2020334,14,1,14.332735501802885
AXT1,patch,dpmm_p128_t50,dpmm,top5,0,file_brain_AXT1_202_2020334,15,1,14.496029193584736
AXT1,patch,dpmm_p128_t50,dpmm,top5,0,file_brain_AXT1_202_6000339,0,1,14.277817946213942
AXT1,patch,dpmm_p128_t50,dpmm,top5,0,file_brain_AXT1_202_6000339,1,1,15.029529278094952
AXT1,patch,dpmm_p128_t50,dpmm,top5,0,file_brain_AXT1_202_6000339,2,1,14.735262357271635
AXT1,patch,dpmm_p128_t50,dpmm,top5,0,file_brain_AXT1_201_6002836,0,1,14.245758056640625
AXT1,patch,dpmm_p128_t50,dpmm,top5,0,file_brain_AXT1_201_6002836,1,1,14.214555006760817
AXT1,patch,dpmm_p128_t50,dpmm,top5,0,file_brain_AXT1_201_6002836,2,1,13.782984806941105
AXT1,patch,dpmm_p128_t50,dpmm,top5,0,file_brain_AXT1_201_6002836,3,1,13.904969435471754
AXT1,patch,dpmm_p128_t50,dpmm,top5,0,file_brain_AXT1_201_6002836,4,1,13.763504028320312
AXT1,patch,dpmm_p128_t50,dpmm,top5,0,file_brain_AXT1_201_6002836,5,1,14.178534874549278
AXT1,patch,dpmm_p128_t50,dpmm,top5,0,file_brain_AXT1_201_6002836,6,1,13.584571251502403
AXT1,patch,dpmm_p128_t50,dpmm,top5,0,file_brain_AXT1_201_6002836,7,1,13.125356820913462
AXT1,patch,dpmm_p128_t50,dpmm,top5,0,file_brain_AXT1_201_6002779,11,1,12.730738713191105
AXT1,patch,dpmm_p128_t50,dpmm,top5,0,file_brain_AXT1_201_6002779,12,1,13.326222346379208
AXT1,patch,dpmm_p128_t50,dpmm,top5,0,file_brain_AXT1_201_6002779,13,1,14.187867384690504
AXT1,patch,dpmm_p128_t50,dpmm,top5,0,file_brain_AXT1_201_6002779,14,1,14.174398568960337
AXT1,patch,dpmm_p128_t50,dpmm,top5,0,file_brain_AXT1_201_6002779,15,1,13.451239952674278
AXT1,patch,dpmm_p128_t50,dpmm,top5,0,file_brain_AXT1_202_2020509,7,1,11.413943950946514
AXT1,patch,dpmm_p128_t50,dpmm,top5,0,file_brain_AXT1_202_2020509,8,1,11.539644681490385
AXT1,patch,dpmm_p128_t50,dpmm,top5,0,file_brain_AXT1_202_2020509,9,1,11.498003446138823
AXT1,patch,dpmm_p128_t50,dpmm,top5,0,file_brain_AXT1_202_2020509,10,1,12.206611046424278
AXT1,patch,dpmm_p128_t50,dpmm,top5,0,file_brain_AXT1_202_2020509,11,1,13.04345703125
AXT1,patch,dpmm_p128_t50,dpmm,top5,0,file_brain_AXT1_202_2020509,12,1,13.481466440054087
AXT1,patch,dpmm_p128_t50,dpmm,top5,0,file_brain_AXT1_202_2020509,13,1,13.393960806039663
AXT1,patch,dpmm_p128_t50,dpmm,top5,0,file_brain_AXT1_202_2020509,14,1,13.724346454326923
AXT1,patch,dpmm_p128_t50,dpmm,top5,0,file_brain_AXT1_202_2020509,15,1,15.842667799729567
AXT1,patch,dpmm_p128_t50,dpmm,top5,0,file_brain_AXT1_202_2020418,0,1,13.689295842097355
AXT1,patch,dpmm_p128_t50,dpmm,top5,0,file_brain_AXT1_202_2020418,1,1,13.512002798227163
AXT1,patch,dpmm_p128_t50,dpmm,top5,0,file_brain_AXT1_202_2020418,2,1,13.52236116849459
AXT1,patch,dpmm_p128_t50,dpmm,top5,0,file_brain_AXT1_202_2020418,3,1,14.284813514122597
AXT1,patch,dpmm_p128_t50,dpmm,top5,0,file_brain_AXT1_202_2020418,4,1,12.724044799804688
AXT1,patch,dpmm_p128_t50,dpmm,top5,0,file_brain_AXT1_202_2020418,5,1,12.935538658728966
AXT1,patch,dpmm_p128_t50,dpmm,top5,0,file_brain_AXT1_202_2020418,6,1,12.764712993915264
AXT1,patch,dpmm_p128_t50,dpmm,top5,0,file_brain_AXT1_202_2020418,7,1,12.82281963641827
AXT1,patch,dpmm_p128_t50,dpmm,top5,0,file_brain_AXT1_202_2020418,8,1,12.798343365009014
AXT1,patch,dpmm_p128_t50,dpmm,top5,0,file_brain_AXT1_202_2020418,9,1,12.92992929311899
AXT1,patch,dpmm_p128_t50,dpmm,top5,0,file_brain_AXT1_202_2020418,10,1,12.104118934044472
AXT1,patch,dpmm_p128_t50,dpmm,top5,0,file_brain_AXT1_202_2020418,11,1,12.965991680438702
AXT1,patch,dpmm_p128_t50,dpmm,top5,0,file_brain_AXT1_202_2020418,12,1,13.213655911959135
AXT1,patch,dpmm_p128_t50,dpmm,top5,0,file_brain_AXT1_202_2020418,13,1,13.052213228665865
AXT1,patch,dpmm_p128_t50,dpmm,top5,0,file_brain_AXT1_202_2020068,0,1,13.896151029146635
AXT1,patch,dpmm_p128_t50,dpmm,top5,0,file_brain_AXT1_202_2020068,1,1,13.760047325721153
AXT1,patch,dpmm_p128_t50,dpmm,top5,0,file_brain_AXT1_202_2020068,2,1,13.644206120417667
AXT1,patch,dpmm_p128_t50,dpmm,top5,0,file_brain_AXT1_202_2020068,3,1,13.007213885967548
AXT1,patch,dpmm_p128_t50,dpmm,top5,0,file_brain_AXT1_202_2020068,4,1,13.229624821589542
AXT1,patch,dpmm_p128_t50,dpmm,top5,0,file_brain_AXT1_202_2020068,5,1,13.374222975510817
AXT1,patch,dpmm_p128_t50,dpmm,top5,0,file_brain_AXT1_202_2020068,6,1,12.006103515625
AXT1,patch,dpmm_p128_t50,dpmm,top5,0,file_brain_AXT1_202_2020068,7,1,12.685242872971754
AXT1,patch,dpmm_p128_t50,dpmm,top5,0,file_brain_AXT1_202_2020068,8,1,12.782261775090145
AXT1,patch,dpmm_p128_t50,dpmm,top5,0,file_brain_AXT1_202_2020068,9,1,13.255361703725962
AXT1,patch,dpmm_p128_t50,dpmm,top5,0,file_brain_AXT1_202_2020068,10,1,12.92981426532452
AXT1,patch,dpmm_p128_t50,dpmm,top5,0,file_brain_AXT1_202_2020068,11,1,13.408538818359375
AXT1,patch,dpmm_p128_t50,dpmm,top5,0,file_brain_AXT1_202_2020068,12,1,14.172366802509014
AXT1,patch,dpmm_p128_t50,dpmm,top5,0,file_brain_AXT1_202_2020068,13,1,14.404449462890625
AXT1,patch,dpmm_p128_t50,dpmm,top5,0,file_brain_AXT1_202_2020068,14,1,14.526320237379808
AXT1,patch,dpmm_p128_t50,dpmm,top5,0,file_brain_AXT1_202_2020068,15,1,14.83929443359375
AXT1,patch,dpmm_p128_t50,dpmm,top5,0,file_brain_AXT1_201_6002811,0,1,14.167850200946514
AXT1,patch,dpmm_p128_t50,dpmm,top5,0,file_brain_AXT1_201_6002811,1,1,15.138385479266827
AXT1,patch,dpmm_p128_t50,dpmm,top5,0,file_brain_AXT1_201_6002811,2,1,14.688435481144833
AXT1,patch,dpmm_p128_t50,dpmm,top5,0,file_brain_AXT1_201_6002811,3,1,14.18401630108173
AXT1,patch,dpmm_p128_t50,dpmm,top5,0,file_brain_AXT1_201_6002811,4,1,13.614030104417067
AXT1,patch,dpmm_p128_t50,dpmm,top5,0,file_brain_AXT1_201_6002811,5,1,14.24115459735577
AXT1,patch,dpmm_p128_t50,dpmm,top5,0,file_brain_AXT1_201_6002811,6,1,14.42965815617488
AXT1,patch,dpmm_p128_t50,dpmm,top5,0,file_brain_AXT1_201_6002811,7,1,14.44284409743089
AXT1,patch,dpmm_p128_t50,dpmm,top5,0,file_brain_AXT1_201_6002811,8,1,13.973724365234375
AXT1,patch,dpmm_p128_t50,dpmm,top5,0,file_brain_AXT1_201_6002811,9,1,14.62630638709435
AXT1,patch,dpmm_p128_t50,dpmm,top5,0,file_brain_AXT1_201_6002811,10,1,13.89475308931791
AXT1,patch,dpmm_p128_t50,dpmm,top5,0,file_brain_AXT1_202_2020551,2,1,13.527670053335337
AXT1,patch,dpmm_p128_t50,dpmm,top5,0,file_brain_AXT1_202_2020551,3,1,13.054365891676683
AXT1,patch,dpmm_p128_t50,dpmm,top5,0,file_brain_AXT1_202_2020551,4,1,13.366905799278847
AXT1,patch,dpmm_p128_t50,dpmm,top5,0,file_brain_AXT1_202_2020551,5,1,12.780489408052885
AXT1,patch,dpmm_p128_t50,dpmm,top5,0,file_brain_AXT1_202_2020551,6,1,12.709390493539663
AXT1,patch,dpmm_p128_t50,dpmm,top5,0,file_brain_AXT1_202_2020551,7,1,11.909996619591347
AXT1,patch,dpmm_p128_t50,dpmm,top5,0,file_brain_AXT1_202_2020551,8,1,12.095748901367188
AXT1,patch,dpmm_p128_t50,dpmm,top5,0,file_brain_AXT1_202_2020551,9,1,11.982323279747597
AXT1,patch,dpmm_p128_t50,dpmm,top5,0,file_brain_AXT1_206_2060097,8,1,12.277394221379208
AXT1,patch,dpmm_p128_t50,dpmm,top5,0,file_brain_AXT1_202_6000408,0,1,14.034300584059496
AXT1,patch,dpmm_p128_t50,dpmm,top5,0,file_brain_AXT1_202_6000408,1,1,13.803133451021635
AXT1,patch,dpmm_p128_t50,dpmm,top5,0,file_brain_AXT1_202_6000408,2,1,13.04241473858173
AXT1,patch,dpmm_p128_t50,dpmm,top5,0,file_brain_AXT1_202_6000408,3,1,13.011040320763222
AXT1,patch,dpmm_p128_t50,dpmm,top5,0,file_brain_AXT1_206_2060051,2,1,13.882943960336538
AXT1,patch,dpmm_p128_t50,dpmm,top5,0,file_brain_AXT1_206_2060051,3,1,13.069320678710938
AXT1,patch,dpmm_p128_t50,dpmm,top5,0,file_brain_AXT1_206_2060051,4,1,12.394561767578125
AXT1,patch,dpmm_p128_t50,dpmm,top5,0,file_brain_AXT1_202_2020009,0,1,14.488595815805288
AXT1,patch,dpmm_p128_t50,dpmm,top5,0,file_brain_AXT1_202_2020009,1,1,14.730054415189302
AXT1,patch,dpmm_p128_t50,dpmm,top5,0,file_brain_AXT1_202_2020009,2,1,15.306411743164062
AXT1,patch,dpmm_p128_t50,dpmm,top5,0,file_brain_AXT1_202_2020009,3,1,14.988419752854567
AXT1,patch,dpmm_p128_t50,dpmm,top5,0,file_brain_AXT1_202_2020009,4,1,14.29397700383113
AXT1,patch,dpmm_p128_t50,dpmm,top5,0,file_brain_AXT1_202_2020009,5,1,13.791588416466347
AXT1,patch,dpmm_p128_t50,dpmm,top5,0,file_brain_AXT1_202_2020009,6,1,13.704721304086538
AXT1,patch,dpmm_p128_t50,dpmm,top5,0,file_brain_AXT1_202_2020009,7,1,13.521505502554087
AXT1,patch,dpmm_p128_t50,dpmm,top5,0,file_brain_AXT1_202_2020009,8,1,13.680513822115385
AXT1,patch,dpmm_p128_t50,dpmm,top5,0,file_brain_AXT1_202_2020009,9,1,13.40210195688101
AXT1,patch,dpmm_p128_t50,dpmm,top5,0,file_brain_AXT1_202_2020009,10,1,14.04739732008714
AXT1,patch,dpmm_p128_t50,dpmm,top5,0,file_brain_AXT1_202_2020009,11,1,13.977535541240986
AXT1,patch,dpmm_p128_t50,dpmm,top5,0,file_brain_AXT1_202_2020009,12,1,14.32406029334435
AXT1,patch,dpmm_p128_t50,dpmm,top5,0,file_brain_AXT1_202_2020009,13,1,14.215037419245792
AXT1,patch,dpmm_p128_t50,dpmm,top5,0,file_brain_AXT1_202_2020301,0,1,15.090432974008413
AXT1,patch,dpmm_p128_t50,dpmm,top5,0,file_brain_AXT1_202_2020301,1,1,15.071309016301083
AXT1,patch,dpmm_p128_t50,dpmm,top5,0,file_brain_AXT1_202_2020301,2,1,13.984351524939903
AXT1,patch,dpmm_p128_t50,dpmm,top5,0,file_brain_AXT1_202_2020301,3,1,13.480248084435097
AXT1,patch,dpmm_p128_t50,dpmm,top5,0,file_brain_AXT1_202_2020301,4,1,13.540641197791466
AXT1,patch,dpmm_p128_t50,dpmm,top5,0,file_brain_AXT1_202_2020301,5,1,12.93862797663762
AXT1,patch,dpmm_p128_t50,dpmm,top5,0,file_brain_AXT1_202_2020301,6,1,12.01171405498798
AXT1,patch,dpmm_p128_t50,dpmm,top5,0,file_brain_AXT1_202_2020301,7,1,12.468238243689903
AXT1,patch,dpmm_p128_t50,dpmm,top5,0,file_brain_AXT1_202_2020301,8,1,12.620096059945913
AXT1,patch,dpmm_p128_t50,dpmm,top5,0,file_brain_AXT1_202_2020301,9,1,12.18091289813702
AXT1,patch,dpmm_p128_t50,dpmm,top5,0,file_brain_AXT1_202_2020301,10,1,12.003177349384014
AXT1,patch,dpmm_p128_t50,dpmm,top5,0,file_brain_AXT1_202_2020301,11,1,12.848919208233173
AXT1,patch,dpmm_p128_t50,dpmm,top5,0,file_brain_AXT1_202_2020301,12,1,13.433755727914663
AXT1,patch,dpmm_p128_t50,dpmm,top5,0,file_brain_AXT1_202_2020301,13,1,14.764997042142427
AXT1,patch,dpmm_p128_t50,dpmm,top5,0,file_brain_AXT1_202_2020156,0,1,15.151775653545673
AXT1,patch,dpmm_p128_t50,dpmm,top5,0,file_brain_AXT1_202_2020156,1,1,14.765913743239183
AXT1,patch,dpmm_p128_t50,dpmm,top5,0,file_brain_AXT1_202_2020156,2,1,13.828722440279448
AXT1,patch,dpmm_p128_t50,dpmm,top5,0,file_brain_AXT1_202_2020156,3,1,14.168831458458534
AXT1,patch,dpmm_p128_t50,dpmm,top5,0,file_brain_AXT1_202_2020156,4,1,13.979447584885817
AXT1,patch,dpmm_p128_t50,dpmm,top5,0,file_brain_AXT1_202_2020156,5,1,12.853856013371395
AXT1,patch,dpmm_p128_t50,dpmm,top5,0,file_brain_AXT1_202_2020156,6,1,12.337733342097355
AXT1,patch,dpmm_p128_t50,dpmm,top5,0,file_brain_AXT1_202_2020156,7,1,12.90143291766827
AXT1,patch,dpmm_p128_t50,dpmm,top5,0,file_brain_AXT1_202_2020156,8,1,12.102689302884615
AXT1,patch,dpmm_p128_t50,dpmm,top5,0,file_brain_AXT1_202_2020156,9,1,11.998552762545073
AXT1,patch,dpmm_p128_t50,dpmm,top5,0,file_brain_AXT1_202_2020156,10,1,11.887349055363583
AXT1,patch,dpmm_p128_t50,dpmm,top5,0,file_brain_AXT1_202_2020156,11,1,13.158733661358173
AXT1,patch,dpmm_p128_t50,dpmm,top5,0,file_brain_AXT1_202_2020156,12,1,13.118052555964542
AXT1,patch,dpmm_p128_t50,dpmm,top5,0,file_brain_AXT1_202_2020156,13,1,13.785514244666466
AXT1,patch,dpmm_p128_t50,dpmm,top5,0,file_brain_AXT1_202_2020156,14,1,13.948432335486778
AXT1,patch,dpmm_p128_t50,dpmm,top5,0,file_brain_AXT1_202_2020156,15,1,13.687069232647236
AXT1,patch,dpmm_p128_t50,dpmm,top5,1,file_brain_AXT1_202_6000534,7,0,14.007859450120192
AXT1,patch,dpmm_p128_t50,dpmm,top5,1,file_brain_AXT1_202_2020468,4,0,12.437901423527645
AXT1,patch,dpmm_p128_t50,dpmm,top5,1,file_brain_AXT1_202_6000312,7,0,13.221416766826923
AXT1,patch,dpmm_p128_t50,dpmm,top5,1,file_brain_AXT1_202_2020468,5,0,13.424542940579927
AXT1,patch,dpmm_p128_t50,dpmm,top5,1,file_brain_AXT1_202_2020478,5,0,13.140578049879808
AXT1,patch,dpmm_p128_t50,dpmm,top5,1,file_brain_AXT1_201_6002717,5,0,12.158345149113583
AXT1,patch,dpmm_p128_t50,dpmm,top5,1,file_brain_AXT1_202_2020184,6,0,14.207923302283653
AXT1,patch,dpmm_p128_t50,dpmm,top5,1,file_brain_AXT1_202_6000305,10,0,11.957024207481972
AXT1,patch,dpmm_p128_t50,dpmm,top5,1,file_brain_AXT1_206_2060097,5,0,11.460975060096153
AXT1,patch,dpmm_p128_t50,dpmm,top5,1,file_brain_AXT1_202_2020195,7,0,13.419809194711538
AXT1,patch,dpmm_p128_t50,dpmm,top5,1,file_brain_AXT1_202_6000305,9,0,14.673910287710337
AXT1,patch,dpmm_p128_t50,dpmm,top5,1,file_brain_AXT1_202_6000408,8,0,11.882758507361778
AXT1,patch,dpmm_p128_t50,dpmm,top5,1,file_brain_AXT1_202_2020167,11,0,13.748704176682692
AXT1,patch,dpmm_p128_t50,dpmm,top5,1,file_brain_AXT1_202_6000408,11,0,12.975873506986177
AXT1,patch,dpmm_p128_t50,dpmm,top5,1,file_brain_AXT1_202_6000408,12,0,11.364459698016827
AXT1,patch,dpmm_p128_t50,dpmm,top5,1,file_brain_AXT1_202_2020496,9,0,14.535565889798677
AXT1,patch,dpmm_p128_t50,dpmm,top5,1,file_brain_AXT1_202_6000534,5,0,13.273291954627403
AXT1,patch,dpmm_p128_t50,dpmm,top5,1,file_brain_AXT1_202_2020199,6,0,10.90435321514423
AXT1,patch,dpmm_p128_t50,dpmm,top5,1,file_brain_AXT1_202_2020186,7,0,13.251600999098558
AXT1,patch,dpmm_p128_t50,dpmm,top5,1,file_brain_AXT1_202_6000591,7,0,13.070997971754808
AXT1,patch,dpmm_p128_t50,dpmm,top5,1,file_brain_AXT1_202_6000339,4,0,11.483551025390625
AXT1,patch,dpmm_p128_t50,dpmm,top5,1,file_brain_AXT1_202_2020199,5,0,12.910851111778847
AXT1,patch,dpmm_p128_t50,dpmm,top5,1,file_brain_AXT1_206_2060051,12,0,12.609339787409855
AXT1,patch,dpmm_p128_t50,dpmm,top5,1,file_brain_AXT1_202_2020184,9,0,12.153387216421274
AXT1,patch,dpmm_p128_t50,dpmm,top5,1,file_brain_AXT1_201_6002717,11,0,12.87151630108173
AXT1,patch,dpmm_p128_t50,dpmm,top5,1,file_brain_AXT1_202_2020509,4,0,14.059125460111177
AXT1,patch,dpmm_p128_t50,dpmm,top5,1,file_brain_AXT1_202_2020186,10,0,13.088743943434496
AXT1,patch,dpmm_p128_t50,dpmm,top5,1,file_brain_AXT1_206_2060097,12,0,12.948775071364183
AXT1,patch,dpmm_p128_t50,dpmm,top5,1,file_brain_AXT1_202_6000534,11,0,13.353568443885216
AXT1,patch,dpmm_p128_t50,dpmm,top5,1,file_brain_AXT1_202_2020511,5,0,14.497452955979567
AXT1,patch,dpmm_p128_t50,dpmm,top5,1,file_brain_AXT1_202_6000591,4,0,12.66009756234976
AXT1,patch,dpmm_p128_t50,dpmm,top5,1,file_brain_AXT1_202_2020248,11,0,13.6448000394381
AXT1,patch,dpmm_p128_t50,dpmm,top5,1,file_brain_AXT1_206_2060051,10,0,12.008148193359375
AXT1,patch,dpmm_p128_t50,dpmm,top5,1,file_brain_AXT1_202_2020496,7,0,12.671842134915865
AXT1,patch,dpmm_p128_t50,dpmm,top5,1,file_brain_AXT1_202_2020184,8,0,13.78546142578125
AXT1,patch,dpmm_p128_t50,dpmm,top5,1,file_brain_AXT1_202_2020167,9,0,12.490234375
AXT1,patch,dpmm_p128_t50,dpmm,top5,1,file_brain_AXT1_202_2020496,4,0,14.198390080378605
AXT1,patch,dpmm_p128_t50,dpmm,top5,1,file_brain_AXT1_202_6000591,6,0,12.954697829026442
AXT1,patch,dpmm_p128_t50,dpmm,top5,1,file_brain_AXT1_206_2060051,8,0,12.551643958458534
AXT1,patch,dpmm_p128_t50,dpmm,top5,1,file_brain_AXT1_202_2020511,9,0,12.419974693885216
AXT1,patch,dpmm_p128_t50,dpmm,top5,1,file_brain_AXT1_202_2020551,12,0,12.5357912503756
AXT1,patch,dpmm_p128_t50,dpmm,top5,1,file_brain_AXT1_206_2060097,9,0,13.79250277005709
AXT1,patch,dpmm_p128_t50,dpmm,top5,1,file_brain_AXT1_202_2020248,9,0,14.199593177208534
AXT1,patch,dpmm_p128_t50,dpmm,top5,1,file_brain_AXT1_202_2020076,5,0,12.615719134990986
AXT1,patch,dpmm_p128_t50,dpmm,top5,1,file_brain_AXT1_202_2020195,8,0,13.580062866210938
AXT1,patch,dpmm_p128_t50,dpmm,top5,1,file_brain_AXT1_201_6002811,11,0,12.73764390211839
AXT1,patch,dpmm_p128_t50,dpmm,top5,1,file_brain_AXT1_202_2020511,4,0,12.559637216421274
AXT1,patch,dpmm_p128_t50,dpmm,top5,1,file_brain_AXT1_202_6000305,11,0,12.209520780123198
AXT1,patch,dpmm_p128_t50,dpmm,top5,1,file_brain_AXT1_202_2020468,6,0,11.941898052509014
AXT1,patch,dpmm_p128_t50,dpmm,top5,1,file_brain_AXT1_202_2020186,9,0,13.906872089092548
AXT1,patch,dpmm_p128_t50,dpmm,top5,1,file_brain_AXT1_202_6000305,5,0,13.35788785494291
AXT1,patch,dpmm_p128_t50,dpmm,top5,1,file_brain_AXT1_201_6002717,10,0,11.933124248798077
AXT1,patch,dpmm_p128_t50,dpmm,top5,1,file_brain_AXT1_202_6000339,10,0,12.314647967998798
AXT1,patch,dpmm_p128_t50,dpmm,top5,1,file_brain_AXT1_202_2020186,11,0,12.452291635366587
AXT1,patch,dpmm_p128_t50,dpmm,top5,1,file_brain_AXT1_202_2020076,10,0,12.546964205228365
AXT1,patch,dpmm_p128_t50,dpmm,top5,1,file_brain_AXT1_202_2020496,6,0,13.277572631835938
AXT1,patch,dpmm_p128_t50,dpmm,top5,1,file_brain_AXT1_202_2020509,6,0,13.54193584735577
AXT1,patch,dpmm_p128_t50,dpmm,top5,1,file_brain_AXT1_202_6000534,4,0,11.977616530198317
AXT1,patch,dpmm_p128_t50,dpmm,top5,1,file_brain_AXT1_202_2020167,10,0,12.540670541616587
AXT1,patch,dpmm_p128_t50,dpmm,top5,1,file_brain_AXT1_202_6000591,11,0,13.702691885141226
AXT1,patch,dpmm_p128_t50,dpmm,top5,1,file_brain_AXT1_201_6002717,7,0,14.02018033541166
AXT1,patch,dpmm_p128_t50,dpmm,top5,1,file_brain_AXT1_202_6000312,10,0,14.196554330679087
AXT1,patch,dpmm_p128_t50,dpmm,top5,1,file_brain_AXT1_202_2020323,6,0,13.818136361929087
AXT1,patch,dpmm_p128_t50,dpmm,top5,1,file_brain_AXT1_202_6000312,12,0,11.700135451096754
AXT1,patch,dpmm_p128_t50,dpmm,top5,1,file_brain_AXT1_202_6000312,6,0,11.639876145582933
AXT1,patch,dpmm_p128_t50,dpmm,top5,1,file_brain_AXT1_202_2020109,8,0,12.984048696664663
AXT1,patch,dpmm_p128_t50,dpmm,top5,1,file_brain_AXT1_202_6000408,10,0,12.38454378568209
AXT1,patch,dpmm_p128_t50,dpmm,top5,1,file_brain_AXT1_202_2020184,4,0,12.19717289851262
AXT1,patch,dpmm_p128_t50,dpmm,top5,1,file_brain_AXT1_202_6000312,4,0,13.106927724984976
AXT1,patch,dpmm_p128_t50,dpmm,top5,1,file_brain_AXT1_202_6000534,12,0,13.42654536320613
AXT1,patch,dpmm_p128_t50,dpmm,top5,1,file_brain_AXT1_202_2020496,11,0,12.207371638371395
AXT1,patch,dpmm_p128_t50,dpmm,top5,1,file_brain_AXT1_202_2020076,6,0,12.17416029710036
AXT1,patch,dpmm_p128_t50,dpmm,top5,1,file_brain_AXT1_202_6000312,8,0,13.80315692608173
AXT1,patch,dpmm_p128_t50,dpmm,top5,1,file_brain_AXT1_202_6000534,8,0,12.92318608210637
AXT1,patch,dpmm_p128_t50,dpmm,top5,1,file_brain_AXT1_202_2020334,0,1,13.56835467998798
AXT1,patch,dpmm_p128_t50,dpmm,top5,1,file_brain_AXT1_202_2020334,1,1,13.147179236778847
AXT1,patch,dpmm_p128_t50,dpmm,top5,1,file_brain_AXT1_202_2020334,2,1,13.894177950345552
AXT1,patch,dpmm_p128_t50,dpmm,top5,1,file_brain_AXT1_202_2020334,3,1,14.621323805588942
AXT1,patch,dpmm_p128_t50,dpmm,top5,1,file_brain_AXT1_202_2020334,4,1,14.579387958233173
AXT1,patch,dpmm_p128_t50,dpmm,top5,1,file_brain_AXT1_202_2020334,5,1,13.508720984825722
AXT1,patch,dpmm_p128_t50,dpmm,top5,1,file_brain_AXT1_202_2020334,6,1,13.412359384390024
AXT1,patch,dpmm_p128_t50,dpmm,top5,1,file_brain_AXT1_202_2020334,7,1,12.511300893930288
AXT1,patch,dpmm_p128_t50,dpmm,top5,1,file_brain_AXT1_202_2020334,8,1,12.508094200721153
AXT1,patch,dpmm_p128_t50,dpmm,top5,1,file_brain_AXT1_202_2020334,9,1,12.44283940241887
AXT1,patch,dpmm_p128_t50,dpmm,top5,1,file_brain_AXT1_202_2020334,10,1,13.124748816856972
AXT1,patch,dpmm_p128_t50,dpmm,top5,1,file_brain_AXT1_202_2020334,11,1,13.276270939753605
AXT1,patch,dpmm_p128_t50,dpmm,top5,1,file_brain_AXT1_202_2020334,12,1,14.288421630859375
AXT1,patch,dpmm_p128_t50,dpmm,top5,1,file_brain_AXT1_202_2020334,13,1,15.145984356219952
AXT1,patch,dpmm_p128_t50,dpmm,top5,1,file_brain_AXT1_202_2020334,14,1,14.760885385366587
AXT1,patch,dpmm_p128_t50,dpmm,top5,1,file_brain_AXT1_202_2020334,15,1,14.862466665414663
AXT1,patch,dpmm_p128_t50,dpmm,top5,1,file_brain_AXT1_202_6000339,0,1,14.403909536508413
AXT1,patch,dpmm_p128_t50,dpmm,top5,1,file_brain_AXT1_202_6000339,1,1,15.273245004507212
AXT1,patch,dpmm_p128_t50,dpmm,top5,1,file_brain_AXT1_202_6000339,2,1,14.919701209435097
AXT1,patch,dpmm_p128_t50,dpmm,top5,1,file_brain_AXT1_201_6002836,0,1,14.391122671274038
AXT1,patch,dpmm_p128_t50,dpmm,top5,1,file_brain_AXT1_201_6002836,1,1,14.503263033353365
AXT1,patch,dpmm_p128_t50,dpmm,top5,1,file_brain_AXT1_201_6002836,2,1,14.007436899038462
AXT1,patch,dpmm_p128_t50,dpmm,top5,1,file_brain_AXT1_201_6002836,3,1,14.11849623460036
AXT1,patch,dpmm_p128_t50,dpmm,top5,1,file_brain_AXT1_201_6002836,4,1,13.874327439528246
AXT1,patch,dpmm_p128_t50,dpmm,top5,1,file_brain_AXT1_201_6002836,5,1,14.26361553485577
AXT1,patch,dpmm_p128_t50,dpmm,top5,1,file_brain_AXT1_201_6002836,6,1,13.628583467923677
AXT1,patch,dpmm_p128_t50,dpmm,top5,1,file_brain_AXT1_201_6002836,7,1,13.18218994140625
AXT1,patch,dpmm_p128_t50,dpmm,top5,1,file_brain_AXT1_201_6002779,11,1,12.794573270357573
AXT1,patch,dpmm_p128_t50,dpmm,top5,1,file_brain_AXT1_201_6002779,12,1,13.644237811748798
AXT1,patch,dpmm_p128_t50,dpmm,top5,1,file_brain_AXT1_201_6002779,13,1,14.407076322115385
AXT1,patch,dpmm_p128_t50,dpmm,top5,1,file_brain_AXT1_201_6002779,14,1,14.421568650465746
AXT1,patch,dpmm_p128_t50,dpmm,top5,1,file_brain_AXT1_201_6002779,15,1,13.85370107797476
AXT1,patch,dpmm_p128_t50,dpmm,top5,1,file_brain_AXT1_202_2020509,7,1,11.50707538311298
AXT1,patch,dpmm_p128_t50,dpmm,top5,1,file_brain_AXT1_202_2020509,8,1,11.69845933180589
AXT1,patch,dpmm_p128_t50,dpmm,top5,1,file_brain_AXT1_202_2020509,9,1,11.465538611778847
AXT1,patch,dpmm_p128_t50,dpmm,top5,1,file_brain_AXT1_202_2020509,10,1,12.297135573167067
AXT1,patch,dpmm_p128_t50,dpmm,top5,1,file_brain_AXT1_202_2020509,11,1,13.08492220365084
AXT1,patch,dpmm_p128_t50,dpmm,top5,1,file_brain_AXT1_202_2020509,12,1,13.534437913161058
AXT1,patch,dpmm_p128_t50,dpmm,top5,1,file_brain_AXT1_202_2020509,13,1,13.55807377741887
AXT1,patch,dpmm_p128_t50,dpmm,top5,1,file_brain_AXT1_202_2020509,14,1,14.208810659555288
AXT1,patch,dpmm_p128_t50,dpmm,top5,1,file_brain_AXT1_202_2020509,15,1,16.37147639347957
AXT1,patch,dpmm_p128_t50,dpmm,top5,1,file_brain_AXT1_202_2020418,0,1,13.942813579852764
AXT1,patch,dpmm_p128_t50,dpmm,top5,1,file_brain_AXT1_202_2020418,1,1,13.60083242563101
AXT1,patch,dpmm_p128_t50,dpmm,top5,1,file_brain_AXT1_202_2020418,2,1,13.753887469951923
AXT1,patch,dpmm_p128_t50,dpmm,top5,1,file_brain_AXT1_202_2020418,3,1,14.284906240609976
AXT1,patch,dpmm_p128_t50,dpmm,top5,1,file_brain_AXT1_202_2020418,4,1,12.887336144080528
AXT1,patch,dpmm_p128_t50,dpmm,top5,1,file_brain_AXT1_202_2020418,5,1,12.98221646822416
AXT1,patch,dpmm_p128_t50,dpmm,top5,1,file_brain_AXT1_202_2020418,6,1,12.86895986703726
AXT1,patch,dpmm_p128_t50,dpmm,top5,1,file_brain_AXT1_202_2020418,7,1,13.034061138446514
AXT1,patch,dpmm_p128_t50,dpmm,top5,1,file_brain_AXT1_202_2020418,8,1,12.982177734375
AXT1,patch,dpmm_p128_t50,dpmm,top5,1,file_brain_AXT1_202_2020418,9,1,13.121539776141827
AXT1,patch,dpmm_p128_t50,dpmm,top5,1,file_brain_AXT1_202_2020418,10,1,12.254359318659855
AXT1,patch,dpmm_p128_t50,dpmm,top5,1,file_brain_AXT1_202_2020418,11,1,13.149417583759014
AXT1,patch,dpmm_p128_t50,dpmm,top5,1,file_brain_AXT1_202_2020418,12,1,13.244702852689302
AXT1,patch,dpmm_p128_t50,dpmm,top5,1,file_brain_AXT1_202_2020418,13,1,13.091045673076923
AXT1,patch,dpmm_p128_t50,dpmm,top5,1,file_brain_AXT1_202_2020068,0,1,14.172720102163462
AXT1,patch,dpmm_p128_t50,dpmm,top5,1,file_brain_AXT1_202_2020068,1,1,14.07295931302584
AXT1,patch,dpmm_p128_t50,dpmm,top5,1,file_brain_AXT1_202_2020068,2,1,13.909132737379808
AXT1,patch,dpmm_p128_t50,dpmm,top5,1,file_brain_AXT1_202_2020068,3,1,13.137750478891226
AXT1,patch,dpmm_p128_t50,dpmm,top5,1,file_brain_AXT1_202_2020068,4,1,13.376878004807692
AXT1,patch,dpmm_p128_t50,dpmm,top5,1,file_brain_AXT1_202_2020068,5,1,13.462419950045073
AXT1,patch,dpmm_p128_t50,dpmm,top5,1,file_brain_AXT1_202_2020068,6,1,12.168290358323317
AXT1,patch,dpmm_p128_t50,dpmm,top5,1,file_brain_AXT1_202_2020068,7,1,12.987025334284855
AXT1,patch,dpmm_p128_t50,dpmm,top5,1,file_brain_AXT1_202_2020068,8,1,13.038485013521635
AXT1,patch,dpmm_p128_t50,dpmm,top5,1,file_brain_AXT1_202_2020068,9,1,13.41216571514423
AXT1,patch,dpmm_p128_t50,dpmm,top5,1,file_brain_AXT1_202_2020068,10,1,13.152819119966948
AXT1,patch,dpmm_p128_t50,dpmm,top5,1,file_brain_AXT1_202_2020068,11,1,13.630571805513823
AXT1,patch,dpmm_p128_t50,dpmm,top5,1,file_brain_AXT1_202_2020068,12,1,14.409022404597355
AXT1,patch,dpmm_p128_t50,dpmm,top5,1,file_brain_AXT1_202_2020068,13,1,14.532113882211538
AXT1,patch,dpmm_p128_t50,dpmm,top5,1,file_brain_AXT1_202_2020068,14,1,14.859625009390024
AXT1,patch,dpmm_p128_t50,dpmm,top5,1,file_brain_AXT1_202_2020068,15,1,15.155758197490986
AXT1,patch,dpmm_p128_t50,dpmm,top5,1,file_brain_AXT1_201_6002811,0,1,14.275834303635817
AXT1,patch,dpmm_p128_t50,dpmm,top5,1,file_brain_AXT1_201_6002811,1,1,15.279019869290865
AXT1,patch,dpmm_p128_t50,dpmm,top5,1,file_brain_AXT1_201_6002811,2,1,14.88940899188702
AXT1,patch,dpmm_p128_t50,dpmm,top5,1,file_brain_AXT1_201_6002811,3,1,14.21893075796274
AXT1,patch,dpmm_p128_t50,dpmm,top5,1,file_brain_AXT1_201_6002811,4,1,13.61672152005709
AXT1,patch,dpmm_p128_t50,dpmm,top5,1,file_brain_AXT1_201_6002811,5,1,14.422595684344952
AXT1,patch,dpmm_p128_t50,dpmm,top5,1,file_brain_AXT1_201_6002811,6,1,14.859884408804087
AXT1,patch,dpmm_p128_t50,dpmm,top5,1,file_brain_AXT1_201_6002811,7,1,14.734173114483173
AXT1,patch,dpmm_p128_t50,dpmm,top5,1,file_brain_AXT1_201_6002811,8,1,14.436532827524038
AXT1,patch,dpmm_p128_t50,dpmm,top5,1,file_brain_AXT1_201_6002811,9,1,14.926438551682692
AXT1,patch,dpmm_p128_t50,dpmm,top5,1,file_brain_AXT1_201_6002811,10,1,14.289703369140625
AXT1,patch,dpmm_p128_t50,dpmm,top5,1,file_brain_AXT1_202_2020551,2,1,13.759479229266827
AXT1,patch,dpmm_p128_t50,dpmm,top5,1,file_brain_AXT1_202_2020551,3,1,13.17462158203125
AXT1,patch,dpmm_p128_t50,dpmm,top5,1,file_brain_AXT1_202_2020551,4,1,13.493052555964542
AXT1,patch,dpmm_p128_t50,dpmm,top5,1,file_brain_AXT1_202_2020551,5,1,13.00350834773137
AXT1,patch,dpmm_p128_t50,dpmm,top5,1,file_brain_AXT1_202_2020551,6,1,12.893883338341347
AXT1,patch,dpmm_p128_t50,dpmm,top5,1,file_brain_AXT1_202_2020551,7,1,11.998788686899038
AXT1,patch,dpmm_p128_t50,dpmm,top5,1,file_brain_AXT1_202_2020551,8,1,12.136054405799278
AXT1,patch,dpmm_p128_t50,dpmm,top5,1,file_brain_AXT1_202_2020551,9,1,12.130258413461538
AXT1,patch,dpmm_p128_t50,dpmm,top5,1,file_brain_AXT1_206_2060097,8,1,12.28631826547476
AXT1,patch,dpmm_p128_t50,dpmm,top5,1,file_brain_AXT1_202_6000408,0,1,14.109453641451323
AXT1,patch,dpmm_p128_t50,dpmm,top5,1,file_brain_AXT1_202_6000408,1,1,13.887707050030048
AXT1,patch,dpmm_p128_t50,dpmm,top5,1,file_brain_AXT1_202_6000408,2,1,12.924769474909855
AXT1,patch,dpmm_p128_t50,dpmm,top5,1,file_brain_AXT1_202_6000408,3,1,12.95884000338041
AXT1,patch,dpmm_p128_t50,dpmm,top5,1,file_brain_AXT1_206_2060051,2,1,14.002000075120192
AXT1,patch,dpmm_p128_t50,dpmm,top5,1,file_brain_AXT1_206_2060051,3,1,13.071401742788462
AXT1,patch,dpmm_p128_t50,dpmm,top5,1,file_brain_AXT1_206_2060051,4,1,12.5118161714994
AXT1,patch,dpmm_p128_t50,dpmm,top5,1,file_brain_AXT1_202_2020009,0,1,14.963312002328726
AXT1,patch,dpmm_p128_t50,dpmm,top5,1,file_brain_AXT1_202_2020009,1,1,15.202505258413462
AXT1,patch,dpmm_p128_t50,dpmm,top5,1,file_brain_AXT1_202_2020009,2,1,15.956716684194712
AXT1,patch,dpmm_p128_t50,dpmm,top5,1,file_brain_AXT1_202_2020009,3,1,15.27120384803185
AXT1,patch,dpmm_p128_t50,dpmm,top5,1,file_brain_AXT1_202_2020009,4,1,14.612260084885817
AXT1,patch,dpmm_p128_t50,dpmm,top5,1,file_brain_AXT1_202_2020009,5,1,14.173660278320312
AXT1,patch,dpmm_p128_t50,dpmm,top5,1,file_brain_AXT1_202_2020009,6,1,14.095172588641827
AXT1,patch,dpmm_p128_t50,dpmm,top5,1,file_brain_AXT1_202_2020009,7,1,13.861032339242788
AXT1,patch,dpmm_p128_t50,dpmm,top5,1,file_brain_AXT1_202_2020009,8,1,13.735171978290264
AXT1,patch,dpmm_p128_t50,dpmm,top5,1,file_brain_AXT1_202_2020009,9,1,13.710406963641827
AXT1,patch,dpmm_p128_t50,dpmm,top5,1,file_brain_AXT1_202_2020009,10,1,14.233519334059496
AXT1,patch,dpmm_p128_t50,dpmm,top5,1,file_brain_AXT1_202_2020009,11,1,14.280099722055288
AXT1,patch,dpmm_p128_t50,dpmm,top5,1,file_brain_AXT1_202_2020009,12,1,14.38748755821815
AXT1,patch,dpmm_p128_t50,dpmm,top5,1,file_brain_AXT1_202_2020009,13,1,14.564412043644833
AXT1,patch,dpmm_p128_t50,dpmm,top5,1,file_brain_AXT1_202_2020301,0,1,15.374280489408052
AXT1,patch,dpmm_p128_t50,dpmm,top5,1,file_brain_AXT1_202_2020301,1,1,15.30347149188702
AXT1,patch,dpmm_p128_t50,dpmm,top5,1,file_brain_AXT1_202_2020301,2,1,14.217117309570312
AXT1,patch,dpmm_p128_t50,dpmm,top5,1,file_brain_AXT1_202_2020301,3,1,13.508990948016827
AXT1,patch,dpmm_p128_t50,dpmm,top5,1,file_brain_AXT1_202_2020301,4,1,13.699941781850962
AXT1,patch,dpmm_p128_t50,dpmm,top5,1,file_brain_AXT1_202_2020301,5,1,13.151601938100962
AXT1,patch,dpmm_p128_t50,dpmm,top5,1,file_brain_AXT1_202_2020301,6,1,12.082598172701323
AXT1,patch,dpmm_p128_t50,dpmm,top5,1,file_brain_AXT1_202_2020301,7,1,12.611188448392427
AXT1,patch,dpmm_p128_t50,dpmm,top5,1,file_brain_AXT1_202_2020301,8,1,12.736522967998798
AXT1,patch,dpmm_p128_t50,dpmm,top5,1,file_brain_AXT1_202_2020301,9,1,12.302417461688702
AXT1,patch,dpmm_p128_t50,dpmm,top5,1,file_brain_AXT1_202_2020301,10,1,12.158698448768028
AXT1,patch,dpmm_p128_t50,dpmm,top5,1,file_brain_AXT1_202_2020301,11,1,13.030769935021034
AXT1,patch,dpmm_p128_t50,dpmm,top5,1,file_brain_AXT1_202_2020301,12,1,13.683556189903847
AXT1,patch,dpmm_p128_t50,dpmm,top5,1,file_brain_AXT1_202_2020301,13,1,15.003429706280048
AXT1,patch,dpmm_p128_t50,dpmm,top5,1,file_brain_AXT1_202_2020156,0,1,15.684526883638823
AXT1,patch,dpmm_p128_t50,dpmm,top5,1,file_brain_AXT1_202_2020156,1,1,15.056894155649038
AXT1,patch,dpmm_p128_t50,dpmm,top5,1,file_brain_AXT1_202_2020156,2,1,14.090841440054087
AXT1,patch,dpmm_p128_t50,dpmm,top5,1,file_brain_AXT1_202_2020156,3,1,14.382100031926083
AXT1,patch,dpmm_p128_t50,dpmm,top5,1,file_brain_AXT1_202_2020156,4,1,14.200496967022236
AXT1,patch,dpmm_p128_t50,dpmm,top5,1,file_brain_AXT1_202_2020156,5,1,13.080153245192308
AXT1,patch,dpmm_p128_t50,dpmm,top5,1,file_brain_AXT1_202_2020156,6,1,12.565101036658653
AXT1,patch,dpmm_p128_t50,dpmm,top5,1,file_brain_AXT1_202_2020156,7,1,13.300224891075722
AXT1,patch,dpmm_p128_t50,dpmm,top5,1,file_brain_AXT1_202_2020156,8,1,12.12958233173077
AXT1,patch,dpmm_p128_t50,dpmm,top5,1,file_brain_AXT1_202_2020156,9,1,12.089693509615385
AXT1,patch,dpmm_p128_t50,dpmm,top5,1,file_brain_AXT1_202_2020156,10,1,11.958820049579327
AXT1,patch,dpmm_p128_t50,dpmm,top5,1,file_brain_AXT1_202_2020156,11,1,13.29947251539964
AXT1,patch,dpmm_p128_t50,dpmm,top5,1,file_brain_AXT1_202_2020156,12,1,13.192729069636417
AXT1,patch,dpmm_p128_t50,dpmm,top5,1,file_brain_AXT1_202_2020156,13,1,14.117180457481972
AXT1,patch,dpmm_p128_t50,dpmm,top5,1,file_brain_AXT1_202_2020156,14,1,14.25342031625601
AXT1,patch,dpmm_p128_t50,dpmm,top5,1,file_brain_AXT1_202_2020156,15,1,14.007892315204327
AXT1,patch,dpmm_p128_t50,dpmm,top5,2,file_brain_AXT1_202_6000534,7,0,13.926368126502403
AXT1,patch,dpmm_p128_t50,dpmm,top5,2,file_brain_AXT1_202_2020468,4,0,12.45682584322416
AXT1,patch,dpmm_p128_t50,dpmm,top5,2,file_brain_AXT1_202_6000312,7,0,13.232410137469952
AXT1,patch,dpmm_p128_t50,dpmm,top5,2,file_brain_AXT1_202_2020468,5,0,13.28158217210036
AXT1,patch,dpmm_p128_t50,dpmm,top5,2,file_brain_AXT1_202_2020478,5,0,13.136249248798077
AXT1,patch,dpmm_p128_t50,dpmm,top5,2,file_brain_AXT1_201_6002717,5,0,12.06039780836839
AXT1,patch,dpmm_p128_t50,dpmm,top5,2,file_brain_AXT1_202_2020184,6,0,14.0987548828125
AXT1,patch,dpmm_p128_t50,dpmm,top5,2,file_brain_AXT1_202_6000305,10,0,11.88396747295673
AXT1,patch,dpmm_p128_t50,dpmm,top5,2,file_brain_AXT1_206_2060097,5,0,11.338441115159254
AXT1,patch,dpmm_p128_t50,dpmm,top5,2,file_brain_AXT1_202_2020195,7,0,13.361924391526442
AXT1,patch,dpmm_p128_t50,dpmm,top5,2,file_brain_AXT1_202_6000305,9,0,14.578236506535458
AXT1,patch,dpmm_p128_t50,dpmm,top5,2,file_brain_AXT1_202_6000408,8,0,11.788492056039663
AXT1,patch,dpmm_p128_t50,dpmm,top5,2,file_brain_AXT1_202_2020167,11,0,13.58881084735577
AXT1,patch,dpmm_p128_t50,dpmm,top5,2,file_brain_AXT1_202_6000408,11,0,12.926830585186298
AXT1,patch,dpmm_p128_t50,dpmm,top5,2,file_brain_AXT1_202_6000408,12,0,11.266531137319712
AXT1,patch,dpmm_p128_t50,dpmm,top5,2,file_brain_AXT1_202_2020496,9,0,14.438100961538462
AXT1,patch,dpmm_p128_t50,dpmm,top5,2,file_brain_AXT1_202_6000534,5,0,13.05890362079327
AXT1,patch,dpmm_p128_t50,dpmm,top5,2,file_brain_AXT1_202_2020199,6,0,10.931985708383413
AXT1,patch,dpmm_p128_t50,dpmm,top5,2,file_brain_AXT1_202_2020186,7,0,13.237896259014423
AXT1,patch,dpmm_p128_t50,dpmm,top5,2,file_brain_AXT1_202_6000591,7,0,13.215774536132812
AXT1,patch,dpmm_p128_t50,dpmm,top5,2,file_brain_AXT1_202_6000339,4,0,11.453697791466347
AXT1,patch,dpmm_p128_t50,dpmm,top5,2,file_brain_AXT1_202_2020199,5,0,12.763754037710337
AXT1,patch,dpmm_p128_t50,dpmm,top5,2,file_brain_AXT1_206_2060051,12,0,12.523357684795673
AXT1,patch,dpmm_p128_t50,dpmm,top5,2,file_brain_AXT1_202_2020184,9,0,12.089436457707333
AXT1,patch,dpmm_p128_t50,dpmm,top5,2,file_brain_AXT1_201_6002717,11,0,12.908039973332333
AXT1,patch,dpmm_p128_t50,dpmm,top5,2,file_brain_AXT1_202_2020509,4,0,14.352771465594952
AXT1,patch,dpmm_p128_t50,dpmm,top5,2,file_brain_AXT1_202_2020186,10,0,13.184042123647837
AXT1,patch,dpmm_p128_t50,dpmm,top5,2,file_brain_AXT1_206_2060097,12,0,12.963338998647837
AXT1,patch,dpmm_p128_t50,dpmm,top5,2,file_brain_AXT1_202_6000534,11,0,13.356849083533653
AXT1,patch,dpmm_p128_t50,dpmm,top5,2,file_brain_AXT1_202_2020511,5,0,14.426865797776442
AXT1,patch,dpmm_p128_t50,dpmm,top5,2,file_brain_AXT1_202_6000591,4,0,12.648552527794472
AXT1,patch,dpmm_p128_t50,dpmm,top5,2,file_brain_AXT1_202_2020248,11,0,13.46246807391827
AXT1,patch,dpmm_p128_t50,dpmm,top5,2,file_brain_AXT1_206_2060051,10,0,11.797772921048677
AXT1,patch,dpmm_p128_t50,dpmm,top5,2,file_brain_AXT1_202_2020496,7,0,12.553485576923077
AXT1,patch,dpmm_p128_t50,dpmm,top5,2,file_brain_AXT1_202_2020184,8,0,13.799335186298077
AXT1,patch,dpmm_p128_t50,dpmm,top5,2,file_brain_AXT1_202_2020167,9,0,12.532914381760817
AXT1,patch,dpmm_p128_t50,dpmm,top5,2,file_brain_AXT1_202_2020496,4,0,14.07613783616286
AXT1,patch,dpmm_p128_t50,dpmm,top5,2,file_brain_AXT1_202_6000591,6,0,12.828865638146034
AXT1,patch,dpmm_p128_t50,dpmm,top5,2,file_brain_AXT1_206_2060051,8,0,12.377808790940504
AXT1,patch,dpmm_p128_t50,dpmm,top5,2,file_brain_AXT1_202_2020511,9,0,12.27216045673077
AXT1,patch,dpmm_p128_t50,dpmm,top5,2,file_brain_AXT1_202_2020551,12,0,12.31219482421875
AXT1,patch,dpmm_p128_t50,dpmm,top5,2,file_brain_AXT1_206_2060097,9,0,13.704522939828726
AXT1,patch,dpmm_p128_t50,dpmm,top5,2,file_brain_AXT1_202_2020248,9,0,14.122955322265625
AXT1,patch,dpmm_p128_t50,dpmm,top5,2,file_brain_AXT1_202_2020076,5,0,12.56942866398738
AXT1,patch,dpmm_p128_t50,dpmm,top5,2,file_brain_AXT1_202_2020195,8,0,13.384235088641827
AXT1,patch,dpmm_p128_t50,dpmm,top5,2,file_brain_AXT1_201_6002811,11,0,12.657755925105167
AXT1,patch,dpmm_p128_t50,dpmm,top5,2,file_brain_AXT1_202_2020511,4,0,12.524345984825722
AXT1,patch,dpmm_p128_t50,dpmm,top5,2,file_brain_AXT1_202_6000305,11,0,12.135422926682692
AXT1,patch,dpmm_p128_t50,dpmm,top5,2,file_brain_AXT1_202_2020468,6,0,11.933789766751802
AXT1,patch,dpmm_p128_t50,dpmm,top5,2,file_brain_AXT1_202_2020186,9,0,13.845160851111778
AXT1,patch,dpmm_p128_t50,dpmm,top5,2,file_brain_AXT1_202_6000305,5,0,13.322852501502403
AXT1,patch,dpmm_p128_t50,dpmm,top5,2,file_brain_AXT1_201_6002717,10,0,11.859055739182692
AXT1,patch,dpmm_p128_t50,dpmm,top5,2,file_brain_AXT1_202_6000339,10,0,12.143721360426683
AXT1,patch,dpmm_p128_t50,dpmm,top5,2,file_brain_AXT1_202_2020186,11,0,12.382286658653847
AXT1,patch,dpmm_p128_t50,dpmm,top5,2,file_brain_AXT1_202_2020076,10,0,12.47247549203726
AXT1,patch,dpmm_p128_t50,dpmm,top5,2,file_brain_AXT1_202_2020496,6,0,13.197920579176683
AXT1,patch,dpmm_p128_t50,dpmm,top5,2,file_brain_AXT1_202_2020509,6,0,13.408494215745192
AXT1,patch,dpmm_p128_t50,dpmm,top5,2,file_brain_AXT1_202_6000534,4,0,11.950825617863583
AXT1,patch,dpmm_p128_t50,dpmm,top5,2,file_brain_AXT1_202_2020167,10,0,12.577616764948917
AXT1,patch,dpmm_p128_t50,dpmm,top5,2,file_brain_AXT1_202_6000591,11,0,13.721207838792067
AXT1,patch,dpmm_p128_t50,dpmm,top5,2,file_brain_AXT1_201_6002717,7,0,13.899675809420073
AXT1,patch,dpmm_p128_t50,dpmm,top5,2,file_brain_AXT1_202_6000312,10,0,14.376654991736778
AXT1,patch,dpmm_p128_t50,dpmm,top5,2,file_brain_AXT1_202_2020323,6,0,13.776036189152645
AXT1,patch,dpmm_p128_t50,dpmm,top5,2,file_brain_AXT1_202_6000312,12,0,11.580237755408653
AXT1,patch,dpmm_p128_t50,dpmm,top5,2,file_brain_AXT1_202_6000312,6,0,11.635674109825722
AXT1,patch,dpmm_p128_t50,dpmm,top5,2,file_brain_AXT1_202_2020109,8,0,13.078028752253605
AXT1,patch,dpmm_p128_t50,dpmm,top5,2,file_brain_AXT1_202_6000408,10,0,12.33446796123798
AXT1,patch,dpmm_p128_t50,dpmm,top5,2,file_brain_AXT1_202_2020184,4,0,12.154942439152645
AXT1,patch,dpmm_p128_t50,dpmm,top5,2,file_brain_AXT1_202_6000312,4,0,13.177478496844952
AXT1,patch,dpmm_p128_t50,dpmm,top5,2,file_brain_AXT1_202_6000534,12,0,13.263195331280048
AXT1,patch,dpmm_p128_t50,dpmm,top5,2,file_brain_AXT1_202_2020496,11,0,12.18453862116887
AXT1,patch,dpmm_p128_t50,dpmm,top5,2,file_brain_AXT1_202_2020076,6,0,12.078829251802885
AXT1,patch,dpmm_p128_t50,dpmm,top5,2,file_brain_AXT1_202_6000312,8,0,13.927663949819712
AXT1,patch,dpmm_p128_t50,dpmm,top5,2,file_brain_AXT1_202_6000534,8,0,12.859769381009615
AXT1,patch,dpmm_p128_t50,dpmm,top5,2,file_brain_AXT1_202_2020334,0,1,13.53310335599459
AXT1,patch,dpmm_p128_t50,dpmm,top5,2,file_brain_AXT1_202_2020334,1,1,13.170236440805288
AXT1,patch,dpmm_p128_t50,dpmm,top5,2,file_brain_AXT1_202_2020334,2,1,13.842001108022837
AXT1,patch,dpmm_p128_t50,dpmm,top5,2,file_brain_AXT1_202_2020334,3,1,14.433762770432692
AXT1,patch,dpmm_p128_t50,dpmm,top5,2,file_brain_AXT1_202_2020334,4,1,14.291670579176683
AXT1,patch,dpmm_p128_t50,dpmm,top5,2,file_brain_AXT1_202_2020334,5,1,13.377525916466347
AXT1,patch,dpmm_p128_t50,dpmm,top5,2,file_brain_AXT1_202_2020334,6,1,13.306908240685097
AXT1,patch,dpmm_p128_t50,dpmm,top5,2,file_brain_AXT1_202_2020334,7,1,12.49994131234976
AXT1,patch,dpmm_p128_t50,dpmm,top5,2,file_brain_AXT1_202_2020334,8,1,12.427969125600962
AXT1,patch,dpmm_p128_t50,dpmm,top5,2,file_brain_AXT1_202_2020334,9,1,12.457947951096754
AXT1,patch,dpmm_p128_t50,dpmm,top5,2,file_brain_AXT1_202_2020334,10,1,13.159169123722958
AXT1,patch,dpmm_p128_t50,dpmm,top5,2,file_brain_AXT1_202_2020334,11,1,13.260969895582933
AXT1,patch,dpmm_p128_t50,dpmm,top5,2,file_brain_AXT1_202_2020334,12,1,14.213072556715746
AXT1,patch,dpmm_p128_t50,dpmm,top5,2,file_brain_AXT1_202_2020334,13,1,15.273226224459135
AXT1,patch,dpmm_p128_t50,dpmm,top5,2,file_brain_AXT1_202_2020334,14,1,14.498462383563702
AXT1,patch,dpmm_p128_t50,dpmm,top5,2,file_brain_AXT1_202_2020334,15,1,14.749138465294472
AXT1,patch,dpmm_p128_t50,dpmm,top5,2,file_brain_AXT1_202_6000339,0,1,14.38732440655048
AXT1,patch,dpmm_p128_t50,dpmm,top5,2,file_brain_AXT1_202_6000339,1,1,15.469071608323317
AXT1,patch,dpmm_p128_t50,dpmm,top5,2,file_brain_AXT1_202_6000339,2,1,14.83114976149339
AXT1,patch,dpmm_p128_t50,dpmm,top5,2,file_brain_AXT1_201_6002836,0,1,14.37399174616887
AXT1,patch,dpmm_p128_t50,dpmm,top5,2,file_brain_AXT1_201_6002836,1,1,14.320347712590145
AXT1,patch,dpmm_p128_t50,dpmm,top5,2,file_brain_AXT1_201_6002836,2,1,13.807025615985577
AXT1,patch,dpmm_p128_t50,dpmm,top5,2,file_brain_AXT1_201_6002836,3,1,13.85714369553786
AXT1,patch,dpmm_p128_t50,dpmm,top5,2,file_brain_AXT1_201_6002836,4,1,13.94488055889423
AXT1,patch,dpmm_p128_t50,dpmm,top5,2,file_brain_AXT1_201_6002836,5,1,14.154961219200722
AXT1,patch,dpmm_p128_t50,dpmm,top5,2,file_brain_AXT1_201_6002836,6,1,13.581521841195913
AXT1,patch,dpmm_p128_t50,dpmm,top5,2,file_brain_AXT1_201_6002836,7,1,13.105899517352764
AXT1,patch,dpmm_p128_t50,dpmm,top5,2,file_brain_AXT1_201_6002779,11,1,12.684072641225962
AXT1,patch,dpmm_p128_t50,dpmm,top5,2,file_brain_AXT1_201_6002779,12,1,13.387528639573317
AXT1,patch,dpmm_p128_t50,dpmm,top5,2,file_brain_AXT1_201_6002779,13,1,14.400199303260216
AXT1,patch,dpmm_p128_t50,dpmm,top5,2,file_brain_AXT1_201_6002779,14,1,14.429453923152042
AXT1,patch,dpmm_p128_t50,dpmm,top5,2,file_brain_AXT1_201_6002779,15,1,13.800280057466948
AXT1,patch,dpmm_p128_t50,dpmm,top5,2,file_brain_AXT1_202_2020509,7,1,11.4961183988131
AXT1,patch,dpmm_p128_t50,dpmm,top5,2,file_brain_AXT1_202_2020509,8,1,11.63268808218149
AXT1,patch,dpmm_p128_t50,dpmm,top5,2,file_brain_AXT1_202_2020509,9,1,11.437659630408653
AXT1,patch,dpmm_p128_t50,dpmm,top5,2,file_brain_AXT1_202_2020509,10,1,12.288157536433292
AXT1,patch,dpmm_p128_t50,dpmm,top5,2,file_brain_AXT1_202_2020509,11,1,13.086409348707933
AXT1,patch,dpmm_p128_t50,dpmm,top5,2,file_brain_AXT1_202_2020509,12,1,13.507949829101562
AXT1,patch,dpmm_p128_t50,dpmm,top5,2,file_brain_AXT1_202_2020509,13,1,13.378253643329327
AXT1,patch,dpmm_p128_t50,dpmm,top5,2,file_brain_AXT1_202_2020509,14,1,14.004504864032452
AXT1,patch,dpmm_p128_t50,dpmm,top5,2,file_brain_AXT1_202_2020509,15,1,15.9890383206881
AXT1,patch,dpmm_p128_t50,dpmm,top5,2,file_brain_AXT1_202_2020418,0,1,13.832687377929688
AXT1,patch,dpmm_p128_t50,dpmm,top5,2,file_brain_AXT1_202_2020418,1,1,13.632188063401442
AXT1,patch,dpmm_p128_t50,dpmm,top5,2,file_brain_AXT1_202_2020418,2,1,13.75332524226262
AXT1,patch,dpmm_p128_t50,dpmm,top5,2,file_brain_AXT1_202_2020418,3,1,14.432837853064903
AXT1,patch,dpmm_p128_t50,dpmm,top5,2,file_brain_AXT1_202_2020418,4,1,12.840989332932692
AXT1,patch,dpmm_p128_t50,dpmm,top5,2,file_brain_AXT1_202_2020418,5,1,13.00042255108173
AXT1,patch,dpmm_p128_t50,dpmm,top5,2,file_brain_AXT1_202_2020418,6,1,12.744754497821514
AXT1,patch,dpmm_p128_t50,dpmm,top5,2,file_brain_AXT1_202_2020418,7,1,12.870743971604567
AXT1,patch,dpmm_p128_t50,dpmm,top5,2,file_brain_AXT1_202_2020418,8,1,12.923568725585938
AXT1,patch,dpmm_p128_t50,dpmm,top5,2,file_brain_AXT1_202_2020418,9,1,13.149367112379808
AXT1,patch,dpmm_p128_t50,dpmm,top5,2,file_brain_AXT1_202_2020418,10,1,12.338760375976562
AXT1,patch,dpmm_p128_t50,dpmm,top5,2,file_brain_AXT1_202_2020418,11,1,13.151620718149038
AXT1,patch,dpmm_p128_t50,dpmm,top5,2,file_brain_AXT1_202_2020418,12,1,13.328329233022837
AXT1,patch,dpmm_p128_t50,dpmm,top5,2,file_brain_AXT1_202_2020418,13,1,13.017574603740986
AXT1,patch,dpmm_p128_t50,dpmm,top5,2,file_brain_AXT1_202_2020068,0,1,14.178174532376802
AXT1,patch,dpmm_p128_t50,dpmm,top5,2,file_brain_AXT1_202_2020068,1,1,14.094584538386417
AXT1,patch,dpmm_p128_t50,dpmm,top5,2,file_brain_AXT1_202_2020068,2,1,13.899395282451923
AXT1,patch,dpmm_p128_t50,dpmm,top5,2,file_brain_AXT1_202_2020068,3,1,13.101820725661058
AXT1,patch,dpmm_p128_t50,dpmm,top5,2,file_brain_AXT1_202_2020068,4,1,13.300458467923677
AXT1,patch,dpmm_p128_t50,dpmm,top5,2,file_brain_AXT1_202_2020068,5,1,13.334330632136417
AXT1,patch,dpmm_p128_t50,dpmm,top5,2,file_brain_AXT1_202_2020068,6,1,12.108946580153246
AXT1,patch,dpmm_p128_t50,dpmm,top5,2,file_brain_AXT1_202_2020068,7,1,12.871569119966948
AXT1,patch,dpmm_p128_t50,dpmm,top5,2,file_brain_AXT1_202_2020068,8,1,12.935807448167067
AXT1,patch,dpmm_p128_t50,dpmm,top5,2,file_brain_AXT1_202_2020068,9,1,13.46280728853666
AXT1,patch,dpmm_p128_t50,dpmm,top5,2,file_brain_AXT1_202_2020068,10,1,13.058478722205528
AXT1,patch,dpmm_p128_t50,dpmm,top5,2,file_brain_AXT1_202_2020068,11,1,13.529833280123198
AXT1,patch,dpmm_p128_t50,dpmm,top5,2,file_brain_AXT1_202_2020068,12,1,14.46698232797476
AXT1,patch,dpmm_p128_t50,dpmm,top5,2,file_brain_AXT1_202_2020068,13,1,14.469569279597355
AXT1,patch,dpmm_p128_t50,dpmm,top5,2,file_brain_AXT1_202_2020068,14,1,14.609539325420673
AXT1,patch,dpmm_p128_t50,dpmm,top5,2,file_brain_AXT1_202_2020068,15,1,15.03915053147536
AXT1,patch,dpmm_p128_t50,dpmm,top5,2,file_brain_AXT1_201_6002811,0,1,14.357310368464542
AXT1,patch,dpmm_p128_t50,dpmm,top5,2,file_brain_AXT1_201_6002811,1,1,15.16150371844952
AXT1,patch,dpmm_p128_t50,dpmm,top5,2,file_brain_AXT1_201_6002811,2,1,14.951065063476562
AXT1,patch,dpmm_p128_t50,dpmm,top5,2,file_brain_AXT1_201_6002811,3,1,14.297137920673077
AXT1,patch,dpmm_p128_t50,dpmm,top5,2,file_brain_AXT1_201_6002811,4,1,13.65863037109375
AXT1,patch,dpmm_p128_t50,dpmm,top5,2,file_brain_AXT1_201_6002811,5,1,14.44558833195613
AXT1,patch,dpmm_p128_t50,dpmm,top5,2,file_brain_AXT1_201_6002811,6,1,14.795339731069712
AXT1,patch,dpmm_p128_t50,dpmm,top5,2,file_brain_AXT1_201_6002811,7,1,14.616020789513222
AXT1,patch,dpmm_p128_t50,dpmm,top5,2,file_brain_AXT1_201_6002811,8,1,14.399403498722958
AXT1,patch,dpmm_p128_t50,dpmm,top5,2,file_brain_AXT1_201_6002811,9,1,14.766791710486778
AXT1,patch,dpmm_p128_t50,dpmm,top5,2,file_brain_AXT1_201_6002811,10,1,14.168042696439302
AXT1,patch,dpmm_p128_t50,dpmm,top5,2,file_brain_AXT1_202_2020551,2,1,13.620904775766226
AXT1,patch,dpmm_p128_t50,dpmm,top5,2,file_brain_AXT1_202_2020551,3,1,13.100668100210337
AXT1,patch,dpmm_p128_t50,dpmm,top5,2,file_brain_AXT1_202_2020551,4,1,13.521998478816105
AXT1,patch,dpmm_p128_t50,dpmm,top5,2,file_brain_AXT1_202_2020551,5,1,12.866307185246395
AXT1,patch,dpmm_p128_t50,dpmm,top5,2,file_brain_AXT1_202_2020551,6,1,12.844122079702524
AXT1,patch,dpmm_p128_t50,dpmm,top5,2,file_brain_AXT1_202_2020551,7,1,12.03811997633714
AXT1,patch,dpmm_p128_t50,dpmm,top5,2,file_brain_AXT1_202_2020551,8,1,12.126359205979567
AXT1,patch,dpmm_p128_t50,dpmm,top5,2,file_brain_AXT1_202_2020551,9,1,12.089599609375
AXT1,patch,dpmm_p128_t50,dpmm,top5,2,file_brain_AXT1_206_2060097,8,1,12.175301185021034
AXT1,patch,dpmm_p128_t50,dpmm,top5,2,file_brain_AXT1_202_6000408,0,1,14.093545766977163
AXT1,patch,dpmm_p128_t50,dpmm,top5,2,file_brain_AXT1_202_6000408,1,1,13.8757077730619
AXT1,patch,dpmm_p128_t50,dpmm,top5,2,file_brain_AXT1_202_6000408,2,1,12.9277097261869
AXT1,patch,dpmm_p128_t50,dpmm,top5,2,file_brain_AXT1_202_6000408,3,1,13.043003962590145
AXT1,patch,dpmm_p128_t50,dpmm,top5,2,file_brain_AXT1_206_2060051,2,1,13.65716552734375
AXT1,patch,dpmm_p128_t50,dpmm,top5,2,file_brain_AXT1_206_2060051,3,1,13.069996760441708
AXT1,patch,dpmm_p128_t50,dpmm,top5,2,file_brain_AXT1_206_2060051,4,1,12.457140409029448
AXT1,patch,dpmm_p128_t50,dpmm,top5,2,file_brain_AXT1_202_2020009,0,1,14.864449134239784
AXT1,patch,dpmm_p128_t50,dpmm,top5,2,file_brain_AXT1_202_2020009,1,1,14.976116473858173
AXT1,patch,dpmm_p128_t50,dpmm,top5,2,file_brain_AXT1_202_2020009,2,1,15.559417724609375
AXT1,patch,dpmm_p128_t50,dpmm,top5,2,file_brain_AXT1_202_2020009,3,1,15.119971642127403
AXT1,patch,dpmm_p128_t50,dpmm,top5,2,file_brain_AXT1_202_2020009,4,1,14.643250685471754
AXT1,patch,dpmm_p128_t50,dpmm,top5,2,file_brain_AXT1_202_2020009,5,1,14.1458740234375
AXT1,patch,dpmm_p128_t50,dpmm,top5,2,file_brain_AXT1_202_2020009,6,1,14.074385422926683
AXT1,patch,dpmm_p128_t50,dpmm,top5,2,file_brain_AXT1_202_2020009,7,1,13.881661048302284
AXT1,patch,dpmm_p128_t50,dpmm,top5,2,file_brain_AXT1_202_2020009,8,1,13.747727614182692
AXT1,patch,dpmm_p128_t50,dpmm,top5,2,file_brain_AXT1_202_2020009,9,1,13.686965942382812
AXT1,patch,dpmm_p128_t50,dpmm,top5,2,file_brain_AXT1_202_2020009,10,1,14.155525794396034
AXT1,patch,dpmm_p128_t50,dpmm,top5,2,file_brain_AXT1_202_2020009,11,1,14.243353036733774
AXT1,patch,dpmm_p128_t50,dpmm,top5,2,file_brain_AXT1_202_2020009,12,1,14.463086641751802
AXT1,patch,dpmm_p128_t50,dpmm,top5,2,file_brain_AXT1_202_2020009,13,1,14.33530015211839
AXT1,patch,dpmm_p128_t50,dpmm,top5,2,file_brain_AXT1_202_2020301,0,1,15.305640587439903
AXT1,patch,dpmm_p128_t50,dpmm,top5,2,file_brain_AXT1_202_2020301,1,1,15.271712083082933
AXT1,patch,dpmm_p128_t50,dpmm,top5,2,file_brain_AXT1_202_2020301,2,1,14.065037653996395
AXT1,patch,dpmm_p128_t50,dpmm,top5,2,file_brain_AXT1_202_2020301,3,1,13.41052011343149
AXT1,patch,dpmm_p128_t50,dpmm,top5,2,file_brain_AXT1_202_2020301,4,1,13.564309927133413
AXT1,patch,dpmm_p128_t50,dpmm,top5,2,file_brain_AXT1_202_2020301,5,1,13.057788555438702
AXT1,patch,dpmm_p128_t50,dpmm,top5,2,file_brain_AXT1_202_2020301,6,1,12.132554274338942
AXT1,patch,dpmm_p128_t50,dpmm,top5,2,file_brain_AXT1_202_2020301,7,1,12.515761155348558
AXT1,patch,dpmm_p128_t50,dpmm,top5,2,file_brain_AXT1_202_2020301,8,1,12.759081326998198
AXT1,patch,dpmm_p128_t50,dpmm,top5,2,file_brain_AXT1_202_2020301,9,1,12.344929621769833
AXT1,patch,dpmm_p128_t50,dpmm,top5,2,file_brain_AXT1_202_2020301,10,1,12.001859224759615
AXT1,patch,dpmm_p128_t50,dpmm,top5,2,file_brain_AXT1_202_2020301,11,1,13.121074969951923
AXT1,patch,dpmm_p128_t50,dpmm,top5,2,file_brain_AXT1_202_2020301,12,1,13.688136174128605
AXT1,patch,dpmm_p128_t50,dpmm,top5,2,file_brain_AXT1_202_2020301,13,1,14.74634258563702
AXT1,patch,dpmm_p128_t50,dpmm,top5,2,file_brain_AXT1_202_2020156,0,1,15.527794471153847
AXT1,patch,dpmm_p128_t50,dpmm,top5,2,file_brain_AXT1_202_2020156,1,1,15.027796818659855
AXT1,patch,dpmm_p128_t50,dpmm,top5,2,file_brain_AXT1_202_2020156,2,1,14.059373121995192
AXT1,patch,dpmm_p128_t50,dpmm,top5,2,file_brain_AXT1_202_2020156,3,1,14.327984149639423
AXT1,patch,dpmm_p128_t50,dpmm,top5,2,file_brain_AXT1_202_2020156,4,1,14.268841083233173
AXT1,patch,dpmm_p128_t50,dpmm,top5,2,file_brain_AXT1_202_2020156,5,1,13.055126483623798
AXT1,patch,dpmm_p128_t50,dpmm,top5,2,file_brain_AXT1_202_2020156,6,1,12.55495394193209
AXT1,patch,dpmm_p128_t50,dpmm,top5,2,file_brain_AXT1_202_2020156,7,1,13.25861065204327
AXT1,patch,dpmm_p128_t50,dpmm,top5,2,file_brain_AXT1_202_2020156,8,1,12.150005634014423
AXT1,patch,dpmm_p128_t50,dpmm,top5,2,file_brain_AXT1_202_2020156,9,1,12.07602750338041
AXT1,patch,dpmm_p128_t50,dpmm,top5,2,file_brain_AXT1_202_2020156,10,1,12.003063495342548
AXT1,patch,dpmm_p128_t50,dpmm,top5,2,file_brain_AXT1_202_2020156,11,1,13.37781231219952
AXT1,patch,dpmm_p128_t50,dpmm,top5,2,file_brain_AXT1_202_2020156,12,1,13.31484867976262
AXT1,patch,dpmm_p128_t50,dpmm,top5,2,file_brain_AXT1_202_2020156,13,1,14.043126032902645
AXT1,patch,dpmm_p128_t50,dpmm,top5,2,file_brain_AXT1_202_2020156,14,1,14.330308180588942
AXT1,patch,dpmm_p128_t50,dpmm,top5,2,file_brain_AXT1_202_2020156,15,1,13.889779897836538
AXT1,patch,dpmm_p128_t100,dpmm,top5,0,file_brain_AXT1_202_6000534,7,0,13.994131234975962
AXT1,patch,dpmm_p128_t100,dpmm,top5,0,file_brain_AXT1_202_2020468,4,0,12.34188490647536
AXT1,patch,dpmm_p128_t100,dpmm,top5,0,file_brain_AXT1_202_6000312,7,0,13.148397592397837
AXT1,patch,dpmm_p128_t100,dpmm,top5,0,file_brain_AXT1_202_2020468,5,0,13.374827458308292
AXT1,patch,dpmm_p128_t100,dpmm,top5,0,file_brain_AXT1_202_2020478,5,0,13.139678955078125
AXT1,patch,dpmm_p128_t100,dpmm,top5,0,file_brain_AXT1_201_6002717,5,0,12.178938645582933
AXT1,patch,dpmm_p128_t100,dpmm,top5,0,file_brain_AXT1_202_2020184,6,0,14.472266564002403
AXT1,patch,dpmm_p128_t100,dpmm,top5,0,file_brain_AXT1_202_6000305,10,0,11.904647827148438
AXT1,patch,dpmm_p128_t100,dpmm,top5,0,file_brain_AXT1_206_2060097,5,0,11.474989670973558
AXT1,patch,dpmm_p128_t100,dpmm,top5,0,file_brain_AXT1_202_2020195,7,0,13.339932955228365
AXT1,patch,dpmm_p128_t100,dpmm,top5,0,file_brain_AXT1_202_6000305,9,0,14.638958270733173
AXT1,patch,dpmm_p128_t100,dpmm,top5,0,file_brain_AXT1_202_6000408,8,0,11.85779278094952
AXT1,patch,dpmm_p128_t100,dpmm,top5,0,file_brain_AXT1_202_2020167,11,0,13.719849806565504
AXT1,patch,dpmm_p128_t100,dpmm,top5,0,file_brain_AXT1_202_6000408,11,0,12.961019662710337
AXT1,patch,dpmm_p128_t100,dpmm,top5,0,file_brain_AXT1_202_6000408,12,0,11.23208735539363
AXT1,patch,dpmm_p128_t100,dpmm,top5,0,file_brain_AXT1_202_2020496,9,0,14.329918494591347
AXT1,patch,dpmm_p128_t100,dpmm,top5,0,file_brain_AXT1_202_6000534,5,0,13.005446213942308
AXT1,patch,dpmm_p128_t100,dpmm,top5,0,file_brain_AXT1_202_2020199,6,0,10.88354257436899
AXT1,patch,dpmm_p128_t100,dpmm,top5,0,file_brain_AXT1_202_2020186,7,0,13.16457308255709
AXT1,patch,dpmm_p128_t100,dpmm,top5,0,file_brain_AXT1_202_6000591,7,0,13.18965853177584
AXT1,patch,dpmm_p128_t100,dpmm,top5,0,file_brain_AXT1_202_6000339,4,0,11.441112811748798
AXT1,patch,dpmm_p128_t100,dpmm,top5,0,file_brain_AXT1_202_2020199,5,0,12.845165546123798
AXT1,patch,dpmm_p128_t100,dpmm,top5,0,file_brain_AXT1_206_2060051,12,0,12.55892357459435
AXT1,patch,dpmm_p128_t100,dpmm,top5,0,file_brain_AXT1_202_2020184,9,0,12.230788010817308
AXT1,patch,dpmm_p128_t100,dpmm,top5,0,file_brain_AXT1_201_6002717,11,0,12.908401489257812
AXT1,patch,dpmm_p128_t100,dpmm,top5,0,file_brain_AXT1_202_2020509,4,0,14.240135779747597
AXT1,patch,dpmm_p128_t100,dpmm,top5,0,file_brain_AXT1_202_2020186,10,0,13.160142164963942
AXT1,patch,dpmm_p128_t100,dpmm,top5,0,file_brain_AXT1_206_2060097,12,0,13.023308387169472
AXT1,patch,dpmm_p128_t100,dpmm,top5,0,file_brain_AXT1_202_6000534,11,0,13.280548095703125
AXT1,patch,dpmm_p128_t100,dpmm,top5,0,file_brain_AXT1_202_2020511,5,0,14.133718637319712
AXT1,patch,dpmm_p128_t100,dpmm,top5,0,file_brain_AXT1_202_6000591,4,0,12.70535160945012
AXT1,patch,dpmm_p128_t100,dpmm,top5,0,file_brain_AXT1_202_2020248,11,0,13.323631873497597
AXT1,patch,dpmm_p128_t100,dpmm,top5,0,file_brain_AXT1_206_2060051,10,0,11.985409076397236
AXT1,patch,dpmm_p128_t100,dpmm,top5,0,file_brain_AXT1_202_2020496,7,0,12.587384737454927
AXT1,patch,dpmm_p128_t100,dpmm,top5,0,file_brain_AXT1_202_2020184,8,0,13.691204364483173
AXT1,patch,dpmm_p128_t100,dpmm,top5,0,file_brain_AXT1_202_2020167,9,0,12.515031080979567
AXT1,patch,dpmm_p128_t100,dpmm,top5,0,file_brain_AXT1_202_2020496,4,0,14.122103177584135
AXT1,patch,dpmm_p128_t100,dpmm,top5,0,file_brain_AXT1_202_6000591,6,0,12.924549983097958
AXT1,patch,dpmm_p128_t100,dpmm,top5,0,file_brain_AXT1_206_2060051,8,0,12.488971416766827
AXT1,patch,dpmm_p128_t100,dpmm,top5,0,file_brain_AXT1_202_2020511,9,0,12.240835336538462
AXT1,patch,dpmm_p128_t100,dpmm,top5,0,file_brain_AXT1_202_2020551,12,0,12.416980449969952
AXT1,patch,dpmm_p128_t100,dpmm,top5,0,file_brain_AXT1_206_2060097,9,0,13.787793673001802
AXT1,patch,dpmm_p128_t100,dpmm,top5,0,file_brain_AXT1_202_2020248,9,0,14.053117018479567
AXT1,patch,dpmm_p128_t100,dpmm,top5,0,file_brain_AXT1_202_2020076,5,0,12.59448007436899
AXT1,patch,dpmm_p128_t100,dpmm,top5,0,file_brain_AXT1_202_2020195,8,0,13.507852407602163
AXT1,patch,dpmm_p128_t100,dpmm,top5,0,file_brain_AXT1_201_6002811,11,0,12.682662963867188
AXT1,patch,dpmm_p128_t100,dpmm,top5,0,file_brain_AXT1_202_2020511,4,0,12.560364943284254
AXT1,patch,dpmm_p128_t100,dpmm,top5,0,file_brain_AXT1_202_6000305,11,0,12.222300602839542
AXT1,patch,dpmm_p128_t100,dpmm,top5,0,file_brain_AXT1_202_2020468,6,0,11.89803959773137
AXT1,patch,dpmm_p128_t100,dpmm,top5,0,file_brain_AXT1_202_2020186,9,0,14.074932391826923
AXT1,patch,dpmm_p128_t100,dpmm,top5,0,file_brain_AXT1_202_6000305,5,0,13.236525315504808
AXT1,patch,dpmm_p128_t100,dpmm,top5,0,file_brain_AXT1_201_6002717,10,0,11.855231651893028
AXT1,patch,dpmm_p128_t100,dpmm,top5,0,file_brain_AXT1_202_6000339,10,0,12.302217923677885
AXT1,patch,dpmm_p128_t100,dpmm,top5,0,file_brain_AXT1_202_2020186,11,0,12.436888474684496
AXT1,patch,dpmm_p128_t100,dpmm,top5,0,file_brain_AXT1_202_2020076,10,0,12.467339148888222
AXT1,patch,dpmm_p128_t100,dpmm,top5,0,file_brain_AXT1_202_2020496,6,0,13.191405076246996
AXT1,patch,dpmm_p128_t100,dpmm,top5,0,file_brain_AXT1_202_2020509,6,0,13.398230919471153
AXT1,patch,dpmm_p128_t100,dpmm,top5,0,file_brain_AXT1_202_6000534,4,0,11.975121131310097
AXT1,patch,dpmm_p128_t100,dpmm,top5,0,file_brain_AXT1_202_2020167,10,0,12.569936899038462
AXT1,patch,dpmm_p128_t100,dpmm,top5,0,file_brain_AXT1_202_6000591,11,0,13.627896822415865
AXT1,patch,dpmm_p128_t100,dpmm,top5,0,file_brain_AXT1_201_6002717,7,0,13.84124521108774
AXT1,patch,dpmm_p128_t100,dpmm,top5,0,file_brain_AXT1_202_6000312,10,0,14.315993088942308
AXT1,patch,dpmm_p128_t100,dpmm,top5,0,file_brain_AXT1_202_2020323,6,0,13.686570387620192
AXT1,patch,dpmm_p128_t100,dpmm,top5,0,file_brain_AXT1_202_6000312,12,0,11.694737361027645
AXT1,patch,dpmm_p128_t100,dpmm,top5,0,file_brain_AXT1_202_6000312,6,0,11.718613844651442
AXT1,patch,dpmm_p128_t100,dpmm,top5,0,file_brain_AXT1_202_2020109,8,0,12.91845703125
AXT1,patch,dpmm_p128_t100,dpmm,top5,0,file_brain_AXT1_202_6000408,10,0,12.317145714393028
AXT1,patch,dpmm_p128_t100,dpmm,top5,0,file_brain_AXT1_202_2020184,4,0,12.227159940279448
AXT1,patch,dpmm_p128_t100,dpmm,top5,0,file_brain_AXT1_202_6000312,4,0,13.220651479867788
AXT1,patch,dpmm_p128_t100,dpmm,top5,0,file_brain_AXT1_202_6000534,12,0,13.235238882211538
AXT1,patch,dpmm_p128_t100,dpmm,top5,0,file_brain_AXT1_202_2020496,11,0,12.224754920372597
AXT1,patch,dpmm_p128_t100,dpmm,top5,0,file_brain_AXT1_202_2020076,6,0,12.135383019080528
AXT1,patch,dpmm_p128_t100,dpmm,top5,0,file_brain_AXT1_202_6000312,8,0,13.870593731219952
AXT1,patch,dpmm_p128_t100,dpmm,top5,0,file_brain_AXT1_202_6000534,8,0,12.915607158954327
AXT1,patch,dpmm_p128_t100,dpmm,top5,0,file_brain_AXT1_202_2020334,0,1,13.485936091496395
AXT1,patch,dpmm_p128_t100,dpmm,top5,0,file_brain_AXT1_202_2020334,1,1,13.089709942157452
AXT1,patch,dpmm_p128_t100,dpmm,top5,0,file_brain_AXT1_202_2020334,2,1,13.77359126164363
AXT1,patch,dpmm_p128_t100,dpmm,top5,0,file_brain_AXT1_202_2020334,3,1,14.254687969501202
AXT1,patch,dpmm_p128_t100,dpmm,top5,0,file_brain_AXT1_202_2020334,4,1,14.490885807917667
AXT1,patch,dpmm_p128_t100,dpmm,top5,0,file_brain_AXT1_202_2020334,5,1,13.439129169170673
AXT1,patch,dpmm_p128_t100,dpmm,top5,0,file_brain_AXT1_202_2020334,6,1,13.310471754807692
AXT1,patch,dpmm_p128_t100,dpmm,top5,0,file_brain_AXT1_202_2020334,7,1,12.458531306340145
AXT1,patch,dpmm_p128_t100,dpmm,top5,0,file_brain_AXT1_202_2020334,8,1,12.535702045147236
AXT1,patch,dpmm_p128_t100,dpmm,top5,0,file_brain_AXT1_202_2020334,9,1,12.49713604266827
AXT1,patch,dpmm_p128_t100,dpmm,top5,0,file_brain_AXT1_202_2020334,10,1,13.172259990985577
AXT1,patch,dpmm_p128_t100,dpmm,top5,0,file_brain_AXT1_202_2020334,11,1,13.270601712740385
AXT1,patch,dpmm_p128_t100,dpmm,top5,0,file_brain_AXT1_202_2020334,12,1,14.204127385066105
AXT1,patch,dpmm_p128_t100,dpmm,top5,0,file_brain_AXT1_202_2020334,13,1,14.95743619478666
AXT1,patch,dpmm_p128_t100,dpmm,top5,0,file_brain_AXT1_202_2020334,14,1,14.399371807391827
AXT1,patch,dpmm_p128_t100,dpmm,top5,0,file_brain_AXT1_202_2020334,15,1,14.579995962289663
AXT1,patch,dpmm_p128_t100,dpmm,top5,0,file_brain_AXT1_202_6000339,0,1,14.34625244140625
AXT1,patch,dpmm_p128_t100,dpmm,top5,0,file_brain_AXT1_202_6000339,1,1,15.075019249549278
AXT1,patch,dpmm_p128_t100,dpmm,top5,0,file_brain_AXT1_202_6000339,2,1,14.79559560922476
AXT1,patch,dpmm_p128_t100,dpmm,top5,0,file_brain_AXT1_201_6002836,0,1,14.317777193509615
AXT1,patch,dpmm_p128_t100,dpmm,top5,0,file_brain_AXT1_201_6002836,1,1,14.316032996544472
AXT1,patch,dpmm_p128_t100,dpmm,top5,0,file_brain_AXT1_201_6002836,2,1,13.845754770132212
AXT1,patch,dpmm_p128_t100,dpmm,top5,0,file_brain_AXT1_201_6002836,3,1,13.977401733398438
AXT1,patch,dpmm_p128_t100,dpmm,top5,0,file_brain_AXT1_201_6002836,4,1,13.76830819936899
AXT1,patch,dpmm_p128_t100,dpmm,top5,0,file_brain_AXT1_201_6002836,5,1,14.218850942758413
AXT1,patch,dpmm_p128_t100,dpmm,top5,0,file_brain_AXT1_201_6002836,6,1,13.63540297288161
AXT1,patch,dpmm_p128_t100,dpmm,top5,0,file_brain_AXT1_201_6002836,7,1,13.18289536696214
AXT1,patch,dpmm_p128_t100,dpmm,top5,0,file_brain_AXT1_201_6002779,11,1,12.817144540640024
AXT1,patch,dpmm_p128_t100,dpmm,top5,0,file_brain_AXT1_201_6002779,12,1,13.416748046875
AXT1,patch,dpmm_p128_t100,dpmm,top5,0,file_brain_AXT1_201_6002779,13,1,14.26614966759315
AXT1,patch,dpmm_p128_t100,dpmm,top5,0,file_brain_AXT1_201_6002779,14,1,14.260390061598558
AXT1,patch,dpmm_p128_t100,dpmm,top5,0,file_brain_AXT1_201_6002779,15,1,13.547682542067308
AXT1,patch,dpmm_p128_t100,dpmm,top5,0,file_brain_AXT1_202_2020509,7,1,11.501413198617788
AXT1,patch,dpmm_p128_t100,dpmm,top5,0,file_brain_AXT1_202_2020509,8,1,11.64429180438702
AXT1,patch,dpmm_p128_t100,dpmm,top5,0,file_brain_AXT1_202_2020509,9,1,11.575392503004808
AXT1,patch,dpmm_p128_t100,dpmm,top5,0,file_brain_AXT1_202_2020509,10,1,12.288643470177284
AXT1,patch,dpmm_p128_t100,dpmm,top5,0,file_brain_AXT1_202_2020509,11,1,13.149516179011417
AXT1,patch,dpmm_p128_t100,dpmm,top5,0,file_brain_AXT1_202_2020509,12,1,13.581385685847355
AXT1,patch,dpmm_p128_t100,dpmm,top5,0,file_brain_AXT1_202_2020509,13,1,13.47281235914964
AXT1,patch,dpmm_p128_t100,dpmm,top5,0,file_brain_AXT1_202_2020509,14,1,13.784820556640625
AXT1,patch,dpmm_p128_t100,dpmm,top5,0,file_brain_AXT1_202_2020509,15,1,15.933719341571514
AXT1,patch,dpmm_p128_t100,dpmm,top5,0,file_brain_AXT1_202_2020418,0,1,13.794077946589542
AXT1,patch,dpmm_p128_t100,dpmm,top5,0,file_brain_AXT1_202_2020418,1,1,13.594292273888222
AXT1,patch,dpmm_p128_t100,dpmm,top5,0,file_brain_AXT1_202_2020418,2,1,13.602310180664062
AXT1,patch,dpmm_p128_t100,dpmm,top5,0,file_brain_AXT1_202_2020418,3,1,14.369189922626202
AXT1,patch,dpmm_p128_t100,dpmm,top5,0,file_brain_AXT1_202_2020418,4,1,12.813833383413462
AXT1,patch,dpmm_p128_t100,dpmm,top5,0,file_brain_AXT1_202_2020418,5,1,13.0302734375
AXT1,patch,dpmm_p128_t100,dpmm,top5,0,file_brain_AXT1_202_2020418,6,1,12.862382155198317
AXT1,patch,dpmm_p128_t100,dpmm,top5,0,file_brain_AXT1_202_2020418,7,1,12.90469947228065
AXT1,patch,dpmm_p128_t100,dpmm,top5,0,file_brain_AXT1_202_2020418,8,1,12.886791522686298
AXT1,patch,dpmm_p128_t100,dpmm,top5,0,file_brain_AXT1_202_2020418,9,1,13.034252460186298
AXT1,patch,dpmm_p128_t100,dpmm,top5,0,file_brain_AXT1_202_2020418,10,1,12.19662358210637
AXT1,patch,dpmm_p128_t100,dpmm,top5,0,file_brain_AXT1_202_2020418,11,1,13.067957951472355
AXT1,patch,dpmm_p128_t100,dpmm,top5,0,file_brain_AXT1_202_2020418,12,1,13.302638127253605
AXT1,patch,dpmm_p128_t100,dpmm,top5,0,file_brain_AXT1_202_2020418,13,1,13.12683340219351
AXT1,patch,dpmm_p128_t100,dpmm,top5,0,file_brain_AXT1_202_2020068,0,1,13.974435659555288
AXT1,patch,dpmm_p128_t100,dpmm,top5,0,file_brain_AXT1_202_2020068,1,1,13.833697979266827
AXT1,patch,dpmm_p128_t100,dpmm,top5,0,file_brain_AXT1_202_2020068,2,1,13.738044151893028
AXT1,patch,dpmm_p128_t100,dpmm,top5,0,file_brain_AXT1_202_2020068,3,1,13.081815279447115
AXT1,patch,dpmm_p128_t100,dpmm,top5,0,file_brain_AXT1_202_2020068,4,1,13.309584397536058
AXT1,patch,dpmm_p128_t100,dpmm,top5,0,file_brain_AXT1_202_2020068,5,1,13.466094970703125
AXT1,patch,dpmm_p128_t100,dpmm,top5,0,file_brain_AXT1_202_2020068,6,1,12.115100567157452
AXT1,patch,dpmm_p128_t100,dpmm,top5,0,file_brain_AXT1_202_2020068,7,1,12.778021005483774
AXT1,patch,dpmm_p128_t100,dpmm,top5,0,file_brain_AXT1_202_2020068,8,1,12.886953500600962
AXT1,patch,dpmm_p128_t100,dpmm,top5,0,file_brain_AXT1_202_2020068,9,1,13.324994600736177
AXT1,patch,dpmm_p128_t100,dpmm,top5,0,file_brain_AXT1_202_2020068,10,1,13.016722459059496
AXT1,patch,dpmm_p128_t100,dpmm,top5,0,file_brain_AXT1_202_2020068,11,1,13.494200486403246
AXT1,patch,dpmm_p128_t100,dpmm,top5,0,file_brain_AXT1_202_2020068,12,1,14.24609375
AXT1,patch,dpmm_p128_t100,dpmm,top5,0,file_brain_AXT1_202_2020068,13,1,14.489579420823317
AXT1,patch,dpmm_p128_t100,dpmm,top5,0,file_brain_AXT1_202_2020068,14,1,14.60705331655649
AXT1,patch,dpmm_p128_t100,dpmm,top5,0,file_brain_AXT1_202_2020068,15,1,14.89453594501202
AXT1,patch,dpmm_p128_t100,dpmm,top5,0,file_brain_AXT1_201_6002811,0,1,14.239372840294472
AXT1,patch,dpmm_p128_t100,dpmm,top5,0,file_brain_AXT1_201_6002811,1,1,15.221097506009615
AXT1,patch,dpmm_p128_t100,dpmm,top5,0,file_brain_AXT1_201_6002811,2,1,14.767956073467548
AXT1,patch,dpmm_p128_t100,dpmm,top5,0,file_brain_AXT1_201_6002811,3,1,14.266405545748198
AXT1,patch,dpmm_p128_t100,dpmm,top5,0,file_brain_AXT1_201_6002811,4,1,13.686612642728365
AXT1,patch,dpmm_p128_t100,dpmm,top5,0,file_brain_AXT1_201_6002811,5,1,14.314049353966347
AXT1,patch,dpmm_p128_t100,dpmm,top5,0,file_brain_AXT1_201_6002811,6,1,14.547076885516827
AXT1,patch,dpmm_p128_t100,dpmm,top5,0,file_brain_AXT1_201_6002811,7,1,14.52514413686899
AXT1,patch,dpmm_p128_t100,dpmm,top5,0,file_brain_AXT1_201_6002811,8,1,14.080790593073917
AXT1,patch,dpmm_p128_t100,dpmm,top5,0,file_brain_AXT1_201_6002811,9,1,14.720677302433895
AXT1,patch,dpmm_p128_t100,dpmm,top5,0,file_brain_AXT1_201_6002811,10,1,13.97088623046875
AXT1,patch,dpmm_p128_t100,dpmm,top5,0,file_brain_AXT1_202_2020551,2,1,13.598869910606972
AXT1,patch,dpmm_p128_t100,dpmm,top5,0,file_brain_AXT1_202_2020551,3,1,13.12115948016827
AXT1,patch,dpmm_p128_t100,dpmm,top5,0,file_brain_AXT1_202_2020551,4,1,13.45883530836839
AXT1,patch,dpmm_p128_t100,dpmm,top5,0,file_brain_AXT1_202_2020551,5,1,12.868880051832933
AXT1,patch,dpmm_p128_t100,dpmm,top5,0,file_brain_AXT1_202_2020551,6,1,12.79797598031851
AXT1,patch,dpmm_p128_t100,dpmm,top5,0,file_brain_AXT1_202_2020551,7,1,11.980086106520433
AXT1,patch,dpmm_p128_t100,dpmm,top5,0,file_brain_AXT1_202_2020551,8,1,12.173142653245192
AXT1,patch,dpmm_p128_t100,dpmm,top5,0,file_brain_AXT1_202_2020551,9,1,12.05816415640024
AXT1,patch,dpmm_p128_t100,dpmm,top5,0,file_brain_AXT1_206_2060097,8,1,12.340836745042067
AXT1,patch,dpmm_p128_t100,dpmm,top5,0,file_brain_AXT1_202_6000408,0,1,14.104783278245192
AXT1,patch,dpmm_p128_t100,dpmm,top5,0,file_brain_AXT1_202_6000408,1,1,13.86932373046875
AXT1,patch,dpmm_p128_t100,dpmm,top5,0,file_brain_AXT1_202_6000408,2,1,13.10565655048077
AXT1,patch,dpmm_p128_t100,dpmm,top5,0,file_brain_AXT1_202_6000408,3,1,13.075592041015625
AXT1,patch,dpmm_p128_t100,dpmm,top5,0,file_brain_AXT1_206_2060051,2,1,13.971933218149038
AXT1,patch,dpmm_p128_t100,dpmm,top5,0,file_brain_AXT1_206_2060051,3,1,13.137887807992788
AXT1,patch,dpmm_p128_t100,dpmm,top5,0,file_brain_AXT1_206_2060051,4,1,12.493606567382812
AXT1,patch,dpmm_p128_t100,dpmm,top5,0,file_brain_AXT1_202_2020009,0,1,14.57656508225661
AXT1,patch,dpmm_p128_t100,dpmm,top5,0,file_brain_AXT1_202_2020009,1,1,14.814574021559496
AXT1,patch,dpmm_p128_t100,dpmm,top5,0,file_brain_AXT1_202_2020009,2,1,15.398907001201923
AXT1,patch,dpmm_p128_t100,dpmm,top5,0,file_brain_AXT1_202_2020009,3,1,15.072169377253605
AXT1,patch,dpmm_p128_t100,dpmm,top5,0,file_brain_AXT1_202_2020009,4,1,14.368004432091347
AXT1,patch,dpmm_p128_t100,dpmm,top5,0,file_brain_AXT1_202_2020009,5,1,13.883004995492788
AXT1,patch,dpmm_p128_t100,dpmm,top5,0,file_brain_AXT1_202_2020009,6,1,13.78149179311899
AXT1,patch,dpmm_p128_t100,dpmm,top5,0,file_brain_AXT1_202_2020009,7,1,13.605601384089542
AXT1,patch,dpmm_p128_t100,dpmm,top5,0,file_brain_AXT1_202_2020009,8,1,13.756749079777645
AXT1,patch,dpmm_p128_t100,dpmm,top5,0,file_brain_AXT1_202_2020009,9,1,13.482701228215145
AXT1,patch,dpmm_p128_t100,dpmm,top5,0,file_brain_AXT1_202_2020009,10,1,14.156750018780048
AXT1,patch,dpmm_p128_t100,dpmm,top5,0,file_brain_AXT1_202_2020009,11,1,14.051318828876202
AXT1,patch,dpmm_p128_t100,dpmm,top5,0,file_brain_AXT1_202_2020009,12,1,14.41349088228666
AXT1,patch,dpmm_p128_t100,dpmm,top5,0,file_brain_AXT1_202_2020009,13,1,14.279592660757212
AXT1,patch,dpmm_p128_t100,dpmm,top5,0,file_brain_AXT1_202_2020301,0,1,15.187198345477764
AXT1,patch,dpmm_p128_t100,dpmm,top5,0,file_brain_AXT1_202_2020301,1,1,15.14422607421875
AXT1,patch,dpmm_p128_t100,dpmm,top5,0,file_brain_AXT1_202_2020301,2,1,14.038469754732573
AXT1,patch,dpmm_p128_t100,dpmm,top5,0,file_brain_AXT1_202_2020301,3,1,13.545960646409254
AXT1,patch,dpmm_p128_t100,dpmm,top5,0,file_brain_AXT1_202_2020301,4,1,13.63666240985577
AXT1,patch,dpmm_p128_t100,dpmm,top5,0,file_brain_AXT1_202_2020301,5,1,13.044369037334736
AXT1,patch,dpmm_p128_t100,dpmm,top5,0,file_brain_AXT1_202_2020301,6,1,12.070539034329927
AXT1,patch,dpmm_p128_t100,dpmm,top5,0,file_brain_AXT1_202_2020301,7,1,12.574500450721153
AXT1,patch,dpmm_p128_t100,dpmm,top5,0,file_brain_AXT1_202_2020301,8,1,12.712916447566105
AXT1,patch,dpmm_p128_t100,dpmm,top5,0,file_brain_AXT1_202_2020301,9,1,12.270913931039663
AXT1,patch,dpmm_p128_t100,dpmm,top5,0,file_brain_AXT1_202_2020301,10,1,12.110745943509615
AXT1,patch,dpmm_p128_t100,dpmm,top5,0,file_brain_AXT1_202_2020301,11,1,12.915762094350962
AXT1,patch,dpmm_p128_t100,dpmm,top5,0,file_brain_AXT1_202_2020301,12,1,13.513582669771635
AXT1,patch,dpmm_p128_t100,dpmm,top5,0,file_brain_AXT1_202_2020301,13,1,14.860970130333534
AXT1,patch,dpmm_p128_t100,dpmm,top5,0,file_brain_AXT1_202_2020156,0,1,15.23144766000601
AXT1,patch,dpmm_p128_t100,dpmm,top5,0,file_brain_AXT1_202_2020156,1,1,14.843132605919472
AXT1,patch,dpmm_p128_t100,dpmm,top5,0,file_brain_AXT1_202_2020156,2,1,13.908265333909254
AXT1,patch,dpmm_p128_t100,dpmm,top5,0,file_brain_AXT1_202_2020156,3,1,14.238905686598558
AXT1,patch,dpmm_p128_t100,dpmm,top5,0,file_brain_AXT1_202_2020156,4,1,14.050432645357573
AXT1,patch,dpmm_p128_t100,dpmm,top5,0,file_brain_AXT1_202_2020156,5,1,12.925102820763222
AXT1,patch,dpmm_p128_t100,dpmm,top5,0,file_brain_AXT1_202_2020156,6,1,12.416661189152645
AXT1,patch,dpmm_p128_t100,dpmm,top5,0,file_brain_AXT1_202_2020156,7,1,13.032674936147837
AXT1,patch,dpmm_p128_t100,dpmm,top5,0,file_brain_AXT1_202_2020156,8,1,12.208416278545673
AXT1,patch,dpmm_p128_t100,dpmm,top5,0,file_brain_AXT1_202_2020156,9,1,12.094989483173077
AXT1,patch,dpmm_p128_t100,dpmm,top5,0,file_brain_AXT1_202_2020156,10,1,11.96243638258714
AXT1,patch,dpmm_p128_t100,dpmm,top5,0,file_brain_AXT1_202_2020156,11,1,13.258796105018028
AXT1,patch,dpmm_p128_t100,dpmm,top5,0,file_brain_AXT1_202_2020156,12,1,13.181675837590145
AXT1,patch,dpmm_p128_t100,dpmm,top5,0,file_brain_AXT1_202_2020156,13,1,13.87127216045673
AXT1,patch,dpmm_p128_t100,dpmm,top5,0,file_brain_AXT1_202_2020156,14,1,14.014600313626802
AXT1,patch,dpmm_p128_t100,dpmm,top5,0,file_brain_AXT1_202_2020156,15,1,13.768587552584135
AXT1,patch,dpmm_p256_t20,dpmm,top5,0,file_brain_AXT1_202_6000534,7,0,21.00805898813101
AXT1,patch,dpmm_p256_t20,dpmm,top5,0,file_brain_AXT1_202_2020468,4,0,18.57688786433293
AXT1,patch,dpmm_p256_t20,dpmm,top5,0,file_brain_AXT1_202_6000312,7,0,19.915621243990383
AXT1,patch,dpmm_p256_t20,dpmm,top5,0,file_brain_AXT1_202_2020468,5,0,23.17897151066707
AXT1,patch,dpmm_p256_t20,dpmm,top5,0,file_brain_AXT1_202_2020478,5,0,20.758629432091347
AXT1,patch,dpmm_p256_t20,dpmm,top5,0,file_brain_AXT1_201_6002717,5,0,19.11895751953125
AXT1,patch,dpmm_p256_t20,dpmm,top5,0,file_brain_AXT1_202_2020184,6,0,23.094468336838943
AXT1,patch,dpmm_p256_t20,dpmm,top5,0,file_brain_AXT1_202_6000305,10,0,16.982994666466347
AXT1,patch,dpmm_p256_t20,dpmm,top5,0,file_brain_AXT1_206_2060097,5,0,16.753150353064903
AXT1,patch,dpmm_p256_t20,dpmm,top5,0,file_brain_AXT1_202_2020195,7,0,19.764195368840145
AXT1,patch,dpmm_p256_t20,dpmm,top5,0,file_brain_AXT1_202_6000305,9,0,23.55981914813702
AXT1,patch,dpmm_p256_t20,dpmm,top5,0,file_brain_AXT1_202_6000408,8,0,17.649977463942307
AXT1,patch,dpmm_p256_t20,dpmm,top5,0,file_brain_AXT1_202_2020167,11,0,22.647259051983173
AXT1,patch,dpmm_p256_t20,dpmm,top5,0,file_brain_AXT1_202_6000408,11,0,19.87030733548678
AXT1,patch,dpmm_p256_t20,dpmm,top5,0,file_brain_AXT1_202_6000408,12,0,16.26252863957332
AXT1,patch,dpmm_p256_t20,dpmm,top5,0,file_brain_AXT1_202_2020496,9,0,22.035991962139423
AXT1,patch,dpmm_p256_t20,dpmm,top5,0,file_brain_AXT1_202_6000534,5,0,20.827256422776443
AXT1,patch,dpmm_p256_t20,dpmm,top5,0,file_brain_AXT1_202_2020199,6,0,15.681646493765024
AXT1,patch,dpmm_p256_t20,dpmm,top5,0,file_brain_AXT1_202_2020186,7,0,20.725318321814903
AXT1,patch,dpmm_p256_t20,dpmm,top5,0,file_brain_AXT1_202_6000591,7,0,19.708702674278847
AXT1,patch,dpmm_p256_t20,dpmm,top5,0,file_brain_AXT1_202_6000339,4,0,17.43091055063101
AXT1,patch,dpmm_p256_t20,dpmm,top5,0,file_brain_AXT1_202_2020199,5,0,19.882542536808895
AXT1,patch,dpmm_p256_t20,dpmm,top5,0,file_brain_AXT1_206_2060051,12,0,19.708531306340145
AXT1,patch,dpmm_p256_t20,dpmm,top5,0,file_brain_AXT1_202_2020184,9,0,18.75171133188101
AXT1,patch,dpmm_p256_t20,dpmm,top5,0,file_brain_AXT1_201_6002717,11,0,20.72340510441707
AXT1,patch,dpmm_p256_t20,dpmm,top5,0,file_brain_AXT1_202_2020509,4,0,22.692185621995193
AXT1,patch,dpmm_p256_t20,dpmm,top5,0,file_brain_AXT1_202_2020186,10,0,20.947401780348557
AXT1,patch,dpmm_p256_t20,dpmm,top5,0,file_brain_AXT1_206_2060097,12,0,20.08874042217548
AXT1,patch,dpmm_p256_t20,dpmm,top5,0,file_brain_AXT1_202_6000534,11,0,20.261385404146633
AXT1,patch,dpmm_p256_t20,dpmm,top5,0,file_brain_AXT1_202_2020511,5,0,25.3585932804988
AXT1,patch,dpmm_p256_t20,dpmm,top5,0,file_brain_AXT1_202_6000591,4,0,20.90491661658654
AXT1,patch,dpmm_p256_t20,dpmm,top5,0,file_brain_AXT1_202_2020248,11,0,21.737140362079327
AXT1,patch,dpmm_p256_t20,dpmm,top5,0,file_brain_AXT1_206_2060051,10,0,18.000433114858772
AXT1,patch,dpmm_p256_t20,dpmm,top5,0,file_brain_AXT1_202_2020496,7,0,18.327002892127403
AXT1,patch,dpmm_p256_t20,dpmm,top5,0,file_brain_AXT1_202_2020184,8,0,22.458848219651443
AXT1,patch,dpmm_p256_t20,dpmm,top5,0,file_brain_AXT1_202_2020167,9,0,19.9531742976262
AXT1,patch,dpmm_p256_t20,dpmm,top5,0,file_brain_AXT1_202_2020496,4,0,22.629793607271633
AXT1,patch,dpmm_p256_t20,dpmm,top5,0,file_brain_AXT1_202_6000591,6,0,19.221866314227764
AXT1,patch,dpmm_p256_t20,dpmm,top5,0,file_brain_AXT1_206_2060051,8,0,18.96913381723257
AXT1,patch,dpmm_p256_t20,dpmm,top5,0,file_brain_AXT1_202_2020511,9,0,18.836341271033653
AXT1,patch,dpmm_p256_t20,dpmm,top5,0,file_brain_AXT1_202_2020551,12,0,18.66003887469952
AXT1,patch,dpmm_p256_t20,dpmm,top5,0,file_brain_AXT1_206_2060097,9,0,21.058612530048077
AXT1,patch,dpmm_p256_t20,dpmm,top5,0,file_brain_AXT1_202_2020248,9,0,22.557335486778847
AXT1,patch,dpmm_p256_t20,dpmm,top5,0,file_brain_AXT1_202_2020076,5,0,18.197655310997597
AXT1,patch,dpmm_p256_t20,dpmm,top5,0,file_brain_AXT1_202_2020195,8,0,22.43365009014423
AXT1,patch,dpmm_p256_t20,dpmm,top5,0,file_brain_AXT1_201_6002811,11,0,18.69364694448618
AXT1,patch,dpmm_p256_t20,dpmm,top5,0,file_brain_AXT1_202_2020511,4,0,18.7489506648137
AXT1,patch,dpmm_p256_t20,dpmm,top5,0,file_brain_AXT1_202_6000305,11,0,17.86878145658053
AXT1,patch,dpmm_p256_t20,dpmm,top5,0,file_brain_AXT1_202_2020468,6,0,17.995150052584133
AXT1,patch,dpmm_p256_t20,dpmm,top5,0,file_brain_AXT1_202_2020186,9,0,22.50756601186899
AXT1,patch,dpmm_p256_t20,dpmm,top5,0,file_brain_AXT1_202_6000305,5,0,24.269125131460335
AXT1,patch,dpmm_p256_t20,dpmm,top5,0,file_brain_AXT1_201_6002717,10,0,17.83689176119291
AXT1,patch,dpmm_p256_t20,dpmm,top5,0,file_brain_AXT1_202_6000339,10,0,18.452784611628605
AXT1,patch,dpmm_p256_t20,dpmm,top5,0,file_brain_AXT1_202_2020186,11,0,18.468491774338943
AXT1,patch,dpmm_p256_t20,dpmm,top5,0,file_brain_AXT1_202_2020076,10,0,18.3771244929387
AXT1,patch,dpmm_p256_t20,dpmm,top5,0,file_brain_AXT1_202_2020496,6,0,21.218116173377403
AXT1,patch,dpmm_p256_t20,dpmm,top5,0,file_brain_AXT1_202_2020509,6,0,20.613501915564903
AXT1,patch,dpmm_p256_t20,dpmm,top5,0,file_brain_AXT1_202_6000534,4,0,18.432290884164665
AXT1,patch,dpmm_p256_t20,dpmm,top5,0,file_brain_AXT1_202_2020167,10,0,19.25575373722957
AXT1,patch,dpmm_p256_t20,dpmm,top5,0,file_brain_AXT1_202_6000591,11,0,21.45507342998798
AXT1,patch,dpmm_p256_t20,dpmm,top5,0,file_brain_AXT1_201_6002717,7,0,23.650353064903847
AXT1,patch,dpmm_p256_t20,dpmm,top5,0,file_brain_AXT1_202_6000312,10,0,23.910729041466347
AXT1,patch,dpmm_p256_t20,dpmm,top5,0,file_brain_AXT1_202_2020323,6,0,21.474391056941105
AXT1,patch,dpmm_p256_t20,dpmm,top5,0,file_brain_AXT1_202_6000312,12,0,17.747450608473557
AXT1,patch,dpmm_p256_t20,dpmm,top5,0,file_brain_AXT1_202_6000312,6,0,18.169203538161057
AXT1,patch,dpmm_p256_t20,dpmm,top5,0,file_brain_AXT1_202_2020109,8,0,20.44315983698918
AXT1,patch,dpmm_p256_t20,dpmm,top5,0,file_brain_AXT1_202_6000408,10,0,19.294886662409855
AXT1,patch,dpmm_p256_t20,dpmm,top5,0,file_brain_AXT1_202_2020184,4,0,17.71267348069411
AXT1,patch,dpmm_p256_t20,dpmm,top5,0,file_brain_AXT1_202_6000312,4,0,21.373121995192307
AXT1,patch,dpmm_p256_t20,dpmm,top5,0,file_brain_AXT1_202_6000534,12,0,20.50544151893029
AXT1,patch,dpmm_p256_t20,dpmm,top5,0,file_brain_AXT1_202_2020496,11,0,18.44512469951923
AXT1,patch,dpmm_p256_t20,dpmm,top5,0,file_brain_AXT1_202_2020076,6,0,18.336605365459736
AXT1,patch,dpmm_p256_t20,dpmm,top5,0,file_brain_AXT1_202_6000312,8,0,21.132840670072117
AXT1,patch,dpmm_p256_t20,dpmm,top5,0,file_brain_AXT1_202_6000534,8,0,19.86248309795673
AXT1,patch,dpmm_p256_t20,dpmm,top5,0,file_brain_AXT1_202_2020334,0,1,22.13311298076923
AXT1,patch,dpmm_p256_t20,dpmm,top5,0,file_brain_AXT1_202_2020334,1,1,21.717134915865383
AXT1,patch,dpmm_p256_t20,dpmm,top5,0,file_brain_AXT1_202_2020334,2,1,22.5977290226863
AXT1,patch,dpmm_p256_t20,dpmm,top5,0,file_brain_AXT1_202_2020334,3,1,26.04280207707332
AXT1,patch,dpmm_p256_t20,dpmm,top5,0,file_brain_AXT1_202_2020334,4,1,23.18407264122596
AXT1,patch,dpmm_p256_t20,dpmm,top5,0,file_brain_AXT1_202_2020334,5,1,21.28662813626803
AXT1,patch,dpmm_p256_t20,dpmm,top5,0,file_brain_AXT1_202_2020334,6,1,20.440218411959133
AXT1,patch,dpmm_p256_t20,dpmm,top5,0,file_brain_AXT1_202_2020334,7,1,18.60210242638221
AXT1,patch,dpmm_p256_t20,dpmm,top5,0,file_brain_AXT1_202_2020334,8,1,18.50327946589543
AXT1,patch,dpmm_p256_t20,dpmm,top5,0,file_brain_AXT1_202_2020334,9,1,19.951392540564903
AXT1,patch,dpmm_p256_t20,dpmm,top5,0,file_brain_AXT1_202_2020334,10,1,20.44426551231971
AXT1,patch,dpmm_p256_t20,dpmm,top5,0,file_brain_AXT1_202_2020334,11,1,20.044447678786057
AXT1,patch,dpmm_p256_t20,dpmm,top5,0,file_brain_AXT1_202_2020334,12,1,24.85486544095553
AXT1,patch,dpmm_p256_t20,dpmm,top5,0,file_brain_AXT1_202_2020334,13,1,27.028771033653847
AXT1,patch,dpmm_p256_t20,dpmm,top5,0,file_brain_AXT1_202_2020334,14,1,24.80175311748798
AXT1,patch,dpmm_p256_t20,dpmm,top5,0,file_brain_AXT1_202_2020334,15,1,25.616534893329327
AXT1,patch,dpmm_p256_t20,dpmm,top5,0,file_brain_AXT1_202_6000339,0,1,23.681058443509617
AXT1,patch,dpmm_p256_t20,dpmm,top5,0,file_brain_AXT1_202_6000339,1,1,24.865192119891827
AXT1,patch,dpmm_p256_t20,dpmm,top5,0,file_brain_AXT1_202_6000339,2,1,23.86114736703726
AXT1,patch,dpmm_p256_t20,dpmm,top5,0,file_brain_AXT1_201_6002836,0,1,24.90996375450721
AXT1,patch,dpmm_p256_t20,dpmm,top5,0,file_brain_AXT1_201_6002836,1,1,25.75586641751803
AXT1,patch,dpmm_p256_t20,dpmm,top5,0,file_brain_AXT1_201_6002836,2,1,24.784959059495193
AXT1,patch,dpmm_p256_t20,dpmm,top5,0,file_brain_AXT1_201_6002836,3,1,25.146498460036057
AXT1,patch,dpmm_p256_t20,dpmm,top5,0,file_brain_AXT1_201_6002836,4,1,24.128920335036057
AXT1,patch,dpmm_p256_t20,dpmm,top5,0,file_brain_AXT1_201_6002836,5,1,25.37944852388822
AXT1,patch,dpmm_p256_t20,dpmm,top5,0,file_brain_AXT1_201_6002836,6,1,21.97289569561298
AXT1,patch,dpmm_p256_t20,dpmm,top5,0,file_brain_AXT1_201_6002836,7,1,19.8634033203125
AXT1,patch,dpmm_p256_t20,dpmm,top5,0,file_brain_AXT1_201_6002779,11,1,19.945716271033653
AXT1,patch,dpmm_p256_t20,dpmm,top5,0,file_brain_AXT1_201_6002779,12,1,22.182469294621395
AXT1,patch,dpmm_p256_t20,dpmm,top5,0,file_brain_AXT1_201_6002779,13,1,22.857379619891827
AXT1,patch,dpmm_p256_t20,dpmm,top5,0,file_brain_AXT1_201_6002779,14,1,25.032667893629807
AXT1,patch,dpmm_p256_t20,dpmm,top5,0,file_brain_AXT1_201_6002779,15,1,24.952256422776443
AXT1,patch,dpmm_p256_t20,dpmm,top5,0,file_brain_AXT1_202_2020509,7,1,16.9440424992488
AXT1,patch,dpmm_p256_t20,dpmm,top5,0,file_brain_AXT1_202_2020509,8,1,16.960572462815506
AXT1,patch,dpmm_p256_t20,dpmm,top5,0,file_brain_AXT1_202_2020509,9,1,17.350006103515625
AXT1,patch,dpmm_p256_t20,dpmm,top5,0,file_brain_AXT1_202_2020509,10,1,18.997699444110577
AXT1,patch,dpmm_p256_t20,dpmm,top5,0,file_brain_AXT1_202_2020509,11,1,21.84484628530649
AXT1,patch,dpmm_p256_t20,dpmm,top5,0,file_brain_AXT1_202_2020509,12,1,22.68647883488582
AXT1,patch,dpmm_p256_t20,dpmm,top5,0,file_brain_AXT1_202_2020509,13,1,22.36016376201923
AXT1,patch,dpmm_p256_t20,dpmm,top5,0,file_brain_AXT1_202_2020509,14,1,24.22863300030048
AXT1,patch,dpmm_p256_t20,dpmm,top5,0,file_brain_AXT1_202_2020509,15,1,26.614828256460335
AXT1,patch,dpmm_p256_t20,dpmm,top5,0,file_brain_AXT1_202_2020418,0,1,22.66765887920673
AXT1,patch,dpmm_p256_t20,dpmm,top5,0,file_brain_AXT1_202_2020418,1,1,22.729473407451923
AXT1,patch,dpmm_p256_t20,dpmm,top5,0,file_brain_AXT1_202_2020418,2,1,22.39598905123197
AXT1,patch,dpmm_p256_t20,dpmm,top5,0,file_brain_AXT1_202_2020418,3,1,22.601271409254807
AXT1,patch,dpmm_p256_t20,dpmm,top5,0,file_brain_AXT1_202_2020418,4,1,20.742577185997597
AXT1,patch,dpmm_p256_t20,dpmm,top5,0,file_brain_AXT1_202_2020418,5,1,19.85345928485577
AXT1,patch,dpmm_p256_t20,dpmm,top5,0,file_brain_AXT1_202_2020418,6,1,19.19334998497596
AXT1,patch,dpmm_p256_t20,dpmm,top5,0,file_brain_AXT1_202_2020418,7,1,20.13118098332332
AXT1,patch,dpmm_p256_t20,dpmm,top5,0,file_brain_AXT1_202_2020418,8,1,19.824728158804085
AXT1,patch,dpmm_p256_t20,dpmm,top5,0,file_brain_AXT1_202_2020418,9,1,19.533118614783653
AXT1,patch,dpmm_p256_t20,dpmm,top5,0,file_brain_AXT1_202_2020418,10,1,19.318008422851562
AXT1,patch,dpmm_p256_t20,dpmm,top5,0,file_brain_AXT1_202_2020418,11,1,20.869060809795673
AXT1,patch,dpmm_p256_t20,dpmm,top5,0,file_brain_AXT1_202_2020418,12,1,22.492337740384617
AXT1,patch,dpmm_p256_t20,dpmm,top5,0,file_brain_AXT1_202_2020418,13,1,22.31840397761418
AXT1,patch,dpmm_p256_t20,dpmm,top5,0,file_brain_AXT1_202_2020068,0,1,24.340740497295673
AXT1,patch,dpmm_p256_t20,dpmm,top5,0,file_brain_AXT1_202_2020068,1,1,25.08178476186899
AXT1,patch,dpmm_p256_t20,dpmm,top5,0,file_brain_AXT1_202_2020068,2,1,22.26104736328125
AXT1,patch,dpmm_p256_t20,dpmm,top5,0,file_brain_AXT1_202_2020068,3,1,21.167567326472355
AXT1,patch,dpmm_p256_t20,dpmm,top5,0,file_brain_AXT1_202_2020068,4,1,21.573706993689903
AXT1,patch,dpmm_p256_t20,dpmm,top5,0,file_brain_AXT1_202_2020068,5,1,22.42540564903846
AXT1,patch,dpmm_p256_t20,dpmm,top5,0,file_brain_AXT1_202_2020068,6,1,19.09530287522536
AXT1,patch,dpmm_p256_t20,dpmm,top5,0,file_brain_AXT1_202_2020068,7,1,20.04334435096154
AXT1,patch,dpmm_p256_t20,dpmm,top5,0,file_brain_AXT1_202_2020068,8,1,21.379122220552883
AXT1,patch,dpmm_p256_t20,dpmm,top5,0,file_brain_AXT1_202_2020068,9,1,24.38470458984375
AXT1,patch,dpmm_p256_t20,dpmm,top5,0,file_brain_AXT1_202_2020068,10,1,24.265183668870193
AXT1,patch,dpmm_p256_t20,dpmm,top5,0,file_brain_AXT1_202_2020068,11,1,24.802382249098557
AXT1,patch,dpmm_p256_t20,dpmm,top5,0,file_brain_AXT1_202_2020068,12,1,24.690765380859375
AXT1,patch,dpmm_p256_t20,dpmm,top5,0,file_brain_AXT1_202_2020068,13,1,24.6045414851262
AXT1,patch,dpmm_p256_t20,dpmm,top5,0,file_brain_AXT1_202_2020068,14,1,26.056856595552883
AXT1,patch,dpmm_p256_t20,dpmm,top5,0,file_brain_AXT1_202_2020068,15,1,27.138570932241585
AXT1,patch,dpmm_p256_t20,dpmm,top5,0,file_brain_AXT1_201_6002811,0,1,24.44452373798077
AXT1,patch,dpmm_p256_t20,dpmm,top5,0,file_brain_AXT1_201_6002811,1,1,25.315448467548077
AXT1,patch,dpmm_p256_t20,dpmm,top5,0,file_brain_AXT1_201_6002811,2,1,25.513509897085335
AXT1,patch,dpmm_p256_t20,dpmm,top5,0,file_brain_AXT1_201_6002811,3,1,25.031268780048077
AXT1,patch,dpmm_p256_t20,dpmm,top5,0,file_brain_AXT1_201_6002811,4,1,25.419712946965145
AXT1,patch,dpmm_p256_t20,dpmm,top5,0,file_brain_AXT1_201_6002811,5,1,25.080702561598557
AXT1,patch,dpmm_p256_t20,dpmm,top5,0,file_brain_AXT1_201_6002811,6,1,24.17047588641827
AXT1,patch,dpmm_p256_t20,dpmm,top5,0,file_brain_AXT1_201_6002811,7,1,25.53755305363582
AXT1,patch,dpmm_p256_t20,dpmm,top5,0,file_brain_AXT1_201_6002811,8,1,24.904921311598557
AXT1,patch,dpmm_p256_t20,dpmm,top5,0,file_brain_AXT1_201_6002811,9,1,25.280198317307693
AXT1,patch,dpmm_p256_t20,dpmm,top5,0,file_brain_AXT1_201_6002811,10,1,24.340362548828125
AXT1,patch,dpmm_p256_t20,dpmm,top5,0,file_brain_AXT1_202_2020551,2,1,21.263892540564903
AXT1,patch,dpmm_p256_t20,dpmm,top5,0,file_brain_AXT1_202_2020551,3,1,21.13970947265625
AXT1,patch,dpmm_p256_t20,dpmm,top5,0,file_brain_AXT1_202_2020551,4,1,20.31855891301082
AXT1,patch,dpmm_p256_t20,dpmm,top5,0,file_brain_AXT1_202_2020551,5,1,20.55225078876202
AXT1,patch,dpmm_p256_t20,dpmm,top5,0,file_brain_AXT1_202_2020551,6,1,19.80218271108774
AXT1,patch,dpmm_p256_t20,dpmm,top5,0,file_brain_AXT1_202_2020551,7,1,17.811739408052883
AXT1,patch,dpmm_p256_t20,dpmm,top5,0,file_brain_AXT1_202_2020551,8,1,17.811204176682693
AXT1,patch,dpmm_p256_t20,dpmm,top5,0,file_brain_AXT1_202_2020551,9,1,17.51345473069411
AXT1,patch,dpmm_p256_t20,dpmm,top5,0,file_brain_AXT1_206_2060097,8,1,18.02880624624399
AXT1,patch,dpmm_p256_t20,dpmm,top5,0,file_brain_AXT1_202_6000408,0,1,22.66620812049279
AXT1,patch,dpmm_p256_t20,dpmm,top5,0,file_brain_AXT1_202_6000408,1,1,22.001366248497597
AXT1,patch,dpmm_p256_t20,dpmm,top5,0,file_brain_AXT1_202_6000408,2,1,20.21165348933293
AXT1,patch,dpmm_p256_t20,dpmm,top5,0,file_brain_AXT1_202_6000408,3,1,18.88797114445613
AXT1,patch,dpmm_p256_t20,dpmm,top5,0,file_brain_AXT1_206_2060051,2,1,21.2906001164363
AXT1,patch,dpmm_p256_t20,dpmm,top5,0,file_brain_AXT1_206_2060051,3,1,19.800206111027645
AXT1,patch,dpmm_p256_t20,dpmm,top5,0,file_brain_AXT1_206_2060051,4,1,18.563893244816708
AXT1,patch,dpmm_p256_t20,dpmm,top5,0,file_brain_AXT1_202_2020009,0,1,25.63776573768029
AXT1,patch,dpmm_p256_t20,dpmm,top5,0,file_brain_AXT1_202_2020009,1,1,25.4258540226863
AXT1,patch,dpmm_p256_t20,dpmm,top5,0,file_brain_AXT1_202_2020009,2,1,26.42768272986779
AXT1,patch,dpmm_p256_t20,dpmm,top5,0,file_brain_AXT1_202_2020009,3,1,27.24328143780048
AXT1,patch,dpmm_p256_t20,dpmm,top5,0,file_brain_AXT1_202_2020009,4,1,26.115215594951923
AXT1,patch,dpmm_p256_t20,dpmm,top5,0,file_brain_AXT1_202_2020009,5,1,25.193699763371395
AXT1,patch,dpmm_p256_t20,dpmm,top5,0,file_brain_AXT1_202_2020009,6,1,24.317218487079327
AXT1,patch,dpmm_p256_t20,dpmm,top5,0,file_brain_AXT1_202_2020009,7,1,24.43995079627404
AXT1,patch,dpmm_p256_t20,dpmm,top5,0,file_brain_AXT1_202_2020009,8,1,23.11328594501202
AXT1,patch,dpmm_p256_t20,dpmm,top5,0,file_brain_AXT1_202_2020009,9,1,23.518878643329327
AXT1,patch,dpmm_p256_t20,dpmm,top5,0,file_brain_AXT1_202_2020009,10,1,23.264674260066105
AXT1,patch,dpmm_p256_t20,dpmm,top5,0,file_brain_AXT1_202_2020009,11,1,24.988051194411057
AXT1,patch,dpmm_p256_t20,dpmm,top5,0,file_brain_AXT1_202_2020009,12,1,25.329068697415867
AXT1,patch,dpmm_p256_t20,dpmm,top5,0,file_brain_AXT1_202_2020009,13,1,25.472642164963943
AXT1,patch,dpmm_p256_t20,dpmm,top5,0,file_brain_AXT1_202_2020301,0,1,25.65050330528846
AXT1,patch,dpmm_p256_t20,dpmm,top5,0,file_brain_AXT1_202_2020301,1,1,28.45520723783053
AXT1,patch,dpmm_p256_t20,dpmm,top5,0,file_brain_AXT1_202_2020301,2,1,23.216552734375
AXT1,patch,dpmm_p256_t20,dpmm,top5,0,file_brain_AXT1_202_2020301,3,1,21.251929649939903
AXT1,patch,dpmm_p256_t20,dpmm,top5,0,file_brain_AXT1_202_2020301,4,1,20.95744910606971
AXT1,patch,dpmm_p256_t20,dpmm,top5,0,file_brain_AXT1_202_2020301,5,1,19.636826735276443
AXT1,patch,dpmm_p256_t20,dpmm,top5,0,file_brain_AXT1_202_2020301,6,1,18.53954373873197
AXT1,patch,dpmm_p256_t20,dpmm,top5,0,file_brain_AXT1_202_2020301,7,1,18.643716665414665
AXT1,patch,dpmm_p256_t20,dpmm,top5,0,file_brain_AXT1_202_2020301,8,1,19.02761723445012
AXT1,patch,dpmm_p256_t20,dpmm,top5,0,file_brain_AXT1_202_2020301,9,1,18.390173105093147
AXT1,patch,dpmm_p256_t20,dpmm,top5,0,file_brain_AXT1_202_2020301,10,1,18.268006544846756
AXT1,patch,dpmm_p256_t20,dpmm,top5,0,file_brain_AXT1_202_2020301,11,1,22.874903752253605
AXT1,patch,dpmm_p256_t20,dpmm,top5,0,file_brain_AXT1_202_2020301,12,1,23.60394756610577
AXT1,patch,dpmm_p256_t20,dpmm,top5,0,file_brain_AXT1_202_2020301,13,1,23.507859450120193
AXT1,patch,dpmm_p256_t20,dpmm,top5,0,file_brain_AXT1_202_2020156,0,1,26.366605318509617
AXT1,patch,dpmm_p256_t20,dpmm,top5,0,file_brain_AXT1_202_2020156,1,1,24.898233266977165
AXT1,patch,dpmm_p256_t20,dpmm,top5,0,file_brain_AXT1_202_2020156,2,1,24.81792273888221
AXT1,patch,dpmm_p256_t20,dpmm,top5,0,file_brain_AXT1_202_2020156,3,1,24.538419283353367
AXT1,patch,dpmm_p256_t20,dpmm,top5,0,file_brain_AXT1_202_2020156,4,1,23.18590369591346
AXT1,patch,dpmm_p256_t20,dpmm,top5,0,file_brain_AXT1_202_2020156,5,1,20.42907949594351
AXT1,patch,dpmm_p256_t20,dpmm,top5,0,file_brain_AXT1_202_2020156,6,1,19.07531503530649
AXT1,patch,dpmm_p256_t20,dpmm,top5,0,file_brain_AXT1_202_2020156,7,1,19.937767615685097
AXT1,patch,dpmm_p256_t20,dpmm,top5,0,file_brain_AXT1_202_2020156,8,1,18.45006854717548
AXT1,patch,dpmm_p256_t20,dpmm,top5,0,file_brain_AXT1_202_2020156,9,1,18.001002385066105
AXT1,patch,dpmm_p256_t20,dpmm,top5,0,file_brain_AXT1_202_2020156,10,1,19.39141845703125
AXT1,patch,dpmm_p256_t20,dpmm,top5,0,file_brain_AXT1_202_2020156,11,1,21.780738243689903
AXT1,patch,dpmm_p256_t20,dpmm,top5,0,file_brain_AXT1_202_2020156,12,1,21.12499765249399
AXT1,patch,dpmm_p256_t20,dpmm,top5,0,file_brain_AXT1_202_2020156,13,1,23.60363300030048
AXT1,patch,dpmm_p256_t20,dpmm,top5,0,file_brain_AXT1_202_2020156,14,1,25.599285419170673
AXT1,patch,dpmm_p256_t20,dpmm,top5,0,file_brain_AXT1_202_2020156,15,1,23.07800058218149
AXT1,patch,dpmm_p256_t50,dpmm,top5,0,file_brain_AXT1_202_6000534,7,0,21.00768103966346
AXT1,patch,dpmm_p256_t50,dpmm,top5,0,file_brain_AXT1_202_2020468,4,0,18.576563908503605
AXT1,patch,dpmm_p256_t50,dpmm,top5,0,file_brain_AXT1_202_6000312,7,0,19.91527381310096
AXT1,patch,dpmm_p256_t50,dpmm,top5,0,file_brain_AXT1_202_2020468,5,0,23.17853722205529
AXT1,patch,dpmm_p256_t50,dpmm,top5,0,file_brain_AXT1_202_2020478,5,0,20.75825617863582
AXT1,patch,dpmm_p256_t50,dpmm,top5,0,file_brain_AXT1_201_6002717,5,0,19.11862534743089
AXT1,patch,dpmm_p256_t50,dpmm,top5,0,file_brain_AXT1_202_2020184,6,0,23.09403874323918
AXT1,patch,dpmm_p256_t50,dpmm,top5,0,file_brain_AXT1_202_6000305,10,0,16.98270944448618
AXT1,patch,dpmm_p256_t50,dpmm,top5,0,file_brain_AXT1_206_2060097,5,0,16.75286395733173
AXT1,patch,dpmm_p256_t50,dpmm,top5,0,file_brain_AXT1_202_2020195,7,0,19.76385028545673
AXT1,patch,dpmm_p256_t50,dpmm,top5,0,file_brain_AXT1_202_6000305,9,0,23.5593989445613
AXT1,patch,dpmm_p256_t50,dpmm,top5,0,file_brain_AXT1_202_6000408,8,0,17.64967463566707
AXT1,patch,dpmm_p256_t50,dpmm,top5,0,file_brain_AXT1_202_2020167,11,0,22.64684354341947
AXT1,patch,dpmm_p256_t50,dpmm,top5,0,file_brain_AXT1_202_6000408,11,0,19.869957557091347
AXT1,patch,dpmm_p256_t50,dpmm,top5,0,file_brain_AXT1_202_6000408,12,0,16.26226571890024
AXT1,patch,dpmm_p256_t50,dpmm,top5,0,file_brain_AXT1_202_2020496,9,0,22.0355952336238
AXT1,patch,dpmm_p256_t50,dpmm,top5,0,file_brain_AXT1_202_6000534,5,0,20.826876126802883
AXT1,patch,dpmm_p256_t50,dpmm,top5,0,file_brain_AXT1_202_2020199,6,0,15.681384746844952
AXT1,patch,dpmm_p256_t50,dpmm,top5,0,file_brain_AXT1_202_2020186,7,0,20.724945068359375
AXT1,patch,dpmm_p256_t50,dpmm,top5,0,file_brain_AXT1_202_6000591,7,0,19.708350548377403
AXT1,patch,dpmm_p256_t50,dpmm,top5,0,file_brain_AXT1_202_6000339,4,0,17.43060772235577
AXT1,patch,dpmm_p256_t50,dpmm,top5,0,file_brain_AXT1_202_2020199,5,0,19.882188063401443
AXT1,patch,dpmm_p256_t50,dpmm,top5,0,file_brain_AXT1_206_2060051,12,0,19.70817448542668
AXT1,patch,dpmm_p256_t50,dpmm,top5,0,file_brain_AXT1_202_2020184,9,0,18.751380333533653
AXT1,patch,dpmm_p256_t50,dpmm,top5,0,file_brain_AXT1_201_6002717,11,0,20.72302950345553
AXT1,patch,dpmm_p256_t50,dpmm,top5,0,file_brain_AXT1_202_2020509,4,0,22.69176541841947
AXT1,patch,dpmm_p256_t50,dpmm,top5,0,file_brain_AXT1_202_2020186,10,0,20.94700974684495
AXT1,patch,dpmm_p256_t50,dpmm,top5,0,file_brain_AXT1_206_2060097,12,0,20.08838594876803
AXT1,patch,dpmm_p256_t50,dpmm,top5,0,file_brain_AXT1_202_6000534,11,0,20.261021540715145
AXT1,patch,dpmm_p256_t50,dpmm,top5,0,file_brain_AXT1_202_2020511,5,0,25.358135516826923
AXT1,patch,dpmm_p256_t50,dpmm,top5,0,file_brain_AXT1_202_6000591,4,0,20.904541015625
AXT1,patch,dpmm_p256_t50,dpmm,top5,0,file_brain_AXT1_202_2020248,11,0,21.73674832857572
AXT1,patch,dpmm_p256_t50,dpmm,top5,0,file_brain_AXT1_206_2060051,10,0,18.00011972280649
AXT1,patch,dpmm_p256_t50,dpmm,top5,0,file_brain_AXT1_202_2020496,7,0,18.326697716346153
AXT1,patch,dpmm_p256_t50,dpmm,top5,0,file_brain_AXT1_202_2020184,8,0,22.45843505859375
AXT1,patch,dpmm_p256_t50,dpmm,top5,0,file_brain_AXT1_202_2020167,9,0,19.95281512920673
AXT1,patch,dpmm_p256_t50,dpmm,top5,0,file_brain_AXT1_202_2020496,4,0,22.62937809870793
AXT1,patch,dpmm_p256_t50,dpmm,top5,0,file_brain_AXT1_202_6000591,6,0,19.221534142127403
AXT1,patch,dpmm_p256_t50,dpmm,top5,0,file_brain_AXT1_206_2060051,8,0,18.9687992976262
AXT1,patch,dpmm_p256_t50,dpmm,top5,0,file_brain_AXT1_202_2020511,9,0,18.83600792518029
AXT1,patch,dpmm_p256_t50,dpmm,top5,0,file_brain_AXT1_202_2020551,12,0,18.65971257136418
AXT1,patch,dpmm_p256_t50,dpmm,top5,0,file_brain_AXT1_206_2060097,9,0,21.05823927659255
AXT1,patch,dpmm_p256_t50,dpmm,top5,0,file_brain_AXT1_202_2020248,9,0,22.556919978215145
AXT1,patch,dpmm_p256_t50,dpmm,top5,0,file_brain_AXT1_202_2020076,5,0,18.1973383976863
AXT1,patch,dpmm_p256_t50,dpmm,top5,0,file_brain_AXT1_202_2020195,8,0,22.433241624098557
AXT1,patch,dpmm_p256_t50,dpmm,top5,0,file_brain_AXT1_201_6002811,11,0,18.69331477238582
AXT1,patch,dpmm_p256_t50,dpmm,top5,0,file_brain_AXT1_202_2020511,4,0,18.748622013972355
AXT1,patch,dpmm_p256_t50,dpmm,top5,0,file_brain_AXT1_202_6000305,11,0,17.868483323317307
AXT1,patch,dpmm_p256_t50,dpmm,top5,0,file_brain_AXT1_202_2020468,6,0,17.994844876802883
AXT1,patch,dpmm_p256_t50,dpmm,top5,0,file_brain_AXT1_202_2020186,9,0,22.50715754582332
AXT1,patch,dpmm_p256_t50,dpmm,top5,0,file_brain_AXT1_202_6000305,5,0,24.26869319035457
AXT1,patch,dpmm_p256_t50,dpmm,top5,0,file_brain_AXT1_201_6002717,10,0,17.836572500375603
AXT1,patch,dpmm_p256_t50,dpmm,top5,0,file_brain_AXT1_202_6000339,10,0,18.452457134540264
AXT1,patch,dpmm_p256_t50,dpmm,top5,0,file_brain_AXT1_202_2020186,11,0,18.468179556039665
AXT1,patch,dpmm_p256_t50,dpmm,top5,0,file_brain_AXT1_202_2020076,10,0,18.376809927133415
AXT1,patch,dpmm_p256_t50,dpmm,top5,0,file_brain_AXT1_202_2020496,6,0,21.217735877403847
AXT1,patch,dpmm_p256_t50,dpmm,top5,0,file_brain_AXT1_202_2020509,6,0,20.613135704627403
AXT1,patch,dpmm_p256_t50,dpmm,top5,0,file_brain_AXT1_202_6000534,4,0,18.431973970853367
AXT1,patch,dpmm_p256_t50,dpmm,top5,0,file_brain_AXT1_202_2020167,10,0,19.255411001352165
AXT1,patch,dpmm_p256_t50,dpmm,top5,0,file_brain_AXT1_202_6000591,11,0,21.454681396484375
AXT1,patch,dpmm_p256_t50,dpmm,top5,0,file_brain_AXT1_201_6002717,7,0,23.649921123798077
AXT1,patch,dpmm_p256_t50,dpmm,top5,0,file_brain_AXT1_202_6000312,10,0,23.91028536283053
AXT1,patch,dpmm_p256_t50,dpmm,top5,0,file_brain_AXT1_202_2020323,6,0,21.47400841346154
AXT1,patch,dpmm_p256_t50,dpmm,top5,0,file_brain_AXT1_202_6000312,12,0,17.74713839017428
AXT1,patch,dpmm_p256_t50,dpmm,top5,0,file_brain_AXT1_202_6000312,6,0,18.16888662484976
AXT1,patch,dpmm_p256_t50,dpmm,top5,0,file_brain_AXT1_202_2020109,8,0,20.44279362605168
AXT1,patch,dpmm_p256_t50,dpmm,top5,0,file_brain_AXT1_202_6000408,10,0,19.29454862154447
AXT1,patch,dpmm_p256_t50,dpmm,top5,0,file_brain_AXT1_202_2020184,4,0,17.712367131159855
AXT1,patch,dpmm_p256_t50,dpmm,top5,0,file_brain_AXT1_202_6000312,4,0,21.37273230919471
AXT1,patch,dpmm_p256_t50,dpmm,top5,0,file_brain_AXT1_202_6000534,12,0,20.50506357046274
AXT1,patch,dpmm_p256_t50,dpmm,top5,0,file_brain_AXT1_202_2020496,11,0,18.444805438701923
AXT1,patch,dpmm_p256_t50,dpmm,top5,0,file_brain_AXT1_202_2020076,6,0,18.336284930889423
AXT1,patch,dpmm_p256_t50,dpmm,top5,0,file_brain_AXT1_202_6000312,8,0,21.13245333158053
AXT1,patch,dpmm_p256_t50,dpmm,top5,0,file_brain_AXT1_202_6000534,8,0,19.86212862454928
AXT1,patch,dpmm_p256_t50,dpmm,top5,0,file_brain_AXT1_202_2020334,0,1,22.132713904747597
AXT1,patch,dpmm_p256_t50,dpmm,top5,0,file_brain_AXT1_202_2020334,1,1,21.71674522986779
AXT1,patch,dpmm_p256_t50,dpmm,top5,0,file_brain_AXT1_202_2020334,2,1,22.597318209134617
AXT1,patch,dpmm_p256_t50,dpmm,top5,0,file_brain_AXT1_202_2020334,3,1,26.042320838341347
AXT1,patch,dpmm_p256_t50,dpmm,top5,0,file_brain_AXT1_202_2020334,4,1,23.18365243765024
AXT1,patch,dpmm_p256_t50,dpmm,top5,0,file_brain_AXT1_202_2020334,5,1,21.286236102764423
AXT1,patch,dpmm_p256_t50,dpmm,top5,0,file_brain_AXT1_202_2020334,6,1,20.439842810997597
AXT1,patch,dpmm_p256_t50,dpmm,top5,0,file_brain_AXT1_202_2020334,7,1,18.60177494929387
AXT1,patch,dpmm_p256_t50,dpmm,top5,0,file_brain_AXT1_202_2020334,8,1,18.502953162560097
AXT1,patch,dpmm_p256_t50,dpmm,top5,0,file_brain_AXT1_202_2020334,9,1,19.951031024639423
AXT1,patch,dpmm_p256_t50,dpmm,top5,0,file_brain_AXT1_202_2020334,10,1,20.4438969538762
AXT1,patch,dpmm_p256_t50,dpmm,top5,0,file_brain_AXT1_202_2020334,11,1,20.044090857872597
AXT1,patch,dpmm_p256_t50,dpmm,top5,0,file_brain_AXT1_202_2020334,12,1,24.8544194148137
AXT1,patch,dpmm_p256_t50,dpmm,top5,0,file_brain_AXT1_202_2020334,13,1,27.02827570988582
AXT1,patch,dpmm_p256_t50,dpmm,top5,0,file_brain_AXT1_202_2020334,14,1,24.801300048828125
AXT1,patch,dpmm_p256_t50,dpmm,top5,0,file_brain_AXT1_202_2020334,15,1,25.616070087139423
AXT1,patch,dpmm_p256_t50,dpmm,top5,0,file_brain_AXT1_202_6000339,0,1,23.680631197415867
AXT1,patch,dpmm_p256_t50,dpmm,top5,0,file_brain_AXT1_202_6000339,1,1,24.86473670372596
AXT1,patch,dpmm_p256_t50,dpmm,top5,0,file_brain_AXT1_202_6000339,2,1,23.860698993389423
AXT1,patch,dpmm_p256_t50,dpmm,top5,0,file_brain_AXT1_201_6002836,0,1,24.909505990835335
AXT1,patch,dpmm_p256_t50,dpmm,top5,0,file_brain_AXT1_201_6002836,1,1,25.755394568810097
AXT1,patch,dpmm_p256_t50,dpmm,top5,0,file_brain_AXT1_201_6002836,2,1,24.784503643329327
AXT1,patch,dpmm_p256_t50,dpmm,top5,0,file_brain_AXT1_201_6002836,3,1,25.146038348858173
AXT1,patch,dpmm_p256_t50,dpmm,top5,0,file_brain_AXT1_201_6002836,4,1,24.12848135141226
AXT1,patch,dpmm_p256_t50,dpmm,top5,0,file_brain_AXT1_201_6002836,5,1,25.378986065204327
AXT1,patch,dpmm_p256_t50,dpmm,top5,0,file_brain_AXT1_201_6002836,6,1,21.97248957707332
AXT1,patch,dpmm_p256_t50,dpmm,top5,0,file_brain_AXT1_201_6002836,7,1,19.86304180438702
AXT1,patch,dpmm_p256_t50,dpmm,top5,0,file_brain_AXT1_201_6002779,11,1,19.945359450120193
AXT1,patch,dpmm_p256_t50,dpmm,top5,0,file_brain_AXT1_201_6002779,12,1,22.18206317608173
AXT1,patch,dpmm_p256_t50,dpmm,top5,0,file_brain_AXT1_201_6002779,13,1,22.856961763822117
AXT1,patch,dpmm_p256_t50,dpmm,top5,0,file_brain_AXT1_201_6002779,14,1,25.03221012995793
AXT1,patch,dpmm_p256_t50,dpmm,top5,0,file_brain_AXT1_201_6002779,15,1,24.95178692157452
AXT1,patch,dpmm_p256_t50,dpmm,top5,0,file_brain_AXT1_202_2020509,7,1,16.943758451021633
AXT1,patch,dpmm_p256_t50,dpmm,top5,0,file_brain_AXT1_202_2020509,8,1,16.960291935847355
AXT1,patch,dpmm_p256_t50,dpmm,top5,0,file_brain_AXT1_202_2020509,9,1,17.349707970252403
AXT1,patch,dpmm_p256_t50,dpmm,top5,0,file_brain_AXT1_202_2020509,10,1,18.997361403245193
AXT1,patch,dpmm_p256_t50,dpmm,top5,0,file_brain_AXT1_202_2020509,11,1,21.844449556790867
AXT1,patch,dpmm_p256_t50,dpmm,top5,0,file_brain_AXT1_202_2020509,12,1,22.686065673828125
AXT1,patch,dpmm_p256_t50,dpmm,top5,0,file_brain_AXT1_202_2020509,13,1,22.35974590594952
AXT1,patch,dpmm_p256_t50,dpmm,top5,0,file_brain_AXT1_202_2020509,14,1,24.228189321664665
AXT1,patch,dpmm_p256_t50,dpmm,top5,0,file_brain_AXT1_202_2020509,15,1,26.614347017728367
AXT1,patch,dpmm_p256_t50,dpmm,top5,0,file_brain_AXT1_202_2020418,0,1,22.66723867563101
AXT1,patch,dpmm_p256_t50,dpmm,top5,0,file_brain_AXT1_202_2020418,1,1,22.72905789888822
AXT1,patch,dpmm_p256_t50,dpmm,top5,0,file_brain_AXT1_202_2020418,2,1,22.39557354266827
AXT1,patch,dpmm_p256_t50,dpmm,top5,0,file_brain_AXT1_202_2020418,3,1,22.600865290715145
AXT1,patch,dpmm_p256_t50,dpmm,top5,0,file_brain_AXT1_202_2020418,4,1,20.74219689002404
AXT1,patch,dpmm_p256_t50,dpmm,top5,0,file_brain_AXT1_202_2020418,5,1,19.853102463942307
AXT1,patch,dpmm_p256_t50,dpmm,top5,0,file_brain_AXT1_202_2020418,6,1,19.19301546536959
AXT1,patch,dpmm_p256_t50,dpmm,top5,0,file_brain_AXT1_202_2020418,7,1,20.130821814903847
AXT1,patch,dpmm_p256_t50,dpmm,top5,0,file_brain_AXT1_202_2020418,8,1,19.824371337890625
AXT1,patch,dpmm_p256_t50,dpmm,top5,0,file_brain_AXT1_202_2020418,9,1,19.53276648888221
AXT1,patch,dpmm_p256_t50,dpmm,top5,0,file_brain_AXT1_202_2020418,10,1,19.317659818209133
AXT1,patch,dpmm_p256_t50,dpmm,top5,0,file_brain_AXT1_202_2020418,11,1,20.868680513822117
AXT1,patch,dpmm_p256_t50,dpmm,top5,0,file_brain_AXT1_202_2020418,12,1,22.49192692683293
AXT1,patch,dpmm_p256_t50,dpmm,top5,0,file_brain_AXT1_202_2020418,13,1,22.3179931640625
AXT1,patch,dpmm_p256_t50,dpmm,top5,0,file_brain_AXT1_202_2020068,0,1,24.340294471153847
AXT1,patch,dpmm_p256_t50,dpmm,top5,0,file_brain_AXT1_202_2020068,1,1,25.081326998197117
AXT1,patch,dpmm_p256_t50,dpmm,top5,0,file_brain_AXT1_202_2020068,2,1,22.260634202223557
AXT1,patch,dpmm_p256_t50,dpmm,top5,0,file_brain_AXT1_202_2020068,3,1,21.16717998798077
AXT1,patch,dpmm_p256_t50,dpmm,top5,0,file_brain_AXT1_202_2020068,4,1,21.5733149601863
AXT1,patch,dpmm_p256_t50,dpmm,top5,0,file_brain_AXT1_202_2020068,5,1,22.425006573016827
AXT1,patch,dpmm_p256_t50,dpmm,top5,0,file_brain_AXT1_202_2020068,6,1,19.094956618088943
AXT1,patch,dpmm_p256_t50,dpmm,top5,0,file_brain_AXT1_202_2020068,7,1,20.04298048753005
AXT1,patch,dpmm_p256_t50,dpmm,top5,0,file_brain_AXT1_202_2020068,8,1,21.3787348820613
AXT1,patch,dpmm_p256_t50,dpmm,top5,0,file_brain_AXT1_202_2020068,9,1,24.38426560621995
AXT1,patch,dpmm_p256_t50,dpmm,top5,0,file_brain_AXT1_202_2020068,10,1,24.264751727764423
AXT1,patch,dpmm_p256_t50,dpmm,top5,0,file_brain_AXT1_202_2020068,11,1,24.80192448542668
AXT1,patch,dpmm_p256_t50,dpmm,top5,0,file_brain_AXT1_202_2020068,12,1,24.69031465970553
AXT1,patch,dpmm_p256_t50,dpmm,top5,0,file_brain_AXT1_202_2020068,13,1,24.604095458984375
AXT1,patch,dpmm_p256_t50,dpmm,top5,0,file_brain_AXT1_202_2020068,14,1,26.056375356820915
AXT1,patch,dpmm_p256_t50,dpmm,top5,0,file_brain_AXT1_202_2020068,15,1,27.13807795597957
AXT1,patch,dpmm_p256_t50,dpmm,top5,0,file_brain_AXT1_201_6002811,0,1,24.444068321814903
AXT1,patch,dpmm_p256_t50,dpmm,top5,0,file_brain_AXT1_201_6002811,1,1,25.314976618840145
AXT1,patch,dpmm_p256_t50,dpmm,top5,0,file_brain_AXT1_201_6002811,2,1,25.513038048377403
AXT1,patch,dpmm_p256_t50,dpmm,top5,0,file_brain_AXT1_201_6002811,3,1,25.030803973858173
AXT1,patch,dpmm_p256_t50,dpmm,top5,0,file_brain_AXT1_201_6002811,4,1,25.41924814077524
AXT1,patch,dpmm_p256_t50,dpmm,top5,0,file_brain_AXT1_201_6002811,5,1,25.080242450420673
AXT1,patch,dpmm_p256_t50,dpmm,top5,0,file_brain_AXT1_201_6002811,6,1,24.170022817758415
AXT1,patch,dpmm_p256_t50,dpmm,top5,0,file_brain_AXT1_201_6002811,7,1,25.537069467397835
AXT1,patch,dpmm_p256_t50,dpmm,top5,0,file_brain_AXT1_201_6002811,8,1,24.904454157902645
AXT1,patch,dpmm_p256_t50,dpmm,top5,0,file_brain_AXT1_201_6002811,9,1,25.27972646859976
AXT1,patch,dpmm_p256_t50,dpmm,top5,0,file_brain_AXT1_201_6002811,10,1,24.339918870192307
AXT1,patch,dpmm_p256_t50,dpmm,top5,0,file_brain_AXT1_202_2020551,2,1,21.2635005070613
AXT1,patch,dpmm_p256_t50,dpmm,top5,0,file_brain_AXT1_202_2020551,3,1,21.139310396634617
AXT1,patch,dpmm_p256_t50,dpmm,top5,0,file_brain_AXT1_202_2020551,4,1,20.318190354567307
AXT1,patch,dpmm_p256_t50,dpmm,top5,0,file_brain_AXT1_202_2020551,5,1,20.55188457782452
AXT1,patch,dpmm_p256_t50,dpmm,top5,0,file_brain_AXT1_202_2020551,6,1,19.801832932692307
AXT1,patch,dpmm_p256_t50,dpmm,top5,0,file_brain_AXT1_202_2020551,7,1,17.811429537259617
AXT1,patch,dpmm_p256_t50,dpmm,top5,0,file_brain_AXT1_202_2020551,8,1,17.81090134840745
AXT1,patch,dpmm_p256_t50,dpmm,top5,0,file_brain_AXT1_202_2020551,9,1,17.51315659743089
AXT1,patch,dpmm_p256_t50,dpmm,top5,0,file_brain_AXT1_206_2060097,8,1,18.02848698542668
AXT1,patch,dpmm_p256_t50,dpmm,top5,0,file_brain_AXT1_202_6000408,0,1,22.665802001953125
AXT1,patch,dpmm_p256_t50,dpmm,top5,0,file_brain_AXT1_202_6000408,1,1,22.00096482496995
AXT1,patch,dpmm_p256_t50,dpmm,top5,0,file_brain_AXT1_202_6000408,2,1,20.211284930889423
AXT1,patch,dpmm_p256_t50,dpmm,top5,0,file_brain_AXT1_202_6000408,3,1,18.887637798602764
AXT1,patch,dpmm_p256_t50,dpmm,top5,0,file_brain_AXT1_206_2060051,2,1,21.290203387920673
AXT1,patch,dpmm_p256_t50,dpmm,top5,0,file_brain_AXT1_206_2060051,3,1,19.799844595102165
AXT1,patch,dpmm_p256_t50,dpmm,top5,0,file_brain_AXT1_206_2060051,4,1,18.563562246469353
AXT1,patch,dpmm_p256_t50,dpmm,top5,0,file_brain_AXT1_202_2020009,0,1,25.637291541466347
AXT1,patch,dpmm_p256_t50,dpmm,top5,0,file_brain_AXT1_202_2020009,1,1,25.425386868990383
AXT1,patch,dpmm_p256_t50,dpmm,top5,0,file_brain_AXT1_202_2020009,2,1,26.42718740609976
AXT1,patch,dpmm_p256_t50,dpmm,top5,0,file_brain_AXT1_202_2020009,3,1,27.242779071514423
AXT1,patch,dpmm_p256_t50,dpmm,top5,0,file_brain_AXT1_202_2020009,4,1,26.114727313701923
AXT1,patch,dpmm_p256_t50,dpmm,top5,0,file_brain_AXT1_202_2020009,5,1,25.1932373046875
AXT1,patch,dpmm_p256_t50,dpmm,top5,0,file_brain_AXT1_202_2020009,6,1,24.316753680889423
AXT1,patch,dpmm_p256_t50,dpmm,top5,0,file_brain_AXT1_202_2020009,7,1,24.439485990084133
AXT1,patch,dpmm_p256_t50,dpmm,top5,0,file_brain_AXT1_202_2020009,8,1,23.11286104642428
AXT1,patch,dpmm_p256_t50,dpmm,top5,0,file_brain_AXT1_202_2020009,9,1,23.51843731219952
AXT1,patch,dpmm_p256_t50,dpmm,top5,0,file_brain_AXT1_202_2020009,10,1,23.264249361478367
AXT1,patch,dpmm_p256_t50,dpmm,top5,0,file_brain_AXT1_202_2020009,11,1,24.98759343073918
AXT1,patch,dpmm_p256_t50,dpmm,top5,0,file_brain_AXT1_202_2020009,12,1,25.32860858623798
AXT1,patch,dpmm_p256_t50,dpmm,top5,0,file_brain_AXT1_202_2020009,13,1,25.47217031625601
AXT1,patch,dpmm_p256_t50,dpmm,top5,0,file_brain_AXT1_202_2020301,0,1,25.650043194110577
AXT1,patch,dpmm_p256_t50,dpmm,top5,0,file_brain_AXT1_202_2020301,1,1,28.454693134014423
AXT1,patch,dpmm_p256_t50,dpmm,top5,0,file_brain_AXT1_202_2020301,2,1,23.21612548828125
AXT1,patch,dpmm_p256_t50,dpmm,top5,0,file_brain_AXT1_202_2020301,3,1,21.251556396484375
AXT1,patch,dpmm_p256_t50,dpmm,top5,0,file_brain_AXT1_202_2020301,4,1,20.9570805476262
AXT1,patch,dpmm_p256_t50,dpmm,top5,0,file_brain_AXT1_202_2020301,5,1,19.63648634690505
AXT1,patch,dpmm_p256_t50,dpmm,top5,0,file_brain_AXT1_202_2020301,6,1,18.539217435396633
AXT1,patch,dpmm_p256_t50,dpmm,top5,0,file_brain_AXT1_202_2020301,7,1,18.64338918832632
AXT1,patch,dpmm_p256_t50,dpmm,top5,0,file_brain_AXT1_202_2020301,8,1,19.02728036733774
AXT1,patch,dpmm_p256_t50,dpmm,top5,0,file_brain_AXT1_202_2020301,9,1,18.38984093299279
AXT1,patch,dpmm_p256_t50,dpmm,top5,0,file_brain_AXT1_202_2020301,10,1,18.267676720252403
AXT1,patch,dpmm_p256_t50,dpmm,top5,0,file_brain_AXT1_202_2020301,11,1,22.874483548677883
AXT1,patch,dpmm_p256_t50,dpmm,top5,0,file_brain_AXT1_202_2020301,12,1,23.60351327749399
AXT1,patch,dpmm_p256_t50,dpmm,top5,0,file_brain_AXT1_202_2020301,13,1,23.507427509014423
AXT1,patch,dpmm_p256_t50,dpmm,top5,0,file_brain_AXT1_202_2020156,0,1,26.366121732271633
AXT1,patch,dpmm_p256_t50,dpmm,top5,0,file_brain_AXT1_202_2020156,1,1,24.8977778508113
AXT1,patch,dpmm_p256_t50,dpmm,top5,0,file_brain_AXT1_202_2020156,2,1,24.817474365234375
AXT1,patch,dpmm_p256_t50,dpmm,top5,0,file_brain_AXT1_202_2020156,3,1,24.53796856219952
AXT1,patch,dpmm_p256_t50,dpmm,top5,0,file_brain_AXT1_202_2020156,4,1,23.18548114483173
AXT1,patch,dpmm_p256_t50,dpmm,top5,0,file_brain_AXT1_202_2020156,5,1,20.42872032752404
AXT1,patch,dpmm_p256_t50,dpmm,top5,0,file_brain_AXT1_202_2020156,6,1,19.074981689453125
AXT1,patch,dpmm_p256_t50,dpmm,top5,0,file_brain_AXT1_202_2020156,7,1,19.937420184795673
AXT1,patch,dpmm_p256_t50,dpmm,top5,0,file_brain_AXT1_202_2020156,8,1,18.44975163386418
AXT1,patch,dpmm_p256_t50,dpmm,top5,0,file_brain_AXT1_202_2020156,9,1,18.000691340519833
AXT1,patch,dpmm_p256_t50,dpmm,top5,0,file_brain_AXT1_202_2020156,10,1,19.391078068659855
AXT1,patch,dpmm_p256_t50,dpmm,top5,0,file_brain_AXT1_202_2020156,11,1,21.78034151517428
AXT1,patch,dpmm_p256_t50,dpmm,top5,0,file_brain_AXT1_202_2020156,12,1,21.124619704026443
AXT1,patch,dpmm_p256_t50,dpmm,top5,0,file_brain_AXT1_202_2020156,13,1,23.603196364182693
AXT1,patch,dpmm_p256_t50,dpmm,top5,0,file_brain_AXT1_202_2020156,14,1,25.59881122295673
AXT1,patch,dpmm_p256_t50,dpmm,top5,0,file_brain_AXT1_202_2020156,15,1,23.07758037860577
AXT1,patch,dpmm_p256_t100,dpmm,top5,0,file_brain_AXT1_202_6000534,7,0,21.00927030123197
AXT1,patch,dpmm_p256_t100,dpmm,top5,0,file_brain_AXT1_202_2020468,4,0,18.57793954702524
AXT1,patch,dpmm_p256_t100,dpmm,top5,0,file_brain_AXT1_202_6000312,7,0,19.91673865685096
AXT1,patch,dpmm_p256_t100,dpmm,top5,0,file_brain_AXT1_202_2020468,5,0,23.18036827674279
AXT1,patch,dpmm_p256_t100,dpmm,top5,0,file_brain_AXT1_202_2020478,5,0,20.759840745192307
AXT1,patch,dpmm_p256_t100,dpmm,top5,0,file_brain_AXT1_201_6002717,5,0,19.120027982271633
AXT1,patch,dpmm_p256_t100,dpmm,top5,0,file_brain_AXT1_202_2020184,6,0,23.095853365384617
AXT1,patch,dpmm_p256_t100,dpmm,top5,0,file_brain_AXT1_202_6000305,10,0,16.98391606257512
AXT1,patch,dpmm_p256_t100,dpmm,top5,0,file_brain_AXT1_206_2060097,5,0,16.754069401667667
AXT1,patch,dpmm_p256_t100,dpmm,top5,0,file_brain_AXT1_202_2020195,7,0,19.76531512920673
AXT1,patch,dpmm_p256_t100,dpmm,top5,0,file_brain_AXT1_202_6000305,9,0,23.56116661658654
AXT1,patch,dpmm_p256_t100,dpmm,top5,0,file_brain_AXT1_202_6000408,8,0,17.650955200195312
AXT1,patch,dpmm_p256_t100,dpmm,top5,0,file_brain_AXT1_202_2020167,11,0,22.648601825420673
AXT1,patch,dpmm_p256_t100,dpmm,top5,0,file_brain_AXT1_202_6000408,11,0,19.871436485877403
AXT1,patch,dpmm_p256_t100,dpmm,top5,0,file_brain_AXT1_202_6000408,12,0,16.26337608924279
AXT1,patch,dpmm_p256_t100,dpmm,top5,0,file_brain_AXT1_202_2020496,9,0,22.037278395432693
AXT1,patch,dpmm_p256_t100,dpmm,top5,0,file_brain_AXT1_202_6000534,5,0,20.828472430889423
AXT1,patch,dpmm_p256_t100,dpmm,top5,0,file_brain_AXT1_202_2020199,6,0,15.682489248422476
AXT1,patch,dpmm_p256_t100,dpmm,top5,0,file_brain_AXT1_202_2020186,7,0,20.72651789738582
AXT1,patch,dpmm_p256_t100,dpmm,top5,0,file_brain_AXT1_202_6000591,7,0,19.70984825721154
AXT1,patch,dpmm_p256_t100,dpmm,top5,0,file_brain_AXT1_202_6000339,4,0,17.431885939378006
AXT1,patch,dpmm_p256_t100,dpmm,top5,0,file_brain_AXT1_202_2020199,5,0,19.883681077223557
AXT1,patch,dpmm_p256_t100,dpmm,top5,0,file_brain_AXT1_206_2060051,12,0,19.709679236778847
AXT1,patch,dpmm_p256_t100,dpmm,top5,0,file_brain_AXT1_202_2020184,9,0,18.75278062086839
AXT1,patch,dpmm_p256_t100,dpmm,top5,0,file_brain_AXT1_201_6002717,11,0,20.724609375
AXT1,patch,dpmm_p256_t100,dpmm,top5,0,file_brain_AXT1_202_2020509,4,0,22.69353309044471
AXT1,patch,dpmm_p256_t100,dpmm,top5,0,file_brain_AXT1_202_2020186,10,0,20.94866473858173
AXT1,patch,dpmm_p256_t100,dpmm,top5,0,file_brain_AXT1_206_2060097,12,0,20.089890700120193
AXT1,patch,dpmm_p256_t100,dpmm,top5,0,file_brain_AXT1_202_6000534,11,0,20.26255680964543
AXT1,patch,dpmm_p256_t100,dpmm,top5,0,file_brain_AXT1_202_2020511,5,0,25.360079251802883
AXT1,patch,dpmm_p256_t100,dpmm,top5,0,file_brain_AXT1_202_6000591,4,0,20.90612088716947
AXT1,patch,dpmm_p256_t100,dpmm,top5,0,file_brain_AXT1_202_2020248,11,0,21.73840566781851
AXT1,patch,dpmm_p256_t100,dpmm,top5,0,file_brain_AXT1_206_2060051,10,0,18.001439021183895
AXT1,patch,dpmm_p256_t100,dpmm,top5,0,file_brain_AXT1_202_2020496,7,0,18.327987670898438
AXT1,patch,dpmm_p256_t100,dpmm,top5,0,file_brain_AXT1_202_2020184,8,0,22.460190993088943
AXT1,patch,dpmm_p256_t100,dpmm,top5,0,file_brain_AXT1_202_2020167,9,0,19.954326923076923
AXT1,patch,dpmm_p256_t100,dpmm,top5,0,file_brain_AXT1_202_2020496,4,0,22.631136380709133
AXT1,patch,dpmm_p256_t100,dpmm,top5,0,file_brain_AXT1_202_6000591,6,0,19.22293442946214
AXT1,patch,dpmm_p256_t100,dpmm,top5,0,file_brain_AXT1_206_2060051,8,0,18.970211322490986
AXT1,patch,dpmm_p256_t100,dpmm,top5,0,file_brain_AXT1_202_2020511,9,0,18.837421123798077
AXT1,patch,dpmm_p256_t100,dpmm,top5,0,file_brain_AXT1_202_2020551,12,0,18.66109407865084
AXT1,patch,dpmm_p256_t100,dpmm,top5,0,file_brain_AXT1_206_2060097,9,0,21.05982149564303
AXT1,patch,dpmm_p256_t100,dpmm,top5,0,file_brain_AXT1_202_2020248,9,0,22.5586665226863
AXT1,patch,dpmm_p256_t100,dpmm,top5,0,file_brain_AXT1_202_2020076,5,0,18.198675302358772
AXT1,patch,dpmm_p256_t100,dpmm,top5,0,file_brain_AXT1_202_2020195,8,0,22.434967041015625
AXT1,patch,dpmm_p256_t100,dpmm,top5,0,file_brain_AXT1_201_6002811,11,0,18.694715059720554
AXT1,patch,dpmm_p256_t100,dpmm,top5,0,file_brain_AXT1_202_2020511,4,0,18.750008216271034
AXT1,patch,dpmm_p256_t100,dpmm,top5,0,file_brain_AXT1_202_6000305,11,0,17.86974158653846
AXT1,patch,dpmm_p256_t100,dpmm,top5,0,file_brain_AXT1_202_2020468,6,0,17.996139526367188
AXT1,patch,dpmm_p256_t100,dpmm,top5,0,file_brain_AXT1_202_2020186,9,0,22.508887657752403
AXT1,patch,dpmm_p256_t100,dpmm,top5,0,file_brain_AXT1_202_6000305,5,0,24.27051485501803
AXT1,patch,dpmm_p256_t100,dpmm,top5,0,file_brain_AXT1_201_6002717,10,0,17.837918795072117
AXT1,patch,dpmm_p256_t100,dpmm,top5,0,file_brain_AXT1_202_6000339,10,0,18.453838641826923
AXT1,patch,dpmm_p256_t100,dpmm,top5,0,file_brain_AXT1_202_2020186,11,0,18.469501201923077
AXT1,patch,dpmm_p256_t100,dpmm,top5,0,file_brain_AXT1_202_2020076,10,0,18.378143310546875
AXT1,patch,dpmm_p256_t100,dpmm,top5,0,file_brain_AXT1_202_2020496,6,0,21.219341571514423
AXT1,patch,dpmm_p256_t100,dpmm,top5,0,file_brain_AXT1_202_2020509,6,0,20.61467566856971
AXT1,patch,dpmm_p256_t100,dpmm,top5,0,file_brain_AXT1_202_6000534,4,0,18.433312049278847
AXT1,patch,dpmm_p256_t100,dpmm,top5,0,file_brain_AXT1_202_2020167,10,0,19.256857065054085
AXT1,patch,dpmm_p256_t100,dpmm,top5,0,file_brain_AXT1_202_6000591,11,0,21.456331693209133
AXT1,patch,dpmm_p256_t100,dpmm,top5,0,file_brain_AXT1_201_6002717,7,0,23.6517333984375
AXT1,patch,dpmm_p256_t100,dpmm,top5,0,file_brain_AXT1_202_6000312,10,0,23.912156325120193
AXT1,patch,dpmm_p256_t100,dpmm,top5,0,file_brain_AXT1_202_2020323,6,0,21.475623497596153
AXT1,patch,dpmm_p256_t100,dpmm,top5,0,file_brain_AXT1_202_6000312,12,0,17.748452993539665
AXT1,patch,dpmm_p256_t100,dpmm,top5,0,file_brain_AXT1_202_6000312,6,0,18.17022470327524
AXT1,patch,dpmm_p256_t100,dpmm,top5,0,file_brain_AXT1_202_2020109,8,0,20.44434063251202
AXT1,patch,dpmm_p256_t100,dpmm,top5,0,file_brain_AXT1_202_6000408,10,0,19.29597590519832
AXT1,patch,dpmm_p256_t100,dpmm,top5,0,file_brain_AXT1_202_2020184,4,0,17.71365708571214
AXT1,patch,dpmm_p256_t100,dpmm,top5,0,file_brain_AXT1_202_6000312,4,0,21.37438025841346
AXT1,patch,dpmm_p256_t100,dpmm,top5,0,file_brain_AXT1_202_6000534,12,0,20.50666222205529
AXT1,patch,dpmm_p256_t100,dpmm,top5,0,file_brain_AXT1_202_2020496,11,0,18.44615055964543
AXT1,patch,dpmm_p256_t100,dpmm,top5,0,file_brain_AXT1_202_2020076,6,0,18.33764178936298
AXT1,patch,dpmm_p256_t100,dpmm,top5,0,file_brain_AXT1_202_6000312,8,0,21.134080153245193
AXT1,patch,dpmm_p256_t100,dpmm,top5,0,file_brain_AXT1_202_6000534,8,0,19.863623985877403
AXT1,patch,dpmm_p256_t100,dpmm,top5,0,file_brain_AXT1_202_2020334,0,1,22.1343994140625
AXT1,patch,dpmm_p256_t100,dpmm,top5,0,file_brain_AXT1_202_2020334,1,1,21.71839317908654
AXT1,patch,dpmm_p256_t100,dpmm,top5,0,file_brain_AXT1_202_2020334,2,1,22.59906240609976
AXT1,patch,dpmm_p256_t100,dpmm,top5,0,file_brain_AXT1_202_2020334,3,1,26.044353778545673
AXT1,patch,dpmm_p256_t100,dpmm,top5,0,file_brain_AXT1_202_2020334,4,1,23.18543184720553
AXT1,patch,dpmm_p256_t100,dpmm,top5,0,file_brain_AXT1_202_2020334,5,1,21.28789344200721
AXT1,patch,dpmm_p256_t100,dpmm,top5,0,file_brain_AXT1_202_2020334,6,1,20.44141798753005
AXT1,patch,dpmm_p256_t100,dpmm,top5,0,file_brain_AXT1_202_2020334,7,1,18.60315176156851
AXT1,patch,dpmm_p256_t100,dpmm,top5,0,file_brain_AXT1_202_2020334,8,1,18.50433114858774
AXT1,patch,dpmm_p256_t100,dpmm,top5,0,file_brain_AXT1_202_2020334,9,1,19.952549861027645
AXT1,patch,dpmm_p256_t100,dpmm,top5,0,file_brain_AXT1_202_2020334,10,1,20.445458045372597
AXT1,patch,dpmm_p256_t100,dpmm,top5,0,file_brain_AXT1_202_2020334,11,1,20.04559560922476
AXT1,patch,dpmm_p256_t100,dpmm,top5,0,file_brain_AXT1_202_2020334,12,1,24.856299767127403
AXT1,patch,dpmm_p256_t100,dpmm,top5,0,file_brain_AXT1_202_2020334,13,1,27.030367337740383
AXT1,patch,dpmm_p256_t100,dpmm,top5,0,file_brain_AXT1_202_2020334,14,1,24.80321561373197
AXT1,patch,dpmm_p256_t100,dpmm,top5,0,file_brain_AXT1_202_2020334,15,1,25.61803025465745
AXT1,patch,dpmm_p256_t100,dpmm,top5,0,file_brain_AXT1_202_6000339,0,1,23.68243408203125
AXT1,patch,dpmm_p256_t100,dpmm,top5,0,file_brain_AXT1_202_6000339,1,1,24.866652268629807
AXT1,patch,dpmm_p256_t100,dpmm,top5,0,file_brain_AXT1_202_6000339,2,1,23.862584040715145
AXT1,patch,dpmm_p256_t100,dpmm,top5,0,file_brain_AXT1_201_6002836,0,1,24.91143564077524
AXT1,patch,dpmm_p256_t100,dpmm,top5,0,file_brain_AXT1_201_6002836,1,1,25.75738525390625
AXT1,patch,dpmm_p256_t100,dpmm,top5,0,file_brain_AXT1_201_6002836,2,1,24.786423903245193
AXT1,patch,dpmm_p256_t100,dpmm,top5,0,file_brain_AXT1_201_6002836,3,1,25.147986778846153
AXT1,patch,dpmm_p256_t100,dpmm,top5,0,file_brain_AXT1_201_6002836,4,1,24.130338228665867
AXT1,patch,dpmm_p256_t100,dpmm,top5,0,file_brain_AXT1_201_6002836,5,1,25.380948580228367
AXT1,patch,dpmm_p256_t100,dpmm,top5,0,file_brain_AXT1_201_6002836,6,1,21.97419151893029
AXT1,patch,dpmm_p256_t100,dpmm,top5,0,file_brain_AXT1_201_6002836,7,1,19.86456064077524
AXT1,patch,dpmm_p256_t100,dpmm,top5,0,file_brain_AXT1_201_6002779,11,1,19.946861853966347
AXT1,patch,dpmm_p256_t100,dpmm,top5,0,file_brain_AXT1_201_6002779,12,1,22.18377685546875
AXT1,patch,dpmm_p256_t100,dpmm,top5,0,file_brain_AXT1_201_6002779,13,1,22.858729435847355
AXT1,patch,dpmm_p256_t100,dpmm,top5,0,file_brain_AXT1_201_6002779,14,1,25.034151517427883
AXT1,patch,dpmm_p256_t100,dpmm,top5,0,file_brain_AXT1_201_6002779,15,1,24.953775259164665
AXT1,patch,dpmm_p256_t100,dpmm,top5,0,file_brain_AXT1_202_2020509,7,1,16.94495333158053
AXT1,patch,dpmm_p256_t100,dpmm,top5,0,file_brain_AXT1_202_2020509,8,1,16.96148212139423
AXT1,patch,dpmm_p256_t100,dpmm,top5,0,file_brain_AXT1_202_2020509,9,1,17.35096975473257
AXT1,patch,dpmm_p256_t100,dpmm,top5,0,file_brain_AXT1_202_2020509,10,1,18.99878399188702
AXT1,patch,dpmm_p256_t100,dpmm,top5,0,file_brain_AXT1_202_2020509,11,1,21.84612802358774
AXT1,patch,dpmm_p256_t100,dpmm,top5,0,file_brain_AXT1_202_2020509,12,1,22.68780517578125
AXT1,patch,dpmm_p256_t100,dpmm,top5,0,file_brain_AXT1_202_2020509,13,1,22.36150184044471
AXT1,patch,dpmm_p256_t100,dpmm,top5,0,file_brain_AXT1_202_2020509,14,1,24.230069673978367
AXT1,patch,dpmm_p256_t100,dpmm,top5,0,file_brain_AXT1_202_2020509,15,1,26.616379957932693
AXT1,patch,dpmm_p256_t100,dpmm,top5,0,file_brain_AXT1_202_2020418,0,1,22.66900400015024
AXT1,patch,dpmm_p256_t100,dpmm,top5,0,file_brain_AXT1_202_2020418,1,1,22.730811485877403
AXT1,patch,dpmm_p256_t100,dpmm,top5,0,file_brain_AXT1_202_2020418,2,1,22.397320087139423
AXT1,patch,dpmm_p256_t100,dpmm,top5,0,file_brain_AXT1_202_2020418,3,1,22.602586012620193
AXT1,patch,dpmm_p256_t100,dpmm,top5,0,file_brain_AXT1_202_2020418,4,1,20.743800236628605
AXT1,patch,dpmm_p256_t100,dpmm,top5,0,file_brain_AXT1_202_2020418,5,1,19.85462364783654
AXT1,patch,dpmm_p256_t100,dpmm,top5,0,file_brain_AXT1_202_2020418,6,1,19.194425142728367
AXT1,patch,dpmm_p256_t100,dpmm,top5,0,file_brain_AXT1_202_2020418,7,1,20.132342998798077
AXT1,patch,dpmm_p256_t100,dpmm,top5,0,file_brain_AXT1_202_2020418,8,1,19.8258784367488
AXT1,patch,dpmm_p256_t100,dpmm,top5,0,file_brain_AXT1_202_2020418,9,1,19.53424776517428
AXT1,patch,dpmm_p256_t100,dpmm,top5,0,file_brain_AXT1_202_2020418,10,1,19.31913053072416
AXT1,patch,dpmm_p256_t100,dpmm,top5,0,file_brain_AXT1_202_2020418,11,1,20.87028386042668
AXT1,patch,dpmm_p256_t100,dpmm,top5,0,file_brain_AXT1_202_2020418,12,1,22.49365938626803
AXT1,patch,dpmm_p256_t100,dpmm,top5,0,file_brain_AXT1_202_2020418,13,1,22.319730318509617
AXT1,patch,dpmm_p256_t100,dpmm,top5,0,file_brain_AXT1_202_2020068,0,1,24.342181865985577
AXT1,patch,dpmm_p256_t100,dpmm,top5,0,file_brain_AXT1_202_2020068,1,1,25.08326134314904
AXT1,patch,dpmm_p256_t100,dpmm,top5,0,file_brain_AXT1_202_2020068,2,1,22.262369009164665
AXT1,patch,dpmm_p256_t100,dpmm,top5,0,file_brain_AXT1_202_2020068,3,1,21.16881619966947
AXT1,patch,dpmm_p256_t100,dpmm,top5,0,file_brain_AXT1_202_2020068,4,1,21.57496056189904
AXT1,patch,dpmm_p256_t100,dpmm,top5,0,file_brain_AXT1_202_2020068,5,1,22.42670381986178
AXT1,patch,dpmm_p256_t100,dpmm,top5,0,file_brain_AXT1_202_2020068,6,1,19.09641794057993
AXT1,patch,dpmm_p256_t100,dpmm,top5,0,file_brain_AXT1_202_2020068,7,1,20.04451106144832
AXT1,patch,dpmm_p256_t100,dpmm,top5,0,file_brain_AXT1_202_2020068,8,1,21.38037578876202
AXT1,patch,dpmm_p256_t100,dpmm,top5,0,file_brain_AXT1_202_2020068,9,1,24.386127178485577
AXT1,patch,dpmm_p256_t100,dpmm,top5,0,file_brain_AXT1_202_2020068,10,1,24.266575739933895
AXT1,patch,dpmm_p256_t100,dpmm,top5,0,file_brain_AXT1_202_2020068,11,1,24.803856482872597
AXT1,patch,dpmm_p256_t100,dpmm,top5,0,file_brain_AXT1_202_2020068,12,1,24.69220909705529
AXT1,patch,dpmm_p256_t100,dpmm,top5,0,file_brain_AXT1_202_2020068,13,1,24.605987548828125
AXT1,patch,dpmm_p256_t100,dpmm,top5,0,file_brain_AXT1_202_2020068,14,1,26.0583989070012
AXT1,patch,dpmm_p256_t100,dpmm,top5,0,file_brain_AXT1_202_2020068,15,1,27.140169583834133
AXT1,patch,dpmm_p256_t100,dpmm,top5,0,file_brain_AXT1_201_6002811,0,1,24.44599327674279
AXT1,patch,dpmm_p256_t100,dpmm,top5,0,file_brain_AXT1_201_6002811,1,1,25.31696495643029
AXT1,patch,dpmm_p256_t100,dpmm,top5,0,file_brain_AXT1_201_6002811,2,1,25.515033428485577
AXT1,patch,dpmm_p256_t100,dpmm,top5,0,file_brain_AXT1_201_6002811,3,1,25.032761793870193
AXT1,patch,dpmm_p256_t100,dpmm,top5,0,file_brain_AXT1_201_6002811,4,1,25.421217698317307
AXT1,patch,dpmm_p256_t100,dpmm,top5,0,file_brain_AXT1_201_6002811,5,1,25.082188532902645
AXT1,patch,dpmm_p256_t100,dpmm,top5,0,file_brain_AXT1_201_6002811,6,1,24.17193603515625
AXT1,patch,dpmm_p256_t100,dpmm,top5,0,file_brain_AXT1_201_6002811,7,1,25.539104755108173
AXT1,patch,dpmm_p256_t100,dpmm,top5,0,file_brain_AXT1_201_6002811,8,1,24.90642371544471
AXT1,patch,dpmm_p256_t100,dpmm,top5,0,file_brain_AXT1_201_6002811,9,1,25.281719501201923
AXT1,patch,dpmm_p256_t100,dpmm,top5,0,file_brain_AXT1_201_6002811,10,1,24.34179217998798
AXT1,patch,dpmm_p256_t100,dpmm,top5,0,file_brain_AXT1_202_2020551,2,1,21.265157846304085
AXT1,patch,dpmm_p256_t100,dpmm,top5,0,file_brain_AXT1_202_2020551,3,1,21.141005295973557
AXT1,patch,dpmm_p256_t100,dpmm,top5,0,file_brain_AXT1_202_2020551,4,1,20.319744403545673
AXT1,patch,dpmm_p256_t100,dpmm,top5,0,file_brain_AXT1_202_2020551,5,1,20.553433931790867
AXT1,patch,dpmm_p256_t100,dpmm,top5,0,file_brain_AXT1_202_2020551,6,1,19.803307166466347
AXT1,patch,dpmm_p256_t100,dpmm,top5,0,file_brain_AXT1_202_2020551,7,1,17.81273944561298
AXT1,patch,dpmm_p256_t100,dpmm,top5,0,file_brain_AXT1_202_2020551,8,1,17.81218543419471
AXT1,patch,dpmm_p256_t100,dpmm,top5,0,file_brain_AXT1_202_2020551,9,1,17.51441368689904
AXT1,patch,dpmm_p256_t100,dpmm,top5,0,file_brain_AXT1_206_2060097,8,1,18.0298344538762
AXT1,patch,dpmm_p256_t100,dpmm,top5,0,file_brain_AXT1_202_6000408,0,1,22.667522723858173
AXT1,patch,dpmm_p256_t100,dpmm,top5,0,file_brain_AXT1_202_6000408,1,1,22.002647986778847
AXT1,patch,dpmm_p256_t100,dpmm,top5,0,file_brain_AXT1_202_6000408,2,1,20.21283897986779
AXT1,patch,dpmm_p256_t100,dpmm,top5,0,file_brain_AXT1_202_6000408,3,1,18.88904278094952
AXT1,patch,dpmm_p256_t100,dpmm,top5,0,file_brain_AXT1_206_2060051,2,1,21.29188654972957
AXT1,patch,dpmm_p256_t100,dpmm,top5,0,file_brain_AXT1_206_2060051,3,1,19.801363431490383
AXT1,patch,dpmm_p256_t100,dpmm,top5,0,file_brain_AXT1_206_2060051,4,1,18.56496370755709
AXT1,patch,dpmm_p256_t100,dpmm,top5,0,file_brain_AXT1_202_2020009,0,1,25.639296311598557
AXT1,patch,dpmm_p256_t100,dpmm,top5,0,file_brain_AXT1_202_2020009,1,1,25.42736346905048
AXT1,patch,dpmm_p256_t100,dpmm,top5,0,file_brain_AXT1_202_2020009,2,1,26.42927668644832
AXT1,patch,dpmm_p256_t100,dpmm,top5,0,file_brain_AXT1_202_2020009,3,1,27.244894174429085
AXT1,patch,dpmm_p256_t100,dpmm,top5,0,file_brain_AXT1_202_2020009,4,1,26.116783728966347
AXT1,patch,dpmm_p256_t100,dpmm,top5,0,file_brain_AXT1_202_2020009,5,1,25.19519277719351
AXT1,patch,dpmm_p256_t100,dpmm,top5,0,file_brain_AXT1_202_2020009,6,1,24.318702110877403
AXT1,patch,dpmm_p256_t100,dpmm,top5,0,file_brain_AXT1_202_2020009,7,1,24.441439115084133
AXT1,patch,dpmm_p256_t100,dpmm,top5,0,file_brain_AXT1_202_2020009,8,1,23.114659236027645
AXT1,patch,dpmm_p256_t100,dpmm,top5,0,file_brain_AXT1_202_2020009,9,1,23.520296536959133
AXT1,patch,dpmm_p256_t100,dpmm,top5,0,file_brain_AXT1_202_2020009,10,1,23.26604285606971
AXT1,patch,dpmm_p256_t100,dpmm,top5,0,file_brain_AXT1_202_2020009,11,1,24.989520733173077
AXT1,patch,dpmm_p256_t100,dpmm,top5,0,file_brain_AXT1_202_2020009,12,1,25.330552321213943
AXT1,patch,dpmm_p256_t100,dpmm,top5,0,file_brain_AXT1_202_2020009,13,1,25.47416569636418
AXT1,patch,dpmm_p256_t100,dpmm,top5,0,file_brain_AXT1_202_2020301,0,1,25.65197988656851
AXT1,patch,dpmm_p256_t100,dpmm,top5,0,file_brain_AXT1_202_2020301,1,1,28.45686457707332
AXT1,patch,dpmm_p256_t100,dpmm,top5,0,file_brain_AXT1_202_2020301,2,1,23.217923677884617
AXT1,patch,dpmm_p256_t100,dpmm,top5,0,file_brain_AXT1_202_2020301,3,1,21.253131573016827
AXT1,patch,dpmm_p256_t100,dpmm,top5,0,file_brain_AXT1_202_2020301,4,1,20.958639291616585
AXT1,patch,dpmm_p256_t100,dpmm,top5,0,file_brain_AXT1_202_2020301,5,1,19.637925368088943
AXT1,patch,dpmm_p256_t100,dpmm,top5,0,file_brain_AXT1_202_2020301,6,1,18.540591900165264
AXT1,patch,dpmm_p256_t100,dpmm,top5,0,file_brain_AXT1_202_2020301,7,1,18.644776564378006
AXT1,patch,dpmm_p256_t100,dpmm,top5,0,file_brain_AXT1_202_2020301,8,1,19.028706477238583
AXT1,patch,dpmm_p256_t100,dpmm,top5,0,file_brain_AXT1_202_2020301,9,1,18.39124474158654
AXT1,patch,dpmm_p256_t100,dpmm,top5,0,file_brain_AXT1_202_2020301,10,1,18.269064096304085
AXT1,patch,dpmm_p256_t100,dpmm,top5,0,file_brain_AXT1_202_2020301,11,1,22.876258263221153
AXT1,patch,dpmm_p256_t100,dpmm,top5,0,file_brain_AXT1_202_2020301,12,1,23.60534433218149
AXT1,patch,dpmm_p256_t100,dpmm,top5,0,file_brain_AXT1_202_2020301,13,1,23.509263258713943
AXT1,patch,dpmm_p256_t100,dpmm,top5,0,file_brain_AXT1_202_2020156,0,1,26.36816641000601
AXT1,patch,dpmm_p256_t100,dpmm,top5,0,file_brain_AXT1_202_2020156,1,1,24.89970984825721
AXT1,patch,dpmm_p256_t100,dpmm,top5,0,file_brain_AXT1_202_2020156,2,1,24.819375845102165
AXT1,patch,dpmm_p256_t100,dpmm,top5,0,file_brain_AXT1_202_2020156,3,1,24.539879432091347
AXT1,patch,dpmm_p256_t100,dpmm,top5,0,file_brain_AXT1_202_2020156,4,1,23.187269944411057
AXT1,patch,dpmm_p256_t100,dpmm,top5,0,file_brain_AXT1_202_2020156,5,1,20.43024151141827
AXT1,patch,dpmm_p256_t100,dpmm,top5,0,file_brain_AXT1_202_2020156,6,1,19.076387845552883
AXT1,patch,dpmm_p256_t100,dpmm,top5,0,file_brain_AXT1_202_2020156,7,1,19.938885028545673
AXT1,patch,dpmm_p256_t100,dpmm,top5,0,file_brain_AXT1_202_2020156,8,1,18.451089712289665
AXT1,patch,dpmm_p256_t100,dpmm,top5,0,file_brain_AXT1_202_2020156,9,1,18.00200711763822
AXT1,patch,dpmm_p256_t100,dpmm,top5,0,file_brain_AXT1_202_2020156,10,1,19.39251004732572
AXT1,patch,dpmm_p256_t100,dpmm,top5,0,file_brain_AXT1_202_2020156,11,1,21.782017634465145
AXT1,patch,dpmm_p256_t100,dpmm,top5,0,file_brain_AXT1_202_2020156,12,1,21.12621366060697
AXT1,patch,dpmm_p256_t100,dpmm,top5,0,file_brain_AXT1_202_2020156,13,1,23.60504619891827
AXT1,patch,dpmm_p256_t100,dpmm,top5,0,file_brain_AXT1_202_2020156,14,1,25.60082068810096
AXT1,patch,dpmm_p256_t100,dpmm,top5,0,file_brain_AXT1_202_2020156,15,1,23.07935744065505
